gender,Partner,Dependents,PhoneService,PaperlessBilling,OnlineSecurity,OnlineBackup,DeviceProtection,TechSupport,StreamingTV,StreamingMovies,Contract,InternetService_DSL,InternetService_Fiber optic,InternetService_No,MultipleLines_No,MultipleLines_Yes,PaymentMethod_Bank transfer (automatic),PaymentMethod_Credit card (automatic),PaymentMethod_Electronic check,PaymentMethod_Mailed check,tenure,MonthlyCharges,charges_per_month,cost_per_service,SeniorCitizen,num_services,is_senior_with_no_support
1.0,0.0,0.0,0.0,0.0,0.0,0.0,1.0,0.0,1.0,1.0,0.0,1.0,0.0,0.0,1.0,0.0,0.0,0.0,1.0,0.0,0.13043478260869565,-0.39199447895100065,-0.40372155687576505,-0.8943434118040833,0.0,3.0,0.0
1.0,1.0,1.0,1.0,0.0,1.0,0.0,0.0,0.0,0.0,0.0,0.0,0.0,1.0,0.0,1.0,0.0,0.0,0.0,0.0,1.0,-0.30434782608695654,0.08465608465608455,0.11358793130613865,1.8101082226932945,0.0,1.0,0.0
1.0,1.0,1.0,0.0,0.0,1.0,1.0,0.0,1.0,0.0,0.0,2.0,1.0,0.0,0.0,1.0,0.0,0.0,0.0,0.0,1.0,-0.34782608695652173,-0.5511847250977686,-0.46265386215998416,-1.1259622894120271,0.0,3.0,0.0
0.0,1.0,0.0,1.0,1.0,0.0,1.0,1.0,0.0,1.0,1.0,2.0,1.0,0.0,0.0,1.0,0.0,0.0,1.0,0.0,0.0,-0.06521739130434782,0.05521048999309869,0.04975267792604223,-0.6372866227825504,0.0,4.0,0.0
1.0,1.0,1.0,1.0,0.0,0.0,0.0,0.0,0.0,0.0,0.0,0.0,1.0,0.0,0.0,1.0,0.0,0.0,0.0,1.0,0.0,-0.6086956521739131,-0.47757073844030373,-0.4784854573295387,2.5598571906727656,0.0,0.0,0.0
1.0,0.0,1.0,1.0,1.0,0.0,1.0,1.0,1.0,1.0,1.0,2.0,1.0,0.0,0.0,1.0,0.0,0.0,1.0,0.0,0.0,0.8043478260869565,0.16563146997929606,0.14958253642756744,-0.7925917661497266,0.0,5.0,0.0
0.0,0.0,0.0,1.0,0.0,0.0,0.0,0.0,0.0,0.0,0.0,0.0,0.0,0.0,1.0,1.0,0.0,0.0,1.0,0.0,0.0,-0.6086956521739131,-0.9330572808833679,-0.9332904346334808,-0.0910409461117927,0.0,0.0,0.0
0.0,1.0,0.0,1.0,0.0,0.0,1.0,0.0,0.0,0.0,0.0,0.0,1.0,0.0,0.0,0.0,1.0,0.0,1.0,0.0,0.0,0.2391304347826087,-0.25580860363469055,-0.204178334149555,0.8193685150061366,0.0,1.0,0.0
0.0,1.0,0.0,1.0,1.0,0.0,0.0,0.0,1.0,1.0,0.0,2.0,1.0,0.0,0.0,1.0,0.0,0.0,1.0,0.0,0.0,0.782608695652174,-0.1969174143087187,-0.22052940353561046,-0.07676001338837425,0.0,2.0,0.0
0.0,0.0,0.0,1.0,0.0,0.0,0.0,1.0,1.0,1.0,1.0,1.0,1.0,0.0,0.0,0.0,1.0,0.0,1.0,0.0,0.0,0.6739130434782609,0.18495514147688055,0.18735209210321238,-0.4862657592323998,0.0,4.0,0.0
0.0,0.0,0.0,1.0,0.0,1.0,1.0,0.0,1.0,0.0,0.0,0.0,1.0,0.0,0.0,1.0,0.0,0.0,1.0,0.0,0.0,-0.5217391304347826,-0.19507706464228206,-0.23923047532964653,-0.6078321990404998,1.0,3.0,0.0
0.0,1.0,1.0,1.0,1.0,1.0,0.0,0.0,0.0,0.0,0.0,0.0,1.0,0.0,0.0,1.0,0.0,0.0,0.0,0.0,1.0,-0.5217391304347826,-0.38831377961812746,-0.4424685783188021,0.43378333147383696,0.0,1.0,0.0
0.0,0.0,0.0,1.0,0.0,1.0,0.0,0.0,0.0,0.0,0.0,0.0,1.0,0.0,0.0,1.0,0.0,0.0,0.0,0.0,1.0,-0.5869565217391305,-0.35978835978835977,-0.1665535587544107,0.5167912529287072,0.0,1.0,0.0
1.0,1.0,1.0,1.0,0.0,1.0,1.0,1.0,1.0,0.0,0.0,0.0,1.0,0.0,0.0,0.0,1.0,0.0,0.0,1.0,0.0,0.021739130434782608,-0.05337014032666217,-0.07194799815563109,-0.7636728773848042,0.0,4.0,0.0
1.0,1.0,0.0,1.0,1.0,0.0,0.0,0.0,0.0,1.0,1.0,0.0,0.0,1.0,0.0,0.0,1.0,0.0,0.0,1.0,0.0,0.15217391304347827,0.4582470669427192,0.4762476847010937,1.1942429989958723,0.0,2.0,0.0
0.0,1.0,1.0,1.0,1.0,0.0,0.0,0.0,0.0,0.0,0.0,2.0,0.0,1.0,0.0,1.0,0.0,0.0,1.0,0.0,0.0,0.5652173913043478,-0.026685070163331086,-0.01328971066350106,5.183978578600915,0.0,0.0,0.0
0.0,0.0,0.0,1.0,1.0,1.0,0.0,1.0,0.0,0.0,0.0,0.0,0.0,1.0,0.0,0.0,1.0,0.0,1.0,0.0,0.0,0.043478260869565216,0.26224982746721875,0.2520181774446721,0.8140131652348546,0.0,2.0,0.0
0.0,1.0,1.0,0.0,1.0,0.0,0.0,0.0,0.0,1.0,0.0,0.0,1.0,0.0,0.0,1.0,0.0,0.0,0.0,1.0,0.0,-0.021739130434782608,-0.6367609845870715,-0.6581432676281739,-0.2891888876492245,1.0,1.0,1.0
1.0,0.0,0.0,1.0,0.0,0.0,0.0,0.0,0.0,0.0,0.0,2.0,0.0,0.0,1.0,1.0,0.0,0.0,1.0,0.0,0.0,-0.2826086956521739,-0.9487002530480791,-0.9218054604591388,-0.18208189222358578,0.0,0.0,0.0
1.0,0.0,0.0,1.0,0.0,0.0,0.0,0.0,0.0,0.0,0.0,0.0,0.0,0.0,1.0,1.0,0.0,1.0,0.0,0.0,0.0,-0.5,-0.9266160570508397,-0.8974573152095338,-0.05355349771281937,0.0,0.0,0.0
1.0,1.0,0.0,1.0,1.0,1.0,0.0,1.0,0.0,0.0,0.0,1.0,0.0,1.0,0.0,0.0,1.0,0.0,0.0,1.0,0.0,-0.043478260869565216,0.28341384863124003,0.21384580067634995,0.8550708468146831,1.0,2.0,1.0
1.0,0.0,0.0,1.0,1.0,0.0,0.0,0.0,0.0,0.0,0.0,2.0,0.0,0.0,1.0,0.0,1.0,0.0,1.0,0.0,0.0,0.6304347826086957,-0.8318380492293537,-0.8300207151265355,0.49804752872922037,0.0,0.0,0.0
1.0,1.0,1.0,1.0,1.0,1.0,1.0,1.0,1.0,0.0,1.0,2.0,0.0,1.0,0.0,0.0,1.0,0.0,1.0,0.0,0.0,0.9347826086956522,0.6330802852541985,0.6764052623950422,-0.3391721521811891,0.0,5.0,0.0
0.0,0.0,0.0,0.0,1.0,0.0,0.0,1.0,1.0,0.0,0.0,0.0,1.0,0.0,0.0,1.0,0.0,0.0,0.0,0.0,1.0,-0.021739130434782608,-0.6395215090867264,-0.6661827495502133,-0.9354010933839116,0.0,2.0,0.0
1.0,1.0,1.0,1.0,1.0,0.0,0.0,1.0,0.0,1.0,0.0,1.0,0.0,1.0,0.0,1.0,0.0,0.0,0.0,1.0,0.0,0.2391304347826087,0.2677708764665286,0.24444772704859113,0.8247238647774182,0.0,2.0,0.0
1.0,0.0,0.0,1.0,0.0,0.0,0.0,0.0,0.0,0.0,0.0,0.0,0.0,0.0,1.0,1.0,0.0,0.0,0.0,0.0,1.0,-0.6086956521739131,-0.9201748332183115,-0.9204272635582177,-0.01606604931384566,0.0,0.0,0.0
0.0,0.0,0.0,1.0,1.0,0.0,0.0,0.0,0.0,0.0,1.0,0.0,0.0,1.0,0.0,1.0,0.0,0.0,0.0,1.0,0.0,-0.5217391304347826,0.1748332183114792,0.21888217453650594,2.07252036148611,0.0,1.0,0.0
0.0,0.0,0.0,1.0,1.0,0.0,0.0,0.0,0.0,0.0,0.0,0.0,0.0,1.0,0.0,1.0,0.0,0.0,0.0,1.0,0.0,-0.6086956521739131,-0.023924545663676047,-0.025518075893491195,5.200044627914761,0.0,0.0,0.0
0.0,0.0,1.0,1.0,1.0,0.0,1.0,1.0,0.0,1.0,1.0,0.0,0.0,1.0,0.0,0.0,1.0,0.0,0.0,1.0,0.0,-0.3695652173913043,0.6404416839199447,0.6563065575899439,0.0439138681245119,0.0,4.0,0.0
1.0,0.0,0.0,1.0,1.0,0.0,0.0,0.0,1.0,1.0,1.0,0.0,0.0,1.0,0.0,1.0,0.0,0.0,0.0,1.0,0.0,-0.5217391304347826,0.4711295146077754,0.3691975165302938,0.36148610956153077,0.0,3.0,0.0
1.0,1.0,0.0,1.0,1.0,1.0,1.0,1.0,1.0,1.0,1.0,2.0,1.0,0.0,0.0,1.0,0.0,1.0,0.0,0.0,0.0,0.9130434782608695,0.2870945479641131,0.2676431691155711,-0.8943434118040835,0.0,6.0,0.0
1.0,0.0,0.0,1.0,1.0,0.0,0.0,0.0,0.0,0.0,0.0,0.0,0.0,1.0,0.0,0.0,1.0,0.0,0.0,1.0,0.0,-0.5652173913043478,0.11870255348516223,0.10188857094720916,6.030123842463461,0.0,0.0,0.0
0.0,1.0,0.0,1.0,0.0,0.0,0.0,0.0,0.0,0.0,0.0,0.0,0.0,0.0,1.0,1.0,0.0,1.0,0.0,0.0,0.0,0.021739130434782608,-0.9358178053830228,-0.8954053331570514,-0.10710699542563874,0.0,0.0,0.0
0.0,1.0,0.0,1.0,1.0,0.0,0.0,0.0,0.0,0.0,0.0,1.0,0.0,0.0,1.0,1.0,0.0,1.0,0.0,0.0,0.0,-0.08695652173913043,-0.9256958822176213,-0.923808439955144,-0.04819814794153736,0.0,0.0,0.0
1.0,1.0,1.0,1.0,0.0,0.0,0.0,0.0,0.0,0.0,0.0,2.0,0.0,0.0,1.0,0.0,1.0,0.0,0.0,0.0,1.0,0.5,-0.8456406717276284,-0.8267628818686996,0.4177172821599913,0.0,0.0,0.0
0.0,0.0,0.0,1.0,1.0,1.0,1.0,1.0,0.0,1.0,1.0,1.0,0.0,1.0,0.0,0.0,1.0,0.0,0.0,1.0,0.0,0.3695652173913043,0.7269381182424661,0.6502378306566612,-0.2481312060693964,1.0,5.0,1.0
1.0,0.0,0.0,1.0,1.0,0.0,0.0,0.0,0.0,0.0,0.0,0.0,0.0,1.0,0.0,1.0,0.0,0.0,0.0,1.0,0.0,-0.43478260869565216,0.0,-0.07635822823857831,5.3392837219680915,0.0,0.0,0.0
0.0,1.0,0.0,1.0,1.0,0.0,0.0,0.0,0.0,1.0,0.0,0.0,0.0,1.0,0.0,0.0,1.0,0.0,0.0,1.0,0.0,-0.21739130434782608,0.30089717046238773,0.21588399180467774,2.439361820818922,0.0,1.0,0.0
0.0,0.0,0.0,1.0,1.0,0.0,1.0,0.0,0.0,0.0,0.0,0.0,1.0,0.0,0.0,1.0,0.0,0.0,0.0,1.0,0.0,-0.3695652173913043,-0.38831377961812746,-0.3604964893117988,0.43378333147383696,0.0,1.0,0.0
1.0,1.0,0.0,1.0,1.0,0.0,1.0,1.0,1.0,1.0,0.0,1.0,0.0,1.0,0.0,0.0,1.0,1.0,0.0,0.0,0.0,0.34782608695652173,0.5189786059351278,0.5509970010606776,-0.09746736583733089,1.0,4.0,0.0
0.0,1.0,1.0,1.0,1.0,1.0,0.0,1.0,0.0,1.0,1.0,0.0,0.0,1.0,0.0,0.0,1.0,0.0,1.0,0.0,0.0,0.15217391304347827,0.6257188865884519,0.58382360946743,0.026776748856409686,0.0,4.0,0.0
1.0,0.0,0.0,1.0,1.0,0.0,1.0,1.0,0.0,0.0,1.0,0.0,0.0,1.0,0.0,0.0,1.0,0.0,1.0,0.0,0.0,0.1956521739130435,0.45272601794340916,0.48784818025309556,0.3347093607051211,0.0,3.0,0.0
1.0,1.0,1.0,1.0,0.0,0.0,0.0,0.0,0.0,0.0,0.0,0.0,0.0,0.0,1.0,1.0,0.0,0.0,0.0,0.0,1.0,-0.6086956521739131,-0.9440993788819876,-0.944316009840849,-0.1553051433671761,0.0,0.0,0.0
1.0,1.0,0.0,1.0,1.0,0.0,0.0,1.0,0.0,1.0,1.0,0.0,0.0,1.0,0.0,0.0,1.0,0.0,0.0,1.0,0.0,-0.41304347826086957,0.5152979066022545,0.6098306954311068,0.42575030681691417,0.0,3.0,0.0
1.0,1.0,1.0,1.0,0.0,0.0,0.0,0.0,0.0,0.0,0.0,0.0,1.0,0.0,0.0,1.0,0.0,1.0,0.0,0.0,0.0,-0.34782608695652173,-0.47296986427421217,-0.5066854862253075,2.5866339395291753,0.0,0.0,0.0
1.0,0.0,0.0,1.0,1.0,0.0,0.0,1.0,1.0,1.0,1.0,1.0,1.0,0.0,0.0,0.0,1.0,0.0,1.0,0.0,0.0,-0.2391304347826087,0.21164021164021166,0.158088377906989,-0.45520473055896465,0.0,4.0,0.0
0.0,1.0,0.0,0.0,0.0,1.0,0.0,0.0,1.0,1.0,0.0,2.0,1.0,0.0,0.0,1.0,0.0,0.0,0.0,1.0,0.0,0.17391304347826086,-0.4619277662755924,-0.5059252334649934,-0.9960950574584402,0.0,3.0,0.0
1.0,0.0,1.0,1.0,0.0,0.0,0.0,0.0,0.0,0.0,0.0,0.0,0.0,0.0,1.0,1.0,0.0,0.0,1.0,0.0,0.0,-0.5217391304347826,-0.9229353577179664,-0.8487610247103239,-0.03213209862769132,0.0,0.0,0.0
1.0,0.0,0.0,1.0,0.0,0.0,1.0,0.0,0.0,0.0,0.0,0.0,0.0,1.0,0.0,1.0,0.0,0.0,0.0,1.0,0.0,-0.391304347826087,0.08189556015642978,0.06519233831258434,1.802075198036372,0.0,1.0,0.0
1.0,0.0,1.0,1.0,1.0,0.0,1.0,0.0,1.0,1.0,1.0,0.0,0.0,1.0,0.0,1.0,0.0,0.0,1.0,0.0,0.0,0.7608695652173914,0.5272601794340926,0.47476739914084504,-0.08782773624902342,0.0,4.0,0.0
1.0,0.0,0.0,1.0,0.0,0.0,0.0,0.0,0.0,0.0,1.0,0.0,1.0,0.0,0.0,1.0,0.0,0.0,0.0,0.0,1.0,-0.6086956521739131,-0.2751322751322752,-0.27634991186111996,0.7631373424076761,0.0,1.0,0.0
1.0,1.0,0.0,1.0,1.0,0.0,0.0,0.0,0.0,1.0,1.0,0.0,0.0,1.0,0.0,0.0,1.0,0.0,0.0,1.0,0.0,0.17391304347826086,0.40487692661605706,0.4279211206978265,1.0907062367510878,1.0,2.0,1.0
0.0,1.0,1.0,1.0,1.0,1.0,1.0,0.0,0.0,1.0,1.0,0.0,0.0,1.0,0.0,0.0,1.0,0.0,1.0,0.0,0.0,0.41304347826086957,0.6395215090867264,0.6160708647324988,0.04284279817025573,0.0,4.0,0.0
1.0,1.0,0.0,1.0,1.0,0.0,0.0,0.0,0.0,1.0,1.0,0.0,0.0,1.0,0.0,0.0,1.0,0.0,0.0,1.0,0.0,-0.1956521739130435,0.4426040947780078,0.44826007874646384,1.1638960169586077,1.0,2.0,1.0
0.0,0.0,0.0,1.0,1.0,1.0,1.0,0.0,0.0,1.0,0.0,0.0,1.0,0.0,0.0,0.0,1.0,1.0,0.0,0.0,0.0,-0.06521739130434782,-0.01840349666436623,-0.024917323398218047,-0.3507754100189667,0.0,3.0,0.0
0.0,0.0,0.0,1.0,0.0,0.0,0.0,0.0,0.0,0.0,0.0,2.0,0.0,0.0,1.0,1.0,0.0,0.0,1.0,0.0,0.0,0.021739130434782608,-0.9404186795491144,-0.9427846799509368,-0.13388374428204844,0.0,0.0,0.0
0.0,0.0,0.0,1.0,1.0,1.0,1.0,0.0,1.0,0.0,0.0,2.0,1.0,0.0,0.0,0.0,1.0,0.0,0.0,0.0,1.0,0.8695652173913043,-0.06625258799171832,-0.0779561376889217,-0.42039495704563173,0.0,3.0,0.0
1.0,1.0,1.0,1.0,1.0,1.0,1.0,1.0,1.0,1.0,1.0,2.0,1.0,0.0,0.0,0.0,1.0,0.0,1.0,0.0,0.0,0.7391304347826086,0.34782608695652184,0.33559868033619966,-0.8438501139605679,0.0,6.0,0.0
1.0,1.0,0.0,1.0,0.0,0.0,0.0,0.0,0.0,0.0,0.0,0.0,0.0,0.0,1.0,1.0,0.0,0.0,0.0,0.0,1.0,-0.5217391304347826,-0.9413388543823327,-0.8338764981803766,-0.13923909405333007,0.0,0.0,0.0
1.0,1.0,0.0,1.0,1.0,0.0,0.0,0.0,0.0,0.0,0.0,2.0,0.0,0.0,1.0,1.0,0.0,1.0,0.0,0.0,0.0,0.21739130434782608,-0.9210950080515298,-0.9249034586210384,-0.021421399085127673,0.0,0.0,0.0
1.0,0.0,1.0,1.0,1.0,0.0,1.0,0.0,0.0,1.0,1.0,0.0,0.0,1.0,0.0,0.0,1.0,0.0,0.0,1.0,0.0,-0.5434782608695652,0.5741890959282264,0.377604517625912,0.5114359031574253,0.0,3.0,0.0
1.0,1.0,0.0,1.0,0.0,0.0,0.0,1.0,0.0,1.0,1.0,2.0,0.0,1.0,0.0,0.0,1.0,0.0,1.0,0.0,0.0,0.6739130434782609,0.564067172762825,0.5611037783340982,0.4967086912864,0.0,3.0,0.0
1.0,1.0,1.0,1.0,0.0,0.0,0.0,1.0,1.0,1.0,1.0,0.0,0.0,1.0,0.0,0.0,1.0,0.0,0.0,1.0,0.0,-0.21739130434782608,0.6036346905912123,0.6494599010558362,0.0010710699542565549,0.0,4.0,0.0
0.0,1.0,0.0,1.0,1.0,0.0,1.0,0.0,0.0,1.0,1.0,0.0,0.0,1.0,0.0,0.0,1.0,0.0,0.0,1.0,0.0,-0.391304347826087,0.5797101449275363,0.6162205174262858,0.5194689278143481,0.0,3.0,0.0
0.0,0.0,0.0,1.0,1.0,0.0,1.0,0.0,0.0,1.0,1.0,0.0,0.0,1.0,0.0,0.0,1.0,0.0,0.0,1.0,0.0,0.043478260869565216,0.5419829767655855,0.5918252197900415,0.46457659265870827,1.0,3.0,1.0
1.0,0.0,0.0,1.0,1.0,1.0,1.0,1.0,0.0,0.0,0.0,0.0,0.0,1.0,0.0,1.0,0.0,0.0,1.0,0.0,0.0,0.021739130434782608,0.2539682539682539,0.19658601133938328,0.04552047305589654,0.0,3.0,0.0
1.0,0.0,0.0,1.0,0.0,0.0,0.0,0.0,0.0,0.0,0.0,2.0,0.0,0.0,1.0,0.0,1.0,0.0,0.0,0.0,1.0,0.5217391304347826,-0.84472049689441,-0.8536843947714756,0.4230726319312733,0.0,0.0,0.0
0.0,0.0,0.0,1.0,1.0,0.0,1.0,0.0,1.0,0.0,1.0,0.0,0.0,1.0,0.0,1.0,0.0,0.0,0.0,1.0,0.0,-0.5217391304347826,0.34690591212330335,0.399701607937346,0.18074305478076538,0.0,3.0,0.0
1.0,0.0,0.0,1.0,1.0,0.0,1.0,0.0,0.0,0.0,0.0,1.0,0.0,1.0,0.0,0.0,1.0,1.0,0.0,0.0,0.0,0.4782608695652174,0.1674718196457326,0.1350013278608413,2.0510989624009817,1.0,1.0,1.0
0.0,1.0,0.0,1.0,0.0,1.0,1.0,1.0,1.0,1.0,1.0,2.0,1.0,0.0,0.0,0.0,1.0,0.0,1.0,0.0,0.0,0.9130434782608695,0.3459857372900851,0.35635246259739006,-0.84538021389522,0.0,6.0,0.0
0.0,0.0,1.0,1.0,1.0,0.0,0.0,0.0,0.0,0.0,0.0,2.0,0.0,0.0,1.0,0.0,1.0,0.0,1.0,0.0,0.0,0.6956521739130435,-0.8373590982286635,-0.8457636347290857,0.4659154301015287,0.0,0.0,0.0
1.0,0.0,0.0,1.0,1.0,0.0,1.0,0.0,0.0,0.0,0.0,0.0,0.0,1.0,0.0,1.0,0.0,0.0,0.0,1.0,0.0,-0.45652173913043476,0.07361398665746492,0.09610780061279013,1.7779761240656033,1.0,1.0,1.0
1.0,1.0,0.0,1.0,1.0,1.0,0.0,0.0,1.0,0.0,0.0,0.0,1.0,0.0,0.0,1.0,0.0,0.0,1.0,0.0,0.0,-0.41304347826086957,-0.28617437313089483,-0.2518180070247254,-0.2499163226598236,0.0,2.0,0.0
0.0,1.0,0.0,0.0,1.0,0.0,0.0,1.0,0.0,1.0,1.0,0.0,1.0,0.0,0.0,1.0,0.0,1.0,0.0,0.0,0.0,-0.3695652173913043,-0.3800322061191626,-0.3520741749172813,-0.876938525047417,0.0,3.0,0.0
1.0,1.0,0.0,1.0,0.0,0.0,0.0,0.0,1.0,0.0,1.0,0.0,1.0,0.0,0.0,0.0,1.0,0.0,0.0,1.0,0.0,0.8043478260869565,-0.1223832528180354,-0.10976906220030032,0.0678344304362382,0.0,2.0,0.0
1.0,0.0,0.0,1.0,0.0,1.0,1.0,0.0,1.0,0.0,0.0,0.0,1.0,0.0,0.0,1.0,0.0,1.0,0.0,0.0,0.0,-0.10869565217391304,-0.18495514147688055,-0.194002647031088,-0.5931049871694744,0.0,3.0,0.0
0.0,1.0,1.0,1.0,0.0,0.0,1.0,0.0,1.0,0.0,0.0,0.0,1.0,0.0,0.0,1.0,0.0,0.0,0.0,0.0,1.0,-0.5434782608695652,-0.25764895330112725,-0.21708744512151537,-0.19457770835657703,0.0,2.0,0.0
0.0,0.0,0.0,1.0,1.0,0.0,1.0,0.0,0.0,0.0,1.0,0.0,0.0,1.0,0.0,0.0,1.0,0.0,0.0,1.0,0.0,-0.5434782608695652,0.339544513457557,0.33465071421387294,0.9639629588307491,0.0,2.0,0.0
0.0,0.0,1.0,1.0,0.0,1.0,1.0,0.0,0.0,0.0,0.0,1.0,1.0,0.0,0.0,1.0,0.0,0.0,1.0,0.0,0.0,0.13043478260869565,-0.2742121002990568,-0.23844293424340604,-0.22670980698426835,0.0,2.0,0.0
0.0,0.0,0.0,1.0,1.0,1.0,1.0,0.0,1.0,0.0,0.0,0.0,0.0,1.0,0.0,1.0,0.0,1.0,0.0,0.0,0.0,0.34782608695652173,0.27973314929836673,0.2456702387440378,0.08300792145487025,1.0,3.0,0.0
1.0,0.0,0.0,1.0,1.0,1.0,0.0,1.0,1.0,1.0,1.0,1.0,0.0,1.0,0.0,0.0,1.0,0.0,1.0,0.0,0.0,0.782608695652174,0.7269381182424661,0.7210123131151518,-0.2481312060693964,0.0,5.0,0.0
0.0,1.0,1.0,1.0,1.0,0.0,0.0,0.0,0.0,0.0,1.0,0.0,0.0,1.0,0.0,1.0,0.0,1.0,0.0,0.0,0.0,-0.32608695652173914,0.1913963653094089,0.21599452388695706,2.1207185094276477,0.0,1.0,0.0
0.0,1.0,1.0,0.0,1.0,1.0,1.0,0.0,1.0,0.0,1.0,1.0,1.0,0.0,0.0,1.0,0.0,1.0,0.0,0.0,0.0,0.6956521739130435,-0.36438923395445133,-0.3666632300897815,-1.1256945219234629,0.0,4.0,0.0
1.0,1.0,1.0,1.0,0.0,1.0,0.0,1.0,0.0,0.0,0.0,2.0,0.0,1.0,0.0,1.0,0.0,0.0,1.0,0.0,0.0,0.8478260869565217,0.18127444214400726,0.15541755842252447,0.656922905277251,0.0,2.0,0.0
0.0,1.0,1.0,1.0,1.0,1.0,1.0,0.0,1.0,0.0,0.0,1.0,1.0,0.0,0.0,1.0,0.0,0.0,0.0,0.0,1.0,-0.13043478260869565,-0.23464458247066944,-0.27219534729022754,-0.6654022090817805,0.0,3.0,0.0
0.0,0.0,0.0,1.0,1.0,0.0,1.0,1.0,0.0,0.0,0.0,0.0,0.0,1.0,0.0,1.0,0.0,0.0,0.0,1.0,0.0,0.5652173913043478,0.2033586381412468,0.20952714102722364,0.6997657034475067,0.0,2.0,0.0
1.0,1.0,1.0,1.0,0.0,0.0,0.0,0.0,0.0,0.0,0.0,2.0,0.0,0.0,1.0,0.0,1.0,1.0,0.0,0.0,0.0,0.8695652173913043,-0.8474810213940649,-0.8395464135466778,0.4070065826174273,0.0,0.0,0.0
0.0,1.0,0.0,1.0,0.0,1.0,0.0,1.0,1.0,1.0,1.0,0.0,1.0,0.0,0.0,1.0,0.0,1.0,0.0,0.0,0.0,-0.4782608695652174,0.19783758914193697,0.2257075306172579,-0.7613522258172486,0.0,5.0,0.0
0.0,1.0,1.0,1.0,0.0,1.0,0.0,0.0,0.0,0.0,0.0,2.0,0.0,1.0,0.0,0.0,1.0,1.0,0.0,0.0,0.0,0.9347826086956522,0.1573498964803312,0.16546428354339973,2.0216445386589315,0.0,1.0,0.0
0.0,1.0,1.0,1.0,1.0,1.0,0.0,0.0,0.0,0.0,0.0,1.0,1.0,0.0,0.0,1.0,0.0,1.0,0.0,0.0,0.0,0.6956521739130435,-0.3827927306188175,-0.4050268093973867,0.449849380787683,0.0,1.0,0.0
1.0,1.0,0.0,1.0,0.0,1.0,0.0,1.0,0.0,0.0,0.0,1.0,0.0,1.0,0.0,1.0,0.0,0.0,1.0,0.0,0.0,0.7608695652173914,0.180354267310789,0.14356945638825838,0.6551377886868237,1.0,2.0,1.0
0.0,1.0,0.0,1.0,1.0,0.0,0.0,0.0,0.0,1.0,1.0,0.0,0.0,1.0,0.0,0.0,1.0,0.0,0.0,1.0,0.0,0.06521739130434782,0.4177593742811135,0.3859885487731816,1.1156978690170705,1.0,2.0,1.0
0.0,0.0,0.0,1.0,1.0,0.0,0.0,1.0,0.0,0.0,0.0,0.0,0.0,1.0,0.0,0.0,1.0,0.0,0.0,0.0,1.0,-0.6086956521739131,0.16655164481251433,0.16467309643361178,2.048421287515341,0.0,1.0,0.0
1.0,0.0,0.0,1.0,1.0,1.0,0.0,0.0,1.0,0.0,0.0,0.0,0.0,1.0,0.0,1.0,0.0,0.0,0.0,0.0,1.0,-0.5652173913043478,0.21716126063952146,0.016134097112122343,0.7265424523039163,0.0,2.0,0.0
1.0,0.0,1.0,1.0,0.0,0.0,0.0,0.0,0.0,0.0,0.0,0.0,0.0,0.0,1.0,1.0,0.0,1.0,0.0,0.0,0.0,-0.5652173913043478,-0.9256958822176213,-0.9871932467583924,-0.04819814794153736,0.0,0.0,0.0
0.0,1.0,0.0,1.0,1.0,1.0,0.0,1.0,1.0,1.0,1.0,2.0,1.0,0.0,0.0,0.0,1.0,0.0,1.0,0.0,0.0,0.9347826086956522,0.2558086036346907,0.25881160141596815,-0.705121053218788,0.0,5.0,0.0
0.0,0.0,1.0,0.0,1.0,0.0,0.0,1.0,0.0,0.0,0.0,0.0,1.0,0.0,0.0,1.0,0.0,0.0,0.0,0.0,1.0,-0.06521739130434782,-0.7490223142397057,-0.741261666438483,-0.6158652236974226,0.0,1.0,0.0
1.0,0.0,0.0,1.0,1.0,1.0,0.0,1.0,0.0,1.0,1.0,2.0,0.0,1.0,0.0,1.0,0.0,0.0,0.0,1.0,0.0,0.21739130434782608,0.5511847250977686,0.494144611978581,-0.05997991743835756,0.0,4.0,0.0
0.0,0.0,0.0,1.0,0.0,0.0,0.0,0.0,0.0,0.0,0.0,0.0,0.0,0.0,1.0,1.0,0.0,0.0,0.0,0.0,1.0,-0.6086956521739131,-0.9376581550494595,-0.9378844243032176,-0.1178176949682024,0.0,0.0,0.0
0.0,0.0,0.0,1.0,1.0,0.0,0.0,0.0,0.0,0.0,0.0,0.0,0.0,0.0,1.0,1.0,0.0,0.0,0.0,0.0,1.0,-0.6086956521739131,-0.9385783298826778,-0.938803222237165,-0.1231730447394844,0.0,0.0,0.0
0.0,1.0,1.0,1.0,0.0,0.0,0.0,0.0,0.0,1.0,1.0,1.0,0.0,1.0,0.0,1.0,0.0,1.0,0.0,0.0,0.0,0.5869565217391305,0.3386243386243387,0.33307563204139173,0.9621778422403219,0.0,2.0,0.0
0.0,1.0,0.0,1.0,1.0,0.0,0.0,1.0,1.0,1.0,1.0,1.0,0.0,1.0,0.0,0.0,1.0,0.0,0.0,1.0,0.0,0.30434782608695654,0.6818495514147688,0.6404181196740285,0.09211201606604925,1.0,4.0,0.0
0.0,0.0,1.0,1.0,0.0,0.0,0.0,0.0,0.0,0.0,0.0,0.0,0.0,0.0,1.0,0.0,1.0,0.0,0.0,0.0,1.0,-0.6086956521739131,-0.829997699562917,-0.8303850660313767,0.5087582282717841,0.0,0.0,0.0
1.0,0.0,0.0,1.0,0.0,0.0,1.0,1.0,0.0,0.0,1.0,1.0,1.0,0.0,0.0,0.0,1.0,0.0,1.0,0.0,0.0,0.0,0.007361398665746597,-0.05225826404009713,-0.313287961619993,0.0,3.0,0.0
1.0,0.0,0.0,1.0,1.0,0.0,1.0,0.0,0.0,0.0,0.0,0.0,0.0,1.0,0.0,0.0,1.0,0.0,0.0,1.0,0.0,-0.5869565217391305,0.21164021164021166,0.3994259685571618,2.1796273569117486,0.0,1.0,0.0
1.0,0.0,0.0,1.0,0.0,0.0,1.0,1.0,0.0,0.0,0.0,1.0,0.0,1.0,0.0,1.0,0.0,0.0,1.0,0.0,0.0,0.8478260869565217,0.1674718196457326,0.1787388118636,0.6301461564208413,0.0,2.0,0.0
1.0,1.0,1.0,1.0,1.0,0.0,1.0,0.0,0.0,0.0,1.0,0.0,0.0,1.0,0.0,0.0,1.0,1.0,0.0,0.0,0.0,0.8260869565217391,0.35058661145617664,0.4508032291472185,0.9853843579158763,0.0,2.0,0.0
0.0,1.0,1.0,1.0,1.0,0.0,0.0,0.0,0.0,0.0,0.0,2.0,0.0,0.0,1.0,0.0,1.0,1.0,0.0,0.0,0.0,-0.21739130434782608,-0.8391994478951001,-0.8447956862585511,0.45520473055896465,0.0,0.0,0.0
1.0,1.0,1.0,0.0,1.0,0.0,1.0,1.0,0.0,1.0,1.0,2.0,1.0,0.0,0.0,1.0,0.0,0.0,1.0,0.0,0.0,0.8043478260869565,-0.2530480791350357,-0.26462827761288243,-0.9960950574584402,0.0,4.0,0.0
0.0,1.0,0.0,0.0,1.0,1.0,0.0,0.0,0.0,0.0,0.0,0.0,1.0,0.0,0.0,1.0,0.0,0.0,0.0,1.0,0.0,-0.5434782608695652,-0.7628249367379802,-0.7017533552787466,-0.6560303469820371,0.0,1.0,0.0
0.0,1.0,1.0,1.0,0.0,0.0,0.0,0.0,0.0,0.0,0.0,2.0,0.0,0.0,1.0,1.0,0.0,0.0,0.0,0.0,1.0,-0.43478260869565216,-0.9339774557165862,-0.8670348947299436,-0.09639629588307472,0.0,0.0,0.0
1.0,1.0,0.0,1.0,1.0,0.0,1.0,1.0,0.0,1.0,1.0,0.0,0.0,1.0,0.0,0.0,1.0,0.0,0.0,1.0,0.0,0.5217391304347826,0.6137566137566137,0.6047773067943962,0.012852839451076755,1.0,4.0,1.0
0.0,0.0,0.0,1.0,1.0,0.0,0.0,0.0,0.0,0.0,0.0,0.0,0.0,0.0,1.0,1.0,0.0,0.0,0.0,0.0,1.0,-0.13043478260869565,-0.9385783298826778,-0.9214659047009408,-0.1231730447394844,0.0,0.0,0.0
0.0,1.0,0.0,1.0,0.0,1.0,1.0,0.0,1.0,1.0,1.0,1.0,0.0,1.0,0.0,0.0,1.0,0.0,0.0,1.0,0.0,0.45652173913043476,0.700253048079135,0.7649054107227417,-0.2740153966305925,0.0,5.0,0.0
1.0,0.0,0.0,1.0,0.0,0.0,1.0,0.0,0.0,0.0,0.0,0.0,0.0,1.0,0.0,1.0,0.0,0.0,0.0,1.0,0.0,-0.5869565217391305,0.08189556015642978,0.09714144828848102,1.802075198036372,0.0,1.0,0.0
0.0,1.0,0.0,1.0,0.0,0.0,0.0,0.0,0.0,0.0,0.0,1.0,0.0,0.0,1.0,1.0,0.0,0.0,0.0,0.0,1.0,0.6521739130434783,-0.9229353577179664,-0.9025184902694134,-0.03213209862769132,0.0,0.0,0.0
1.0,1.0,1.0,1.0,0.0,1.0,1.0,1.0,0.0,1.0,1.0,2.0,1.0,0.0,0.0,0.0,1.0,0.0,1.0,0.0,0.0,0.7391304347826086,0.239245456636761,0.2881566219372987,-0.7211871025326341,0.0,5.0,0.0
0.0,1.0,0.0,1.0,1.0,1.0,1.0,0.0,1.0,0.0,1.0,0.0,1.0,0.0,0.0,1.0,0.0,0.0,0.0,0.0,1.0,-0.08695652173913043,0.010121923165401375,0.05364555409541302,-0.6897690505411135,0.0,4.0,0.0
0.0,0.0,0.0,1.0,1.0,0.0,0.0,1.0,0.0,0.0,0.0,0.0,0.0,1.0,0.0,0.0,1.0,0.0,0.0,1.0,0.0,-0.32608695652173914,0.18311479181044404,0.10993899093989061,2.0966194354568786,0.0,1.0,0.0
1.0,1.0,0.0,1.0,0.0,1.0,1.0,1.0,0.0,0.0,0.0,1.0,1.0,0.0,0.0,0.0,1.0,0.0,1.0,0.0,0.0,0.782608695652174,-0.06349206349206354,-0.07879422070960798,-0.41637844471717056,0.0,3.0,0.0
1.0,1.0,0.0,0.0,0.0,1.0,1.0,0.0,0.0,1.0,1.0,2.0,1.0,0.0,0.0,1.0,0.0,0.0,1.0,0.0,0.0,0.8695652173913043,-0.256728778467909,-0.2444716183267725,-1.000379337275466,1.0,4.0,1.0
0.0,1.0,1.0,1.0,1.0,0.0,1.0,0.0,0.0,0.0,0.0,0.0,0.0,1.0,0.0,1.0,0.0,1.0,0.0,0.0,0.0,-0.17391304347826086,0.06533241315850007,0.07292455988658293,1.7538770500948344,0.0,1.0,0.0
1.0,1.0,1.0,1.0,1.0,1.0,0.0,1.0,1.0,0.0,0.0,1.0,0.0,1.0,0.0,0.0,1.0,0.0,1.0,0.0,0.0,0.30434782608695654,0.38187255578559925,0.4181544892340191,0.23161887760794395,0.0,3.0,0.0
1.0,1.0,0.0,1.0,1.0,1.0,1.0,1.0,1.0,0.0,0.0,1.0,0.0,1.0,0.0,0.0,1.0,0.0,0.0,1.0,0.0,0.9130434782608695,0.39567517828387394,0.407222810179743,-0.24099073970768717,1.0,4.0,0.0
1.0,0.0,1.0,0.0,1.0,0.0,0.0,0.0,0.0,0.0,0.0,0.0,1.0,0.0,0.0,1.0,0.0,0.0,1.0,0.0,0.0,-0.21739130434782608,-0.8309178743961353,-0.7496275634160036,0.5034028785005024,0.0,0.0,0.0
0.0,0.0,0.0,1.0,0.0,0.0,0.0,0.0,0.0,0.0,0.0,2.0,0.0,0.0,1.0,1.0,0.0,0.0,1.0,0.0,0.0,0.2391304347826087,-0.9358178053830228,-0.9157184241467375,-0.10710699542563874,0.0,0.0,0.0
0.0,0.0,0.0,1.0,1.0,0.0,0.0,0.0,0.0,0.0,1.0,0.0,0.0,1.0,0.0,0.0,1.0,0.0,0.0,1.0,0.0,-0.43478260869565216,0.2355647573038877,0.34302198427872654,2.2492469039384138,0.0,1.0,0.0
1.0,0.0,0.0,1.0,1.0,0.0,1.0,1.0,0.0,1.0,1.0,1.0,0.0,1.0,0.0,0.0,1.0,1.0,0.0,0.0,0.0,0.6304347826086957,0.6027145157579941,0.6094188204951995,0.0,0.0,4.0,0.0
0.0,0.0,0.0,1.0,0.0,0.0,0.0,0.0,0.0,0.0,0.0,0.0,0.0,0.0,1.0,1.0,0.0,1.0,0.0,0.0,0.0,-0.6086956521739131,-0.9312169312169313,-0.931452838765586,-0.08033024656922906,0.0,0.0,0.0
1.0,1.0,1.0,1.0,1.0,1.0,1.0,1.0,1.0,1.0,1.0,1.0,0.0,1.0,0.0,0.0,1.0,1.0,0.0,0.0,0.0,0.391304347826087,0.7904301817345296,0.7820075635851782,-0.47586107967676605,0.0,6.0,0.0
0.0,1.0,0.0,1.0,1.0,1.0,0.0,1.0,1.0,1.0,1.0,2.0,1.0,0.0,0.0,0.0,1.0,0.0,0.0,1.0,0.0,0.6304347826086957,0.2539682539682539,0.26051322575053426,-0.7069061698092156,0.0,5.0,0.0
1.0,0.0,0.0,1.0,1.0,0.0,1.0,1.0,0.0,1.0,1.0,0.0,0.0,1.0,0.0,0.0,1.0,0.0,0.0,0.0,1.0,0.2391304347826087,0.5916724177593744,0.5901454496962846,-0.012852839451076375,0.0,4.0,0.0
0.0,0.0,0.0,1.0,1.0,0.0,0.0,1.0,1.0,0.0,1.0,1.0,1.0,0.0,0.0,0.0,1.0,0.0,0.0,1.0,0.0,0.2608695652173913,-0.03496664366229594,-0.007657540445782853,-0.3748744839897356,0.0,3.0,0.0
1.0,1.0,0.0,1.0,1.0,1.0,1.0,0.0,0.0,1.0,1.0,1.0,0.0,1.0,0.0,1.0,0.0,0.0,1.0,0.0,0.0,0.8260869565217391,0.5594662985967335,0.5495534369435605,-0.05034028785005009,0.0,4.0,0.0
1.0,0.0,0.0,1.0,1.0,0.0,1.0,1.0,0.0,1.0,1.0,1.0,0.0,1.0,0.0,1.0,0.0,0.0,0.0,1.0,0.0,0.10869565217391304,0.5401426270991487,0.509735767568136,-0.07283275688943432,1.0,4.0,1.0
1.0,0.0,0.0,1.0,1.0,0.0,0.0,0.0,0.0,0.0,0.0,0.0,0.0,0.0,1.0,1.0,0.0,0.0,0.0,0.0,1.0,-0.5652173913043478,-0.9459397285484242,-0.9721862138372521,-0.16601584290973975,0.0,0.0,0.0
0.0,1.0,0.0,1.0,1.0,1.0,1.0,1.0,1.0,1.0,1.0,2.0,0.0,1.0,0.0,0.0,1.0,1.0,0.0,0.0,0.0,0.6739130434782609,0.8382792730618818,0.8240331204320338,-0.4360784813758147,1.0,6.0,0.0
0.0,0.0,0.0,1.0,1.0,0.0,0.0,1.0,0.0,1.0,1.0,0.0,0.0,1.0,0.0,1.0,0.0,0.0,0.0,1.0,0.0,-0.45652173913043476,0.3975155279503105,0.3795569632355502,0.25437911413589204,1.0,3.0,1.0
1.0,1.0,1.0,1.0,1.0,0.0,0.0,0.0,0.0,0.0,0.0,0.0,0.0,1.0,0.0,0.0,1.0,1.0,0.0,0.0,0.0,-0.30434782608695654,0.08097538532321151,0.059317600007648054,5.810554501840903,0.0,0.0,0.0
1.0,0.0,0.0,1.0,1.0,1.0,1.0,1.0,0.0,0.0,1.0,2.0,0.0,1.0,0.0,0.0,1.0,1.0,0.0,0.0,0.0,0.8478260869565217,0.5815504945939728,0.6348679391311722,-0.024634608947896958,0.0,4.0,0.0
1.0,1.0,0.0,1.0,0.0,0.0,0.0,0.0,0.0,0.0,0.0,2.0,0.0,0.0,1.0,0.0,1.0,0.0,1.0,0.0,0.0,0.9130434782608695,-0.8290775247296986,-0.8339437904234263,0.514113578043066,1.0,0.0,1.0
0.0,0.0,0.0,1.0,1.0,1.0,0.0,0.0,0.0,0.0,0.0,0.0,0.0,1.0,0.0,0.0,1.0,1.0,0.0,0.0,0.0,0.6304347826086957,0.1711525189786059,0.13709331707150255,2.061809661943546,0.0,1.0,0.0
1.0,0.0,0.0,1.0,0.0,0.0,0.0,0.0,0.0,0.0,0.0,0.0,0.0,0.0,1.0,1.0,0.0,0.0,0.0,1.0,0.0,-0.5869565217391305,-0.9440993788819876,-0.9553415850482173,-0.1553051433671761,1.0,0.0,1.0
0.0,1.0,1.0,1.0,1.0,0.0,1.0,0.0,1.0,0.0,1.0,0.0,0.0,1.0,0.0,1.0,0.0,0.0,1.0,0.0,0.0,-0.32608695652173914,0.3524269611226134,0.2889077027880652,0.1887760794376886,0.0,3.0,0.0
0.0,1.0,0.0,1.0,1.0,0.0,0.0,0.0,0.0,0.0,0.0,2.0,0.0,0.0,1.0,1.0,0.0,1.0,0.0,0.0,0.0,0.9130434782608695,-0.912813434552565,-0.9106698883160161,0.026776748856409686,0.0,0.0,0.0
1.0,0.0,0.0,1.0,1.0,0.0,1.0,0.0,0.0,1.0,1.0,0.0,0.0,1.0,0.0,0.0,1.0,0.0,0.0,1.0,0.0,-0.32608695652173914,0.5530250747642051,0.5608718912364831,0.4806426419725539,0.0,3.0,0.0
0.0,0.0,0.0,0.0,0.0,1.0,1.0,0.0,1.0,0.0,1.0,0.0,1.0,0.0,0.0,1.0,0.0,0.0,1.0,0.0,0.0,-0.5,-0.35978835978835977,-0.3550602682026101,-1.120339172152181,0.0,4.0,0.0
1.0,1.0,1.0,1.0,1.0,0.0,1.0,1.0,1.0,0.0,1.0,0.0,1.0,0.0,0.0,1.0,0.0,0.0,0.0,0.0,1.0,-0.30434782608695654,-0.01840349666436623,0.015399058764964602,-0.7229722191230613,0.0,4.0,0.0
1.0,1.0,1.0,1.0,1.0,0.0,1.0,1.0,0.0,1.0,1.0,1.0,0.0,1.0,0.0,1.0,0.0,0.0,1.0,0.0,0.0,0.6086956521739131,0.49781458477110646,0.5075781569399653,-0.12210197478522823,0.0,4.0,0.0
0.0,0.0,0.0,1.0,1.0,1.0,1.0,1.0,0.0,0.0,0.0,2.0,1.0,0.0,0.0,1.0,0.0,1.0,0.0,0.0,0.0,0.8043478260869565,-0.17207269381182427,-0.1785814589806307,-0.5743612629699877,0.0,3.0,0.0
1.0,1.0,0.0,1.0,1.0,0.0,1.0,0.0,0.0,1.0,0.0,0.0,0.0,1.0,0.0,0.0,1.0,0.0,0.0,1.0,0.0,0.8695652173913043,0.35794801012192323,0.33889849016936874,0.9996652906392952,1.0,2.0,1.0
0.0,1.0,0.0,1.0,0.0,1.0,0.0,0.0,1.0,0.0,0.0,1.0,1.0,0.0,0.0,1.0,0.0,1.0,0.0,0.0,0.0,0.8478260869565217,-0.26869105129974696,-0.25705515524822536,-0.2159991074417047,0.0,2.0,0.0
1.0,0.0,1.0,1.0,0.0,1.0,0.0,0.0,0.0,1.0,1.0,1.0,0.0,1.0,0.0,1.0,0.0,0.0,1.0,0.0,0.0,0.5869565217391305,0.44720496894409933,0.4303041419801787,0.32667633604819823,1.0,3.0,1.0
1.0,0.0,0.0,1.0,1.0,0.0,0.0,1.0,0.0,1.0,1.0,0.0,0.0,1.0,0.0,0.0,1.0,0.0,0.0,1.0,0.0,0.13043478260869565,0.5254198297676558,0.4857535972939017,0.4404775186879394,1.0,3.0,1.0
0.0,1.0,1.0,1.0,0.0,0.0,0.0,0.0,0.0,1.0,0.0,0.0,1.0,0.0,0.0,1.0,0.0,0.0,0.0,1.0,0.0,0.30434782608695654,-0.2640901771336554,-0.22906386935355003,0.7952694410353678,0.0,1.0,0.0
1.0,1.0,0.0,1.0,1.0,0.0,0.0,1.0,1.0,0.0,1.0,0.0,1.0,0.0,0.0,1.0,0.0,0.0,1.0,0.0,0.0,0.043478260869565216,-0.07545433632390144,-0.09985179261413553,-0.4337833314738366,0.0,3.0,0.0
0.0,1.0,1.0,1.0,1.0,1.0,1.0,1.0,0.0,0.0,0.0,1.0,1.0,0.0,0.0,1.0,0.0,0.0,0.0,0.0,1.0,0.08695652173913043,-0.22176213480561302,-0.20827533766411108,-0.6466584848822937,0.0,3.0,0.0
1.0,0.0,0.0,1.0,1.0,0.0,0.0,0.0,0.0,0.0,0.0,0.0,0.0,1.0,0.0,1.0,0.0,0.0,0.0,1.0,0.0,-0.6086956521739131,-0.02116402116402127,-0.022761682091649277,5.216110677228606,0.0,0.0,0.0
1.0,0.0,0.0,1.0,0.0,0.0,0.0,1.0,1.0,1.0,1.0,2.0,0.0,1.0,0.0,1.0,0.0,1.0,0.0,0.0,0.0,0.32608695652173914,0.5447435012652403,0.5314196444771905,-0.0674774071181523,0.0,4.0,0.0
0.0,1.0,1.0,1.0,0.0,1.0,1.0,0.0,0.0,0.0,0.0,1.0,1.0,0.0,0.0,1.0,0.0,0.0,0.0,1.0,0.0,0.6086956521739131,-0.31377961812744415,-0.3128922788130262,-0.303469820372643,0.0,2.0,0.0
1.0,0.0,1.0,1.0,0.0,1.0,1.0,0.0,1.0,0.0,0.0,1.0,1.0,0.0,0.0,0.0,1.0,1.0,0.0,0.0,0.0,0.8913043478260869,-0.10213940648723252,-0.10230333180194899,-0.4726096173156307,0.0,3.0,0.0
1.0,0.0,0.0,1.0,0.0,0.0,0.0,0.0,0.0,0.0,0.0,0.0,0.0,0.0,1.0,1.0,0.0,0.0,1.0,0.0,0.0,-0.6086956521739131,-0.9192546583850932,-0.9195084656242705,-0.010710699542563646,0.0,0.0,0.0
1.0,1.0,1.0,1.0,1.0,0.0,0.0,1.0,1.0,0.0,0.0,2.0,1.0,0.0,0.0,1.0,0.0,0.0,1.0,0.0,0.0,0.5652173913043478,-0.280653324131585,-0.25474980770486655,-0.23920562311725957,0.0,2.0,0.0
1.0,1.0,0.0,1.0,1.0,0.0,0.0,0.0,0.0,1.0,1.0,0.0,0.0,1.0,0.0,0.0,1.0,0.0,0.0,1.0,0.0,0.0,0.44076374511157124,0.3843608507091628,1.1603257837777532,1.0,2.0,1.0
0.0,0.0,0.0,1.0,1.0,1.0,1.0,0.0,0.0,0.0,0.0,0.0,1.0,0.0,0.0,0.0,1.0,0.0,0.0,0.0,1.0,0.08695652173913043,-0.17667356797791584,-0.1645906722591596,-0.03748744839897333,0.0,2.0,0.0
1.0,1.0,0.0,1.0,0.0,0.0,0.0,0.0,0.0,0.0,0.0,0.0,0.0,1.0,0.0,0.0,1.0,0.0,0.0,1.0,0.0,-0.5434782608695652,0.08189556015642978,0.12103019457111228,5.815909851612184,1.0,0.0,1.0
1.0,0.0,0.0,0.0,1.0,0.0,0.0,0.0,1.0,0.0,1.0,2.0,1.0,0.0,0.0,1.0,0.0,0.0,0.0,0.0,1.0,0.8913043478260869,-0.5603864734299517,-0.5621616977426015,-0.7818810666071627,0.0,2.0,0.0
1.0,0.0,0.0,1.0,1.0,0.0,0.0,0.0,0.0,0.0,0.0,0.0,0.0,0.0,1.0,0.0,1.0,0.0,0.0,1.0,0.0,0.13043478260869565,-0.8263170002300437,-0.8239534804937452,0.530179627356912,0.0,0.0,0.0
0.0,0.0,0.0,1.0,1.0,0.0,0.0,0.0,0.0,0.0,0.0,0.0,1.0,0.0,0.0,1.0,0.0,0.0,0.0,0.0,1.0,-0.5869565217391305,-0.45364619277662754,-0.32688379822822466,2.6990962847260964,0.0,0.0,0.0
1.0,1.0,0.0,1.0,1.0,0.0,0.0,1.0,0.0,0.0,1.0,0.0,0.0,1.0,0.0,0.0,1.0,0.0,0.0,1.0,0.0,-0.41304347826086957,0.3551874856222682,0.38297948553950417,0.9943099408680132,1.0,2.0,1.0
1.0,1.0,1.0,1.0,0.0,0.0,1.0,0.0,0.0,0.0,0.0,0.0,0.0,1.0,0.0,1.0,0.0,0.0,1.0,0.0,0.0,-0.6086956521739131,0.07545433632390144,0.0737121009728233,1.7833314738368848,0.0,1.0,0.0
1.0,0.0,0.0,1.0,0.0,0.0,0.0,0.0,0.0,0.0,0.0,2.0,0.0,0.0,1.0,1.0,0.0,1.0,0.0,0.0,0.0,0.043478260869565216,-0.9220151828847482,-0.9360764670783532,-0.026776748856409686,0.0,0.0,0.0
1.0,0.0,0.0,1.0,1.0,1.0,0.0,0.0,0.0,0.0,1.0,0.0,0.0,1.0,0.0,0.0,1.0,0.0,1.0,0.0,0.0,0.021739130434782608,0.3680699332873246,0.29290666141486477,1.0193015731339956,1.0,2.0,1.0
1.0,1.0,1.0,1.0,1.0,1.0,1.0,0.0,0.0,0.0,1.0,0.0,0.0,1.0,0.0,0.0,1.0,0.0,0.0,1.0,0.0,0.6739130434782609,0.41867954911433175,0.47141378668193734,0.2851723753207633,1.0,3.0,1.0
0.0,1.0,1.0,1.0,0.0,1.0,0.0,1.0,1.0,0.0,0.0,2.0,1.0,0.0,0.0,0.0,1.0,1.0,0.0,0.0,0.0,0.9347826086956522,-0.06717276282493684,-0.08258563645755485,-0.42173379448845255,0.0,3.0,0.0
1.0,0.0,0.0,1.0,1.0,0.0,0.0,0.0,0.0,0.0,0.0,0.0,0.0,0.0,1.0,1.0,0.0,0.0,1.0,0.0,0.0,-0.5434782608695652,-0.9164941338854382,-0.9123877816361784,0.005355349771282014,0.0,0.0,0.0
1.0,1.0,1.0,1.0,1.0,0.0,0.0,0.0,0.0,0.0,0.0,0.0,0.0,1.0,0.0,1.0,0.0,0.0,0.0,0.0,1.0,-0.5434782608695652,-0.01748332183114797,0.01169324043137664,5.237532076313735,0.0,0.0,0.0
0.0,0.0,0.0,1.0,1.0,0.0,1.0,1.0,0.0,1.0,1.0,0.0,0.0,1.0,0.0,1.0,0.0,0.0,0.0,1.0,0.0,-0.08695652173913043,0.5337014032666206,0.44420817985775596,-0.08033024656922906,0.0,4.0,0.0
1.0,1.0,0.0,1.0,1.0,1.0,0.0,0.0,1.0,1.0,1.0,2.0,1.0,0.0,0.0,0.0,1.0,0.0,1.0,0.0,0.0,0.8913043478260869,0.11870255348516223,0.09151052952186083,-0.5633827959388595,0.0,4.0,0.0
1.0,0.0,0.0,1.0,1.0,0.0,0.0,0.0,0.0,0.0,0.0,0.0,0.0,0.0,1.0,1.0,0.0,0.0,0.0,0.0,1.0,-0.6086956521739131,-0.9210950080515298,-0.921346061492165,-0.021421399085127673,0.0,0.0,0.0
0.0,0.0,0.0,1.0,0.0,0.0,0.0,0.0,0.0,0.0,0.0,0.0,0.0,0.0,1.0,1.0,0.0,0.0,0.0,0.0,1.0,-0.21739130434782608,-0.9312169312169313,-0.9416563316110015,-0.08033024656922906,0.0,0.0,0.0
0.0,0.0,0.0,1.0,0.0,0.0,0.0,0.0,0.0,0.0,0.0,0.0,0.0,0.0,1.0,1.0,0.0,0.0,0.0,0.0,1.0,-0.6086956521739131,-0.9385783298826778,-0.938803222237165,-0.1231730447394844,0.0,0.0,0.0
0.0,1.0,1.0,1.0,0.0,0.0,0.0,0.0,0.0,0.0,0.0,2.0,0.0,0.0,1.0,1.0,0.0,1.0,0.0,0.0,0.0,-0.3695652173913043,-0.9238555325511848,-0.9533508561913315,-0.03748744839897333,0.0,0.0,0.0
1.0,0.0,0.0,1.0,0.0,0.0,0.0,0.0,0.0,0.0,0.0,2.0,0.0,0.0,1.0,1.0,0.0,1.0,0.0,0.0,0.0,0.9347826086956522,-0.942259029215551,-0.9360468284353228,-0.14459444382461206,0.0,0.0,0.0
0.0,0.0,0.0,1.0,0.0,0.0,0.0,0.0,0.0,0.0,0.0,0.0,0.0,0.0,1.0,1.0,0.0,0.0,0.0,0.0,1.0,-0.5869565217391305,-0.9238555325511848,-0.918589667690323,-0.03748744839897333,0.0,0.0,0.0
1.0,1.0,1.0,1.0,1.0,0.0,1.0,1.0,0.0,1.0,0.0,0.0,0.0,1.0,0.0,1.0,0.0,0.0,0.0,1.0,0.0,0.10869565217391304,0.3561076604554865,0.37386176721850856,0.19413142920897022,0.0,3.0,0.0
1.0,0.0,0.0,0.0,1.0,1.0,1.0,0.0,1.0,0.0,0.0,2.0,1.0,0.0,0.0,1.0,0.0,0.0,0.0,0.0,1.0,0.17391304347826086,-0.5511847250977686,-0.6063721967843736,-1.1259622894120271,0.0,3.0,0.0
1.0,1.0,1.0,1.0,1.0,1.0,1.0,0.0,1.0,0.0,0.0,1.0,0.0,1.0,0.0,0.0,1.0,1.0,0.0,0.0,0.0,0.6304347826086957,0.3561076604554865,0.3268409317753205,0.19413142920897022,1.0,3.0,0.0
1.0,0.0,0.0,1.0,1.0,0.0,0.0,0.0,0.0,0.0,0.0,0.0,1.0,0.0,0.0,1.0,0.0,0.0,0.0,0.0,1.0,-0.6086956521739131,-0.4591672417759375,-0.46010949865059153,2.6669641860984044,0.0,0.0,0.0
0.0,0.0,0.0,1.0,1.0,0.0,0.0,0.0,0.0,0.0,0.0,0.0,0.0,1.0,0.0,1.0,0.0,0.0,0.0,1.0,0.0,-0.6086956521739131,0.013802622498274672,0.012152639398350424,5.419613968537321,1.0,0.0,1.0
1.0,0.0,0.0,1.0,1.0,0.0,0.0,0.0,0.0,0.0,0.0,0.0,1.0,0.0,0.0,0.0,1.0,0.0,0.0,1.0,0.0,-0.6086956521739131,-0.36899010812054284,-0.37006730112375036,3.191788463684035,0.0,0.0,0.0
1.0,1.0,0.0,1.0,0.0,1.0,1.0,1.0,1.0,0.0,0.0,2.0,1.0,0.0,0.0,0.0,1.0,0.0,0.0,0.0,1.0,0.9347826086956522,-0.04324821716126054,-0.06985007620645137,-0.7518911078879837,0.0,4.0,0.0
0.0,1.0,1.0,0.0,1.0,0.0,0.0,0.0,1.0,0.0,0.0,0.0,1.0,0.0,0.0,1.0,0.0,0.0,0.0,0.0,1.0,-0.3695652173913043,-0.7582240625718887,-0.75213410865686,-0.6426419725538323,1.0,1.0,0.0
0.0,0.0,0.0,1.0,0.0,0.0,0.0,0.0,0.0,0.0,0.0,0.0,0.0,0.0,1.0,1.0,0.0,0.0,0.0,0.0,1.0,-0.5869565217391305,-0.9385783298826778,-1.0072536683162432,-0.1231730447394844,0.0,0.0,0.0
0.0,1.0,0.0,1.0,0.0,0.0,0.0,0.0,0.0,0.0,0.0,2.0,0.0,0.0,1.0,1.0,0.0,1.0,0.0,0.0,0.0,0.391304347826087,-0.9358178053830228,-0.9368287841237886,-0.10710699542563874,0.0,0.0,0.0
1.0,1.0,1.0,1.0,1.0,0.0,0.0,0.0,0.0,0.0,0.0,0.0,1.0,0.0,0.0,1.0,0.0,1.0,0.0,0.0,0.0,-0.5,-0.47665056360708535,-0.49839274589839805,2.565212540444048,0.0,0.0,0.0
0.0,0.0,0.0,0.0,0.0,1.0,0.0,1.0,0.0,1.0,1.0,2.0,1.0,0.0,0.0,1.0,0.0,0.0,0.0,1.0,0.0,0.6739130434782609,-0.3110190936277893,-0.3057361324485362,-1.0635724645765925,0.0,4.0,0.0
0.0,0.0,0.0,1.0,1.0,0.0,1.0,0.0,0.0,1.0,0.0,0.0,0.0,1.0,0.0,1.0,0.0,1.0,0.0,0.0,0.0,-0.5869565217391305,0.2447665056360708,0.20693780139519016,0.7800959500167357,1.0,2.0,1.0
1.0,1.0,0.0,1.0,1.0,1.0,1.0,1.0,1.0,1.0,1.0,2.0,1.0,0.0,0.0,1.0,0.0,0.0,1.0,0.0,0.0,0.4782608695652174,0.24568668046928907,0.2547693408977439,-0.928770660333753,0.0,6.0,0.0
0.0,1.0,1.0,1.0,0.0,1.0,1.0,1.0,0.0,1.0,1.0,2.0,0.0,1.0,0.0,0.0,1.0,0.0,1.0,0.0,0.0,0.9347826086956522,0.7186565447435013,0.7158625292251148,-0.2561642307263192,0.0,5.0,0.0
1.0,1.0,0.0,1.0,1.0,1.0,1.0,1.0,0.0,1.0,1.0,2.0,1.0,0.0,0.0,0.0,1.0,0.0,0.0,1.0,0.0,0.9347826086956522,0.2714515757994019,0.2554043924109136,-0.689947562200156,0.0,5.0,0.0
0.0,1.0,1.0,1.0,0.0,0.0,0.0,0.0,0.0,0.0,0.0,2.0,0.0,0.0,1.0,0.0,1.0,0.0,0.0,0.0,1.0,0.5,-0.8732459167241776,-0.8536023830545849,0.2570567890215332,0.0,0.0,0.0
0.0,1.0,0.0,1.0,0.0,1.0,1.0,1.0,1.0,1.0,1.0,2.0,1.0,0.0,0.0,0.0,1.0,0.0,1.0,0.0,0.0,0.9130434782608695,0.4177593742811135,0.38676338012945044,-0.7857063164437925,0.0,6.0,0.0
0.0,1.0,0.0,1.0,0.0,0.0,0.0,0.0,0.0,0.0,0.0,1.0,0.0,0.0,1.0,0.0,1.0,0.0,0.0,0.0,1.0,-0.021739130434782608,-0.8272371750632621,-0.8559801513341959,0.5248242775856301,0.0,0.0,0.0
1.0,1.0,0.0,0.0,0.0,1.0,1.0,1.0,1.0,0.0,0.0,2.0,1.0,0.0,0.0,1.0,0.0,0.0,1.0,0.0,0.0,0.9130434782608695,-0.4444444444444444,-0.4292197709276007,-1.2188776079437689,1.0,4.0,0.0
1.0,1.0,1.0,1.0,1.0,1.0,0.0,0.0,1.0,1.0,1.0,2.0,0.0,1.0,0.0,1.0,0.0,0.0,0.0,1.0,0.0,0.8478260869565217,0.5346215780998389,0.5047904728060071,-0.0792591766149725,0.0,4.0,0.0
1.0,0.0,0.0,1.0,1.0,0.0,0.0,0.0,0.0,0.0,0.0,0.0,0.0,1.0,0.0,1.0,0.0,0.0,0.0,1.0,0.0,-0.6086956521739131,-0.002760524499655039,-0.004385723412702122,5.323217672654245,0.0,0.0,0.0
0.0,0.0,0.0,1.0,1.0,0.0,0.0,1.0,0.0,1.0,0.0,0.0,0.0,1.0,0.0,0.0,1.0,0.0,0.0,1.0,0.0,-0.391304347826087,0.34414538762364855,0.35720302713803526,0.9728885417828855,0.0,2.0,0.0
1.0,1.0,1.0,1.0,1.0,0.0,1.0,1.0,0.0,0.0,0.0,0.0,1.0,0.0,0.0,1.0,0.0,0.0,0.0,0.0,1.0,-0.5652173913043478,-0.2640901771336554,-0.2671619325216464,-0.20707352448956826,0.0,2.0,0.0
0.0,1.0,0.0,1.0,1.0,0.0,0.0,1.0,1.0,1.0,1.0,1.0,0.0,1.0,0.0,0.0,1.0,1.0,0.0,0.0,0.0,0.6956521739130435,0.6036346905912123,0.6664873909809919,0.0010710699542565549,0.0,4.0,0.0
1.0,1.0,0.0,1.0,1.0,0.0,0.0,0.0,0.0,0.0,0.0,0.0,0.0,1.0,0.0,0.0,1.0,0.0,0.0,1.0,0.0,-0.5,0.09201748332183116,0.04431056708650795,5.874818699096285,0.0,0.0,0.0
0.0,1.0,0.0,1.0,0.0,1.0,0.0,0.0,0.0,0.0,0.0,0.0,1.0,0.0,0.0,0.0,1.0,0.0,0.0,1.0,0.0,0.3695652173913043,-0.32022084195997236,-0.31449999998806455,0.6319312730112688,0.0,1.0,0.0
0.0,0.0,1.0,1.0,0.0,0.0,0.0,0.0,0.0,0.0,0.0,2.0,0.0,1.0,0.0,1.0,0.0,0.0,1.0,0.0,0.0,0.45652173913043476,-0.002760524499655039,0.0015313352819189127,5.323217672654245,0.0,0.0,0.0
1.0,0.0,0.0,1.0,1.0,0.0,1.0,1.0,1.0,1.0,1.0,1.0,0.0,1.0,0.0,1.0,0.0,1.0,0.0,0.0,0.0,0.8695652173913043,0.617437313089487,0.6368686549221227,-0.35434564319982154,0.0,5.0,0.0
1.0,1.0,1.0,1.0,1.0,1.0,0.0,1.0,1.0,1.0,1.0,2.0,1.0,0.0,0.0,0.0,1.0,1.0,0.0,0.0,0.0,0.1956521739130435,0.27421210029905696,0.29722178785201736,-0.687269887314515,0.0,5.0,0.0
0.0,0.0,0.0,1.0,1.0,0.0,0.0,0.0,0.0,0.0,0.0,0.0,0.0,1.0,0.0,0.0,1.0,0.0,0.0,1.0,0.0,-0.5652173913043478,0.06901311249137336,-0.00897971308243865,5.740934954814237,0.0,0.0,0.0
0.0,1.0,0.0,1.0,1.0,0.0,1.0,0.0,0.0,0.0,1.0,0.0,0.0,1.0,0.0,0.0,1.0,1.0,0.0,0.0,0.0,0.8478260869565217,0.3515067862893949,0.35875564824566863,0.9871694745063035,1.0,2.0,1.0
1.0,0.0,1.0,1.0,0.0,0.0,0.0,0.0,0.0,0.0,0.0,0.0,0.0,0.0,1.0,1.0,0.0,0.0,0.0,0.0,1.0,-0.08695652173913043,-0.9146537842190017,-0.9588697691145752,0.01606604931384604,0.0,0.0,0.0
0.0,1.0,0.0,1.0,0.0,0.0,0.0,0.0,1.0,1.0,1.0,0.0,0.0,1.0,0.0,0.0,1.0,1.0,0.0,0.0,0.0,-0.2391304347826087,0.5383022774327122,0.5774685904242941,0.4592212428874263,1.0,3.0,0.0
1.0,0.0,0.0,1.0,1.0,0.0,0.0,0.0,0.0,0.0,1.0,0.0,0.0,1.0,0.0,0.0,1.0,0.0,0.0,0.0,1.0,-0.4782608695652174,0.2705314009661836,0.2846418552375953,2.3509985495927705,0.0,1.0,0.0
0.0,0.0,0.0,0.0,0.0,1.0,0.0,1.0,1.0,1.0,1.0,2.0,1.0,0.0,0.0,1.0,0.0,0.0,1.0,0.0,0.0,0.782608695652174,-0.19415688980906368,-0.18861177684556224,-1.141582059578266,0.0,5.0,0.0
0.0,0.0,0.0,1.0,0.0,0.0,0.0,0.0,0.0,0.0,0.0,1.0,0.0,0.0,1.0,1.0,0.0,0.0,0.0,0.0,1.0,-0.3695652173913043,-0.942259029215551,-0.9468427041592042,-0.14459444382461206,0.0,0.0,0.0
1.0,0.0,0.0,0.0,0.0,0.0,0.0,0.0,0.0,0.0,0.0,0.0,1.0,0.0,0.0,1.0,0.0,1.0,0.0,0.0,0.0,-0.6086956521739131,-0.8410397975615368,-0.841410641238745,0.444494031016401,0.0,0.0,0.0
1.0,0.0,0.0,1.0,0.0,0.0,0.0,0.0,0.0,0.0,0.0,0.0,0.0,0.0,1.0,1.0,0.0,0.0,0.0,1.0,0.0,-0.2391304347826087,-0.9477800782148609,-0.9410491727423695,-0.17672654245230376,0.0,0.0,0.0
0.0,1.0,0.0,1.0,1.0,1.0,0.0,1.0,1.0,1.0,1.0,2.0,1.0,0.0,0.0,0.0,1.0,0.0,1.0,0.0,0.0,0.7608695652173914,0.2668507016333103,0.2775703925673933,-0.6944103536762244,0.0,5.0,0.0
1.0,0.0,0.0,1.0,1.0,1.0,1.0,0.0,0.0,0.0,0.0,0.0,0.0,1.0,0.0,0.0,1.0,0.0,1.0,0.0,0.0,-0.06521739130434782,0.2972164711295147,0.26393861168200144,0.8818475956710928,0.0,2.0,0.0
0.0,0.0,1.0,1.0,0.0,0.0,1.0,0.0,0.0,1.0,0.0,0.0,0.0,1.0,0.0,0.0,1.0,0.0,0.0,0.0,1.0,-0.5434782608695652,0.3515067862893949,0.38265790626262236,0.9871694745063035,0.0,2.0,0.0
1.0,1.0,0.0,1.0,0.0,1.0,0.0,0.0,1.0,0.0,0.0,2.0,1.0,0.0,0.0,1.0,0.0,1.0,0.0,0.0,0.0,0.9130434782608695,-0.2944559466298597,-0.319274598437224,-0.26598237197366925,0.0,2.0,0.0
0.0,0.0,0.0,1.0,1.0,1.0,1.0,0.0,0.0,0.0,0.0,0.0,1.0,0.0,0.0,0.0,1.0,0.0,1.0,0.0,0.0,0.43478260869565216,-0.19783758914193697,-0.1967145072596009,-0.07854512997880146,0.0,2.0,0.0
1.0,0.0,0.0,1.0,1.0,0.0,0.0,0.0,0.0,0.0,1.0,0.0,0.0,1.0,0.0,0.0,1.0,0.0,0.0,1.0,0.0,-0.4782608695652174,0.2999769956291695,0.33136929302120405,2.4366841459332815,0.0,1.0,0.0
0.0,0.0,0.0,1.0,1.0,1.0,1.0,1.0,1.0,1.0,1.0,1.0,0.0,1.0,0.0,0.0,1.0,1.0,0.0,0.0,0.0,0.13043478260869565,0.741660915573959,0.7170281629532221,-0.5164087279450439,1.0,6.0,0.0
1.0,1.0,0.0,1.0,1.0,0.0,0.0,0.0,0.0,0.0,0.0,0.0,0.0,1.0,0.0,1.0,0.0,0.0,0.0,1.0,0.0,-0.6086956521739131,-0.0036806993328732983,-0.0053045213466494275,5.317862322882964,1.0,0.0,1.0
0.0,0.0,0.0,1.0,0.0,0.0,0.0,0.0,0.0,1.0,1.0,0.0,0.0,1.0,0.0,1.0,0.0,0.0,0.0,1.0,0.0,-0.5,0.3459857372900851,0.47185787235001203,0.9764587749637399,0.0,2.0,0.0
1.0,1.0,1.0,1.0,1.0,0.0,0.0,0.0,0.0,1.0,1.0,1.0,0.0,1.0,0.0,1.0,0.0,0.0,0.0,1.0,0.0,-0.08695652173913043,0.3662295836208881,0.30422012664153636,1.0157313399531411,0.0,2.0,0.0
0.0,0.0,1.0,1.0,0.0,0.0,0.0,1.0,1.0,0.0,0.0,0.0,1.0,0.0,0.0,1.0,0.0,0.0,0.0,0.0,1.0,-0.34782608695652173,-0.31377961812744415,-0.2820747297572534,-0.303469820372643,0.0,2.0,0.0
1.0,0.0,0.0,1.0,0.0,1.0,0.0,0.0,0.0,0.0,0.0,0.0,1.0,0.0,0.0,0.0,1.0,0.0,0.0,1.0,0.0,-0.43478260869565216,-0.2935357717966414,-0.288396373661763,0.7095838446948567,1.0,1.0,1.0
0.0,1.0,0.0,1.0,1.0,1.0,0.0,1.0,1.0,1.0,1.0,2.0,1.0,0.0,0.0,0.0,1.0,1.0,0.0,0.0,0.0,0.9347826086956522,0.26501035196687384,0.25086144707084035,-0.6961954702666516,0.0,5.0,0.0
1.0,1.0,1.0,1.0,1.0,0.0,0.0,1.0,1.0,1.0,1.0,1.0,1.0,0.0,0.0,0.0,1.0,0.0,0.0,0.0,1.0,-0.15217391304347827,0.14998849781458487,0.09254745861874424,-0.5269664174941424,0.0,4.0,0.0
1.0,0.0,0.0,1.0,0.0,0.0,1.0,0.0,1.0,0.0,0.0,2.0,0.0,1.0,0.0,1.0,0.0,1.0,0.0,0.0,0.0,0.08695652173913043,0.18587531631009882,0.1791232821220565,0.6658484882293874,0.0,2.0,0.0
1.0,0.0,0.0,1.0,1.0,1.0,1.0,0.0,0.0,0.0,0.0,0.0,1.0,0.0,0.0,0.0,1.0,0.0,1.0,0.0,0.0,-0.2391304347826087,-0.2226823096388314,-0.31208094262573943,-0.1267432779203392,1.0,2.0,1.0
1.0,1.0,1.0,1.0,0.0,0.0,0.0,1.0,0.0,1.0,1.0,1.0,1.0,0.0,0.0,0.0,1.0,1.0,0.0,0.0,0.0,0.10869565217391304,0.1233034276512538,0.19121014264350325,-0.14459444382461206,0.0,3.0,0.0
0.0,0.0,0.0,1.0,1.0,0.0,1.0,0.0,0.0,1.0,0.0,0.0,0.0,1.0,0.0,0.0,1.0,0.0,0.0,1.0,0.0,-0.5,0.360708534621578,0.2994301267458908,1.0050206404105768,0.0,2.0,0.0
0.0,0.0,1.0,1.0,0.0,0.0,0.0,0.0,0.0,0.0,0.0,1.0,0.0,0.0,1.0,1.0,0.0,1.0,0.0,0.0,0.0,-0.10869565217391304,-0.9100529100529101,-0.8901452149852028,0.04284279817025573,0.0,0.0,0.0
1.0,0.0,0.0,1.0,1.0,0.0,0.0,0.0,0.0,1.0,1.0,0.0,0.0,1.0,0.0,0.0,1.0,0.0,0.0,1.0,0.0,-0.30434782608695654,0.42051989878076823,0.4726541638927662,1.121053218788352,0.0,2.0,0.0
1.0,0.0,0.0,1.0,0.0,0.0,1.0,0.0,1.0,1.0,1.0,0.0,0.0,1.0,0.0,0.0,1.0,0.0,0.0,1.0,0.0,0.7391304347826086,0.6422820335863816,0.660984405801271,0.04605600803302501,0.0,4.0,0.0
1.0,0.0,0.0,1.0,0.0,0.0,0.0,0.0,0.0,0.0,0.0,0.0,0.0,1.0,0.0,1.0,0.0,0.0,0.0,1.0,0.0,-0.5434782608695652,-0.02116402116402127,-0.09511701939000371,5.216110677228606,1.0,0.0,1.0
0.0,1.0,0.0,1.0,1.0,0.0,1.0,1.0,0.0,1.0,0.0,1.0,1.0,0.0,0.0,0.0,1.0,1.0,0.0,0.0,0.0,0.8043478260869565,0.006441223832528076,0.022273337852588938,-0.3146267990628138,1.0,3.0,1.0
0.0,1.0,0.0,1.0,0.0,0.0,0.0,0.0,0.0,0.0,0.0,0.0,0.0,0.0,1.0,1.0,0.0,0.0,1.0,0.0,0.0,0.2826086956521739,-0.9229353577179664,-0.9165333104095837,-0.03213209862769132,0.0,0.0,0.0
0.0,0.0,0.0,1.0,1.0,1.0,0.0,0.0,0.0,0.0,0.0,0.0,0.0,1.0,0.0,0.0,1.0,0.0,0.0,1.0,0.0,-0.5434782608695652,0.17943409247757075,0.09806024622242833,2.0859087359143147,1.0,1.0,1.0
0.0,0.0,0.0,1.0,1.0,0.0,0.0,1.0,0.0,1.0,1.0,0.0,0.0,1.0,0.0,0.0,1.0,1.0,0.0,0.0,0.0,-0.06521739130434782,0.5521048999309869,0.5404261130360063,0.47930380452973353,0.0,3.0,0.0
1.0,0.0,0.0,1.0,0.0,0.0,0.0,1.0,1.0,0.0,0.0,1.0,0.0,1.0,0.0,1.0,0.0,0.0,0.0,1.0,0.0,0.21739130434782608,0.20979986197377512,0.21994232599875285,0.7122615195804979,0.0,2.0,0.0
0.0,1.0,0.0,1.0,0.0,0.0,0.0,0.0,0.0,0.0,0.0,2.0,0.0,0.0,1.0,1.0,0.0,0.0,1.0,0.0,0.0,0.8913043478260869,-0.9321371060501495,-0.9484243491740708,-0.08568559634051069,0.0,0.0,0.0
1.0,0.0,0.0,1.0,0.0,0.0,0.0,0.0,0.0,1.0,0.0,0.0,1.0,0.0,0.0,1.0,0.0,0.0,0.0,0.0,1.0,-0.5652173913043478,-0.28249367379802165,-0.3222898085584879,0.7417159433225484,0.0,1.0,0.0
1.0,0.0,0.0,1.0,0.0,0.0,0.0,0.0,0.0,1.0,0.0,0.0,0.0,1.0,0.0,0.0,1.0,1.0,0.0,0.0,0.0,0.5217391304347826,0.2751322751322752,0.2690693447021209,2.3643869240209754,0.0,1.0,0.0
0.0,1.0,0.0,1.0,1.0,0.0,0.0,0.0,0.0,0.0,0.0,0.0,1.0,0.0,0.0,1.0,0.0,0.0,0.0,1.0,0.0,-0.5869565217391305,-0.4692891649413389,-0.47251327075888083,2.6080553386143035,0.0,0.0,0.0
0.0,1.0,1.0,1.0,1.0,1.0,1.0,1.0,1.0,0.0,1.0,2.0,1.0,0.0,0.0,1.0,0.0,0.0,0.0,1.0,0.0,0.9347826086956522,0.07085346215780988,0.03956344442777981,-0.8845252705567332,0.0,5.0,0.0
1.0,1.0,1.0,0.0,1.0,1.0,1.0,1.0,1.0,1.0,1.0,2.0,1.0,0.0,0.0,1.0,0.0,0.0,1.0,0.0,0.0,0.9347826086956522,-0.10489993098688756,-0.09255204182440065,-1.2202546978849556,0.0,6.0,0.0
0.0,0.0,0.0,1.0,1.0,0.0,0.0,0.0,0.0,0.0,1.0,0.0,1.0,0.0,0.0,1.0,0.0,0.0,0.0,1.0,0.0,-0.6086956521739131,-0.2769726247987117,-0.27818750772901457,0.7577819926363945,0.0,1.0,0.0
1.0,0.0,0.0,1.0,0.0,0.0,1.0,1.0,1.0,1.0,1.0,2.0,1.0,0.0,0.0,1.0,0.0,0.0,1.0,0.0,0.0,0.41304347826086957,0.15458937198067643,0.14671825347439063,-0.8033024656922904,0.0,5.0,0.0
1.0,1.0,1.0,1.0,0.0,1.0,1.0,1.0,1.0,1.0,0.0,2.0,1.0,0.0,0.0,1.0,0.0,0.0,1.0,0.0,0.0,0.7391304347826086,0.07361398665746492,0.06634713340705489,-0.8818475956710923,0.0,5.0,0.0
1.0,1.0,1.0,1.0,0.0,0.0,0.0,0.0,0.0,0.0,0.0,2.0,0.0,0.0,1.0,0.0,1.0,0.0,1.0,0.0,0.0,0.9347826086956522,-0.8539222452265931,-0.8544141842205831,0.36951913421845395,0.0,0.0,0.0
1.0,0.0,0.0,1.0,0.0,0.0,0.0,1.0,0.0,0.0,0.0,2.0,1.0,0.0,0.0,0.0,1.0,0.0,1.0,0.0,0.0,0.6521739130434783,-0.3008971704623879,-0.32658791414780103,0.688162445609729,0.0,1.0,0.0
1.0,0.0,0.0,0.0,0.0,1.0,0.0,0.0,1.0,0.0,0.0,1.0,1.0,0.0,0.0,1.0,0.0,0.0,0.0,0.0,1.0,0.0,-0.6422820335863814,-0.6174774068546097,-0.9407564431551935,0.0,2.0,0.0
0.0,1.0,1.0,1.0,1.0,1.0,0.0,1.0,1.0,0.0,0.0,1.0,1.0,0.0,0.0,1.0,0.0,0.0,0.0,0.0,1.0,0.6086956521739131,-0.20611916264090183,-0.24153230594311476,-0.6238982483543456,0.0,3.0,0.0
0.0,0.0,0.0,1.0,0.0,0.0,1.0,1.0,1.0,1.0,1.0,1.0,0.0,1.0,0.0,0.0,1.0,0.0,1.0,0.0,0.0,0.021739130434782608,0.735219691741431,0.7407900276164038,-0.2400981814124732,0.0,5.0,0.0
1.0,0.0,0.0,1.0,0.0,1.0,1.0,1.0,1.0,0.0,0.0,0.0,1.0,0.0,0.0,0.0,1.0,0.0,0.0,1.0,0.0,0.1956521739130435,-0.010121923165401375,-0.012002074707265636,-0.7133325895347539,0.0,4.0,0.0
0.0,1.0,0.0,1.0,0.0,0.0,0.0,0.0,0.0,0.0,0.0,0.0,0.0,0.0,1.0,1.0,0.0,0.0,1.0,0.0,0.0,-0.30434782608695654,-0.9210950080515298,-0.8918832744102533,-0.021421399085127673,0.0,0.0,0.0
0.0,0.0,0.0,1.0,1.0,0.0,1.0,0.0,0.0,1.0,1.0,0.0,0.0,1.0,0.0,0.0,1.0,0.0,1.0,0.0,0.0,0.9130434782608695,0.5364619277662757,0.5019366422721476,0.45654356800178547,1.0,3.0,1.0
1.0,0.0,0.0,1.0,1.0,0.0,1.0,0.0,0.0,1.0,1.0,0.0,0.0,1.0,0.0,1.0,0.0,0.0,0.0,1.0,0.0,-0.4782608695652174,0.43708304577869794,0.4590822058398863,0.31194912417717297,0.0,3.0,0.0
0.0,0.0,0.0,1.0,1.0,0.0,0.0,0.0,0.0,0.0,0.0,2.0,0.0,0.0,1.0,1.0,0.0,0.0,0.0,0.0,1.0,-0.043478260869565216,-0.9367379802162411,-0.9152207419325161,-0.11246234519692037,0.0,0.0,0.0
0.0,1.0,0.0,1.0,0.0,0.0,0.0,0.0,0.0,0.0,0.0,2.0,0.0,0.0,1.0,1.0,0.0,0.0,0.0,0.0,1.0,0.2391304347826087,-0.9459397285484242,-0.9387572823404676,-0.16601584290973975,0.0,0.0,0.0
0.0,0.0,0.0,1.0,1.0,0.0,1.0,0.0,0.0,0.0,1.0,0.0,0.0,1.0,0.0,1.0,0.0,0.0,0.0,1.0,0.0,-0.6086956521739131,0.28525419829767656,0.28319802991282095,0.8586410799955375,1.0,2.0,1.0
1.0,1.0,0.0,1.0,1.0,0.0,1.0,0.0,0.0,1.0,0.0,0.0,0.0,1.0,0.0,0.0,1.0,1.0,0.0,0.0,0.0,0.782608695652174,0.3929146537842189,0.38238580072064604,1.0674997210755326,0.0,2.0,0.0
0.0,0.0,0.0,1.0,1.0,0.0,0.0,0.0,0.0,0.0,1.0,0.0,0.0,1.0,0.0,1.0,0.0,0.0,0.0,1.0,0.0,-0.6086956521739131,0.19507706464228194,0.1931558323859798,2.1314292089702107,0.0,1.0,0.0
0.0,0.0,0.0,1.0,1.0,0.0,0.0,0.0,0.0,0.0,0.0,0.0,1.0,0.0,0.0,1.0,0.0,0.0,0.0,1.0,0.0,-0.6086956521739131,-0.4858523119392684,-0.48675463873506486,2.5116590427312286,0.0,0.0,0.0
0.0,1.0,0.0,1.0,1.0,0.0,0.0,0.0,0.0,0.0,0.0,0.0,0.0,0.0,1.0,1.0,0.0,0.0,0.0,0.0,1.0,-0.5652173913043478,-0.9312169312169313,-1.0169010466226902,-0.08033024656922906,0.0,0.0,0.0
0.0,1.0,0.0,1.0,1.0,0.0,0.0,1.0,0.0,1.0,1.0,0.0,0.0,1.0,0.0,0.0,1.0,1.0,0.0,0.0,0.0,0.0,0.5254198297676558,0.5739500519760933,0.4404775186879394,1.0,3.0,1.0
1.0,0.0,0.0,1.0,0.0,0.0,0.0,0.0,0.0,0.0,0.0,1.0,0.0,0.0,1.0,1.0,0.0,0.0,0.0,0.0,1.0,-0.30434782608695654,-0.9330572808833679,-0.9239799489028141,-0.0910409461117927,0.0,0.0,0.0
0.0,1.0,1.0,1.0,0.0,1.0,1.0,1.0,1.0,1.0,0.0,2.0,1.0,0.0,0.0,0.0,1.0,1.0,0.0,0.0,0.0,0.8913043478260869,0.16931216931216936,0.21056049039189703,-0.7890215329688719,0.0,5.0,0.0
0.0,1.0,0.0,1.0,1.0,0.0,1.0,1.0,0.0,0.0,1.0,0.0,0.0,1.0,0.0,0.0,1.0,0.0,0.0,1.0,0.0,-0.06521739130434782,0.42972164711295135,0.38606806013285005,0.301238424634609,1.0,3.0,1.0
1.0,0.0,0.0,1.0,1.0,1.0,1.0,1.0,1.0,0.0,0.0,0.0,0.0,1.0,0.0,0.0,1.0,0.0,0.0,0.0,1.0,0.13043478260869565,0.48309178743961356,0.4897438054641869,-0.13923909405333007,0.0,4.0,0.0
1.0,1.0,1.0,1.0,1.0,0.0,0.0,1.0,1.0,1.0,1.0,2.0,1.0,0.0,0.0,1.0,0.0,1.0,0.0,0.0,0.0,0.8478260869565217,0.04508856682769732,0.0414055442071156,-0.6490683922793706,0.0,4.0,0.0
1.0,0.0,0.0,1.0,1.0,0.0,0.0,0.0,0.0,0.0,0.0,0.0,0.0,1.0,0.0,0.0,1.0,0.0,0.0,1.0,0.0,-0.6086956521739131,0.08097538532321151,0.07922488857650764,5.810554501840903,0.0,0.0,0.0
1.0,0.0,0.0,1.0,0.0,0.0,0.0,0.0,0.0,0.0,0.0,0.0,0.0,0.0,1.0,1.0,0.0,0.0,0.0,0.0,1.0,-0.6086956521739131,-0.9247757073844031,-0.9250212532279545,-0.042842798170255346,0.0,0.0,0.0
1.0,1.0,1.0,1.0,1.0,0.0,0.0,1.0,0.0,0.0,0.0,2.0,0.0,1.0,0.0,0.0,1.0,0.0,1.0,0.0,0.0,0.8695652173913043,0.16011042097998626,0.14648356052387132,2.0296775633158544,0.0,1.0,0.0
0.0,0.0,0.0,1.0,0.0,0.0,0.0,0.0,0.0,0.0,0.0,0.0,0.0,0.0,1.0,1.0,0.0,0.0,0.0,0.0,1.0,-0.5434782608695652,-0.9284564067172764,-0.9144550769875599,-0.06426419725538302,0.0,0.0,0.0
1.0,0.0,0.0,1.0,1.0,1.0,1.0,1.0,1.0,1.0,0.0,0.0,1.0,0.0,0.0,1.0,0.0,1.0,0.0,0.0,0.0,0.043478260869565216,0.0358868184955142,-0.0189679357837374,-0.918442485774852,0.0,5.0,0.0
1.0,1.0,0.0,1.0,1.0,1.0,1.0,1.0,0.0,1.0,1.0,1.0,0.0,1.0,0.0,0.0,1.0,0.0,0.0,1.0,0.0,0.6304347826086957,0.7057740970784449,0.6948353456649261,-0.26866004685931044,1.0,5.0,1.0
0.0,1.0,1.0,1.0,0.0,1.0,1.0,1.0,1.0,1.0,1.0,2.0,1.0,0.0,0.0,0.0,1.0,1.0,0.0,0.0,0.0,0.782608695652174,0.3873936047849091,0.38891633372808687,-0.8109529653655505,0.0,6.0,0.0
0.0,1.0,1.0,1.0,1.0,1.0,1.0,0.0,1.0,0.0,1.0,1.0,1.0,0.0,0.0,1.0,0.0,0.0,1.0,0.0,0.0,0.4782608695652174,-0.013802622498274672,-0.013519655814884467,-0.7176168693517795,0.0,4.0,0.0
0.0,0.0,0.0,1.0,0.0,0.0,0.0,0.0,0.0,0.0,0.0,0.0,0.0,0.0,1.0,1.0,0.0,0.0,0.0,0.0,1.0,-0.6086956521739131,-0.9459397285484242,-0.9461536057087437,-0.16601584290973975,0.0,0.0,0.0
1.0,1.0,0.0,1.0,1.0,0.0,0.0,1.0,0.0,1.0,1.0,0.0,0.0,1.0,0.0,0.0,1.0,0.0,0.0,1.0,0.0,-0.30434782608695654,0.5631469979296065,0.5454229602613968,0.4953698538435792,0.0,3.0,0.0
0.0,1.0,1.0,1.0,1.0,0.0,0.0,1.0,0.0,0.0,0.0,1.0,1.0,0.0,0.0,1.0,0.0,1.0,0.0,0.0,0.0,0.5,-0.35978835978835977,-0.3745729448382999,0.5167912529287072,0.0,1.0,0.0
1.0,0.0,0.0,0.0,1.0,0.0,0.0,0.0,0.0,0.0,0.0,0.0,1.0,0.0,0.0,1.0,0.0,0.0,0.0,1.0,0.0,-0.6086956521739131,-0.8345985737290086,-0.8349790557011135,0.48198147941537434,0.0,0.0,0.0
1.0,0.0,1.0,1.0,0.0,0.0,0.0,0.0,0.0,0.0,0.0,0.0,0.0,0.0,1.0,1.0,0.0,0.0,0.0,0.0,1.0,-0.5652173913043478,-0.9302967563837129,-0.9400282861490946,-0.07497489679794704,0.0,0.0,0.0
0.0,0.0,0.0,1.0,1.0,0.0,1.0,1.0,0.0,0.0,0.0,0.0,1.0,0.0,0.0,1.0,0.0,0.0,0.0,1.0,0.0,-0.34782608695652173,-0.28893489763054986,-0.26341606402170725,-0.2552716724311056,1.0,2.0,1.0
1.0,0.0,0.0,1.0,1.0,0.0,0.0,0.0,0.0,0.0,0.0,0.0,0.0,1.0,0.0,1.0,0.0,0.0,0.0,1.0,0.0,-0.6086956521739131,-0.008281573498964856,-0.009898511016386216,5.291085574026554,0.0,0.0,0.0
0.0,0.0,0.0,1.0,1.0,0.0,0.0,1.0,0.0,1.0,0.0,0.0,0.0,1.0,0.0,1.0,0.0,0.0,0.0,0.0,1.0,-0.5217391304347826,0.2640901771336553,0.2300915093306637,0.817583398415709,1.0,2.0,1.0
0.0,0.0,0.0,1.0,1.0,1.0,0.0,0.0,1.0,1.0,1.0,0.0,1.0,0.0,0.0,1.0,0.0,0.0,1.0,0.0,0.0,-0.08695652173913043,0.1039797561536693,0.167760257491675,-0.5805199152069618,0.0,4.0,0.0
0.0,0.0,0.0,1.0,1.0,0.0,1.0,1.0,1.0,1.0,1.0,2.0,0.0,1.0,0.0,0.0,1.0,1.0,0.0,0.0,0.0,0.8695652173913043,0.7361398665746492,0.6883879187836057,-0.23920562311725957,0.0,5.0,0.0
1.0,0.0,0.0,1.0,0.0,0.0,0.0,0.0,1.0,0.0,1.0,0.0,1.0,0.0,0.0,0.0,1.0,0.0,0.0,0.0,1.0,-0.5434782608695652,-0.09109730848861289,-0.20744006681506813,0.12852839451076642,0.0,2.0,0.0
0.0,0.0,0.0,1.0,0.0,0.0,0.0,0.0,0.0,0.0,0.0,0.0,0.0,0.0,1.0,1.0,0.0,0.0,0.0,0.0,1.0,-0.5652173913043478,-0.9220151828847482,-0.9103204862847969,-0.026776748856409686,0.0,0.0,0.0
1.0,0.0,0.0,0.0,0.0,0.0,0.0,0.0,0.0,0.0,0.0,0.0,1.0,0.0,0.0,1.0,0.0,0.0,0.0,0.0,1.0,-0.5217391304347826,-0.8502415458937199,-0.9288802045505334,0.39094053330358164,0.0,0.0,0.0
1.0,0.0,0.0,1.0,1.0,1.0,0.0,0.0,0.0,0.0,0.0,0.0,0.0,1.0,0.0,0.0,1.0,0.0,0.0,1.0,0.0,-0.5434782608695652,0.1766735679779157,0.24713521100538707,2.0778757112573913,0.0,1.0,0.0
1.0,0.0,0.0,1.0,1.0,0.0,0.0,0.0,0.0,0.0,1.0,0.0,0.0,1.0,0.0,1.0,0.0,0.0,0.0,1.0,0.0,-0.2826086956521739,0.1518288474810214,0.10202256231257635,2.0055784893450856,1.0,1.0,1.0
0.0,0.0,1.0,1.0,1.0,1.0,0.0,1.0,1.0,1.0,0.0,1.0,1.0,0.0,0.0,1.0,0.0,0.0,1.0,0.0,0.0,0.45652173913043476,0.005521048999309817,-0.018847602893033385,-0.6951244003123953,0.0,4.0,0.0
1.0,1.0,1.0,1.0,1.0,1.0,1.0,0.0,0.0,0.0,0.0,1.0,1.0,0.0,0.0,1.0,0.0,0.0,0.0,0.0,1.0,-0.2826086956521739,-0.26961122613296523,-0.3119533318015801,-0.2177842240321319,0.0,2.0,0.0
0.0,1.0,1.0,1.0,1.0,0.0,0.0,0.0,0.0,1.0,1.0,0.0,0.0,1.0,0.0,0.0,1.0,1.0,0.0,0.0,0.0,0.43478260869565216,0.4582470669427192,0.43318710488516615,1.1942429989958723,0.0,2.0,0.0
1.0,0.0,1.0,1.0,0.0,0.0,1.0,0.0,1.0,0.0,0.0,0.0,1.0,0.0,0.0,1.0,0.0,0.0,0.0,1.0,0.0,-0.13043478260869565,-0.3008971704623879,-0.24854628742514764,-0.27847818810666053,0.0,2.0,0.0
0.0,1.0,0.0,1.0,1.0,0.0,0.0,1.0,0.0,1.0,1.0,0.0,0.0,1.0,0.0,0.0,1.0,0.0,0.0,1.0,0.0,0.391304347826087,0.5521048999309869,0.5432373941121349,0.47930380452973353,0.0,3.0,0.0
0.0,0.0,0.0,1.0,1.0,1.0,0.0,0.0,0.0,0.0,0.0,0.0,1.0,0.0,0.0,1.0,0.0,0.0,1.0,0.0,0.0,-0.15217391304347827,-0.39935587761674723,-0.41625777907583134,0.4016512328461453,0.0,1.0,0.0
0.0,1.0,1.0,1.0,0.0,1.0,1.0,1.0,1.0,1.0,1.0,1.0,0.0,1.0,0.0,0.0,1.0,0.0,0.0,1.0,0.0,0.7608695652173914,0.7885898320680929,0.7766930139665776,-0.47739117961141825,0.0,6.0,0.0
1.0,1.0,1.0,1.0,1.0,0.0,0.0,1.0,0.0,0.0,0.0,0.0,1.0,0.0,0.0,1.0,0.0,0.0,0.0,1.0,0.0,-0.1956521739130435,-0.38463308028525417,-0.43364811815290755,0.444494031016401,0.0,1.0,0.0
1.0,1.0,1.0,1.0,0.0,0.0,1.0,0.0,1.0,0.0,0.0,1.0,0.0,1.0,0.0,0.0,1.0,1.0,0.0,0.0,0.0,0.4782608695652174,0.2521279043018174,0.25212104097048393,0.7943768827401542,0.0,2.0,0.0
0.0,0.0,0.0,1.0,1.0,0.0,0.0,0.0,0.0,0.0,0.0,0.0,0.0,1.0,0.0,1.0,0.0,0.0,1.0,0.0,0.0,-0.32608695652173914,0.009201748332183115,-0.09744682843679857,5.392837219680911,0.0,0.0,0.0
0.0,0.0,0.0,0.0,1.0,0.0,1.0,1.0,0.0,1.0,1.0,1.0,1.0,0.0,0.0,1.0,0.0,0.0,1.0,0.0,0.0,0.4782608695652174,-0.2594893029675639,-0.24195804409826685,-1.003592547138235,0.0,4.0,0.0
1.0,1.0,0.0,1.0,1.0,0.0,1.0,0.0,0.0,0.0,0.0,0.0,1.0,0.0,0.0,1.0,0.0,0.0,0.0,0.0,1.0,0.2391304347826087,-0.37451115711985283,-0.35146164296131643,0.4739484547584515,0.0,1.0,0.0
0.0,1.0,1.0,1.0,1.0,0.0,1.0,0.0,0.0,1.0,1.0,0.0,0.0,1.0,0.0,0.0,1.0,0.0,0.0,1.0,0.0,-0.5434782608695652,0.5051759834368531,0.4692546115371609,0.4110230949458889,0.0,3.0,0.0
1.0,0.0,0.0,0.0,1.0,0.0,0.0,1.0,0.0,1.0,1.0,0.0,1.0,0.0,0.0,1.0,0.0,0.0,0.0,1.0,0.0,-0.5869565217391305,-0.3910743041177824,-0.4670004831551967,-0.8930045743612629,0.0,3.0,0.0
0.0,1.0,0.0,1.0,1.0,0.0,1.0,0.0,0.0,0.0,0.0,0.0,0.0,1.0,0.0,0.0,1.0,0.0,1.0,0.0,0.0,0.5652173913043478,0.13342535081665516,0.12830540366627716,1.9520249916322663,0.0,1.0,0.0
1.0,1.0,0.0,1.0,1.0,0.0,1.0,1.0,1.0,0.0,0.0,2.0,1.0,0.0,0.0,1.0,0.0,0.0,1.0,0.0,0.0,0.717391304347826,-0.19047619047619052,-0.18473686625365926,-0.6011380118263974,0.0,3.0,0.0
1.0,0.0,0.0,1.0,1.0,1.0,0.0,0.0,1.0,0.0,0.0,0.0,1.0,0.0,0.0,1.0,0.0,0.0,0.0,0.0,1.0,-0.5869565217391305,-0.29537612146307796,-0.4950238201405911,-0.2677674885640965,0.0,2.0,0.0
1.0,0.0,0.0,1.0,0.0,0.0,0.0,1.0,1.0,0.0,0.0,0.0,1.0,0.0,0.0,1.0,0.0,0.0,0.0,0.0,1.0,-0.6086956521739131,-0.2843340234644583,-0.28553789120059353,-0.2463460894789692,0.0,2.0,0.0
0.0,0.0,0.0,1.0,0.0,0.0,0.0,0.0,0.0,1.0,1.0,0.0,0.0,1.0,0.0,1.0,0.0,1.0,0.0,0.0,0.0,-0.391304347826087,0.35334713595583167,0.4530921206081782,0.9907397076871588,1.0,2.0,1.0
0.0,0.0,0.0,1.0,1.0,0.0,0.0,1.0,1.0,0.0,0.0,0.0,0.0,1.0,0.0,0.0,1.0,0.0,0.0,1.0,0.0,-0.5217391304347826,0.22544283413848631,0.2381769311494004,0.7426085016177619,0.0,2.0,0.0
0.0,0.0,0.0,1.0,1.0,0.0,0.0,0.0,1.0,1.0,1.0,0.0,1.0,0.0,0.0,1.0,0.0,0.0,0.0,1.0,0.0,-0.32608695652173914,-0.01564297216471119,-0.087733821706498,-0.3467588976905051,0.0,3.0,0.0
1.0,1.0,0.0,1.0,1.0,0.0,1.0,1.0,1.0,0.0,1.0,2.0,0.0,1.0,0.0,0.0,1.0,1.0,0.0,0.0,0.0,0.8913043478260869,0.5189786059351278,0.5034207689952318,-0.09746736583733089,0.0,4.0,0.0
0.0,1.0,0.0,1.0,0.0,0.0,0.0,0.0,0.0,0.0,0.0,2.0,0.0,0.0,1.0,0.0,1.0,1.0,0.0,0.0,0.0,0.9130434782608695,-0.8373590982286635,-0.843429408530235,0.4659154301015287,0.0,0.0,0.0
0.0,0.0,0.0,1.0,0.0,0.0,0.0,0.0,0.0,0.0,0.0,0.0,1.0,0.0,0.0,1.0,0.0,0.0,0.0,0.0,1.0,0.43478260869565216,-0.4913733609385784,-0.5073244618685393,2.4795269441035366,1.0,0.0,1.0
1.0,1.0,0.0,1.0,0.0,0.0,0.0,0.0,0.0,0.0,0.0,1.0,0.0,0.0,1.0,1.0,0.0,0.0,0.0,0.0,1.0,-0.10869565217391304,-0.927536231884058,-0.8883459023645558,-0.058908847484101,0.0,0.0,0.0
1.0,0.0,0.0,1.0,0.0,0.0,0.0,1.0,0.0,0.0,1.0,1.0,1.0,0.0,0.0,0.0,1.0,0.0,0.0,0.0,1.0,0.2608695652173913,-0.10121923165401427,-0.1623965583459414,0.10889211201606633,0.0,2.0,0.0
0.0,0.0,0.0,0.0,0.0,0.0,1.0,0.0,0.0,0.0,0.0,0.0,1.0,0.0,0.0,1.0,0.0,0.0,0.0,1.0,0.0,-0.34782608695652173,-0.7609845870715436,-0.7922902901546364,-0.6506749972107553,0.0,1.0,0.0
0.0,0.0,0.0,1.0,0.0,0.0,0.0,0.0,0.0,0.0,0.0,0.0,1.0,0.0,0.0,1.0,0.0,0.0,0.0,0.0,1.0,-0.6086956521739131,-0.46652864044168396,-0.4674598821221704,2.6241213879281493,0.0,0.0,0.0
0.0,0.0,0.0,1.0,0.0,0.0,1.0,0.0,1.0,1.0,0.0,1.0,1.0,0.0,0.0,0.0,1.0,0.0,0.0,0.0,1.0,0.5434782608695652,0.029445594662985863,0.025271032121932137,-0.2811558629923017,1.0,3.0,0.0
1.0,1.0,1.0,1.0,1.0,0.0,0.0,0.0,0.0,0.0,0.0,0.0,0.0,1.0,0.0,1.0,0.0,1.0,0.0,0.0,0.0,-0.4782608695652174,-0.010121923165401375,0.09287560073801107,5.28037487448399,0.0,0.0,0.0
1.0,1.0,1.0,1.0,0.0,1.0,1.0,1.0,1.0,0.0,0.0,2.0,1.0,0.0,0.0,0.0,1.0,0.0,1.0,0.0,0.0,0.9347826086956522,0.029445594662985863,-0.01677673443857539,-0.6672765815017294,0.0,4.0,0.0
0.0,0.0,0.0,1.0,1.0,0.0,1.0,1.0,0.0,1.0,1.0,0.0,0.0,1.0,0.0,0.0,1.0,0.0,0.0,1.0,0.0,-0.021739130434782608,0.6560846560846562,0.7718016455012553,0.062122057346870665,1.0,4.0,1.0
0.0,0.0,0.0,0.0,1.0,0.0,1.0,0.0,0.0,1.0,1.0,0.0,1.0,0.0,0.0,1.0,0.0,0.0,1.0,0.0,0.0,-0.5217391304347826,-0.35978835978835977,-0.4540454322865389,-0.8474841013053663,0.0,3.0,0.0
1.0,0.0,0.0,1.0,1.0,0.0,0.0,0.0,0.0,1.0,0.0,0.0,0.0,1.0,0.0,0.0,1.0,1.0,0.0,0.0,0.0,-0.41304347826086957,0.28617437313089483,0.23560429693434778,2.396519022648667,0.0,1.0,0.0
1.0,1.0,1.0,1.0,1.0,1.0,1.0,1.0,0.0,0.0,0.0,1.0,0.0,1.0,0.0,1.0,0.0,1.0,0.0,0.0,0.0,0.9130434782608695,0.298136645962733,0.3021822069424095,0.10978467031127993,1.0,3.0,1.0
0.0,0.0,0.0,0.0,0.0,1.0,0.0,1.0,1.0,0.0,0.0,2.0,1.0,0.0,0.0,1.0,0.0,0.0,0.0,0.0,1.0,0.8478260869565217,-0.5815504945939729,-0.5623122570679123,-1.1701439250251031,0.0,3.0,0.0
0.0,0.0,0.0,1.0,0.0,0.0,0.0,0.0,0.0,0.0,0.0,0.0,1.0,0.0,0.0,1.0,0.0,0.0,0.0,1.0,0.0,-0.5869565217391305,-0.4591672417759375,-0.5216689602250644,2.6669641860984044,0.0,0.0,0.0
0.0,1.0,0.0,1.0,1.0,1.0,1.0,1.0,1.0,1.0,1.0,1.0,0.0,1.0,0.0,0.0,1.0,1.0,0.0,0.0,0.0,0.5434782608695652,0.8299976995629169,0.8913231587500898,-0.44296393108174886,1.0,6.0,0.0
1.0,1.0,1.0,1.0,1.0,0.0,0.0,1.0,1.0,0.0,0.0,0.0,1.0,0.0,0.0,0.0,1.0,1.0,0.0,0.0,0.0,-0.30434782608695654,-0.19967793880837362,-0.2348814984422959,-0.08211536315965627,0.0,2.0,0.0
0.0,0.0,0.0,0.0,0.0,0.0,1.0,0.0,0.0,0.0,0.0,0.0,1.0,0.0,0.0,1.0,0.0,0.0,0.0,0.0,1.0,-0.5652173913043478,-0.7600644122383252,-0.6937904398512028,-0.6479973223251143,0.0,1.0,0.0
1.0,1.0,0.0,1.0,1.0,1.0,1.0,0.0,0.0,1.0,0.0,2.0,0.0,1.0,0.0,0.0,1.0,0.0,1.0,0.0,0.0,0.782608695652174,0.40855762594893036,0.3901743801299529,0.27044516344973807,1.0,3.0,1.0
0.0,1.0,1.0,1.0,0.0,0.0,0.0,0.0,0.0,0.0,0.0,1.0,0.0,0.0,1.0,1.0,0.0,0.0,1.0,0.0,0.0,-0.30434782608695654,-0.9229353577179664,-0.8855741952638148,-0.03213209862769132,0.0,0.0,0.0
0.0,0.0,0.0,1.0,1.0,0.0,0.0,0.0,1.0,1.0,1.0,1.0,0.0,1.0,0.0,1.0,0.0,1.0,0.0,0.0,0.0,0.021739130434782608,0.439843570278353,0.318786136554382,0.3159656365056346,0.0,3.0,0.0
0.0,0.0,0.0,1.0,0.0,0.0,0.0,0.0,0.0,0.0,0.0,1.0,0.0,0.0,1.0,0.0,1.0,0.0,1.0,0.0,0.0,0.8913043478260869,-0.818035426731079,-0.8098039923109559,0.5783777752984495,0.0,0.0,0.0
0.0,0.0,0.0,1.0,0.0,0.0,0.0,0.0,0.0,0.0,0.0,2.0,0.0,0.0,1.0,1.0,0.0,0.0,0.0,0.0,1.0,-0.1956521739130435,-0.9348976305498045,-0.9232295972567572,-0.10175164565435672,0.0,0.0,0.0
0.0,0.0,0.0,0.0,1.0,0.0,0.0,0.0,0.0,0.0,0.0,0.0,1.0,0.0,0.0,1.0,0.0,0.0,0.0,1.0,0.0,-0.5434782608695652,-0.8474810213940649,-0.8992949110774285,0.4070065826174273,0.0,0.0,0.0
0.0,0.0,0.0,1.0,1.0,1.0,1.0,1.0,1.0,0.0,1.0,2.0,1.0,0.0,0.0,0.0,1.0,0.0,1.0,0.0,0.0,0.7391304347826086,0.180354267310789,0.15991868172778917,-0.7783108334263081,0.0,5.0,0.0
1.0,0.0,0.0,1.0,1.0,0.0,1.0,0.0,0.0,1.0,0.0,0.0,0.0,1.0,0.0,1.0,0.0,0.0,0.0,1.0,0.0,-0.5,0.2640901771336553,0.30616797826150494,0.817583398415709,0.0,2.0,0.0
0.0,1.0,1.0,0.0,1.0,0.0,1.0,0.0,0.0,0.0,1.0,1.0,1.0,0.0,0.0,1.0,0.0,0.0,0.0,1.0,0.0,-0.021739130434782608,-0.5778697952610996,-0.5774531205004398,-0.8157982818252816,1.0,2.0,1.0
0.0,1.0,0.0,1.0,1.0,0.0,0.0,0.0,0.0,0.0,0.0,1.0,0.0,0.0,1.0,1.0,0.0,0.0,0.0,0.0,1.0,-0.1956521739130435,-0.9293765815504946,-0.9145010168842572,-0.06961954702666504,0.0,0.0,0.0
1.0,0.0,0.0,1.0,1.0,1.0,0.0,0.0,1.0,1.0,0.0,0.0,1.0,0.0,0.0,1.0,0.0,0.0,1.0,0.0,0.0,-0.5652173913043478,-0.1122613296526339,-0.09871564463129738,-0.487336829186656,0.0,3.0,0.0
1.0,0.0,0.0,1.0,0.0,0.0,0.0,0.0,1.0,0.0,0.0,0.0,1.0,0.0,0.0,1.0,0.0,1.0,0.0,0.0,0.0,-0.3695652173913043,-0.3726708074534162,-0.38790729434122845,0.47930380452973353,0.0,1.0,0.0
1.0,0.0,0.0,0.0,0.0,1.0,0.0,1.0,1.0,0.0,0.0,0.0,1.0,0.0,0.0,1.0,0.0,0.0,0.0,0.0,1.0,-0.5217391304347826,-0.56130664826317,-0.47591282311448607,-1.1406895012830525,0.0,3.0,0.0
1.0,1.0,1.0,1.0,0.0,1.0,0.0,0.0,1.0,0.0,0.0,1.0,1.0,0.0,0.0,1.0,0.0,0.0,1.0,0.0,0.0,-0.13043478260869565,-0.2447665056360708,-0.15994220840361556,-0.16958607609059456,0.0,2.0,0.0
0.0,1.0,0.0,0.0,0.0,0.0,1.0,1.0,1.0,1.0,1.0,2.0,1.0,0.0,0.0,1.0,0.0,1.0,0.0,0.0,0.0,0.8913043478260869,-0.23372440763745117,-0.23676284659275942,-1.1799620662724535,0.0,5.0,0.0
1.0,1.0,1.0,1.0,0.0,1.0,1.0,1.0,0.0,0.0,1.0,1.0,1.0,0.0,0.0,0.0,1.0,0.0,1.0,0.0,0.0,0.782608695652174,0.0358868184955142,0.018541818877492143,-0.6597790918219345,0.0,4.0,0.0
0.0,1.0,1.0,1.0,1.0,1.0,0.0,1.0,1.0,1.0,1.0,2.0,1.0,0.0,0.0,0.0,1.0,1.0,0.0,0.0,0.0,0.9347826086956522,0.2355647573038877,0.24509343781883733,-0.7247573357134888,0.0,5.0,0.0
1.0,1.0,1.0,0.0,0.0,0.0,1.0,0.0,0.0,0.0,0.0,0.0,1.0,0.0,0.0,1.0,0.0,0.0,0.0,1.0,0.0,-0.6086956521739131,-0.741660915573959,-0.7421804643724302,-0.594443824612295,0.0,1.0,0.0
1.0,1.0,1.0,0.0,1.0,0.0,0.0,0.0,1.0,1.0,0.0,2.0,1.0,0.0,0.0,1.0,0.0,0.0,0.0,1.0,0.0,0.10869565217391304,-0.5511847250977686,-0.5805530984036318,-0.7640299007028897,0.0,2.0,0.0
0.0,0.0,0.0,1.0,1.0,0.0,0.0,0.0,0.0,1.0,1.0,0.0,0.0,1.0,0.0,0.0,1.0,0.0,0.0,1.0,0.0,-0.17391304347826086,0.49413388543823317,0.557524841619961,1.2638625460225368,0.0,2.0,0.0
0.0,1.0,1.0,1.0,1.0,0.0,0.0,0.0,1.0,0.0,1.0,1.0,0.0,1.0,0.0,0.0,1.0,1.0,0.0,0.0,0.0,-0.21739130434782608,0.34690591212330335,0.3343122097118923,0.9782438915541671,0.0,2.0,0.0
1.0,1.0,0.0,0.0,1.0,0.0,1.0,1.0,1.0,0.0,1.0,1.0,1.0,0.0,0.0,1.0,0.0,1.0,0.0,0.0,0.0,0.8913043478260869,-0.35794801012192323,-0.3428577565941379,-1.1181970322436685,0.0,4.0,0.0
0.0,0.0,0.0,1.0,1.0,1.0,1.0,0.0,0.0,0.0,1.0,0.0,0.0,1.0,0.0,0.0,1.0,0.0,0.0,1.0,0.0,0.5869565217391305,0.48493213710605004,0.4156525963549106,0.38156867120383803,1.0,3.0,1.0
1.0,0.0,0.0,1.0,1.0,0.0,0.0,0.0,0.0,0.0,1.0,0.0,1.0,0.0,0.0,1.0,0.0,0.0,0.0,0.0,1.0,-0.6086956521739131,-0.27237175063262015,-0.2735935180592778,0.7711703670645993,0.0,1.0,0.0
0.0,1.0,1.0,1.0,0.0,1.0,1.0,0.0,0.0,0.0,0.0,0.0,1.0,0.0,0.0,1.0,0.0,0.0,0.0,1.0,0.0,0.1956521739130435,-0.2944559466298597,-0.29320260028115425,-0.26598237197366925,0.0,2.0,0.0
1.0,0.0,0.0,1.0,0.0,0.0,0.0,0.0,0.0,0.0,0.0,1.0,0.0,0.0,1.0,1.0,0.0,0.0,1.0,0.0,0.0,-0.34782608695652173,-0.942259029215551,-0.93010998024674,-0.14459444382461206,0.0,0.0,0.0
1.0,1.0,0.0,1.0,1.0,0.0,0.0,1.0,0.0,1.0,1.0,0.0,0.0,1.0,0.0,0.0,1.0,0.0,0.0,1.0,0.0,0.3695652173913043,0.56130664826317,0.5724396142930752,0.4926921789579384,1.0,3.0,1.0
1.0,1.0,0.0,0.0,1.0,0.0,0.0,0.0,0.0,0.0,0.0,0.0,1.0,0.0,0.0,1.0,0.0,1.0,0.0,0.0,0.0,0.5434782608695652,-0.8382792730618818,-0.8327160904193541,0.46056008033024665,1.0,0.0,1.0
0.0,1.0,0.0,1.0,1.0,0.0,0.0,0.0,0.0,0.0,0.0,0.0,0.0,1.0,0.0,1.0,0.0,1.0,0.0,0.0,0.0,0.41304347826086957,0.002760524499655039,0.06002584008173262,5.355349771281938,1.0,0.0,1.0
0.0,1.0,1.0,1.0,1.0,1.0,1.0,1.0,1.0,1.0,1.0,2.0,1.0,0.0,0.0,0.0,1.0,1.0,0.0,0.0,0.0,0.8478260869565217,0.3413848631239935,0.37448330699735527,-0.8492054637318499,0.0,6.0,0.0
0.0,1.0,0.0,1.0,0.0,0.0,1.0,1.0,0.0,1.0,0.0,0.0,0.0,1.0,0.0,0.0,1.0,1.0,0.0,0.0,0.0,0.5,0.44352426961122604,0.47890198984360827,0.32132098627691624,0.0,3.0,0.0
0.0,1.0,0.0,1.0,0.0,0.0,0.0,0.0,0.0,0.0,0.0,2.0,0.0,0.0,1.0,0.0,1.0,1.0,0.0,0.0,0.0,0.9130434782608695,-0.8419599723947551,-0.8217147193307467,0.439138681245119,0.0,0.0,0.0
0.0,0.0,0.0,1.0,0.0,0.0,0.0,0.0,0.0,0.0,0.0,0.0,0.0,1.0,0.0,1.0,0.0,0.0,0.0,1.0,0.0,-0.6086956521739131,-0.03404646882907742,-0.03562485316691208,5.141135780430661,0.0,0.0,0.0
0.0,1.0,0.0,1.0,1.0,1.0,1.0,1.0,1.0,0.0,1.0,2.0,1.0,0.0,0.0,1.0,0.0,0.0,0.0,0.0,1.0,0.7608695652173914,0.07085346215780988,0.069448304310599,-0.8845252705567332,0.0,5.0,0.0
0.0,0.0,0.0,1.0,0.0,0.0,0.0,0.0,0.0,0.0,0.0,0.0,1.0,0.0,0.0,1.0,0.0,1.0,0.0,0.0,0.0,0.3695652173913043,-0.47020933977455714,-0.4307079647642761,2.602699988843022,0.0,0.0,0.0
0.0,0.0,0.0,1.0,0.0,0.0,0.0,0.0,1.0,1.0,0.0,0.0,0.0,1.0,0.0,0.0,1.0,0.0,0.0,1.0,0.0,-0.391304347826087,0.3616287094547965,0.3532772541475331,1.0068057570010045,0.0,2.0,0.0
1.0,0.0,0.0,1.0,1.0,0.0,0.0,1.0,0.0,0.0,1.0,1.0,1.0,0.0,0.0,1.0,0.0,0.0,0.0,1.0,0.0,0.5217391304347826,-0.17299286864504254,-0.13289608349481072,-0.030346982037264107,0.0,2.0,0.0
0.0,0.0,0.0,1.0,1.0,0.0,0.0,0.0,0.0,0.0,0.0,0.0,0.0,0.0,1.0,1.0,0.0,0.0,0.0,0.0,1.0,-0.5869565217391305,-0.9284564067172764,-0.9365062274022965,-0.06426419725538302,0.0,0.0,0.0
1.0,1.0,0.0,1.0,0.0,0.0,0.0,1.0,0.0,1.0,1.0,0.0,0.0,1.0,0.0,0.0,1.0,0.0,0.0,1.0,0.0,0.6086956521739131,0.5539452495974234,0.5553395302432287,0.48198147941537434,1.0,3.0,1.0
0.0,0.0,0.0,1.0,0.0,0.0,1.0,0.0,1.0,0.0,0.0,1.0,1.0,0.0,0.0,1.0,0.0,0.0,0.0,1.0,0.0,0.30434782608695654,-0.2769726247987117,-0.252589369941365,-0.23206515675555037,0.0,2.0,0.0
1.0,0.0,0.0,1.0,0.0,0.0,0.0,0.0,0.0,0.0,0.0,2.0,0.0,0.0,1.0,1.0,0.0,0.0,0.0,0.0,1.0,0.32608695652173914,-0.9284564067172764,-0.9441280738998142,-0.06426419725538302,0.0,0.0,0.0
0.0,1.0,0.0,0.0,0.0,1.0,1.0,1.0,1.0,1.0,1.0,1.0,1.0,0.0,0.0,1.0,0.0,1.0,0.0,0.0,0.0,0.9130434782608695,-0.0680929376581551,-0.08350587225994358,-1.1896526991919159,0.0,6.0,0.0
1.0,0.0,1.0,0.0,1.0,0.0,0.0,0.0,0.0,1.0,1.0,0.0,1.0,0.0,0.0,1.0,0.0,0.0,0.0,1.0,0.0,0.021739130434782608,-0.478490913273522,-0.49606512446573153,-0.6230056900591318,0.0,2.0,0.0
1.0,1.0,0.0,1.0,0.0,0.0,0.0,0.0,0.0,0.0,0.0,1.0,0.0,0.0,1.0,1.0,0.0,0.0,0.0,0.0,1.0,-0.1956521739130435,-0.9174143087186566,-0.9135362790536126,0.0,0.0,0.0,0.0
1.0,1.0,1.0,1.0,0.0,0.0,0.0,0.0,0.0,0.0,0.0,1.0,0.0,0.0,1.0,1.0,0.0,1.0,0.0,0.0,0.0,-0.2391304347826087,-0.9284564067172764,-0.9440097438628665,-0.06426419725538302,0.0,0.0,0.0
1.0,1.0,0.0,1.0,0.0,0.0,0.0,0.0,0.0,0.0,0.0,0.0,0.0,1.0,0.0,1.0,0.0,0.0,1.0,0.0,0.0,0.10869565217391304,0.019323671497584488,0.01477391585696491,5.451746067165012,1.0,0.0,1.0
0.0,0.0,0.0,0.0,1.0,1.0,1.0,1.0,0.0,1.0,1.0,2.0,1.0,0.0,0.0,1.0,0.0,1.0,0.0,0.0,0.0,0.5,-0.2162410858063032,-0.2233600079398097,-1.163003458663394,0.0,5.0,0.0
0.0,0.0,0.0,1.0,0.0,0.0,1.0,1.0,0.0,1.0,1.0,1.0,0.0,1.0,0.0,0.0,1.0,1.0,0.0,0.0,0.0,0.8043478260869565,0.6919714745801702,0.7182627728177128,0.10389378556286946,1.0,4.0,1.0
1.0,1.0,0.0,1.0,1.0,0.0,0.0,1.0,0.0,1.0,1.0,0.0,0.0,1.0,0.0,0.0,1.0,0.0,0.0,1.0,0.0,0.0,0.5152979066022545,0.6064564892254035,0.42575030681691417,1.0,3.0,1.0
0.0,1.0,1.0,1.0,0.0,1.0,1.0,1.0,1.0,0.0,1.0,0.0,1.0,0.0,0.0,0.0,1.0,0.0,1.0,0.0,0.0,0.2608695652173913,0.17299286864504268,0.1936488459115126,-0.7854512997880171,0.0,5.0,0.0
1.0,1.0,1.0,1.0,1.0,1.0,1.0,1.0,1.0,1.0,0.0,2.0,1.0,0.0,0.0,1.0,0.0,1.0,0.0,0.0,0.0,0.8695652173913043,0.0966183574879227,0.13782821766784545,-0.8595336382907508,0.0,5.0,0.0
1.0,1.0,0.0,1.0,0.0,0.0,0.0,0.0,0.0,0.0,1.0,0.0,0.0,1.0,0.0,0.0,1.0,0.0,0.0,1.0,0.0,0.06521739130434782,0.27237175063262015,0.23099882229043667,2.3563538993640525,1.0,1.0,1.0
1.0,0.0,0.0,1.0,0.0,0.0,0.0,0.0,0.0,0.0,0.0,0.0,0.0,1.0,0.0,1.0,0.0,0.0,0.0,0.0,1.0,-0.43478260869565216,-0.008281573498964856,0.045331453679782814,5.291085574026554,0.0,0.0,0.0
1.0,0.0,0.0,0.0,0.0,0.0,0.0,0.0,1.0,0.0,0.0,0.0,1.0,0.0,0.0,1.0,0.0,1.0,0.0,0.0,0.0,-0.5869565217391305,-0.7481021394064872,-0.602523178412432,-0.6131875488117816,0.0,1.0,0.0
1.0,0.0,0.0,1.0,0.0,0.0,0.0,0.0,0.0,0.0,0.0,1.0,0.0,0.0,1.0,1.0,0.0,0.0,1.0,0.0,0.0,0.17391304347826086,-0.9266160570508397,-0.9068936183149391,-0.05355349771281937,0.0,0.0,0.0
0.0,0.0,0.0,1.0,1.0,1.0,0.0,0.0,0.0,0.0,0.0,1.0,1.0,0.0,0.0,1.0,0.0,0.0,0.0,1.0,0.0,0.21739130434782608,-0.4168391994478951,-0.40830343052879037,0.3507754100189671,0.0,1.0,0.0
1.0,0.0,0.0,1.0,1.0,0.0,0.0,0.0,0.0,0.0,1.0,0.0,0.0,1.0,0.0,0.0,1.0,0.0,0.0,1.0,0.0,-0.45652173913043476,0.29537612146307796,0.195108277995618,2.4232957715050767,0.0,1.0,0.0
1.0,1.0,1.0,1.0,0.0,0.0,0.0,0.0,0.0,0.0,0.0,1.0,0.0,0.0,1.0,1.0,0.0,0.0,0.0,1.0,0.0,-0.5217391304347826,-0.9192546583850932,-0.9316365983523754,-0.010710699542563646,0.0,0.0,0.0
0.0,0.0,0.0,0.0,1.0,0.0,0.0,1.0,0.0,1.0,1.0,0.0,1.0,0.0,0.0,1.0,0.0,0.0,1.0,0.0,0.0,-0.06521739130434782,-0.3708304577869795,-0.39423875446298084,-0.8635501506192121,0.0,3.0,0.0
1.0,1.0,1.0,1.0,1.0,0.0,1.0,1.0,0.0,0.0,0.0,0.0,0.0,1.0,0.0,1.0,0.0,0.0,1.0,0.0,0.0,0.7391304347826086,0.180354267310789,0.13104217523230083,0.6551377886868237,0.0,2.0,0.0
0.0,1.0,0.0,1.0,1.0,0.0,0.0,0.0,1.0,1.0,1.0,0.0,0.0,1.0,0.0,0.0,1.0,1.0,0.0,0.0,0.0,0.6304347826086957,0.5502645502645503,0.5245567423545784,0.47662612964409273,1.0,3.0,0.0
0.0,0.0,0.0,1.0,1.0,0.0,0.0,0.0,0.0,0.0,0.0,2.0,0.0,0.0,1.0,1.0,0.0,1.0,0.0,0.0,0.0,0.9347826086956522,-0.9082125603864735,-0.9348728088530568,0.05355349771281937,0.0,0.0,0.0
0.0,0.0,0.0,1.0,1.0,1.0,1.0,0.0,1.0,1.0,0.0,2.0,1.0,0.0,0.0,1.0,0.0,0.0,1.0,0.0,0.0,0.7608695652173914,-0.005521048999309817,-0.010530184595974972,-0.7079772397634718,1.0,4.0,0.0
0.0,1.0,0.0,1.0,0.0,0.0,0.0,0.0,0.0,0.0,0.0,1.0,0.0,0.0,1.0,0.0,1.0,0.0,0.0,1.0,0.0,0.45652173913043476,-0.8336783988957902,-0.817044120030461,0.48733682918665633,1.0,0.0,1.0
0.0,0.0,0.0,1.0,0.0,1.0,1.0,0.0,1.0,0.0,0.0,1.0,1.0,0.0,0.0,1.0,0.0,1.0,0.0,0.0,0.0,-0.45652173913043476,-0.22636300897170458,-0.21926959021464032,-0.6533526720963961,0.0,3.0,0.0
0.0,0.0,1.0,1.0,0.0,0.0,0.0,0.0,0.0,0.0,1.0,0.0,0.0,1.0,0.0,1.0,0.0,0.0,0.0,1.0,0.0,-0.6086956521739131,0.14998849781458487,0.1481347336225595,2.000223139573804,0.0,1.0,0.0
0.0,0.0,0.0,1.0,0.0,0.0,0.0,0.0,0.0,0.0,0.0,0.0,0.0,1.0,0.0,1.0,0.0,0.0,1.0,0.0,0.0,-0.5,0.0009201748332182592,0.03190679497821867,5.3446390717393735,0.0,0.0,0.0
0.0,1.0,1.0,1.0,1.0,1.0,1.0,0.0,1.0,1.0,1.0,2.0,1.0,0.0,0.0,0.0,1.0,1.0,0.0,0.0,0.0,0.782608695652174,0.22084195997239475,0.1772111543937859,-0.7390382684369071,0.0,5.0,0.0
0.0,1.0,1.0,1.0,0.0,1.0,0.0,0.0,1.0,0.0,0.0,1.0,1.0,0.0,0.0,1.0,0.0,1.0,0.0,0.0,0.0,-0.34782608695652173,-0.3008971704623879,-0.3061755063323341,-0.27847818810666053,0.0,2.0,0.0
1.0,1.0,0.0,1.0,1.0,0.0,1.0,1.0,1.0,1.0,1.0,0.0,0.0,1.0,0.0,0.0,1.0,0.0,0.0,1.0,0.0,0.391304347826087,0.7186565447435013,0.7064510951871665,-0.2561642307263192,0.0,5.0,0.0
1.0,0.0,0.0,1.0,0.0,0.0,0.0,0.0,0.0,0.0,1.0,0.0,1.0,0.0,0.0,1.0,0.0,0.0,0.0,1.0,0.0,-0.5434782608695652,-0.298136645962733,-0.39992823397703947,0.6961954702666519,0.0,1.0,0.0
0.0,0.0,0.0,1.0,0.0,0.0,0.0,0.0,0.0,0.0,0.0,2.0,0.0,0.0,1.0,0.0,1.0,1.0,0.0,0.0,0.0,0.4782608695652174,-0.8382792730618818,-0.8330513816044003,0.46056008033024665,0.0,0.0,0.0
1.0,1.0,1.0,0.0,1.0,0.0,0.0,1.0,1.0,1.0,0.0,0.0,1.0,0.0,0.0,1.0,0.0,0.0,0.0,1.0,0.0,0.10869565217391304,-0.4720496894409938,-0.5174532991163648,-1.0108222693294655,0.0,3.0,0.0
0.0,1.0,0.0,1.0,0.0,0.0,0.0,1.0,1.0,1.0,0.0,0.0,0.0,1.0,0.0,1.0,0.0,0.0,0.0,1.0,0.0,0.17391304347826086,0.3588681849551415,0.3774368990839077,0.19814794153743182,1.0,3.0,0.0
0.0,1.0,0.0,1.0,1.0,0.0,0.0,0.0,1.0,0.0,1.0,0.0,0.0,1.0,0.0,0.0,1.0,0.0,0.0,1.0,0.0,-0.45652173913043476,0.36346905912123306,0.41125549195673394,1.0103759901818588,0.0,2.0,0.0
0.0,1.0,1.0,1.0,1.0,0.0,0.0,0.0,1.0,1.0,1.0,0.0,0.0,1.0,0.0,0.0,1.0,0.0,1.0,0.0,0.0,0.21739130434782608,0.5419829767655855,0.4779831919096607,0.46457659265870827,0.0,3.0,0.0
0.0,0.0,0.0,1.0,0.0,0.0,1.0,0.0,0.0,0.0,0.0,0.0,1.0,0.0,0.0,0.0,1.0,0.0,0.0,0.0,1.0,-0.5869565217391305,-0.3008971704623879,-0.3631763166191452,0.688162445609729,0.0,1.0,0.0
0.0,1.0,0.0,1.0,0.0,0.0,0.0,0.0,0.0,0.0,0.0,0.0,0.0,0.0,1.0,1.0,0.0,0.0,0.0,0.0,1.0,-0.5869565217391305,-0.9229353577179664,-0.9126174811196652,-0.03213209862769132,0.0,0.0,0.0
1.0,1.0,0.0,1.0,0.0,1.0,1.0,0.0,1.0,0.0,0.0,0.0,1.0,0.0,0.0,0.0,1.0,1.0,0.0,0.0,0.0,0.30434782608695654,-0.07821486082355648,-0.05468456844786678,-0.4377998438022982,0.0,3.0,0.0
1.0,0.0,1.0,1.0,1.0,0.0,0.0,1.0,0.0,1.0,1.0,0.0,0.0,1.0,0.0,0.0,1.0,0.0,0.0,1.0,0.0,-0.6086956521739131,0.5383022774327122,0.5358674617483443,0.4592212428874263,0.0,3.0,0.0
1.0,0.0,1.0,1.0,0.0,0.0,0.0,1.0,0.0,1.0,1.0,2.0,0.0,1.0,0.0,0.0,1.0,1.0,0.0,0.0,0.0,0.34782608695652173,0.5373821025994939,0.5953238969406713,0.45788240544460584,0.0,3.0,0.0
1.0,1.0,0.0,1.0,0.0,0.0,0.0,0.0,0.0,0.0,0.0,0.0,0.0,1.0,0.0,1.0,0.0,0.0,0.0,0.0,1.0,-0.6086956521739131,0.006441223832528076,0.0048022559267714565,5.376771170367064,1.0,0.0,1.0
1.0,0.0,0.0,1.0,0.0,0.0,0.0,0.0,0.0,0.0,0.0,0.0,1.0,0.0,0.0,0.0,1.0,0.0,0.0,0.0,1.0,-0.6086956521739131,-0.36346905912123306,-0.3645545135200663,3.223920562311726,0.0,0.0,0.0
1.0,1.0,1.0,1.0,0.0,0.0,0.0,0.0,0.0,1.0,0.0,0.0,0.0,1.0,0.0,0.0,1.0,0.0,0.0,1.0,0.0,0.021739130434782608,0.2751322751322752,0.24029016639747922,2.3643869240209754,0.0,1.0,0.0
1.0,0.0,0.0,0.0,1.0,0.0,1.0,1.0,0.0,1.0,0.0,1.0,1.0,0.0,0.0,1.0,0.0,0.0,1.0,0.0,0.0,0.8913043478260869,-0.48677248677248686,-0.5065350456844744,-1.0322436684145933,1.0,3.0,1.0
1.0,0.0,0.0,1.0,1.0,0.0,0.0,1.0,1.0,1.0,1.0,1.0,0.0,1.0,0.0,0.0,1.0,0.0,1.0,0.0,0.0,0.7608695652173914,0.6284794110881069,0.6810949601828986,0.02998995871917897,0.0,4.0,0.0
0.0,1.0,1.0,1.0,0.0,0.0,0.0,0.0,0.0,0.0,0.0,2.0,0.0,0.0,1.0,0.0,1.0,0.0,0.0,0.0,1.0,-0.2391304347826087,-0.8355187485622269,-0.8597355555880284,0.47662612964409273,0.0,0.0,0.0
1.0,1.0,1.0,1.0,0.0,0.0,0.0,0.0,0.0,0.0,0.0,2.0,0.0,0.0,1.0,1.0,0.0,1.0,0.0,0.0,0.0,0.17391304347826086,-0.9330572808833679,-0.9365186435905932,-0.0910409461117927,0.0,0.0,0.0
0.0,1.0,0.0,0.0,0.0,1.0,1.0,1.0,1.0,1.0,1.0,2.0,1.0,0.0,0.0,1.0,0.0,1.0,0.0,0.0,0.0,0.9347826086956522,-0.09201748332183116,-0.04152047324307441,-1.2095439983423917,0.0,6.0,0.0
0.0,1.0,1.0,0.0,1.0,1.0,0.0,0.0,0.0,1.0,1.0,0.0,1.0,0.0,0.0,1.0,0.0,1.0,0.0,0.0,0.0,0.34782608695652173,-0.36070853462157815,-0.3440959461908385,-0.8488229387481869,0.0,3.0,0.0
0.0,1.0,1.0,1.0,0.0,1.0,1.0,1.0,1.0,1.0,0.0,2.0,1.0,0.0,0.0,0.0,1.0,0.0,1.0,0.0,0.0,0.5869565217391305,0.19783758914193697,0.21901343138421261,-0.7613522258172486,0.0,5.0,0.0
0.0,1.0,0.0,1.0,1.0,0.0,0.0,0.0,0.0,0.0,1.0,0.0,0.0,1.0,0.0,0.0,1.0,0.0,0.0,1.0,0.0,0.043478260869565216,0.2640901771336553,0.263873634656896,2.3322548253932833,1.0,1.0,1.0
1.0,1.0,1.0,1.0,0.0,0.0,0.0,0.0,0.0,0.0,0.0,1.0,0.0,0.0,1.0,1.0,0.0,1.0,0.0,0.0,0.0,0.717391304347826,-0.9302967563837129,-0.9281925880322245,-0.07497489679794704,0.0,0.0,0.0
1.0,1.0,0.0,0.0,1.0,0.0,0.0,1.0,0.0,0.0,0.0,1.0,1.0,0.0,0.0,1.0,0.0,0.0,1.0,0.0,0.0,0.8695652173913043,-0.7490223142397057,-0.7287313931653747,-0.6158652236974226,1.0,1.0,1.0
0.0,0.0,1.0,1.0,1.0,0.0,0.0,0.0,0.0,0.0,0.0,1.0,0.0,0.0,1.0,1.0,0.0,0.0,0.0,0.0,1.0,-0.5434782608695652,-0.9220151828847482,-0.9077937919664416,-0.026776748856409686,0.0,0.0,0.0
1.0,0.0,1.0,1.0,0.0,0.0,0.0,0.0,0.0,0.0,0.0,2.0,0.0,0.0,1.0,1.0,0.0,0.0,1.0,0.0,0.0,0.8043478260869565,-0.9302967563837129,-0.9437870049697884,-0.07497489679794704,0.0,0.0,0.0
0.0,1.0,1.0,1.0,1.0,1.0,1.0,0.0,0.0,1.0,0.0,2.0,1.0,0.0,0.0,0.0,1.0,0.0,1.0,0.0,0.0,0.8913043478260869,-0.023924545663676047,-0.018075812628517575,-0.3588084346758896,0.0,3.0,0.0
0.0,1.0,0.0,1.0,1.0,0.0,1.0,1.0,0.0,1.0,1.0,1.0,0.0,1.0,0.0,0.0,1.0,0.0,1.0,0.0,0.0,0.9347826086956522,0.6487232574189096,0.650168476947879,0.05355349771281937,1.0,4.0,1.0
1.0,0.0,0.0,1.0,0.0,1.0,0.0,1.0,0.0,0.0,0.0,1.0,1.0,0.0,0.0,1.0,0.0,0.0,0.0,0.0,1.0,0.5869565217391305,-0.32758224062571883,-0.3062436589263358,-0.33024656922905266,0.0,2.0,0.0
0.0,0.0,0.0,1.0,0.0,0.0,0.0,1.0,0.0,1.0,1.0,1.0,0.0,1.0,0.0,1.0,0.0,0.0,0.0,0.0,1.0,-0.3695652173913043,0.46008741660915575,0.4105281102590258,0.3454200602476851,0.0,3.0,0.0
0.0,0.0,0.0,1.0,0.0,0.0,0.0,0.0,0.0,0.0,0.0,0.0,0.0,1.0,0.0,1.0,0.0,0.0,0.0,0.0,1.0,-0.6086956521739131,0.004600874166091558,0.0029646600588768453,5.366060470824501,0.0,0.0,0.0
0.0,0.0,0.0,1.0,1.0,1.0,1.0,1.0,1.0,1.0,1.0,0.0,0.0,1.0,0.0,0.0,1.0,1.0,0.0,0.0,0.0,0.2608695652173913,0.8097538532321141,0.7320420254989582,-0.4597950303629204,0.0,6.0,0.0
1.0,0.0,1.0,1.0,1.0,0.0,0.0,0.0,1.0,0.0,1.0,0.0,1.0,0.0,0.0,1.0,0.0,0.0,0.0,0.0,1.0,-0.6086956521739131,-0.20151828847481026,-0.20284607714533134,-0.08568559634051107,0.0,2.0,0.0
0.0,0.0,0.0,1.0,0.0,0.0,0.0,0.0,0.0,0.0,0.0,1.0,0.0,0.0,1.0,1.0,0.0,0.0,0.0,1.0,0.0,-0.34782608695652173,-0.9358178053830228,-0.9511009791992294,-0.10710699542563874,0.0,0.0,0.0
1.0,1.0,1.0,1.0,1.0,0.0,0.0,0.0,0.0,1.0,0.0,0.0,0.0,1.0,0.0,0.0,1.0,0.0,0.0,1.0,0.0,-0.06521739130434782,0.24384633080285256,0.16629866200905719,2.2733459779091825,0.0,1.0,0.0
0.0,0.0,1.0,1.0,1.0,0.0,0.0,0.0,1.0,0.0,0.0,1.0,0.0,1.0,0.0,0.0,1.0,0.0,1.0,0.0,0.0,-0.2826086956521739,0.16563146997929606,0.15479601864367779,2.0457436126297,0.0,1.0,0.0
1.0,0.0,0.0,1.0,0.0,0.0,0.0,0.0,0.0,0.0,1.0,0.0,1.0,0.0,0.0,1.0,0.0,0.0,0.0,0.0,1.0,-0.5652173913043478,-0.2916954221302048,-0.13883648774699875,0.7149391944661386,0.0,1.0,0.0
1.0,0.0,0.0,1.0,0.0,0.0,1.0,1.0,1.0,1.0,0.0,2.0,1.0,0.0,0.0,1.0,0.0,1.0,0.0,0.0,0.0,0.6304347826086957,-0.007361398665746597,-0.014318245905546742,-0.7101193796719848,0.0,4.0,0.0
0.0,1.0,0.0,1.0,0.0,1.0,1.0,1.0,1.0,1.0,1.0,2.0,1.0,0.0,0.0,0.0,1.0,0.0,1.0,0.0,0.0,0.9347826086956522,0.3423050379572118,0.3241355823031421,-0.848440413764524,1.0,6.0,0.0
1.0,0.0,1.0,1.0,1.0,0.0,0.0,0.0,0.0,0.0,0.0,1.0,0.0,0.0,1.0,1.0,0.0,0.0,0.0,0.0,1.0,0.5869565217391305,-0.9072923855532551,-0.8906811804466721,0.058908847484101384,0.0,0.0,0.0
1.0,0.0,0.0,1.0,1.0,0.0,0.0,0.0,0.0,0.0,0.0,0.0,0.0,1.0,0.0,1.0,0.0,0.0,0.0,1.0,0.0,-0.6086956521739131,-0.01564297216471119,-0.017248894487964923,5.2482427758562995,0.0,0.0,0.0
0.0,1.0,0.0,1.0,1.0,0.0,1.0,0.0,1.0,0.0,0.0,1.0,1.0,0.0,0.0,1.0,0.0,0.0,1.0,0.0,0.0,0.08695652173913043,-0.3082585691281344,-0.26290205119152676,-0.29275912083007893,0.0,2.0,0.0
1.0,1.0,0.0,1.0,0.0,1.0,1.0,0.0,0.0,0.0,1.0,0.0,0.0,1.0,0.0,0.0,1.0,0.0,1.0,0.0,0.0,-0.34782608695652173,0.4288014722797331,0.48533357538123967,0.29989958719178855,1.0,3.0,1.0
1.0,0.0,0.0,1.0,1.0,0.0,0.0,0.0,0.0,1.0,0.0,1.0,0.0,1.0,0.0,0.0,1.0,0.0,0.0,1.0,0.0,0.6086956521739131,0.3018173452956063,0.29520688010213286,2.442039495704564,0.0,1.0,0.0
0.0,1.0,0.0,1.0,0.0,1.0,0.0,0.0,0.0,0.0,0.0,0.0,0.0,1.0,0.0,1.0,0.0,0.0,0.0,1.0,0.0,-0.2391304347826087,0.07913503565677474,0.17095154898225207,1.794042173379449,0.0,1.0,0.0
1.0,0.0,0.0,1.0,1.0,0.0,1.0,0.0,0.0,1.0,1.0,0.0,0.0,1.0,0.0,0.0,1.0,0.0,0.0,1.0,0.0,0.2826086956521739,0.5751092707614447,0.5725975029649543,0.5127747406002456,0.0,3.0,0.0
1.0,1.0,0.0,1.0,1.0,1.0,0.0,0.0,1.0,1.0,0.0,1.0,1.0,0.0,0.0,0.0,1.0,0.0,1.0,0.0,0.0,0.06521739130434782,0.04232804232804228,0.04261653339579261,-0.26241213879281483,0.0,3.0,0.0
1.0,1.0,1.0,1.0,0.0,0.0,0.0,0.0,0.0,0.0,0.0,0.0,0.0,0.0,1.0,1.0,0.0,0.0,0.0,0.0,1.0,0.10869565217391304,-0.9146537842190017,-0.9534499422430316,0.01606604931384604,0.0,0.0,0.0
1.0,1.0,0.0,1.0,1.0,0.0,1.0,0.0,1.0,1.0,1.0,2.0,0.0,1.0,0.0,0.0,1.0,0.0,0.0,1.0,0.0,0.7608695652173914,0.6395215090867264,0.6620299030534909,0.04284279817025573,0.0,4.0,0.0
0.0,0.0,0.0,1.0,1.0,0.0,0.0,0.0,0.0,0.0,0.0,0.0,0.0,1.0,0.0,0.0,1.0,0.0,0.0,1.0,0.0,-0.391304347826087,0.11042097998619738,0.10269599943461749,5.981925694521924,0.0,0.0,0.0
0.0,1.0,0.0,1.0,1.0,1.0,0.0,0.0,0.0,1.0,1.0,0.0,0.0,1.0,0.0,0.0,1.0,0.0,0.0,0.0,1.0,0.43478260869565216,0.558546123763515,0.5207166713273351,0.48867566662947676,0.0,3.0,0.0
0.0,1.0,1.0,1.0,0.0,0.0,1.0,1.0,1.0,0.0,0.0,0.0,0.0,1.0,0.0,1.0,0.0,0.0,0.0,1.0,0.0,-0.13043478260869565,0.2447665056360708,0.22107930003072773,0.0321320986276917,0.0,3.0,0.0
0.0,1.0,1.0,1.0,1.0,1.0,0.0,1.0,0.0,0.0,1.0,1.0,1.0,0.0,0.0,0.0,1.0,1.0,0.0,0.0,0.0,0.5869565217391305,-0.032206119162640906,-0.04756922630822783,-0.370857971661274,0.0,3.0,0.0
0.0,0.0,0.0,1.0,0.0,0.0,0.0,0.0,0.0,0.0,0.0,0.0,0.0,0.0,1.0,1.0,0.0,0.0,0.0,0.0,1.0,-0.08695652173913043,-0.9468599033816426,-0.9580612269327016,-0.17137119268102177,0.0,0.0,0.0
1.0,1.0,0.0,0.0,1.0,0.0,1.0,1.0,0.0,0.0,1.0,0.0,1.0,0.0,0.0,1.0,0.0,0.0,0.0,0.0,1.0,-0.45652173913043476,-0.4996549344375431,-0.4440305348065128,-1.05098739261408,1.0,3.0,1.0
0.0,1.0,0.0,1.0,0.0,1.0,1.0,0.0,1.0,0.0,0.0,0.0,1.0,0.0,0.0,0.0,1.0,0.0,0.0,1.0,0.0,0.10869565217391304,-0.14446744881527493,-0.06762064004319669,-0.5341961396853732,0.0,3.0,0.0
1.0,0.0,1.0,1.0,0.0,0.0,0.0,0.0,0.0,0.0,0.0,0.0,0.0,0.0,1.0,0.0,1.0,0.0,0.0,0.0,1.0,-0.5,-0.812514377731769,-0.7334518839999304,0.6105098739261411,0.0,0.0,0.0
1.0,0.0,0.0,1.0,1.0,0.0,0.0,1.0,1.0,1.0,1.0,0.0,0.0,1.0,0.0,0.0,1.0,0.0,0.0,0.0,1.0,-0.13043478260869565,0.617437313089487,0.6763636501697728,0.017137119268102213,0.0,4.0,0.0
1.0,1.0,1.0,0.0,0.0,1.0,0.0,0.0,1.0,0.0,0.0,0.0,1.0,0.0,0.0,1.0,0.0,1.0,0.0,0.0,0.0,0.043478260869565216,-0.6459627329192547,-0.6584216591680679,-0.9478969095169029,0.0,2.0,0.0
1.0,1.0,1.0,0.0,0.0,0.0,1.0,0.0,1.0,0.0,0.0,0.0,1.0,0.0,0.0,1.0,0.0,0.0,0.0,0.0,1.0,-0.3695652173913043,-0.644122383252818,-0.6352170715620588,-0.944326676336048,0.0,2.0,0.0
0.0,0.0,0.0,1.0,1.0,1.0,0.0,0.0,0.0,0.0,0.0,0.0,0.0,1.0,0.0,0.0,1.0,0.0,0.0,1.0,0.0,-0.5434782608695652,0.17759374281113421,0.17225317938867762,2.080553386143033,0.0,1.0,0.0
0.0,1.0,1.0,1.0,1.0,1.0,1.0,1.0,0.0,1.0,0.0,0.0,0.0,1.0,0.0,0.0,1.0,0.0,0.0,1.0,0.0,0.7391304347826086,0.5530250747642051,0.5157705799550198,-0.05783777752984483,0.0,4.0,0.0
1.0,0.0,0.0,1.0,1.0,0.0,0.0,0.0,0.0,0.0,0.0,0.0,0.0,0.0,1.0,1.0,0.0,0.0,0.0,0.0,1.0,-0.5869565217391305,-0.9358178053830228,-0.9406408181050596,-0.10710699542563874,0.0,0.0,0.0
0.0,1.0,1.0,1.0,0.0,0.0,0.0,0.0,0.0,0.0,0.0,2.0,0.0,0.0,1.0,1.0,0.0,1.0,0.0,0.0,0.0,0.9130434782608695,-0.9201748332183115,-0.9086640618404974,-0.01606604931384566,0.0,0.0,0.0
0.0,1.0,1.0,1.0,1.0,0.0,1.0,0.0,0.0,1.0,0.0,0.0,0.0,1.0,0.0,0.0,1.0,0.0,0.0,1.0,0.0,0.17391304347826086,0.33678398895790196,0.36194149608976883,0.9586076090594666,0.0,2.0,0.0
0.0,0.0,0.0,1.0,0.0,0.0,0.0,0.0,0.0,0.0,0.0,0.0,1.0,0.0,0.0,1.0,0.0,0.0,0.0,1.0,0.0,-0.6086956521739131,-0.46652864044168396,-0.4674598821221704,2.6241213879281493,0.0,0.0,0.0
1.0,1.0,0.0,1.0,0.0,0.0,0.0,0.0,0.0,0.0,0.0,0.0,0.0,1.0,0.0,1.0,0.0,0.0,0.0,1.0,0.0,-0.5869565217391305,-0.007361398665746597,0.004342856959797934,5.296440923797835,1.0,0.0,1.0
0.0,1.0,0.0,1.0,1.0,0.0,0.0,0.0,0.0,1.0,0.0,0.0,0.0,1.0,0.0,1.0,0.0,0.0,0.0,1.0,0.0,-0.4782608695652174,0.19507706464228194,0.21665080812549076,2.1314292089702107,0.0,1.0,0.0
1.0,0.0,0.0,1.0,0.0,1.0,0.0,1.0,1.0,0.0,1.0,2.0,1.0,0.0,0.0,0.0,1.0,0.0,1.0,0.0,0.0,0.8695652173913043,0.06625258799171832,0.0427126576361648,-0.6244337833314739,1.0,4.0,0.0
1.0,0.0,0.0,1.0,1.0,0.0,1.0,1.0,0.0,0.0,0.0,0.0,0.0,1.0,0.0,1.0,0.0,0.0,0.0,1.0,0.0,-0.21739130434782608,0.14262709914883828,0.14484640417474795,0.5819480084793038,0.0,2.0,0.0
0.0,0.0,0.0,1.0,1.0,1.0,0.0,1.0,1.0,1.0,1.0,0.0,0.0,1.0,0.0,1.0,0.0,0.0,0.0,1.0,0.0,-0.21739130434782608,0.6643662295836208,0.5737799659701722,-0.30882517014392497,0.0,5.0,0.0
1.0,1.0,0.0,1.0,1.0,1.0,1.0,1.0,1.0,1.0,1.0,2.0,1.0,0.0,0.0,0.0,1.0,1.0,0.0,0.0,0.0,0.9347826086956522,0.3054980446284793,0.29292197471376386,-0.8790424124575636,0.0,6.0,0.0
0.0,0.0,0.0,1.0,1.0,0.0,0.0,1.0,0.0,1.0,1.0,0.0,0.0,1.0,0.0,0.0,1.0,0.0,1.0,0.0,0.0,0.0,0.5171382562686909,0.5614987558367377,0.42842798170255497,0.0,3.0,0.0
0.0,0.0,0.0,1.0,0.0,0.0,0.0,0.0,0.0,0.0,0.0,0.0,1.0,0.0,0.0,1.0,0.0,0.0,0.0,1.0,0.0,-0.5652173913043478,-0.4692891649413389,-0.5186063004452399,2.6080553386143035,1.0,0.0,1.0
0.0,1.0,1.0,1.0,0.0,1.0,0.0,0.0,0.0,0.0,0.0,0.0,1.0,0.0,0.0,1.0,0.0,1.0,0.0,0.0,0.0,-0.391304347826087,-0.3588681849551415,-0.3253803106999471,0.5194689278143481,0.0,1.0,0.0
0.0,0.0,0.0,0.0,1.0,1.0,1.0,1.0,0.0,1.0,1.0,0.0,1.0,0.0,0.0,1.0,0.0,1.0,0.0,0.0,0.0,0.08695652173913043,-0.2033586381412468,-0.24767227937730835,-1.1505076425304026,1.0,5.0,1.0
0.0,1.0,0.0,1.0,1.0,0.0,1.0,0.0,0.0,1.0,1.0,2.0,0.0,1.0,0.0,0.0,1.0,0.0,1.0,0.0,0.0,0.9347826086956522,0.5005751092707615,0.456161740978411,0.4043289077317865,0.0,3.0,0.0
1.0,0.0,0.0,1.0,0.0,0.0,0.0,0.0,0.0,0.0,0.0,0.0,0.0,0.0,1.0,1.0,0.0,1.0,0.0,0.0,0.0,-0.5217391304347826,-0.9284564067172764,-0.9511151145520595,-0.06426419725538302,1.0,0.0,1.0
1.0,1.0,0.0,0.0,1.0,0.0,1.0,1.0,0.0,0.0,1.0,0.0,1.0,0.0,0.0,1.0,0.0,0.0,0.0,1.0,0.0,0.6304347826086957,-0.46376811594202905,-0.45716300872448445,-0.9987727323440811,1.0,3.0,1.0
1.0,1.0,0.0,1.0,1.0,0.0,1.0,0.0,1.0,1.0,1.0,2.0,0.0,1.0,0.0,0.0,1.0,0.0,1.0,0.0,0.0,0.9130434782608695,0.6192776627559238,0.6091254209606827,0.019279259176615323,0.0,4.0,0.0
1.0,0.0,0.0,0.0,1.0,0.0,0.0,0.0,0.0,1.0,1.0,0.0,1.0,0.0,0.0,1.0,0.0,0.0,0.0,1.0,0.0,-0.43478260869565216,-0.4619277662755924,-0.44203980594962683,-0.5908735914314402,0.0,2.0,0.0
0.0,0.0,0.0,1.0,1.0,0.0,0.0,0.0,0.0,0.0,0.0,0.0,1.0,0.0,0.0,0.0,1.0,0.0,0.0,1.0,0.0,-0.6086956521739131,-0.37543133195307105,-0.3764988866613819,3.1543010152850615,0.0,0.0,0.0
0.0,0.0,0.0,1.0,1.0,0.0,0.0,0.0,1.0,0.0,0.0,0.0,1.0,0.0,0.0,0.0,1.0,0.0,0.0,0.0,1.0,-0.5869565217391305,-0.2972164711295146,-0.22168143479125216,0.698873145152293,0.0,1.0,0.0
1.0,1.0,0.0,1.0,0.0,0.0,0.0,0.0,0.0,0.0,0.0,0.0,0.0,0.0,1.0,1.0,0.0,1.0,0.0,0.0,0.0,0.17391304347826086,-0.9229353577179664,-0.9506482658721078,-0.03213209862769132,0.0,0.0,0.0
1.0,1.0,1.0,1.0,1.0,0.0,1.0,1.0,0.0,0.0,0.0,0.0,1.0,0.0,0.0,1.0,0.0,0.0,0.0,0.0,1.0,-0.5,-0.27973314929836673,-0.30406698286853207,-0.23742050652683236,0.0,2.0,0.0
0.0,1.0,0.0,1.0,0.0,1.0,1.0,1.0,0.0,0.0,0.0,0.0,1.0,0.0,0.0,0.0,1.0,0.0,0.0,0.0,1.0,-0.10869565217391304,-0.07729468599033822,-0.10311821806479506,-0.4364610063594778,0.0,3.0,0.0
1.0,0.0,0.0,1.0,0.0,1.0,0.0,1.0,1.0,1.0,1.0,2.0,1.0,0.0,0.0,0.0,1.0,1.0,0.0,0.0,0.0,0.5434782608695652,0.3054980446284793,0.31423298234837604,-0.656922905277251,0.0,5.0,0.0
1.0,0.0,1.0,1.0,0.0,0.0,0.0,0.0,0.0,0.0,0.0,1.0,0.0,0.0,1.0,1.0,0.0,0.0,0.0,0.0,1.0,-0.13043478260869565,-0.9330572808833679,-0.925260939645506,-0.0910409461117927,0.0,0.0,0.0
1.0,1.0,0.0,1.0,0.0,0.0,0.0,0.0,0.0,0.0,1.0,0.0,0.0,1.0,0.0,1.0,0.0,0.0,0.0,1.0,0.0,-0.2391304347826087,0.1481481481481481,0.15522989544581953,1.9948677898025216,1.0,1.0,1.0
1.0,1.0,0.0,0.0,1.0,1.0,1.0,1.0,1.0,1.0,1.0,2.0,1.0,0.0,0.0,1.0,0.0,0.0,0.0,1.0,0.0,0.9347826086956522,-0.10674028065332408,-0.08583971247361831,-1.2217847978196075,0.0,6.0,0.0
0.0,0.0,1.0,1.0,1.0,0.0,1.0,1.0,1.0,1.0,1.0,1.0,1.0,0.0,0.0,0.0,1.0,0.0,0.0,1.0,0.0,0.5217391304347826,0.25948930296756373,0.24566600110157513,-0.7015508200379337,0.0,5.0,0.0
0.0,1.0,1.0,1.0,0.0,1.0,0.0,1.0,0.0,1.0,1.0,2.0,1.0,0.0,0.0,0.0,1.0,0.0,1.0,0.0,0.0,-0.10869565217391304,0.14906832298136635,0.11678075412660595,-0.528037487448399,0.0,4.0,0.0
1.0,1.0,0.0,1.0,1.0,1.0,1.0,1.0,1.0,1.0,1.0,2.0,1.0,0.0,0.0,1.0,0.0,1.0,0.0,0.0,0.0,0.5869565217391305,0.27881297446514847,0.28597083082062624,-0.9012288615100172,1.0,6.0,0.0
1.0,1.0,1.0,1.0,1.0,1.0,0.0,0.0,1.0,1.0,1.0,0.0,0.0,1.0,0.0,1.0,0.0,0.0,0.0,1.0,0.0,-0.13043478260869565,0.5401426270991487,0.5654687343159529,-0.07283275688943432,0.0,4.0,0.0
0.0,1.0,1.0,1.0,0.0,0.0,0.0,0.0,0.0,0.0,0.0,2.0,0.0,0.0,1.0,0.0,1.0,1.0,0.0,0.0,0.0,0.9130434782608695,-0.8290775247296986,-0.8278098436531298,0.514113578043066,0.0,0.0,0.0
1.0,0.0,0.0,0.0,1.0,0.0,0.0,0.0,0.0,1.0,1.0,0.0,1.0,0.0,0.0,1.0,0.0,0.0,0.0,0.0,1.0,-0.6086956521739131,-0.46376811594202905,-0.4647034883203283,-0.594443824612295,0.0,2.0,0.0
0.0,0.0,0.0,1.0,1.0,0.0,0.0,0.0,0.0,0.0,0.0,0.0,0.0,1.0,0.0,0.0,1.0,1.0,0.0,0.0,0.0,-0.15217391304347827,0.0717736369910284,0.11664502261363631,5.7570010041280835,1.0,0.0,1.0
1.0,0.0,0.0,1.0,0.0,0.0,0.0,0.0,0.0,0.0,0.0,2.0,0.0,0.0,1.0,1.0,0.0,0.0,1.0,0.0,0.0,0.6086956521739131,-0.9192546583850932,-0.8932340685657758,-0.010710699542563646,0.0,0.0,0.0
1.0,1.0,0.0,0.0,0.0,1.0,0.0,1.0,1.0,1.0,1.0,2.0,1.0,0.0,0.0,1.0,0.0,1.0,0.0,0.0,0.0,0.8695652173913043,-0.18863584080975385,-0.21708078716547227,-1.1362267098069843,0.0,5.0,0.0
0.0,1.0,0.0,1.0,1.0,0.0,1.0,1.0,0.0,1.0,1.0,0.0,0.0,1.0,0.0,0.0,1.0,0.0,1.0,0.0,0.0,0.6086956521739131,0.6257188865884519,0.6118214242879927,0.026776748856409686,0.0,4.0,0.0
0.0,0.0,0.0,1.0,1.0,1.0,0.0,1.0,1.0,0.0,0.0,2.0,1.0,0.0,0.0,0.0,1.0,0.0,0.0,0.0,1.0,0.391304347826087,-0.10121923165401427,-0.17115732287025312,-0.4712707798728103,0.0,3.0,0.0
1.0,1.0,1.0,1.0,1.0,0.0,0.0,0.0,0.0,0.0,0.0,0.0,0.0,0.0,1.0,1.0,0.0,0.0,0.0,1.0,0.0,-0.30434782608695654,-0.9293765815504946,-0.9442547566452526,-0.06961954702666504,0.0,0.0,0.0
0.0,0.0,0.0,0.0,1.0,0.0,0.0,0.0,1.0,0.0,0.0,0.0,1.0,0.0,0.0,1.0,0.0,0.0,0.0,1.0,0.0,0.0,-0.7232574189095928,-0.7102443154959153,-0.5408903268994756,0.0,1.0,0.0
0.0,1.0,0.0,1.0,0.0,0.0,0.0,0.0,0.0,0.0,0.0,1.0,0.0,0.0,1.0,0.0,1.0,0.0,0.0,0.0,1.0,-0.06521739130434782,-0.8189556015642973,-0.8136700113099498,0.5730224255271674,0.0,0.0,0.0
1.0,0.0,0.0,1.0,0.0,0.0,0.0,0.0,0.0,0.0,0.0,2.0,0.0,0.0,1.0,1.0,0.0,0.0,0.0,0.0,1.0,0.043478260869565216,-0.9210950080515298,-0.9186193063333535,-0.021421399085127673,0.0,0.0,0.0
1.0,0.0,0.0,1.0,1.0,0.0,0.0,0.0,0.0,0.0,1.0,0.0,0.0,1.0,0.0,1.0,0.0,0.0,0.0,1.0,0.0,-0.391304347826087,0.14722797331492984,0.16325313599023883,1.9921901149168808,1.0,1.0,1.0
0.0,0.0,0.0,1.0,1.0,0.0,0.0,1.0,1.0,1.0,1.0,2.0,1.0,0.0,0.0,0.0,1.0,0.0,1.0,0.0,0.0,0.2826086956521739,0.14630779848171158,0.17880508370337364,-0.5312506973111679,0.0,4.0,0.0
0.0,1.0,1.0,0.0,0.0,1.0,1.0,1.0,1.0,1.0,0.0,2.0,1.0,0.0,0.0,1.0,0.0,0.0,1.0,0.0,0.0,0.8260869565217391,-0.2999769956291695,-0.3032007529755815,-1.2442262635278365,0.0,5.0,0.0
1.0,1.0,0.0,1.0,1.0,0.0,1.0,0.0,0.0,1.0,1.0,0.0,0.0,1.0,0.0,0.0,1.0,1.0,0.0,0.0,0.0,0.08695652173913043,0.5539452495974234,0.5238952462453939,0.48198147941537434,1.0,3.0,1.0
0.0,1.0,1.0,1.0,0.0,0.0,0.0,0.0,0.0,0.0,0.0,1.0,0.0,0.0,1.0,1.0,0.0,0.0,0.0,1.0,0.0,-0.45652173913043476,-0.9330572808833679,-0.9295003931559479,-0.0910409461117927,0.0,0.0,0.0
0.0,0.0,0.0,1.0,1.0,0.0,0.0,0.0,0.0,1.0,1.0,0.0,0.0,1.0,0.0,0.0,1.0,0.0,0.0,1.0,0.0,-0.5434782608695652,0.4591672417759375,0.5225448917061077,1.1960281155862995,1.0,2.0,1.0
1.0,1.0,0.0,0.0,1.0,1.0,1.0,1.0,1.0,1.0,0.0,2.0,1.0,0.0,0.0,1.0,0.0,1.0,0.0,0.0,0.0,0.8043478260869565,-0.25580860363469055,-0.24213164941198964,-1.201383465357581,0.0,5.0,0.0
1.0,0.0,0.0,1.0,1.0,0.0,1.0,0.0,1.0,0.0,1.0,0.0,0.0,1.0,0.0,0.0,1.0,0.0,0.0,1.0,0.0,0.5869565217391305,0.44076374511157124,0.3844626879185905,0.317304473948455,0.0,3.0,0.0
0.0,1.0,0.0,1.0,1.0,0.0,1.0,0.0,0.0,0.0,0.0,0.0,0.0,1.0,0.0,0.0,1.0,0.0,0.0,1.0,0.0,-0.5217391304347826,0.1932367149758454,0.06875059212950763,2.126073859198929,1.0,1.0,1.0
1.0,1.0,0.0,1.0,1.0,0.0,1.0,0.0,0.0,0.0,0.0,0.0,0.0,1.0,0.0,0.0,1.0,1.0,0.0,0.0,0.0,-0.391304347826087,0.1840349666436623,0.20117443253679312,2.0992971103425195,0.0,1.0,0.0
0.0,0.0,0.0,0.0,1.0,0.0,0.0,0.0,0.0,1.0,1.0,0.0,1.0,0.0,0.0,1.0,0.0,0.0,0.0,1.0,0.0,-0.5,-0.48033126293995865,-0.49150176139379287,-0.6265759232399866,1.0,2.0,1.0
1.0,1.0,1.0,1.0,0.0,0.0,0.0,0.0,0.0,0.0,0.0,2.0,0.0,0.0,1.0,1.0,0.0,0.0,1.0,0.0,0.0,0.15217391304347827,-0.939498504715896,-0.9120049491637003,-0.12852839451076642,0.0,0.0,0.0
1.0,1.0,0.0,1.0,1.0,0.0,0.0,0.0,0.0,1.0,0.0,0.0,0.0,1.0,0.0,1.0,0.0,0.0,0.0,1.0,0.0,-0.6086956521739131,0.18495514147688055,0.18304905511255892,2.1019747852281605,0.0,1.0,0.0
1.0,1.0,0.0,1.0,0.0,0.0,1.0,1.0,0.0,0.0,0.0,1.0,0.0,1.0,0.0,1.0,0.0,0.0,0.0,1.0,0.0,0.2391304347826087,0.18955601564297211,0.14204769731015804,0.672988954591097,0.0,2.0,0.0
1.0,1.0,0.0,1.0,1.0,0.0,1.0,1.0,0.0,1.0,0.0,1.0,0.0,1.0,0.0,0.0,1.0,1.0,0.0,0.0,0.0,0.8913043478260869,0.45088566827697263,0.43621726296936786,0.3320316858194802,0.0,3.0,0.0
1.0,0.0,0.0,1.0,1.0,0.0,1.0,1.0,1.0,1.0,1.0,1.0,1.0,0.0,0.0,0.0,1.0,1.0,0.0,0.0,0.0,0.32608695652173914,0.2714515757994019,0.24984984126477713,-0.689947562200156,0.0,5.0,0.0
0.0,0.0,0.0,1.0,1.0,0.0,0.0,0.0,0.0,1.0,0.0,0.0,0.0,1.0,0.0,1.0,0.0,0.0,1.0,0.0,0.0,-0.5217391304347826,0.1932367149758454,0.134720283786928,2.126073859198929,0.0,1.0,0.0
0.0,0.0,0.0,1.0,0.0,0.0,0.0,0.0,0.0,0.0,0.0,1.0,0.0,0.0,1.0,1.0,0.0,0.0,0.0,0.0,1.0,-0.2608695652173913,-0.9376581550494595,-0.9935527697129691,-0.1178176949682024,0.0,0.0,0.0
1.0,1.0,0.0,1.0,0.0,0.0,0.0,0.0,0.0,0.0,0.0,2.0,0.0,0.0,1.0,0.0,1.0,0.0,1.0,0.0,0.0,0.9347826086956522,-0.8410397975615368,-0.8187724810328753,0.444494031016401,0.0,0.0,0.0
0.0,0.0,0.0,1.0,0.0,1.0,0.0,0.0,1.0,0.0,0.0,0.0,1.0,0.0,0.0,1.0,0.0,0.0,1.0,0.0,0.0,-0.10869565217391304,-0.2604094778007821,-0.23959799450322566,-0.19993305812785866,0.0,2.0,0.0
1.0,0.0,0.0,1.0,1.0,0.0,1.0,1.0,0.0,1.0,1.0,0.0,0.0,1.0,0.0,0.0,1.0,0.0,0.0,1.0,0.0,0.2608695652173913,0.6293995859213252,0.6508964811374122,0.031061028673435524,0.0,4.0,0.0
1.0,1.0,1.0,1.0,1.0,1.0,1.0,0.0,1.0,0.0,0.0,2.0,1.0,0.0,0.0,0.0,1.0,0.0,1.0,0.0,0.0,0.5434782608695652,-0.08925695882217612,-0.08340234573217484,-0.4538658931161439,0.0,3.0,0.0
1.0,1.0,1.0,1.0,0.0,0.0,0.0,0.0,0.0,0.0,0.0,1.0,0.0,0.0,1.0,0.0,1.0,0.0,1.0,0.0,0.0,-0.5434782608695652,-0.8539222452265931,-0.9613137716188752,0.36951913421845395,0.0,0.0,0.0
0.0,0.0,1.0,0.0,0.0,0.0,1.0,0.0,0.0,0.0,0.0,0.0,1.0,0.0,0.0,1.0,0.0,0.0,0.0,1.0,0.0,-0.34782608695652173,-0.7425810904071775,-0.756881231315588,-0.5971214994979359,0.0,1.0,0.0
0.0,1.0,1.0,1.0,1.0,0.0,0.0,0.0,0.0,0.0,0.0,2.0,0.0,0.0,1.0,0.0,1.0,1.0,0.0,0.0,0.0,0.9347826086956522,-0.8143547273982057,-0.7897410185366219,0.5997991743835771,0.0,0.0,0.0
1.0,1.0,1.0,1.0,1.0,0.0,0.0,0.0,0.0,0.0,0.0,0.0,0.0,0.0,1.0,1.0,0.0,0.0,0.0,0.0,1.0,-0.34782608695652173,-0.9321371060501495,-0.9409235251616588,-0.08568559634051069,0.0,0.0,0.0
0.0,1.0,0.0,1.0,1.0,0.0,0.0,0.0,0.0,0.0,0.0,0.0,0.0,0.0,1.0,1.0,0.0,0.0,0.0,0.0,1.0,-0.6086956521739131,-0.9174143087186566,-0.9176708697563757,0.0,0.0,0.0,0.0
0.0,0.0,0.0,1.0,1.0,0.0,0.0,1.0,1.0,1.0,0.0,1.0,0.0,1.0,0.0,1.0,0.0,0.0,1.0,0.0,0.0,0.7391304347826086,0.35978835978835977,0.3995791015461526,0.19948677898025224,0.0,3.0,0.0
0.0,1.0,0.0,1.0,1.0,1.0,0.0,1.0,0.0,1.0,1.0,0.0,0.0,1.0,0.0,0.0,1.0,1.0,0.0,0.0,0.0,-0.17391304347826086,0.6238785369220153,0.6281847779687693,0.024634608947897336,0.0,4.0,0.0
1.0,1.0,1.0,1.0,0.0,0.0,1.0,1.0,1.0,1.0,1.0,2.0,0.0,1.0,0.0,0.0,1.0,0.0,1.0,0.0,0.0,0.9347826086956522,0.7435012652403958,0.7249228977404292,-0.23206515675555037,0.0,5.0,0.0
1.0,0.0,0.0,1.0,0.0,0.0,0.0,0.0,0.0,0.0,0.0,2.0,0.0,0.0,1.0,1.0,0.0,0.0,1.0,0.0,0.0,0.41304347826086957,-0.9266160570508397,-0.9208292376543198,-0.05355349771281937,0.0,0.0,0.0
0.0,1.0,1.0,1.0,1.0,0.0,0.0,0.0,0.0,0.0,0.0,2.0,0.0,0.0,1.0,1.0,0.0,0.0,1.0,0.0,0.0,0.8913043478260869,-0.9266160570508397,-0.9266750895090599,-0.05355349771281937,0.0,0.0,0.0
1.0,0.0,0.0,1.0,1.0,0.0,1.0,1.0,0.0,1.0,1.0,2.0,0.0,1.0,0.0,0.0,1.0,1.0,0.0,0.0,0.0,0.9347826086956522,0.5594662985967335,0.606576619415043,-0.05034028785005009,0.0,4.0,0.0
0.0,0.0,0.0,1.0,1.0,0.0,0.0,0.0,0.0,0.0,1.0,0.0,1.0,0.0,0.0,1.0,0.0,0.0,0.0,1.0,0.0,-0.21739130434782608,-0.263170002300437,-0.2396463522892227,0.797947115921009,0.0,1.0,0.0
0.0,0.0,0.0,1.0,1.0,0.0,0.0,0.0,0.0,1.0,0.0,0.0,0.0,1.0,0.0,0.0,1.0,0.0,0.0,1.0,0.0,0.13043478260869565,0.2935357717966414,0.2932260530776178,2.4179404217337948,0.0,1.0,0.0
0.0,1.0,0.0,1.0,1.0,1.0,1.0,1.0,1.0,1.0,1.0,2.0,1.0,0.0,0.0,0.0,1.0,0.0,0.0,1.0,0.0,0.8478260869565217,0.3901541292845641,0.43904237359148024,-0.8086578154635724,0.0,6.0,0.0
1.0,0.0,0.0,1.0,0.0,0.0,0.0,1.0,0.0,0.0,1.0,0.0,0.0,1.0,0.0,1.0,0.0,0.0,0.0,1.0,0.0,-0.5434782608695652,0.28617437313089483,0.11827380076927035,0.8604261965859648,0.0,2.0,0.0
1.0,1.0,0.0,1.0,1.0,0.0,0.0,0.0,0.0,1.0,1.0,1.0,0.0,1.0,0.0,1.0,0.0,1.0,0.0,0.0,0.0,0.32608695652173914,0.37083045778697965,0.3626114058855893,1.0246569229052778,0.0,2.0,0.0
0.0,0.0,0.0,0.0,1.0,0.0,1.0,0.0,0.0,1.0,1.0,0.0,1.0,0.0,0.0,1.0,0.0,0.0,0.0,1.0,0.0,0.6739130434782609,-0.3625488842880148,-0.36994479473255737,-0.8515006136338279,0.0,3.0,0.0
1.0,0.0,1.0,1.0,0.0,0.0,0.0,0.0,0.0,0.0,0.0,2.0,0.0,0.0,1.0,1.0,0.0,0.0,0.0,0.0,1.0,-0.043478260869565216,-0.9183344835518749,-0.9011325069453233,-0.005355349771281633,0.0,0.0,0.0
1.0,0.0,1.0,1.0,1.0,0.0,0.0,0.0,1.0,1.0,1.0,1.0,1.0,0.0,0.0,1.0,0.0,0.0,0.0,0.0,1.0,0.13043478260869565,0.029445594662985863,0.012887677745508424,-0.2811558629923017,0.0,3.0,0.0
0.0,1.0,0.0,1.0,1.0,0.0,0.0,1.0,0.0,1.0,1.0,1.0,0.0,1.0,0.0,0.0,1.0,0.0,0.0,1.0,0.0,0.8913043478260869,0.5751092707614447,0.5586536505102387,0.5127747406002456,0.0,3.0,0.0
0.0,1.0,0.0,1.0,0.0,0.0,0.0,1.0,0.0,1.0,1.0,0.0,1.0,0.0,0.0,1.0,0.0,0.0,1.0,0.0,0.0,-0.5869565217391305,-0.027605244996549344,0.060848929897560494,-0.36416378444717157,0.0,3.0,0.0
1.0,0.0,0.0,1.0,1.0,0.0,1.0,0.0,0.0,0.0,0.0,0.0,0.0,1.0,0.0,1.0,0.0,0.0,0.0,1.0,0.0,-0.5869565217391305,0.07821486082355648,0.033284991879139754,1.7913644984938082,0.0,1.0,0.0
0.0,1.0,0.0,1.0,0.0,1.0,1.0,1.0,1.0,1.0,1.0,2.0,0.0,1.0,0.0,0.0,1.0,0.0,0.0,1.0,0.0,0.9347826086956522,0.8217161260639523,0.8338897804901028,-0.44984938078768266,0.0,6.0,0.0
0.0,1.0,1.0,1.0,0.0,1.0,1.0,1.0,1.0,1.0,1.0,2.0,1.0,0.0,0.0,0.0,1.0,0.0,0.0,0.0,1.0,0.9130434782608695,0.37819185645272596,0.3317907938842623,-0.8186034650388103,0.0,6.0,0.0
1.0,1.0,0.0,1.0,1.0,0.0,1.0,1.0,0.0,1.0,1.0,0.0,0.0,1.0,0.0,0.0,1.0,0.0,1.0,0.0,0.0,0.8043478260869565,0.6349206349206349,0.6889308448354835,0.037487448398973715,0.0,4.0,0.0
0.0,0.0,0.0,1.0,0.0,1.0,1.0,1.0,0.0,1.0,1.0,0.0,0.0,1.0,0.0,0.0,1.0,0.0,1.0,0.0,0.0,0.5,0.6919714745801702,0.7663797280229067,-0.2820484212875153,1.0,5.0,1.0
1.0,1.0,1.0,1.0,0.0,0.0,1.0,0.0,1.0,1.0,0.0,0.0,1.0,0.0,0.0,1.0,0.0,0.0,1.0,0.0,0.0,0.5217391304347826,-0.10121923165401427,-0.13085045790602218,-0.4712707798728103,0.0,3.0,0.0
1.0,1.0,1.0,1.0,0.0,0.0,1.0,1.0,0.0,1.0,1.0,2.0,1.0,0.0,0.0,0.0,1.0,1.0,0.0,0.0,0.0,0.8043478260869565,0.17207269381182413,0.1603992939226748,-0.5012607385919893,0.0,4.0,0.0
0.0,0.0,0.0,1.0,0.0,1.0,0.0,0.0,0.0,0.0,0.0,0.0,1.0,0.0,0.0,0.0,1.0,0.0,0.0,1.0,0.0,-0.13043478260869565,-0.29629629629629634,-0.29904022605599373,0.7015508200379338,0.0,1.0,0.0
1.0,0.0,0.0,1.0,0.0,0.0,0.0,0.0,0.0,1.0,0.0,0.0,0.0,1.0,0.0,1.0,0.0,0.0,0.0,1.0,0.0,-0.5652173913043478,0.1610305958132045,0.34200109768545195,2.0323552382014953,0.0,1.0,0.0
0.0,0.0,0.0,1.0,1.0,0.0,1.0,0.0,0.0,0.0,0.0,0.0,0.0,1.0,0.0,0.0,1.0,0.0,0.0,1.0,0.0,-0.13043478260869565,0.159190246146768,0.04267270989990623,2.026999888430214,0.0,1.0,0.0
1.0,1.0,0.0,0.0,1.0,0.0,1.0,0.0,0.0,1.0,1.0,0.0,1.0,0.0,0.0,1.0,0.0,0.0,0.0,1.0,0.0,0.6521739130434783,-0.3726708074534162,-0.36355785135442853,-0.8662278255048532,1.0,3.0,1.0
0.0,0.0,0.0,1.0,1.0,1.0,0.0,1.0,1.0,1.0,1.0,0.0,0.0,1.0,0.0,1.0,0.0,1.0,0.0,0.0,0.0,0.6739130434782609,0.6340004600874167,0.612969921705427,-0.3382795938859755,0.0,5.0,0.0
0.0,0.0,0.0,1.0,1.0,1.0,1.0,1.0,1.0,0.0,1.0,0.0,0.0,1.0,0.0,0.0,1.0,1.0,0.0,0.0,0.0,0.8043478260869565,0.599953991258339,0.5390693333363427,-0.3713042508088808,0.0,5.0,0.0
0.0,0.0,1.0,1.0,0.0,1.0,1.0,1.0,1.0,0.0,0.0,1.0,1.0,0.0,0.0,1.0,0.0,0.0,1.0,0.0,0.0,-0.30434782608695654,-0.09017713365539463,-0.05981986542752603,-0.8065156755550597,0.0,4.0,0.0
1.0,0.0,0.0,1.0,1.0,0.0,1.0,0.0,0.0,1.0,0.0,0.0,0.0,1.0,0.0,0.0,1.0,1.0,0.0,0.0,0.0,0.6739130434782609,0.35702783528870496,0.3722295497123199,0.997880174048868,0.0,2.0,0.0
0.0,0.0,0.0,1.0,1.0,0.0,1.0,1.0,1.0,1.0,1.0,2.0,0.0,1.0,0.0,1.0,0.0,1.0,0.0,0.0,0.0,0.3695652173913043,0.6238785369220153,0.6619824651166838,-0.34809773513332554,0.0,5.0,0.0
0.0,0.0,0.0,1.0,1.0,0.0,1.0,0.0,0.0,1.0,0.0,0.0,0.0,1.0,0.0,0.0,1.0,0.0,1.0,0.0,0.0,0.34782608695652173,0.3459857372900851,0.3431649084017852,0.9764587749637399,0.0,2.0,0.0
1.0,1.0,1.0,0.0,1.0,1.0,1.0,1.0,1.0,0.0,1.0,2.0,1.0,0.0,0.0,1.0,0.0,0.0,1.0,0.0,0.0,0.32608695652173914,-0.30273752012882454,-0.30516675615310535,-1.2469039384134777,0.0,5.0,0.0
0.0,0.0,1.0,1.0,1.0,0.0,1.0,1.0,0.0,1.0,1.0,0.0,0.0,1.0,0.0,1.0,0.0,0.0,0.0,1.0,0.0,0.3695652173913043,0.5392224522659305,0.4570705519782937,-0.07390382684369048,0.0,4.0,0.0
1.0,1.0,1.0,1.0,0.0,0.0,0.0,0.0,0.0,0.0,0.0,1.0,0.0,0.0,1.0,0.0,1.0,1.0,0.0,0.0,0.0,-0.34782608695652173,-0.8465608465608466,-0.811443693239231,0.41236193238870933,0.0,0.0,0.0
1.0,1.0,1.0,1.0,1.0,1.0,1.0,1.0,1.0,1.0,1.0,2.0,0.0,1.0,0.0,0.0,1.0,1.0,0.0,0.0,0.0,0.8695652173913043,0.8069933287324591,0.7444079609302221,-0.46209018026489845,0.0,6.0,0.0
1.0,0.0,0.0,1.0,1.0,0.0,0.0,0.0,0.0,0.0,0.0,0.0,0.0,1.0,0.0,0.0,1.0,0.0,0.0,1.0,0.0,-0.6086956521739131,0.0717736369910284,0.07003690923703407,5.7570010041280835,1.0,0.0,1.0
0.0,0.0,0.0,1.0,1.0,0.0,0.0,1.0,0.0,1.0,1.0,0.0,0.0,1.0,0.0,1.0,0.0,0.0,0.0,1.0,0.0,-0.4782608695652174,0.4573268921095007,0.4378185965113908,0.3414035479192235,0.0,3.0,0.0
0.0,1.0,0.0,0.0,0.0,0.0,1.0,1.0,1.0,1.0,1.0,2.0,1.0,0.0,0.0,1.0,0.0,1.0,0.0,0.0,0.0,0.9130434782608695,-0.22544283413848631,-0.22410783778583146,-1.1719290416155304,0.0,5.0,0.0
1.0,1.0,0.0,1.0,0.0,0.0,0.0,0.0,0.0,0.0,0.0,2.0,0.0,0.0,1.0,1.0,0.0,1.0,0.0,0.0,0.0,-0.043478260869565216,-0.9376581550494595,-0.9428527390571552,-0.1178176949682024,0.0,0.0,0.0
0.0,0.0,0.0,1.0,0.0,0.0,1.0,1.0,1.0,0.0,1.0,0.0,1.0,0.0,0.0,0.0,1.0,0.0,1.0,0.0,0.0,0.7608695652173914,0.07637451115711996,0.10097455841916776,-0.6126520138346533,1.0,4.0,0.0
1.0,0.0,0.0,1.0,1.0,1.0,1.0,1.0,1.0,0.0,1.0,2.0,1.0,0.0,0.0,0.0,1.0,0.0,1.0,0.0,0.0,0.8695652173913043,0.20243846330802853,0.1817973593764568,-0.7568894343411803,0.0,5.0,0.0
1.0,0.0,0.0,1.0,0.0,0.0,0.0,0.0,0.0,0.0,0.0,0.0,0.0,0.0,1.0,1.0,0.0,1.0,0.0,0.0,0.0,-0.6086956521739131,-0.9256958822176213,-0.9259400511619018,-0.04819814794153736,0.0,0.0,0.0
1.0,1.0,1.0,1.0,1.0,0.0,0.0,1.0,1.0,1.0,1.0,1.0,1.0,0.0,0.0,1.0,0.0,0.0,0.0,0.0,1.0,0.08695652173913043,0.06257188865884529,0.04211102051736142,-0.6287180631484991,0.0,4.0,0.0
0.0,0.0,0.0,0.0,1.0,0.0,0.0,0.0,0.0,1.0,0.0,0.0,1.0,0.0,0.0,1.0,0.0,0.0,0.0,1.0,0.0,-0.6086956521739131,-0.658845180584311,-0.6594886503171681,-0.35345308490460753,0.0,1.0,0.0
1.0,1.0,0.0,1.0,0.0,0.0,1.0,0.0,1.0,1.0,1.0,0.0,0.0,1.0,0.0,0.0,1.0,0.0,0.0,1.0,0.0,-0.1956521739130435,0.6726478030825856,0.6985406359537242,0.08140131652348562,1.0,4.0,0.0
1.0,0.0,0.0,1.0,1.0,0.0,1.0,1.0,1.0,1.0,1.0,0.0,0.0,1.0,0.0,0.0,1.0,0.0,0.0,0.0,1.0,-0.3695652173913043,0.7812284334023465,0.8233746485793714,-0.19547026665179063,0.0,5.0,0.0
0.0,0.0,1.0,1.0,0.0,1.0,0.0,1.0,1.0,0.0,1.0,1.0,1.0,0.0,0.0,0.0,1.0,0.0,1.0,0.0,0.0,-0.41304347826086957,0.05613066482631695,-0.023129201265228147,-0.6362155528282941,0.0,4.0,0.0
0.0,0.0,0.0,1.0,1.0,1.0,1.0,1.0,0.0,1.0,1.0,1.0,0.0,1.0,0.0,0.0,1.0,0.0,1.0,0.0,0.0,0.32608695652173914,0.7232574189095928,0.7327199190965659,-0.2517014392502508,1.0,5.0,1.0
0.0,0.0,0.0,0.0,1.0,0.0,1.0,0.0,0.0,0.0,0.0,0.0,1.0,0.0,0.0,1.0,0.0,0.0,0.0,1.0,0.0,-0.34782608695652173,-0.7149758454106281,-0.7459263328723695,-0.5167912529287069,0.0,1.0,0.0
1.0,1.0,0.0,1.0,0.0,0.0,0.0,0.0,0.0,0.0,0.0,1.0,0.0,0.0,1.0,1.0,0.0,0.0,1.0,0.0,0.0,0.5869565217391305,-0.9302967563837129,-0.9274002835926396,-0.07497489679794704,0.0,0.0,0.0
1.0,0.0,0.0,1.0,1.0,0.0,0.0,1.0,0.0,1.0,1.0,0.0,0.0,1.0,0.0,1.0,0.0,0.0,0.0,1.0,0.0,-0.5869565217391305,0.46652864044168385,0.5193290989372918,0.35479192234742835,0.0,3.0,0.0
0.0,0.0,0.0,1.0,1.0,0.0,0.0,0.0,0.0,1.0,1.0,0.0,0.0,1.0,0.0,0.0,1.0,0.0,0.0,1.0,0.0,-0.2608695652173913,0.43616287094547973,0.4411772276144757,1.1514002008256168,1.0,2.0,1.0
1.0,0.0,0.0,1.0,1.0,1.0,0.0,0.0,0.0,0.0,0.0,0.0,1.0,0.0,0.0,0.0,1.0,0.0,0.0,1.0,0.0,-0.15217391304347827,-0.29537612146307796,-0.35549182480794916,0.7042284949235751,0.0,1.0,0.0
0.0,0.0,0.0,1.0,1.0,0.0,1.0,1.0,1.0,1.0,1.0,1.0,0.0,1.0,0.0,0.0,1.0,0.0,0.0,1.0,0.0,0.4782608695652174,0.7545433632390154,0.7578202175568042,-0.22135445721298672,0.0,5.0,0.0
1.0,0.0,0.0,1.0,1.0,1.0,1.0,0.0,0.0,0.0,0.0,0.0,1.0,0.0,0.0,1.0,0.0,1.0,0.0,0.0,0.0,-0.5,-0.27237175063262015,-0.26915266137853233,-0.22313957380341393,0.0,2.0,0.0
0.0,0.0,0.0,1.0,1.0,1.0,0.0,0.0,0.0,1.0,1.0,0.0,0.0,1.0,0.0,1.0,0.0,0.0,0.0,1.0,0.0,-0.6086956521739131,0.4619277662755923,0.45960723323071356,0.3480977351333259,0.0,3.0,0.0
1.0,0.0,0.0,1.0,1.0,0.0,0.0,0.0,0.0,0.0,1.0,0.0,0.0,1.0,0.0,1.0,0.0,0.0,0.0,1.0,0.0,-0.43478260869565216,0.16655164481251433,0.169981706718641,2.048421287515341,1.0,1.0,1.0
1.0,0.0,0.0,1.0,1.0,0.0,1.0,1.0,0.0,1.0,1.0,0.0,0.0,1.0,0.0,1.0,0.0,1.0,0.0,0.0,0.0,0.0,0.5695882217621349,0.5712570235490063,-0.03855851835322989,1.0,4.0,1.0
1.0,0.0,0.0,1.0,1.0,0.0,0.0,0.0,0.0,0.0,0.0,0.0,1.0,0.0,0.0,1.0,0.0,0.0,0.0,1.0,0.0,-0.6086956521739131,-0.4582470669427191,-0.4591907007166441,2.6723195358696867,0.0,0.0,0.0
0.0,1.0,1.0,1.0,0.0,1.0,0.0,1.0,1.0,0.0,0.0,0.0,1.0,0.0,0.0,1.0,0.0,1.0,0.0,0.0,0.0,0.43478260869565216,-0.1610305958132045,-0.16301899935544986,-0.5582952136561418,0.0,3.0,0.0
1.0,1.0,1.0,1.0,0.0,0.0,0.0,0.0,0.0,0.0,0.0,0.0,1.0,0.0,0.0,1.0,0.0,1.0,0.0,0.0,0.0,-0.45652173913043476,-0.4757303887738671,-0.44919877318496665,2.57056789021533,0.0,0.0,0.0
0.0,0.0,0.0,1.0,1.0,0.0,0.0,0.0,0.0,0.0,1.0,0.0,0.0,1.0,0.0,1.0,0.0,0.0,0.0,1.0,0.0,-0.43478260869565216,0.16655164481251433,0.179884306673407,2.048421287515341,0.0,1.0,0.0
0.0,1.0,0.0,1.0,1.0,0.0,1.0,1.0,1.0,0.0,0.0,1.0,0.0,1.0,0.0,1.0,0.0,1.0,0.0,0.0,0.0,0.2608695652173913,0.28893489763054986,0.1994081402779631,0.09639629588307509,0.0,3.0,0.0
0.0,0.0,0.0,1.0,1.0,0.0,0.0,0.0,1.0,0.0,0.0,0.0,1.0,0.0,0.0,1.0,0.0,1.0,0.0,0.0,0.0,-0.5,-0.3625488842880148,-0.4149352668981797,0.5087582282717841,0.0,1.0,0.0
0.0,1.0,1.0,1.0,1.0,1.0,0.0,1.0,0.0,1.0,1.0,1.0,0.0,1.0,0.0,0.0,1.0,0.0,0.0,0.0,1.0,0.08695652173913043,0.6109960892569589,0.6334549392782077,0.009639629588307852,0.0,4.0,0.0
0.0,1.0,1.0,1.0,0.0,0.0,0.0,0.0,0.0,0.0,0.0,2.0,0.0,0.0,1.0,1.0,0.0,0.0,0.0,0.0,1.0,0.21739130434782608,-0.9339774557165862,-0.9400047272277114,-0.09639629588307472,0.0,0.0,0.0
0.0,0.0,0.0,1.0,0.0,0.0,0.0,0.0,0.0,0.0,0.0,0.0,1.0,0.0,0.0,0.0,1.0,0.0,0.0,0.0,1.0,-0.6086956521739131,-0.36714975845410636,-0.36822970525585574,3.2024991632265984,1.0,0.0,1.0
1.0,0.0,0.0,1.0,0.0,0.0,1.0,0.0,1.0,1.0,1.0,0.0,1.0,0.0,0.0,1.0,0.0,0.0,0.0,0.0,1.0,-0.34782608695652173,0.05244996549344365,0.019644376398228754,-0.6404998326453197,0.0,4.0,0.0
1.0,0.0,0.0,1.0,1.0,0.0,0.0,0.0,0.0,1.0,1.0,0.0,0.0,1.0,0.0,0.0,1.0,0.0,0.0,1.0,0.0,-0.15217391304347827,0.4821716126063953,0.4426929985375915,1.2406560303469825,1.0,2.0,1.0
0.0,0.0,0.0,1.0,1.0,0.0,0.0,1.0,0.0,1.0,1.0,1.0,0.0,1.0,0.0,0.0,1.0,0.0,0.0,1.0,0.0,0.5652173913043478,0.5456636760984588,0.5103081737676273,0.4699319424299903,1.0,3.0,1.0
0.0,0.0,0.0,1.0,1.0,0.0,0.0,0.0,0.0,1.0,0.0,0.0,0.0,1.0,0.0,1.0,0.0,0.0,0.0,1.0,0.0,-0.5652173913043478,0.1840349666436623,0.12608358320782284,2.0992971103425195,0.0,1.0,0.0
1.0,0.0,1.0,1.0,0.0,0.0,0.0,0.0,1.0,0.0,0.0,1.0,1.0,0.0,0.0,1.0,0.0,0.0,1.0,0.0,0.0,0.4782608695652174,-0.4168391994478951,-0.44796695340587545,0.3507754100189671,0.0,1.0,0.0
1.0,0.0,0.0,1.0,0.0,1.0,0.0,1.0,0.0,0.0,0.0,1.0,1.0,0.0,0.0,1.0,0.0,0.0,0.0,1.0,0.0,0.5,-0.3082585691281344,-0.31096385710348273,-0.29275912083007893,0.0,2.0,0.0
0.0,0.0,0.0,0.0,1.0,0.0,0.0,0.0,1.0,0.0,1.0,1.0,1.0,0.0,0.0,1.0,0.0,0.0,1.0,0.0,0.0,0.021739130434782608,-0.5548654244306418,-0.5700283581484937,-0.7711703670645986,0.0,2.0,0.0
1.0,1.0,1.0,1.0,0.0,0.0,0.0,0.0,0.0,0.0,0.0,2.0,0.0,0.0,1.0,0.0,1.0,0.0,1.0,0.0,0.0,0.2391304347826087,-0.8327582240625719,-0.8345655966308372,0.4926921789579384,0.0,0.0,0.0
1.0,1.0,0.0,1.0,1.0,0.0,0.0,0.0,0.0,0.0,1.0,0.0,0.0,1.0,0.0,0.0,1.0,0.0,0.0,1.0,0.0,-0.32608695652173914,0.2696112261329654,0.19814359259883715,2.34832087470713,0.0,1.0,0.0
0.0,0.0,1.0,1.0,0.0,0.0,0.0,0.0,0.0,0.0,0.0,0.0,1.0,0.0,0.0,1.0,0.0,1.0,0.0,0.0,0.0,0.2608695652173913,-0.4656084656084656,-0.4716056776777863,2.6294767376994317,0.0,0.0,0.0
1.0,0.0,1.0,0.0,1.0,1.0,1.0,1.0,0.0,0.0,0.0,0.0,1.0,0.0,0.0,1.0,0.0,0.0,0.0,1.0,0.0,0.30434782608695654,-0.5530250747642051,-0.4796820313830516,-1.128639964297668,0.0,3.0,0.0
1.0,1.0,0.0,1.0,1.0,0.0,1.0,1.0,1.0,1.0,1.0,2.0,1.0,0.0,0.0,0.0,1.0,1.0,0.0,0.0,0.0,0.9347826086956522,0.2696112261329654,0.31489655863400473,-0.6917326787905832,0.0,5.0,0.0
1.0,1.0,1.0,0.0,0.0,1.0,0.0,1.0,1.0,1.0,0.0,1.0,1.0,0.0,0.0,1.0,0.0,0.0,0.0,0.0,1.0,-0.021739130434782608,-0.3625488842880148,-0.3869994344779231,-1.1235523820149502,0.0,4.0,0.0
0.0,1.0,1.0,1.0,1.0,0.0,1.0,1.0,0.0,0.0,0.0,2.0,0.0,1.0,0.0,0.0,1.0,0.0,1.0,0.0,0.0,0.8478260869565217,0.2558086036346907,0.25583676790924165,0.8015173491018638,0.0,2.0,0.0
0.0,1.0,1.0,1.0,1.0,0.0,1.0,1.0,1.0,1.0,1.0,1.0,0.0,1.0,0.0,0.0,1.0,0.0,0.0,1.0,0.0,0.717391304347826,0.741660915573959,0.7304303339224548,-0.23385027334597794,0.0,5.0,0.0
1.0,0.0,1.0,1.0,1.0,0.0,0.0,0.0,0.0,0.0,0.0,0.0,1.0,0.0,0.0,1.0,0.0,0.0,0.0,1.0,0.0,-0.6086956521739131,-0.48033126293995865,-0.48124185113138074,2.5437911413589203,0.0,0.0,0.0
1.0,0.0,0.0,1.0,1.0,0.0,0.0,1.0,0.0,1.0,1.0,1.0,0.0,1.0,0.0,0.0,1.0,0.0,0.0,1.0,0.0,0.717391304347826,0.48309178743961356,0.5183510237172837,0.3788909963181972,0.0,3.0,0.0
0.0,1.0,1.0,1.0,1.0,0.0,0.0,0.0,0.0,0.0,0.0,1.0,0.0,0.0,1.0,0.0,1.0,0.0,0.0,0.0,1.0,0.21739130434782608,-0.8520818955601565,-0.8661946265339404,0.3802298337610176,0.0,0.0,0.0
0.0,0.0,0.0,1.0,1.0,0.0,0.0,0.0,0.0,0.0,0.0,0.0,0.0,1.0,0.0,1.0,0.0,0.0,0.0,0.0,1.0,-0.6086956521739131,0.0036806993328732983,0.0020458621249295397,5.360705121053219,0.0,0.0,0.0
0.0,0.0,0.0,1.0,0.0,0.0,0.0,1.0,1.0,1.0,1.0,0.0,1.0,0.0,0.0,1.0,0.0,0.0,0.0,1.0,0.0,-0.5869565217391305,0.10858063031976087,0.180292661310717,-0.5751645654356797,0.0,4.0,0.0
0.0,1.0,0.0,1.0,1.0,0.0,0.0,0.0,0.0,1.0,1.0,2.0,0.0,1.0,0.0,0.0,1.0,1.0,0.0,0.0,0.0,0.9130434782608695,0.4269611226132966,0.40726163262765686,1.1335490349213435,0.0,2.0,0.0
0.0,0.0,0.0,1.0,1.0,0.0,0.0,0.0,0.0,0.0,0.0,0.0,1.0,0.0,0.0,0.0,1.0,0.0,0.0,0.0,1.0,-0.5652173913043478,-0.3653094087876697,-0.3703735671017328,3.2132098627691623,0.0,0.0,0.0
0.0,0.0,0.0,1.0,1.0,1.0,0.0,1.0,1.0,1.0,1.0,1.0,1.0,0.0,0.0,0.0,1.0,0.0,1.0,0.0,0.0,0.45652173913043476,0.22084195997239475,0.2387649618271269,-0.7390382684369071,0.0,5.0,0.0
0.0,1.0,0.0,1.0,0.0,1.0,0.0,1.0,1.0,1.0,1.0,1.0,1.0,0.0,0.0,1.0,0.0,0.0,0.0,0.0,1.0,-0.17391304347826086,0.1913963653094089,0.20352512335481432,-0.767600133883744,0.0,5.0,0.0
0.0,0.0,0.0,1.0,1.0,0.0,1.0,0.0,1.0,1.0,0.0,0.0,1.0,0.0,0.0,1.0,0.0,0.0,0.0,1.0,0.0,-0.45652173913043476,-0.09293765815504941,-0.023565630283853008,-0.4592212428874259,0.0,3.0,0.0
0.0,1.0,1.0,1.0,1.0,0.0,0.0,0.0,0.0,0.0,1.0,0.0,0.0,1.0,0.0,0.0,1.0,0.0,0.0,1.0,0.0,-0.2608695652173913,0.2751322751322752,0.2719562669562884,2.3643869240209754,0.0,1.0,0.0
1.0,1.0,0.0,1.0,0.0,0.0,0.0,0.0,0.0,0.0,0.0,1.0,0.0,0.0,1.0,0.0,1.0,0.0,1.0,0.0,0.0,0.34782608695652173,-0.8428801472279733,-0.8175831481517102,0.43378333147383696,1.0,0.0,1.0
1.0,1.0,1.0,1.0,1.0,0.0,0.0,0.0,0.0,0.0,0.0,0.0,1.0,0.0,0.0,0.0,1.0,0.0,0.0,1.0,0.0,-0.5434782608695652,-0.36070853462157815,-0.26073034698401487,3.239986611625572,0.0,0.0,0.0
1.0,1.0,0.0,0.0,1.0,1.0,1.0,0.0,1.0,0.0,1.0,2.0,1.0,0.0,0.0,1.0,0.0,1.0,0.0,0.0,0.0,0.8260869565217391,-0.35978835978835977,-0.3312446600639748,-1.120339172152181,0.0,4.0,0.0
0.0,0.0,0.0,0.0,0.0,1.0,0.0,0.0,1.0,0.0,0.0,0.0,1.0,0.0,0.0,1.0,0.0,0.0,0.0,0.0,1.0,-0.5652173913043478,-0.6671267540832758,-0.443571135839539,-0.988954591096731,0.0,2.0,0.0
0.0,1.0,0.0,1.0,1.0,0.0,1.0,0.0,1.0,0.0,1.0,2.0,0.0,1.0,0.0,0.0,1.0,1.0,0.0,0.0,0.0,0.6956521739130435,0.4389233954451345,0.4208670973928021,0.3146267990628138,0.0,3.0,0.0
1.0,0.0,0.0,1.0,0.0,1.0,1.0,1.0,1.0,1.0,0.0,1.0,1.0,0.0,0.0,0.0,1.0,0.0,0.0,1.0,0.0,0.7608695652173914,0.19783758914193697,0.30144478263230684,-0.7613522258172486,0.0,5.0,0.0
1.0,0.0,0.0,1.0,0.0,0.0,0.0,0.0,0.0,0.0,0.0,1.0,0.0,0.0,1.0,1.0,0.0,0.0,0.0,0.0,1.0,-0.15217391304347827,-0.9367379802162411,-0.9442324827559447,-0.11246234519692037,0.0,0.0,0.0
1.0,0.0,0.0,1.0,1.0,0.0,0.0,0.0,0.0,0.0,1.0,0.0,1.0,0.0,0.0,1.0,0.0,0.0,0.0,1.0,0.0,-0.5434782608695652,-0.26869105129974696,-0.20146788024441026,0.781881066607163,0.0,1.0,0.0
1.0,1.0,1.0,1.0,1.0,0.0,1.0,1.0,0.0,1.0,1.0,1.0,1.0,0.0,0.0,0.0,1.0,0.0,0.0,1.0,0.0,0.5,0.19047619047619038,0.14451254945988234,-0.47983933950686164,1.0,4.0,1.0
0.0,0.0,0.0,1.0,0.0,1.0,0.0,0.0,0.0,1.0,1.0,0.0,0.0,1.0,0.0,0.0,1.0,0.0,1.0,0.0,0.0,0.43478260869565216,0.5714285714285714,0.604364785273032,0.5074193908289636,1.0,3.0,1.0
0.0,1.0,0.0,1.0,1.0,0.0,1.0,1.0,1.0,1.0,1.0,1.0,0.0,1.0,0.0,0.0,1.0,1.0,0.0,0.0,0.0,0.5217391304347826,0.7076144467448816,0.6854581668810187,-0.26687493026888287,0.0,5.0,0.0
1.0,1.0,1.0,1.0,0.0,0.0,0.0,0.0,0.0,0.0,0.0,1.0,0.0,0.0,1.0,1.0,0.0,1.0,0.0,0.0,0.0,-0.2608695652173913,-0.9312169312169313,-0.9406948650423506,-0.08033024656922906,0.0,0.0,0.0
1.0,1.0,0.0,1.0,1.0,0.0,0.0,0.0,0.0,0.0,0.0,1.0,0.0,1.0,0.0,1.0,0.0,1.0,0.0,0.0,0.0,0.782608695652174,0.008281573498964856,-0.00934723225601778,5.387481869909629,1.0,0.0,1.0
0.0,0.0,0.0,1.0,1.0,0.0,1.0,1.0,1.0,1.0,1.0,0.0,0.0,1.0,0.0,1.0,0.0,0.0,0.0,1.0,0.0,0.10869565217391304,0.6367609845870714,0.6673636601773986,-0.3356019190003347,0.0,5.0,0.0
1.0,1.0,0.0,1.0,1.0,0.0,0.0,0.0,0.0,1.0,1.0,0.0,0.0,1.0,0.0,0.0,1.0,0.0,0.0,1.0,0.0,-0.5652173913043478,0.44352426961122604,0.4151986664232581,1.165681133549035,1.0,2.0,1.0
1.0,0.0,0.0,1.0,0.0,0.0,0.0,0.0,0.0,0.0,0.0,0.0,0.0,0.0,1.0,1.0,0.0,0.0,0.0,0.0,1.0,-0.43478260869565216,-0.9321371060501495,-0.9320653707215509,-0.08568559634051069,0.0,0.0,0.0
1.0,0.0,0.0,0.0,1.0,0.0,0.0,0.0,0.0,1.0,1.0,1.0,1.0,0.0,0.0,1.0,0.0,0.0,0.0,1.0,0.0,0.8913043478260869,-0.4646882907752473,-0.44017158348393387,-0.5962289412027221,1.0,2.0,1.0
0.0,1.0,1.0,1.0,1.0,1.0,1.0,1.0,1.0,1.0,1.0,2.0,0.0,1.0,0.0,0.0,1.0,1.0,0.0,0.0,0.0,0.9347826086956522,0.8336783988957902,0.8662518854969155,-0.4399037312124449,0.0,6.0,0.0
1.0,1.0,1.0,0.0,0.0,0.0,1.0,1.0,1.0,1.0,1.0,1.0,1.0,0.0,0.0,1.0,0.0,0.0,0.0,0.0,1.0,0.2391304347826087,-0.1877156659765356,-0.17229604584158167,-1.1353341515117705,0.0,5.0,0.0
0.0,0.0,0.0,1.0,1.0,1.0,1.0,1.0,1.0,0.0,0.0,1.0,1.0,0.0,0.0,0.0,1.0,0.0,1.0,0.0,0.0,0.6304347826086957,0.011042097998619634,0.06496767925663474,-0.688697980586857,0.0,4.0,0.0
0.0,1.0,1.0,0.0,0.0,1.0,0.0,0.0,0.0,0.0,0.0,0.0,1.0,0.0,0.0,1.0,0.0,0.0,1.0,0.0,0.0,-0.5652173913043478,-0.7508626639061421,-0.7354426128568164,-0.6212205734687046,0.0,1.0,0.0
1.0,0.0,0.0,1.0,1.0,1.0,0.0,0.0,0.0,0.0,0.0,0.0,1.0,0.0,0.0,1.0,0.0,0.0,0.0,0.0,1.0,-0.6086956521739131,-0.36346905912123306,-0.3645545135200663,0.5060805533861432,0.0,1.0,0.0
1.0,1.0,1.0,1.0,0.0,0.0,0.0,0.0,0.0,0.0,0.0,2.0,0.0,0.0,1.0,0.0,1.0,1.0,0.0,0.0,0.0,0.41304347826086957,-0.8134345525649874,-0.8204888466178187,0.6051545241548592,0.0,0.0,0.0
1.0,0.0,0.0,1.0,0.0,0.0,0.0,1.0,1.0,1.0,1.0,2.0,0.0,1.0,0.0,1.0,0.0,1.0,0.0,0.0,0.0,-0.08695652173913043,0.5300207039337473,0.5503844691047127,-0.08461452638625451,0.0,4.0,0.0
0.0,1.0,1.0,1.0,1.0,0.0,1.0,1.0,1.0,1.0,1.0,2.0,0.0,1.0,0.0,0.0,1.0,1.0,0.0,0.0,0.0,0.43478260869565216,0.6892109500805154,0.68791914432751,-0.28472609617315614,0.0,5.0,0.0
0.0,0.0,0.0,1.0,1.0,1.0,0.0,0.0,0.0,0.0,0.0,0.0,0.0,1.0,0.0,1.0,0.0,0.0,1.0,0.0,0.0,-0.43478260869565216,0.06901311249137336,0.00888580229987094,1.7645877496373985,0.0,1.0,0.0
0.0,1.0,0.0,1.0,0.0,1.0,0.0,1.0,0.0,1.0,1.0,0.0,0.0,1.0,0.0,1.0,0.0,0.0,0.0,1.0,0.0,-0.30434782608695654,0.5751092707614447,0.7479872780989911,-0.03213209862769132,0.0,4.0,0.0
1.0,0.0,0.0,1.0,1.0,1.0,1.0,1.0,0.0,0.0,1.0,2.0,1.0,0.0,0.0,0.0,1.0,0.0,1.0,0.0,0.0,0.8043478260869565,0.07545433632390144,0.03885346420609334,-0.61372308378891,0.0,4.0,0.0
0.0,1.0,1.0,1.0,1.0,0.0,1.0,1.0,0.0,1.0,1.0,1.0,0.0,1.0,0.0,0.0,1.0,0.0,1.0,0.0,0.0,0.6304347826086957,0.6386013342535083,0.6752396035219451,0.04177172821599917,0.0,4.0,0.0
1.0,1.0,1.0,1.0,1.0,1.0,0.0,0.0,1.0,0.0,1.0,1.0,1.0,0.0,0.0,0.0,1.0,0.0,1.0,0.0,0.0,0.30434782608695654,0.025764895330112825,0.05898996663585284,-0.2865112127635833,0.0,3.0,0.0
0.0,1.0,0.0,1.0,1.0,0.0,0.0,0.0,1.0,1.0,0.0,1.0,1.0,0.0,0.0,0.0,1.0,1.0,0.0,0.0,0.0,0.30434782608695654,-0.1039797561536693,-0.05432132275305036,0.10353676224478393,0.0,2.0,0.0
0.0,0.0,0.0,1.0,0.0,1.0,0.0,0.0,0.0,0.0,0.0,0.0,0.0,1.0,0.0,1.0,0.0,0.0,1.0,0.0,0.0,0.391304347826087,0.09109730848861289,0.08892113911348383,1.8288519468927817,0.0,1.0,0.0
0.0,0.0,0.0,1.0,1.0,0.0,1.0,1.0,0.0,1.0,1.0,1.0,0.0,1.0,0.0,0.0,1.0,0.0,0.0,1.0,0.0,0.5869565217391305,0.6680469289164941,0.6436293337155987,0.0760459667522036,0.0,4.0,0.0
1.0,1.0,1.0,0.0,0.0,1.0,0.0,1.0,1.0,1.0,0.0,2.0,1.0,0.0,0.0,1.0,0.0,0.0,0.0,0.0,1.0,0.9347826086956522,-0.3975155279503106,-0.39696766285654234,-1.164253040276693,0.0,4.0,0.0
0.0,0.0,0.0,1.0,0.0,0.0,1.0,0.0,0.0,0.0,0.0,0.0,0.0,1.0,0.0,1.0,0.0,1.0,0.0,0.0,0.0,-0.2826086956521739,0.08465608465608455,0.09582067625843159,1.8101082226932945,0.0,1.0,0.0
0.0,1.0,0.0,1.0,0.0,0.0,1.0,0.0,1.0,1.0,0.0,2.0,1.0,0.0,0.0,1.0,0.0,1.0,0.0,0.0,0.0,0.8478260869565217,-0.11778237865194398,-0.12803160420023535,-0.4953698538435792,0.0,3.0,0.0
0.0,1.0,1.0,1.0,0.0,0.0,0.0,0.0,0.0,0.0,0.0,1.0,0.0,0.0,1.0,1.0,0.0,0.0,0.0,0.0,1.0,-0.30434782608695654,-0.9192546583850932,-0.934576751741007,-0.010710699542563646,0.0,0.0,0.0
1.0,1.0,1.0,0.0,0.0,0.0,0.0,1.0,1.0,1.0,1.0,2.0,1.0,0.0,0.0,1.0,0.0,1.0,0.0,0.0,0.0,0.8043478260869565,-0.2916954221302048,-0.2858998419018455,-1.0410799955372085,0.0,4.0,0.0
0.0,1.0,0.0,1.0,1.0,0.0,0.0,0.0,0.0,1.0,0.0,0.0,0.0,1.0,0.0,1.0,0.0,0.0,0.0,1.0,0.0,-0.5652173913043478,0.18219461697722578,0.07524343086273573,2.093941760571238,1.0,1.0,1.0
0.0,1.0,1.0,1.0,0.0,1.0,1.0,1.0,0.0,1.0,1.0,2.0,0.0,1.0,0.0,0.0,1.0,0.0,1.0,0.0,0.0,0.9347826086956522,0.7214170692431563,0.7776389292006587,-0.25348655584067803,0.0,5.0,0.0
1.0,0.0,0.0,1.0,0.0,0.0,0.0,0.0,0.0,0.0,0.0,2.0,0.0,0.0,1.0,1.0,0.0,0.0,1.0,0.0,0.0,-0.043478260869565216,-0.9229353577179664,-0.9353322078200305,-0.03213209862769132,0.0,0.0,0.0
0.0,1.0,1.0,1.0,0.0,0.0,0.0,0.0,0.0,0.0,0.0,0.0,0.0,0.0,1.0,1.0,0.0,0.0,0.0,0.0,1.0,-0.5652173913043478,-0.9358178053830228,-0.9256337851839194,-0.10710699542563874,0.0,0.0,0.0
1.0,0.0,0.0,1.0,1.0,0.0,1.0,0.0,0.0,0.0,0.0,0.0,0.0,1.0,0.0,0.0,1.0,0.0,0.0,1.0,0.0,-0.15217391304347827,0.16287094547964104,0.14817649716501133,2.037710587972777,0.0,1.0,0.0
0.0,1.0,0.0,1.0,1.0,1.0,1.0,0.0,0.0,1.0,0.0,0.0,1.0,0.0,0.0,1.0,0.0,0.0,1.0,0.0,0.0,0.6304347826086957,-0.0966183574879227,-0.09585364187153037,-0.4645765926587079,0.0,3.0,0.0
0.0,1.0,1.0,1.0,1.0,0.0,0.0,0.0,0.0,0.0,0.0,1.0,0.0,0.0,1.0,0.0,1.0,1.0,0.0,0.0,0.0,0.9347826086956522,-0.8686450425580862,-0.8828713980081194,0.2838335378779429,0.0,0.0,0.0
0.0,0.0,0.0,1.0,1.0,0.0,1.0,1.0,0.0,1.0,1.0,1.0,0.0,1.0,0.0,0.0,1.0,0.0,1.0,0.0,0.0,0.06521739130434782,0.617437313089487,0.6649872839033839,0.017137119268102213,0.0,4.0,0.0
0.0,1.0,1.0,1.0,1.0,0.0,1.0,0.0,1.0,1.0,0.0,1.0,1.0,0.0,0.0,1.0,0.0,0.0,0.0,0.0,1.0,-0.43478260869565216,-0.09017713365539463,-0.08575038489670701,-0.45520473055896465,0.0,3.0,0.0
0.0,1.0,1.0,1.0,0.0,0.0,1.0,0.0,1.0,0.0,0.0,0.0,1.0,0.0,0.0,1.0,0.0,1.0,0.0,0.0,0.0,-0.45652173913043476,-0.26132965263400054,-0.37489099027697403,-0.20171817471828624,0.0,2.0,0.0
1.0,0.0,0.0,1.0,1.0,0.0,0.0,1.0,0.0,1.0,1.0,1.0,1.0,0.0,0.0,1.0,0.0,0.0,0.0,0.0,1.0,-0.5217391304347826,-0.009201748332183115,-0.020372807463386232,-0.3373870355907619,0.0,3.0,0.0
0.0,0.0,0.0,1.0,0.0,0.0,0.0,0.0,0.0,0.0,0.0,2.0,0.0,0.0,1.0,1.0,0.0,0.0,0.0,0.0,1.0,0.21739130434782608,-0.9266160570508397,-0.907941035225087,-0.05355349771281937,0.0,0.0,0.0
1.0,0.0,0.0,1.0,1.0,0.0,0.0,0.0,0.0,0.0,1.0,0.0,0.0,1.0,0.0,1.0,0.0,0.0,1.0,0.0,0.0,-0.10869565217391304,0.17207269381182413,0.2349611383805847,2.0644873368291865,0.0,1.0,0.0
1.0,1.0,1.0,1.0,0.0,0.0,0.0,0.0,0.0,0.0,0.0,1.0,0.0,0.0,1.0,0.0,1.0,0.0,0.0,0.0,1.0,-0.13043478260869565,-0.8493213710605015,-0.8668972969717195,0.39629588307486363,0.0,0.0,0.0
0.0,0.0,0.0,1.0,0.0,0.0,0.0,0.0,0.0,0.0,1.0,0.0,0.0,1.0,0.0,0.0,1.0,0.0,0.0,1.0,0.0,-0.45652173913043476,0.2705314009661836,0.300999739883051,2.3509985495927705,1.0,1.0,1.0
1.0,0.0,0.0,1.0,1.0,0.0,1.0,0.0,1.0,0.0,1.0,1.0,1.0,0.0,0.0,1.0,0.0,0.0,0.0,1.0,0.0,0.5652173913043478,-0.11594202898550719,-0.08522323618308861,-0.492692178957938,0.0,3.0,0.0
1.0,1.0,1.0,1.0,1.0,0.0,0.0,0.0,0.0,0.0,0.0,0.0,0.0,1.0,0.0,1.0,0.0,0.0,0.0,1.0,0.0,-0.6086956521739131,-0.03680699332873246,-0.03838124696875426,5.125069731116814,0.0,0.0,0.0
0.0,1.0,0.0,1.0,0.0,0.0,0.0,0.0,1.0,1.0,0.0,1.0,1.0,0.0,0.0,1.0,0.0,1.0,0.0,0.0,0.0,-0.13043478260869565,-0.1932367149758454,-0.22082255846169246,-0.06961954702666504,0.0,2.0,0.0
0.0,1.0,0.0,1.0,1.0,0.0,1.0,0.0,0.0,1.0,0.0,0.0,0.0,1.0,0.0,0.0,1.0,0.0,0.0,1.0,0.0,-0.5434782608695652,0.3892339544513459,0.38150940884518814,1.0603592547138239,0.0,2.0,0.0
0.0,0.0,0.0,1.0,1.0,0.0,0.0,1.0,0.0,1.0,1.0,1.0,0.0,1.0,0.0,1.0,0.0,0.0,1.0,0.0,0.0,0.5434782608695652,0.4343225212790429,0.42506723682491465,0.3079326118487114,0.0,3.0,0.0
0.0,0.0,0.0,1.0,1.0,0.0,1.0,1.0,0.0,1.0,0.0,0.0,0.0,1.0,0.0,0.0,1.0,1.0,0.0,0.0,0.0,0.782608695652174,0.4591672417759375,0.46223640885708595,0.3440812228048647,1.0,3.0,1.0
1.0,1.0,1.0,0.0,1.0,0.0,0.0,0.0,0.0,0.0,0.0,1.0,1.0,0.0,0.0,1.0,0.0,0.0,1.0,0.0,0.0,0.21739130434782608,-0.8327582240625719,-0.8505750616568353,0.4926921789579384,0.0,0.0,0.0
1.0,1.0,0.0,1.0,1.0,1.0,0.0,1.0,1.0,1.0,1.0,1.0,0.0,1.0,0.0,0.0,1.0,0.0,0.0,1.0,0.0,0.4782608695652174,0.7554635380722337,0.7639815684079807,-0.2204618989177731,0.0,5.0,0.0
0.0,0.0,0.0,1.0,1.0,0.0,0.0,0.0,0.0,0.0,1.0,0.0,1.0,0.0,0.0,0.0,1.0,1.0,0.0,0.0,0.0,-0.2826086956521739,-0.13710605014952848,-0.07163024720347431,1.1647885752538214,0.0,1.0,0.0
0.0,1.0,1.0,1.0,1.0,0.0,1.0,1.0,0.0,0.0,1.0,0.0,0.0,1.0,0.0,0.0,1.0,0.0,0.0,1.0,0.0,0.17391304347826086,0.45364619277662765,0.457446816467108,0.33604819814794185,0.0,3.0,0.0
0.0,1.0,1.0,1.0,1.0,1.0,0.0,1.0,1.0,1.0,0.0,2.0,1.0,0.0,0.0,0.0,1.0,0.0,0.0,0.0,1.0,0.6521739130434783,0.10950080515297912,0.11049516402339399,-0.5740934954814234,0.0,4.0,0.0
0.0,1.0,1.0,1.0,1.0,1.0,0.0,1.0,1.0,1.0,1.0,0.0,0.0,1.0,0.0,1.0,0.0,0.0,0.0,1.0,0.0,0.41304347826086957,0.6257188865884519,0.6430796956658266,-0.3463126185428983,1.0,5.0,0.0
1.0,1.0,1.0,1.0,1.0,1.0,0.0,0.0,1.0,1.0,1.0,2.0,1.0,0.0,0.0,1.0,0.0,1.0,0.0,0.0,0.0,0.782608695652174,0.07913503565677474,0.06555600238993677,-0.6094388039718844,0.0,4.0,0.0
0.0,1.0,1.0,1.0,0.0,0.0,0.0,0.0,0.0,0.0,0.0,1.0,0.0,0.0,1.0,1.0,0.0,0.0,0.0,0.0,1.0,-0.10869565217391304,-0.9312169312169313,-0.8886521683425382,-0.08033024656922906,0.0,0.0,0.0
0.0,0.0,0.0,1.0,0.0,1.0,0.0,0.0,1.0,0.0,1.0,0.0,1.0,0.0,0.0,1.0,0.0,1.0,0.0,0.0,0.0,-0.45652173913043476,-0.08189556015642978,0.0224891161552582,-0.44315519357358024,0.0,3.0,0.0
1.0,0.0,0.0,1.0,1.0,0.0,1.0,0.0,0.0,0.0,0.0,0.0,0.0,1.0,0.0,0.0,1.0,0.0,0.0,0.0,1.0,-0.15217391304347827,0.15366919714745791,0.03950775970451032,2.010933839116367,0.0,1.0,0.0
1.0,0.0,0.0,1.0,0.0,1.0,0.0,0.0,1.0,1.0,0.0,0.0,1.0,0.0,0.0,1.0,0.0,1.0,0.0,0.0,0.0,-0.41304347826086957,-0.1518288474810214,-0.17078002925056848,-0.5449068392279369,0.0,3.0,0.0
1.0,0.0,0.0,1.0,1.0,0.0,1.0,1.0,1.0,1.0,1.0,0.0,0.0,1.0,0.0,0.0,1.0,0.0,0.0,1.0,0.0,0.782608695652174,0.7112951460777549,0.6651918047896428,-0.26330469708802845,0.0,5.0,0.0
0.0,1.0,0.0,1.0,0.0,0.0,0.0,1.0,0.0,0.0,1.0,0.0,0.0,1.0,0.0,0.0,1.0,0.0,0.0,0.0,1.0,-0.13043478260869565,0.3616287094547965,0.33668804876306074,1.0068057570010045,0.0,2.0,0.0
1.0,0.0,0.0,1.0,0.0,1.0,0.0,0.0,1.0,0.0,0.0,0.0,1.0,0.0,0.0,1.0,0.0,0.0,0.0,0.0,1.0,-0.043478260869565216,-0.31377961812744415,-0.3024846086489558,-0.303469820372643,0.0,2.0,0.0
0.0,0.0,0.0,1.0,0.0,0.0,0.0,0.0,0.0,0.0,0.0,1.0,0.0,0.0,1.0,1.0,0.0,0.0,1.0,0.0,0.0,-0.10869565217391304,-0.9210950080515298,-0.8933610077540186,-0.021421399085127673,0.0,0.0,0.0
0.0,0.0,0.0,1.0,1.0,1.0,0.0,0.0,0.0,0.0,0.0,0.0,1.0,0.0,0.0,1.0,0.0,0.0,1.0,0.0,0.0,-0.6086956521739131,-0.4030365769496204,-0.40406282467980265,0.39094053330358164,0.0,1.0,0.0
1.0,1.0,0.0,1.0,0.0,1.0,0.0,1.0,0.0,1.0,1.0,2.0,0.0,1.0,0.0,1.0,0.0,0.0,1.0,0.0,0.0,0.7391304347826086,0.5373821025994939,0.5493285806853826,-0.07604596675220322,0.0,4.0,0.0
1.0,1.0,1.0,1.0,0.0,1.0,1.0,1.0,0.0,0.0,0.0,2.0,1.0,0.0,0.0,1.0,0.0,1.0,0.0,0.0,0.0,0.6739130434782609,-0.1840349666436623,-0.1656500741193625,-0.5917661497266539,0.0,3.0,0.0
0.0,0.0,0.0,0.0,1.0,1.0,1.0,0.0,1.0,0.0,1.0,2.0,1.0,0.0,0.0,1.0,0.0,1.0,0.0,0.0,0.0,0.043478260869565216,-0.3800322061191626,-0.39606039106155155,-1.1439027111458215,0.0,4.0,0.0
0.0,1.0,1.0,0.0,0.0,0.0,1.0,0.0,1.0,1.0,1.0,2.0,1.0,0.0,0.0,1.0,0.0,0.0,1.0,0.0,0.0,0.9347826086956522,-0.310098918794571,-0.33137569923863386,-1.062501394622336,0.0,4.0,0.0
1.0,1.0,1.0,1.0,0.0,0.0,0.0,0.0,0.0,0.0,0.0,1.0,0.0,0.0,1.0,1.0,0.0,1.0,0.0,0.0,0.0,-0.15217391304347827,-0.9247757073844031,-0.8893134244313641,-0.042842798170255346,0.0,0.0,0.0
0.0,0.0,0.0,1.0,1.0,0.0,1.0,1.0,0.0,1.0,0.0,0.0,1.0,0.0,0.0,1.0,0.0,0.0,0.0,1.0,0.0,-0.4782608695652174,-0.10213940648723252,-0.0012355590677396327,-0.4726096173156307,1.0,3.0,1.0
1.0,1.0,1.0,1.0,0.0,0.0,0.0,0.0,0.0,0.0,0.0,0.0,1.0,0.0,0.0,1.0,0.0,0.0,0.0,0.0,1.0,-0.5434782608695652,-0.4646882907752473,-0.5834581212830243,2.634832087470713,0.0,0.0,0.0
0.0,0.0,0.0,1.0,0.0,0.0,0.0,0.0,0.0,0.0,0.0,0.0,0.0,0.0,1.0,0.0,1.0,0.0,0.0,0.0,1.0,-0.5217391304347826,-0.8290775247296986,-0.8019023300790086,0.514113578043066,0.0,0.0,0.0
0.0,0.0,0.0,1.0,1.0,0.0,1.0,0.0,1.0,0.0,0.0,0.0,0.0,1.0,0.0,1.0,0.0,0.0,0.0,0.0,1.0,-0.13043478260869565,0.15827007131354948,0.12800107454823462,0.612294990516568,0.0,2.0,0.0
1.0,1.0,1.0,1.0,0.0,0.0,0.0,0.0,0.0,0.0,0.0,2.0,0.0,0.0,1.0,1.0,0.0,0.0,1.0,0.0,0.0,-0.45652173913043476,-0.9367379802162411,-1.0100100621180852,-0.11246234519692037,0.0,0.0,0.0
0.0,0.0,0.0,1.0,0.0,0.0,0.0,0.0,0.0,0.0,0.0,0.0,0.0,1.0,0.0,1.0,0.0,0.0,0.0,1.0,0.0,-0.43478260869565216,-0.026685070163331086,0.033080814560484624,5.183978578600915,0.0,0.0,0.0
0.0,1.0,0.0,1.0,1.0,1.0,0.0,0.0,0.0,1.0,1.0,0.0,0.0,1.0,0.0,1.0,0.0,0.0,0.0,1.0,0.0,-0.13043478260869565,0.45272601794340916,0.5612742220088018,0.3347093607051211,1.0,3.0,1.0
1.0,1.0,1.0,1.0,0.0,1.0,1.0,1.0,1.0,0.0,0.0,2.0,1.0,0.0,0.0,0.0,1.0,1.0,0.0,0.0,0.0,0.9347826086956522,-0.011962272831838153,0.0050957608223381416,-0.7154747294432667,0.0,4.0,0.0
1.0,0.0,0.0,1.0,0.0,0.0,0.0,0.0,0.0,0.0,0.0,0.0,0.0,1.0,0.0,1.0,0.0,0.0,0.0,0.0,1.0,-0.08695652173913043,0.008281573498964856,0.0019356063728558524,5.387481869909629,0.0,0.0,0.0
1.0,1.0,1.0,0.0,1.0,1.0,0.0,0.0,0.0,0.0,0.0,0.0,1.0,0.0,0.0,1.0,0.0,1.0,0.0,0.0,0.0,-0.30434782608695654,-0.741660915573959,-0.7217831502387989,-0.594443824612295,0.0,1.0,0.0
1.0,0.0,0.0,1.0,0.0,0.0,0.0,0.0,0.0,1.0,0.0,0.0,1.0,0.0,0.0,1.0,0.0,0.0,0.0,0.0,1.0,-0.4782608695652174,-0.2880147227973315,-0.3247836886649164,0.7256498940087027,0.0,1.0,0.0
0.0,0.0,0.0,1.0,1.0,0.0,0.0,0.0,0.0,1.0,0.0,0.0,1.0,0.0,0.0,1.0,0.0,0.0,0.0,0.0,1.0,-0.6086956521739131,-0.31193926846100767,-0.3131018292190143,0.6560303469820373,0.0,1.0,0.0
1.0,1.0,0.0,1.0,1.0,0.0,0.0,0.0,0.0,1.0,1.0,0.0,0.0,1.0,0.0,0.0,1.0,1.0,0.0,0.0,0.0,-0.4782608695652174,0.4619277662755923,0.3943725799204512,1.201383465357581,1.0,2.0,1.0
0.0,1.0,1.0,1.0,1.0,1.0,0.0,1.0,0.0,1.0,1.0,1.0,0.0,1.0,0.0,1.0,0.0,1.0,0.0,0.0,0.0,0.41304347826086957,0.5373821025994939,0.6082993655411943,-0.07604596675220322,0.0,4.0,0.0
0.0,1.0,1.0,1.0,1.0,0.0,1.0,1.0,1.0,1.0,1.0,1.0,0.0,1.0,0.0,0.0,1.0,1.0,0.0,0.0,0.0,0.8695652173913043,0.7039337474120083,0.6984014846724232,-0.2704451634497377,0.0,5.0,0.0
1.0,1.0,1.0,1.0,1.0,1.0,0.0,1.0,0.0,1.0,1.0,1.0,0.0,1.0,0.0,0.0,1.0,1.0,0.0,0.0,0.0,0.5869565217391305,0.62663906142167,0.6043343149333855,0.02784781881066624,1.0,4.0,1.0
1.0,0.0,0.0,1.0,1.0,0.0,0.0,0.0,0.0,1.0,0.0,0.0,0.0,1.0,0.0,1.0,0.0,0.0,0.0,1.0,0.0,-0.5652173913043478,0.17299286864504268,0.300961456635803,2.0671650117148284,1.0,1.0,1.0
1.0,0.0,0.0,1.0,0.0,1.0,0.0,1.0,0.0,0.0,1.0,0.0,1.0,0.0,0.0,1.0,0.0,0.0,0.0,1.0,0.0,0.2391304347826087,-0.05613066482631695,-0.04251583767151726,-0.4056677451746065,0.0,3.0,0.0
0.0,0.0,0.0,1.0,0.0,0.0,0.0,0.0,0.0,0.0,0.0,2.0,0.0,0.0,1.0,1.0,0.0,0.0,0.0,0.0,1.0,-0.5,-0.9376581550494595,-0.9159864068774721,-0.1178176949682024,0.0,0.0,0.0
0.0,0.0,0.0,1.0,1.0,0.0,0.0,1.0,1.0,1.0,1.0,2.0,0.0,1.0,0.0,0.0,1.0,0.0,0.0,1.0,0.0,0.6956521739130435,0.6643662295836208,0.6393903830601505,0.07176168693517813,0.0,4.0,0.0
1.0,1.0,0.0,1.0,1.0,0.0,0.0,0.0,0.0,1.0,0.0,0.0,0.0,1.0,0.0,0.0,1.0,0.0,0.0,1.0,0.0,-0.6086956521739131,0.28617437313089483,0.2841168278467683,2.396519022648667,1.0,1.0,1.0
1.0,0.0,0.0,1.0,0.0,1.0,1.0,0.0,0.0,0.0,0.0,1.0,1.0,0.0,0.0,1.0,0.0,1.0,0.0,0.0,0.0,-0.043478260869565216,-0.2769726247987117,-0.2914590334415875,-0.23206515675555037,0.0,2.0,0.0
0.0,1.0,0.0,1.0,0.0,1.0,1.0,0.0,1.0,1.0,1.0,2.0,1.0,0.0,0.0,0.0,1.0,0.0,1.0,0.0,0.0,0.30434782608695654,0.2935357717966414,0.2304205671953797,-0.6685261631150283,0.0,5.0,0.0
0.0,0.0,0.0,1.0,1.0,0.0,0.0,0.0,0.0,0.0,1.0,0.0,1.0,0.0,0.0,0.0,1.0,0.0,0.0,0.0,1.0,-0.1956521739130435,-0.16379112031285942,-0.21814406274555478,1.0871360035702335,1.0,1.0,1.0
0.0,1.0,0.0,1.0,0.0,0.0,0.0,0.0,0.0,1.0,1.0,0.0,0.0,1.0,0.0,0.0,1.0,0.0,0.0,1.0,0.0,-0.2608695652173913,0.4067172762824936,0.4104245202958845,1.0942764699319423,0.0,2.0,0.0
1.0,0.0,0.0,1.0,1.0,0.0,0.0,0.0,0.0,0.0,0.0,0.0,0.0,1.0,0.0,1.0,0.0,0.0,0.0,1.0,0.0,-0.5,-0.025764895330112825,0.03512258774703437,5.189333928372196,0.0,0.0,0.0
0.0,1.0,0.0,0.0,0.0,0.0,1.0,0.0,1.0,0.0,0.0,1.0,1.0,0.0,0.0,1.0,0.0,0.0,0.0,0.0,1.0,0.2608695652173913,-0.6450425580860363,-0.6734050775606146,-0.9461117929264753,0.0,2.0,0.0
1.0,0.0,0.0,1.0,0.0,0.0,0.0,0.0,0.0,0.0,1.0,0.0,0.0,1.0,0.0,1.0,0.0,0.0,0.0,1.0,0.0,-0.6086956521739131,0.17299286864504268,0.17110468197124343,2.0671650117148284,0.0,1.0,0.0
0.0,0.0,0.0,1.0,1.0,0.0,0.0,0.0,0.0,0.0,0.0,0.0,0.0,1.0,0.0,1.0,0.0,0.0,0.0,1.0,0.0,-0.6086956521739131,-0.016563146997929712,-0.01816769242191249,5.242887426085016,0.0,0.0,0.0
1.0,0.0,0.0,0.0,1.0,0.0,0.0,0.0,0.0,0.0,0.0,0.0,1.0,0.0,0.0,1.0,0.0,1.0,0.0,0.0,0.0,-0.34782608695652173,-0.8345985737290086,-0.8280527328144333,0.48198147941537434,0.0,0.0,0.0
1.0,0.0,0.0,1.0,1.0,0.0,1.0,1.0,1.0,1.0,1.0,1.0,0.0,1.0,0.0,1.0,0.0,1.0,0.0,0.0,0.0,0.5,0.6349206349206349,0.6206265711549881,-0.3373870355907619,0.0,5.0,0.0
0.0,0.0,0.0,1.0,0.0,0.0,1.0,0.0,0.0,0.0,0.0,0.0,1.0,0.0,0.0,1.0,0.0,1.0,0.0,0.0,0.0,-0.5217391304347826,-0.36714975845410636,-0.3976312391421711,0.4953698538435792,0.0,1.0,0.0
1.0,1.0,1.0,1.0,1.0,1.0,1.0,1.0,1.0,1.0,1.0,2.0,1.0,0.0,0.0,0.0,1.0,0.0,1.0,0.0,0.0,0.9347826086956522,0.3699102829537611,0.34696515874525097,-0.8254889147447443,0.0,6.0,0.0
0.0,1.0,0.0,1.0,0.0,0.0,1.0,0.0,0.0,0.0,0.0,0.0,1.0,0.0,0.0,0.0,1.0,0.0,0.0,1.0,0.0,-0.08695652173913043,-0.30181734529560617,-0.2879267658288566,0.6854847707240882,0.0,1.0,0.0
0.0,0.0,0.0,1.0,1.0,1.0,1.0,1.0,1.0,1.0,0.0,1.0,0.0,1.0,0.0,0.0,1.0,1.0,0.0,0.0,0.0,0.8043478260869565,0.62663906142167,0.5903131999251341,-0.34542006024768473,0.0,5.0,0.0
1.0,0.0,1.0,1.0,1.0,0.0,0.0,0.0,0.0,0.0,0.0,2.0,0.0,0.0,1.0,0.0,1.0,0.0,0.0,0.0,1.0,0.5869565217391305,-0.8410397975615368,-0.8297944102166962,0.444494031016401,0.0,0.0,0.0
0.0,0.0,0.0,1.0,1.0,0.0,0.0,1.0,1.0,1.0,1.0,0.0,0.0,1.0,0.0,1.0,0.0,0.0,0.0,0.0,1.0,-0.5,0.5419829767655855,0.3801312119442673,-0.0706906169809212,0.0,4.0,0.0
0.0,1.0,1.0,0.0,0.0,1.0,0.0,1.0,1.0,1.0,1.0,2.0,1.0,0.0,0.0,1.0,0.0,0.0,1.0,0.0,0.0,0.6739130434782609,-0.19599723947550032,-0.19757830232403312,-1.1433671761686934,0.0,5.0,0.0
1.0,0.0,0.0,1.0,1.0,0.0,1.0,0.0,0.0,1.0,1.0,1.0,0.0,1.0,0.0,0.0,1.0,0.0,0.0,1.0,0.0,0.41304347826086957,0.5244996549344375,0.5191568243246768,0.439138681245119,1.0,3.0,1.0
1.0,1.0,1.0,1.0,1.0,1.0,1.0,0.0,0.0,0.0,0.0,0.0,1.0,0.0,0.0,1.0,0.0,0.0,1.0,0.0,0.0,-0.043478260869565216,-0.2898550724637681,-0.2692377352613052,-0.25705678902153284,0.0,2.0,0.0
1.0,1.0,1.0,1.0,1.0,1.0,1.0,1.0,1.0,1.0,0.0,2.0,0.0,1.0,0.0,0.0,1.0,0.0,1.0,0.0,0.0,0.9347826086956522,0.6551644812514377,0.6294317180219839,-0.31775075309606143,0.0,5.0,0.0
0.0,0.0,0.0,1.0,1.0,1.0,1.0,1.0,0.0,0.0,0.0,0.0,1.0,0.0,0.0,0.0,1.0,1.0,0.0,0.0,0.0,0.1956521739130435,-0.08005521048999299,-0.07735762248252114,-0.44047751868793905,0.0,3.0,0.0
1.0,1.0,0.0,1.0,1.0,0.0,1.0,0.0,0.0,1.0,1.0,0.0,0.0,1.0,0.0,0.0,1.0,0.0,0.0,1.0,0.0,-0.5434782608695652,0.546583850931677,0.6332600427467643,0.4712707798728107,0.0,3.0,0.0
1.0,1.0,1.0,1.0,0.0,0.0,0.0,0.0,0.0,0.0,0.0,2.0,0.0,0.0,1.0,1.0,0.0,0.0,1.0,0.0,0.0,-0.5434782608695652,-0.9376581550494595,-0.9810679271987433,-0.1178176949682024,0.0,0.0,0.0
0.0,1.0,1.0,1.0,1.0,1.0,1.0,0.0,0.0,1.0,0.0,1.0,0.0,1.0,0.0,0.0,1.0,0.0,1.0,0.0,0.0,0.2826086956521739,0.44076374511157124,0.41961764696271914,0.317304473948455,0.0,3.0,0.0
1.0,0.0,0.0,1.0,1.0,0.0,1.0,1.0,0.0,1.0,0.0,1.0,0.0,1.0,0.0,0.0,1.0,0.0,1.0,0.0,0.0,0.3695652173913043,0.4490453186105361,0.4697339843722639,0.3293540109338394,0.0,3.0,0.0
1.0,1.0,0.0,0.0,1.0,1.0,1.0,1.0,0.0,0.0,0.0,1.0,1.0,0.0,0.0,1.0,0.0,0.0,0.0,1.0,0.0,0.2391304347826087,-0.5180584311019093,-0.5085990596146632,-1.0777641414704897,0.0,3.0,0.0
0.0,1.0,1.0,1.0,1.0,1.0,0.0,1.0,1.0,1.0,1.0,1.0,1.0,0.0,0.0,1.0,0.0,0.0,0.0,0.0,1.0,0.043478260869565216,0.19599723947550046,0.2119170934243244,-0.7631373424076758,0.0,5.0,0.0
0.0,1.0,1.0,1.0,1.0,0.0,1.0,1.0,1.0,1.0,1.0,0.0,0.0,1.0,0.0,0.0,1.0,0.0,0.0,1.0,0.0,0.021739130434782608,0.6809293765815505,0.6890004507395703,-0.29275912083007893,0.0,5.0,0.0
1.0,1.0,0.0,1.0,1.0,1.0,0.0,0.0,0.0,0.0,1.0,0.0,1.0,0.0,0.0,0.0,1.0,0.0,0.0,1.0,0.0,-0.34782608695652173,-0.08557625948930307,-0.021772207393551898,0.13923909405333043,0.0,2.0,0.0
1.0,1.0,0.0,1.0,0.0,0.0,0.0,0.0,0.0,0.0,0.0,1.0,0.0,0.0,1.0,1.0,0.0,0.0,0.0,0.0,1.0,-0.32608695652173914,-0.9358178053830228,-0.9970156341951154,-0.10710699542563874,1.0,0.0,1.0
0.0,0.0,0.0,1.0,1.0,0.0,0.0,0.0,0.0,0.0,0.0,1.0,0.0,0.0,1.0,1.0,0.0,0.0,0.0,0.0,1.0,-0.41304347826086957,-0.942259029215551,-0.9568116617425332,-0.14459444382461206,0.0,0.0,0.0
1.0,0.0,0.0,1.0,1.0,0.0,0.0,1.0,1.0,1.0,0.0,2.0,1.0,0.0,0.0,0.0,1.0,0.0,1.0,0.0,0.0,0.021739130434782608,-0.025764895330112825,-0.01455375388171944,-0.36148610956153077,1.0,3.0,0.0
1.0,0.0,0.0,1.0,0.0,1.0,0.0,0.0,0.0,0.0,1.0,0.0,0.0,1.0,0.0,0.0,1.0,0.0,1.0,0.0,0.0,0.13043478260869565,0.3772716816195077,0.3727152000488349,1.0371527390382684,1.0,2.0,1.0
1.0,1.0,0.0,1.0,1.0,0.0,0.0,0.0,1.0,0.0,0.0,1.0,0.0,1.0,0.0,0.0,1.0,0.0,0.0,1.0,0.0,0.06521739130434782,0.1610305958132045,0.20690908895975446,2.0323552382014953,0.0,1.0,0.0
1.0,0.0,0.0,1.0,1.0,1.0,0.0,0.0,0.0,0.0,0.0,0.0,0.0,1.0,0.0,1.0,0.0,0.0,0.0,1.0,0.0,-0.5869565217391305,0.09569818265470445,0.4412312745517664,1.8422403213209866,0.0,1.0,0.0
1.0,1.0,1.0,1.0,0.0,0.0,0.0,0.0,0.0,0.0,0.0,1.0,0.0,0.0,1.0,1.0,0.0,0.0,0.0,1.0,0.0,0.13043478260869565,-0.9312169312169313,-0.9474661741858115,-0.08033024656922906,0.0,0.0,0.0
1.0,1.0,1.0,1.0,0.0,1.0,1.0,0.0,1.0,1.0,0.0,0.0,0.0,1.0,0.0,0.0,1.0,0.0,0.0,1.0,0.0,-0.043478260869565216,0.5567057740970784,0.6041307452853222,-0.05355349771281937,0.0,4.0,0.0
1.0,1.0,1.0,1.0,0.0,0.0,0.0,0.0,0.0,0.0,0.0,2.0,0.0,0.0,1.0,0.0,1.0,0.0,1.0,0.0,0.0,0.9347826086956522,-0.8419599723947551,-0.8226518500873198,0.439138681245119,0.0,0.0,0.0
1.0,0.0,1.0,1.0,1.0,0.0,0.0,0.0,0.0,0.0,0.0,0.0,0.0,0.0,1.0,1.0,0.0,0.0,0.0,0.0,1.0,-0.6086956521739131,-0.9440993788819876,-0.944316009840849,-0.1553051433671761,0.0,0.0,0.0
0.0,0.0,0.0,1.0,0.0,0.0,0.0,0.0,0.0,0.0,0.0,0.0,1.0,0.0,0.0,1.0,0.0,0.0,0.0,0.0,1.0,-0.6086956521739131,-0.48861283643892334,-0.48951103253690686,2.4955929934173833,0.0,0.0,0.0
1.0,0.0,0.0,1.0,1.0,1.0,1.0,0.0,0.0,1.0,1.0,1.0,0.0,1.0,0.0,1.0,0.0,0.0,1.0,0.0,0.0,0.7608695652173914,0.5484242005981136,0.5989773948363536,-0.06319312730112685,0.0,4.0,0.0
0.0,0.0,0.0,1.0,1.0,0.0,0.0,1.0,0.0,0.0,0.0,0.0,1.0,0.0,0.0,0.0,1.0,0.0,0.0,0.0,1.0,-0.21739130434782608,-0.26501035196687367,-0.29719211762592584,0.7925917661497269,0.0,1.0,0.0
1.0,0.0,1.0,1.0,1.0,1.0,0.0,0.0,0.0,0.0,0.0,0.0,1.0,0.0,0.0,1.0,0.0,0.0,0.0,1.0,0.0,-0.5434782608695652,-0.38831377961812746,-0.4500027213771705,0.43378333147383696,0.0,1.0,0.0
1.0,0.0,0.0,1.0,1.0,0.0,0.0,0.0,0.0,0.0,0.0,0.0,0.0,1.0,0.0,1.0,0.0,0.0,0.0,1.0,0.0,-0.6086956521739131,-0.016563146997929712,-0.01816769242191249,5.242887426085016,0.0,0.0,0.0
0.0,0.0,0.0,1.0,0.0,0.0,0.0,0.0,1.0,1.0,0.0,0.0,1.0,0.0,0.0,0.0,1.0,0.0,0.0,0.0,1.0,0.10869565217391304,-0.10121923165401427,-0.13107174442285552,0.10889211201606633,0.0,2.0,0.0
0.0,1.0,0.0,0.0,1.0,1.0,1.0,1.0,0.0,0.0,1.0,2.0,1.0,0.0,0.0,1.0,0.0,0.0,0.0,1.0,0.0,0.9347826086956522,-0.39199447895100065,-0.3831984549297481,-1.1578266205511547,0.0,4.0,0.0
1.0,1.0,1.0,1.0,1.0,1.0,1.0,1.0,1.0,1.0,1.0,2.0,0.0,1.0,0.0,0.0,1.0,0.0,1.0,0.0,0.0,0.8913043478260869,0.8474810213940649,0.8429559826430925,-0.42842798170255497,0.0,6.0,0.0
0.0,1.0,0.0,1.0,0.0,1.0,1.0,1.0,0.0,0.0,0.0,2.0,1.0,0.0,0.0,0.0,1.0,1.0,0.0,0.0,0.0,0.8043478260869565,-0.06625258799171832,-0.0803536071331676,-0.42039495704563173,0.0,3.0,0.0
1.0,1.0,0.0,1.0,1.0,0.0,1.0,1.0,1.0,1.0,1.0,2.0,0.0,1.0,0.0,0.0,1.0,1.0,0.0,0.0,0.0,0.8695652173913043,0.6974925235794802,0.6518357401070045,-0.2766930715162333,1.0,5.0,0.0
1.0,0.0,1.0,1.0,0.0,1.0,0.0,1.0,0.0,0.0,1.0,1.0,1.0,0.0,0.0,1.0,0.0,0.0,0.0,0.0,1.0,-0.30434782608695654,-0.1039797561536693,-0.1324049022093672,-0.4752872922012719,0.0,3.0,0.0
0.0,0.0,0.0,1.0,1.0,1.0,1.0,1.0,0.0,1.0,1.0,2.0,0.0,1.0,0.0,0.0,1.0,0.0,0.0,0.0,1.0,0.8913043478260869,0.7481021394064874,0.7340784274703306,-0.22760236527948194,0.0,5.0,0.0
0.0,0.0,0.0,1.0,1.0,0.0,0.0,0.0,0.0,0.0,0.0,2.0,0.0,0.0,1.0,0.0,1.0,0.0,1.0,0.0,0.0,0.8043478260869565,-0.8345985737290086,-0.8283804159936734,0.48198147941537434,0.0,0.0,0.0
0.0,0.0,0.0,1.0,1.0,0.0,0.0,0.0,0.0,1.0,0.0,0.0,0.0,1.0,0.0,0.0,1.0,0.0,0.0,1.0,0.0,0.2826086956521739,0.2604094778007823,0.25228704227787757,2.3215441258507203,1.0,1.0,1.0
0.0,1.0,1.0,1.0,1.0,0.0,0.0,0.0,0.0,1.0,0.0,0.0,0.0,1.0,0.0,1.0,0.0,0.0,0.0,1.0,0.0,-0.5652173913043478,0.1877156659765356,0.16957335208133098,2.1100078098850834,0.0,1.0,0.0
1.0,0.0,0.0,1.0,1.0,0.0,1.0,1.0,0.0,1.0,1.0,1.0,0.0,1.0,0.0,0.0,1.0,0.0,0.0,1.0,0.0,0.043478260869565216,0.6063952150908674,0.5205739219445753,0.004284279817025839,0.0,4.0,0.0
0.0,0.0,0.0,0.0,1.0,1.0,1.0,1.0,1.0,0.0,1.0,1.0,1.0,0.0,0.0,1.0,0.0,0.0,0.0,1.0,0.0,0.2826086956521739,-0.2898550724637681,-0.2696339364867907,-1.2344081222804864,0.0,5.0,0.0
1.0,0.0,0.0,1.0,1.0,0.0,0.0,1.0,1.0,1.0,1.0,0.0,0.0,1.0,0.0,1.0,0.0,0.0,0.0,1.0,0.0,-0.5652173913043478,0.5189786059351278,0.5015656722143096,-0.09746736583733089,0.0,4.0,0.0
1.0,0.0,0.0,1.0,0.0,0.0,0.0,0.0,0.0,0.0,0.0,1.0,0.0,0.0,1.0,1.0,0.0,0.0,0.0,0.0,1.0,0.7391304347826086,-0.9201748332183115,-0.9097371225172111,-0.01606604931384566,0.0,0.0,0.0
1.0,1.0,0.0,1.0,0.0,0.0,0.0,0.0,0.0,0.0,0.0,2.0,0.0,0.0,1.0,1.0,0.0,0.0,0.0,0.0,1.0,0.45652173913043476,-0.9192546583850932,-0.9047525708050758,-0.010710699542563646,0.0,0.0,0.0
1.0,0.0,0.0,1.0,1.0,0.0,0.0,0.0,0.0,0.0,0.0,0.0,0.0,1.0,0.0,1.0,0.0,0.0,0.0,1.0,0.0,-0.6086956521739131,-0.011042097998619634,-0.012654904818228133,5.275019524712709,0.0,0.0,0.0
0.0,1.0,0.0,1.0,1.0,1.0,0.0,0.0,1.0,1.0,1.0,1.0,0.0,1.0,0.0,1.0,0.0,0.0,0.0,0.0,1.0,0.7608695652173914,0.4858523119392686,0.5158692504672715,-0.13602588419056078,0.0,4.0,0.0
1.0,1.0,0.0,1.0,0.0,1.0,1.0,0.0,0.0,0.0,1.0,1.0,1.0,0.0,0.0,1.0,0.0,0.0,0.0,0.0,1.0,-0.2608695652173913,-0.10489993098688756,-0.02638282689014779,-0.47662612964409234,0.0,3.0,0.0
1.0,1.0,1.0,1.0,1.0,0.0,1.0,1.0,0.0,0.0,0.0,1.0,1.0,0.0,0.0,1.0,0.0,0.0,1.0,0.0,0.0,0.41304347826086957,-0.2705314009661836,-0.28216896544278663,-0.2195693406225595,0.0,2.0,0.0
1.0,1.0,0.0,0.0,1.0,1.0,1.0,0.0,1.0,1.0,1.0,2.0,1.0,0.0,0.0,1.0,0.0,1.0,0.0,0.0,0.0,0.1956521739130435,-0.1932367149758454,-0.23655145398540015,-1.1406895012830525,0.0,5.0,0.0
1.0,0.0,1.0,1.0,0.0,0.0,0.0,1.0,1.0,0.0,0.0,1.0,1.0,0.0,0.0,1.0,0.0,0.0,1.0,0.0,0.0,-0.30434782608695654,-0.28157349896480327,-0.23800541141771692,-0.24099073970768678,0.0,2.0,0.0
0.0,1.0,1.0,1.0,1.0,0.0,0.0,0.0,0.0,0.0,0.0,1.0,0.0,1.0,0.0,1.0,0.0,1.0,0.0,0.0,0.0,-0.021739130434782608,-0.0018403496664365184,0.010315043530455812,5.3285730224255285,0.0,0.0,0.0
1.0,1.0,1.0,1.0,0.0,1.0,1.0,1.0,1.0,1.0,1.0,2.0,0.0,1.0,0.0,1.0,0.0,1.0,0.0,0.0,0.0,0.9347826086956522,0.7628249367379802,0.753086606632399,-0.4988125786965459,0.0,6.0,0.0
1.0,1.0,1.0,0.0,0.0,1.0,0.0,1.0,1.0,1.0,0.0,2.0,1.0,0.0,0.0,1.0,0.0,0.0,1.0,0.0,0.0,0.2826086956521739,-0.4113181504485853,-0.4079567778284367,-1.1803190895905389,0.0,4.0,0.0
0.0,0.0,0.0,1.0,0.0,0.0,0.0,0.0,0.0,0.0,0.0,0.0,0.0,0.0,1.0,1.0,0.0,0.0,0.0,0.0,1.0,-0.6086956521739131,-0.9201748332183115,-0.9204272635582177,-0.01606604931384566,0.0,0.0,0.0
0.0,0.0,1.0,1.0,1.0,0.0,0.0,0.0,0.0,1.0,0.0,0.0,0.0,1.0,0.0,0.0,1.0,0.0,1.0,0.0,0.0,0.043478260869565216,0.29537612146307796,0.30181109773601267,2.4232957715050767,0.0,1.0,0.0
1.0,1.0,0.0,0.0,1.0,0.0,1.0,0.0,0.0,0.0,0.0,0.0,1.0,0.0,0.0,1.0,0.0,0.0,0.0,1.0,0.0,0.32608695652173914,-0.7389003910743042,-0.7292755297547151,-0.5864107999553719,1.0,1.0,1.0
0.0,0.0,0.0,1.0,0.0,0.0,0.0,1.0,1.0,0.0,0.0,1.0,1.0,0.0,0.0,1.0,0.0,1.0,0.0,0.0,0.0,-0.391304347826087,-0.3073383942949161,-0.20869297308863274,-0.29097400423965175,0.0,2.0,0.0
0.0,0.0,0.0,1.0,1.0,0.0,0.0,0.0,0.0,0.0,1.0,0.0,1.0,0.0,0.0,1.0,0.0,0.0,0.0,1.0,0.0,-0.5,-0.28525419829767656,-0.2546050274243659,0.7336829186656255,0.0,1.0,0.0
1.0,0.0,0.0,1.0,0.0,1.0,1.0,1.0,0.0,1.0,0.0,1.0,0.0,1.0,0.0,0.0,1.0,1.0,0.0,0.0,0.0,0.8478260869565217,0.5677478720956981,0.624436880234005,-0.040700658261742614,0.0,4.0,0.0
1.0,1.0,1.0,1.0,1.0,1.0,1.0,0.0,0.0,0.0,0.0,1.0,0.0,1.0,0.0,1.0,0.0,0.0,1.0,0.0,0.0,0.717391304347826,0.20151828847481026,0.17977398505768216,0.6961954702666522,0.0,2.0,0.0
0.0,1.0,0.0,1.0,1.0,1.0,0.0,1.0,0.0,1.0,1.0,0.0,0.0,1.0,0.0,0.0,1.0,0.0,0.0,1.0,0.0,-0.17391304347826086,0.6146767885898322,0.6753934908606355,0.01392390940533331,0.0,4.0,0.0
0.0,1.0,1.0,1.0,0.0,0.0,1.0,1.0,1.0,1.0,0.0,2.0,1.0,0.0,0.0,0.0,1.0,0.0,0.0,0.0,1.0,-0.6304347826086957,0.05244996549344365,0.05074215262413934,-0.6404998326453197,0.0,4.0,0.0
1.0,0.0,0.0,1.0,1.0,0.0,0.0,0.0,0.0,0.0,1.0,0.0,0.0,1.0,0.0,0.0,1.0,0.0,0.0,1.0,0.0,-0.43478260869565216,0.24568668046928907,0.31617266687559825,2.278701327680464,1.0,1.0,1.0
1.0,1.0,0.0,1.0,1.0,1.0,1.0,1.0,1.0,1.0,1.0,2.0,0.0,1.0,0.0,0.0,1.0,1.0,0.0,0.0,0.0,0.8695652173913043,0.7738670347365999,0.7818789375407711,-0.48963197908863404,0.0,6.0,0.0
1.0,0.0,0.0,1.0,0.0,0.0,0.0,0.0,0.0,0.0,0.0,0.0,0.0,0.0,1.0,1.0,0.0,0.0,0.0,0.0,1.0,-0.4782608695652174,-0.9155739590522199,-0.9267275922481426,0.010710699542564027,0.0,0.0,0.0
0.0,1.0,0.0,1.0,1.0,1.0,0.0,1.0,1.0,1.0,1.0,1.0,0.0,1.0,0.0,0.0,1.0,0.0,0.0,1.0,0.0,0.8260869565217391,0.7499424890729238,0.7630711060713266,-0.22581724868905473,0.0,5.0,0.0
0.0,1.0,1.0,1.0,1.0,0.0,1.0,0.0,1.0,0.0,0.0,1.0,1.0,0.0,0.0,1.0,0.0,0.0,1.0,0.0,0.0,0.34782608695652173,-0.3008971704623879,-0.34983332884504303,-0.27847818810666053,0.0,2.0,0.0
1.0,1.0,0.0,1.0,1.0,0.0,0.0,0.0,0.0,1.0,1.0,0.0,0.0,1.0,0.0,0.0,1.0,0.0,0.0,1.0,0.0,-0.2608695652173913,0.44720496894409933,0.3933456881119222,1.172821599910744,1.0,2.0,1.0
0.0,0.0,0.0,1.0,0.0,0.0,0.0,0.0,0.0,0.0,0.0,1.0,0.0,0.0,1.0,1.0,0.0,0.0,0.0,0.0,1.0,0.13043478260869565,-0.9091327352196917,-0.9080891198737818,0.04819814794153774,0.0,0.0,0.0
0.0,0.0,0.0,1.0,1.0,0.0,0.0,1.0,0.0,1.0,0.0,0.0,0.0,1.0,0.0,1.0,0.0,0.0,0.0,1.0,0.0,-0.5652173913043478,0.30089717046238773,0.056254940227823444,0.8889880620328017,1.0,2.0,1.0
0.0,0.0,0.0,1.0,1.0,0.0,0.0,0.0,0.0,0.0,1.0,0.0,0.0,1.0,0.0,0.0,1.0,0.0,0.0,1.0,0.0,-0.3695652173913043,0.29537612146307796,0.33664144307075916,2.4232957715050767,0.0,1.0,0.0
1.0,0.0,0.0,0.0,1.0,0.0,0.0,0.0,0.0,0.0,0.0,0.0,1.0,0.0,0.0,1.0,0.0,1.0,0.0,0.0,0.0,0.10869565217391304,-0.8364389233954452,-0.836276182196098,0.4712707798728107,0.0,0.0,0.0
0.0,1.0,0.0,1.0,1.0,1.0,1.0,1.0,0.0,1.0,1.0,1.0,0.0,1.0,0.0,1.0,0.0,0.0,1.0,0.0,0.0,0.5869565217391305,0.6459627329192545,0.6942452556125203,-0.32667633604819823,0.0,5.0,0.0
1.0,1.0,0.0,1.0,1.0,0.0,0.0,0.0,0.0,1.0,1.0,0.0,0.0,1.0,0.0,1.0,0.0,0.0,0.0,1.0,0.0,-0.4782608695652174,0.34046468829077525,0.29225475240458787,0.9657480754211762,1.0,2.0,1.0
0.0,0.0,0.0,1.0,1.0,0.0,0.0,0.0,0.0,0.0,0.0,0.0,0.0,0.0,1.0,0.0,1.0,0.0,0.0,1.0,0.0,-0.6086956521739131,-0.8244766505636071,-0.8248722784276925,0.5408903268994757,0.0,0.0,0.0
0.0,0.0,0.0,1.0,0.0,0.0,0.0,0.0,0.0,0.0,0.0,2.0,0.0,0.0,1.0,1.0,0.0,0.0,0.0,0.0,1.0,0.5217391304347826,-0.9247757073844031,-0.9336198150248957,-0.042842798170255346,0.0,0.0,0.0
0.0,1.0,0.0,1.0,1.0,1.0,0.0,1.0,0.0,1.0,1.0,1.0,0.0,1.0,0.0,0.0,1.0,1.0,0.0,0.0,0.0,0.2826086956521739,0.6386013342535083,0.7150986872919324,0.04177172821599917,1.0,4.0,1.0
1.0,0.0,0.0,1.0,0.0,1.0,0.0,1.0,0.0,1.0,0.0,1.0,0.0,1.0,0.0,1.0,0.0,0.0,0.0,1.0,0.0,0.5,0.38187255578559925,0.37730414137827534,0.23161887760794395,0.0,3.0,0.0
0.0,1.0,0.0,1.0,1.0,1.0,1.0,1.0,1.0,1.0,1.0,2.0,0.0,1.0,0.0,0.0,1.0,0.0,1.0,0.0,0.0,0.9347826086956522,0.8585231193926848,0.8797786328578064,-0.41924738209464274,0.0,6.0,0.0
0.0,1.0,1.0,0.0,1.0,0.0,0.0,0.0,0.0,0.0,0.0,0.0,1.0,0.0,0.0,1.0,0.0,0.0,0.0,0.0,1.0,-0.5869565217391305,-0.8484011962272833,-0.9613137716188752,0.4016512328461453,0.0,0.0,0.0
0.0,0.0,0.0,1.0,0.0,0.0,1.0,0.0,0.0,0.0,0.0,0.0,0.0,1.0,0.0,0.0,1.0,0.0,0.0,1.0,0.0,-0.5869565217391305,0.16655164481251433,0.09714144828848102,2.048421287515341,0.0,1.0,0.0
0.0,1.0,1.0,1.0,0.0,0.0,0.0,1.0,0.0,1.0,1.0,1.0,0.0,1.0,0.0,0.0,1.0,1.0,0.0,0.0,0.0,0.5,0.5659075224292616,0.5761885556958032,0.4993863661720408,0.0,3.0,0.0
1.0,1.0,0.0,1.0,0.0,0.0,0.0,0.0,0.0,0.0,0.0,1.0,0.0,0.0,1.0,0.0,1.0,0.0,0.0,0.0,1.0,-0.5,-0.8355187485622269,-0.7734195941266405,0.47662612964409273,0.0,0.0,0.0
1.0,1.0,0.0,1.0,0.0,1.0,1.0,1.0,1.0,1.0,1.0,2.0,0.0,1.0,0.0,0.0,1.0,0.0,1.0,0.0,0.0,0.9347826086956522,0.8336783988957902,0.8294106405621093,-0.4399037312124449,0.0,6.0,0.0
0.0,0.0,0.0,1.0,1.0,0.0,0.0,0.0,0.0,1.0,1.0,0.0,0.0,1.0,0.0,1.0,0.0,0.0,0.0,1.0,0.0,-0.6086956521739131,0.3827927306188175,0.38059061091124086,1.0478634385808325,1.0,2.0,1.0
0.0,0.0,0.0,1.0,1.0,1.0,1.0,0.0,1.0,1.0,1.0,2.0,0.0,1.0,0.0,0.0,1.0,0.0,0.0,1.0,0.0,0.45652173913043476,0.720496894409938,0.7430196439361156,-0.25437911413589165,0.0,5.0,0.0
0.0,0.0,0.0,1.0,1.0,1.0,1.0,1.0,1.0,1.0,1.0,2.0,1.0,0.0,0.0,1.0,0.0,0.0,1.0,0.0,0.0,0.8478260869565217,0.2199217851391765,0.2287727640607629,-0.9501920594188807,0.0,6.0,0.0
1.0,1.0,0.0,1.0,1.0,0.0,0.0,0.0,0.0,0.0,0.0,0.0,0.0,1.0,0.0,1.0,0.0,0.0,0.0,1.0,0.0,-0.6086956521739131,-0.024844720496894308,-0.0264368738274385,5.19468927814348,0.0,0.0,0.0
1.0,0.0,0.0,1.0,0.0,0.0,0.0,0.0,1.0,0.0,1.0,0.0,1.0,0.0,0.0,1.0,0.0,0.0,0.0,0.0,1.0,-0.5652173913043478,-0.1812744421440074,-0.09105899518173598,-0.04641303135111015,0.0,2.0,0.0
1.0,1.0,0.0,1.0,1.0,1.0,0.0,0.0,0.0,1.0,0.0,1.0,1.0,0.0,0.0,1.0,0.0,1.0,0.0,0.0,0.0,-0.15217391304347827,-0.19783758914193697,-0.1491799250943152,-0.07854512997880146,0.0,2.0,0.0
0.0,1.0,1.0,1.0,1.0,1.0,1.0,1.0,1.0,0.0,1.0,2.0,1.0,0.0,0.0,0.0,1.0,1.0,0.0,0.0,0.0,0.9347826086956522,0.16563146997929606,0.1478539898094088,-0.7925917661497266,0.0,5.0,0.0
0.0,1.0,1.0,1.0,0.0,0.0,0.0,0.0,0.0,0.0,0.0,1.0,0.0,0.0,1.0,1.0,0.0,1.0,0.0,0.0,0.0,0.7608695652173914,-0.9330572808833679,-0.9133496482232795,-0.0910409461117927,0.0,0.0,0.0
1.0,0.0,0.0,1.0,0.0,0.0,0.0,0.0,0.0,0.0,0.0,1.0,0.0,0.0,1.0,1.0,0.0,0.0,0.0,0.0,1.0,-0.5,-0.9183344835518749,-0.9400282861490946,-0.005355349771281633,0.0,0.0,0.0
1.0,1.0,1.0,1.0,1.0,0.0,0.0,0.0,0.0,0.0,0.0,2.0,0.0,0.0,1.0,1.0,0.0,1.0,0.0,0.0,0.0,0.8478260869565217,-0.9302967563837129,-0.9449510613540185,-0.07497489679794704,0.0,0.0,0.0
1.0,0.0,0.0,1.0,1.0,0.0,1.0,0.0,1.0,1.0,1.0,1.0,0.0,1.0,0.0,0.0,1.0,0.0,0.0,1.0,0.0,0.8043478260869565,0.6211180124223603,0.6130186458382875,0.021421399085128055,0.0,4.0,0.0
0.0,0.0,0.0,1.0,0.0,0.0,0.0,0.0,0.0,1.0,0.0,0.0,0.0,1.0,0.0,1.0,0.0,0.0,0.0,1.0,0.0,-0.6086956521739131,0.14630779848171158,0.14445954188677,1.9895124400312398,1.0,1.0,1.0
0.0,0.0,0.0,1.0,1.0,0.0,0.0,0.0,0.0,1.0,1.0,0.0,0.0,1.0,0.0,1.0,0.0,0.0,0.0,1.0,0.0,-0.5,0.3496664366229584,0.4586884352967663,0.9835992413254492,0.0,2.0,0.0
0.0,0.0,0.0,1.0,1.0,0.0,0.0,0.0,0.0,0.0,0.0,0.0,0.0,1.0,0.0,1.0,0.0,0.0,0.0,1.0,0.0,-0.5652173913043478,-0.0018403496664365184,-0.04328150261647348,5.3285730224255285,1.0,0.0,1.0
1.0,0.0,0.0,1.0,0.0,1.0,1.0,1.0,1.0,1.0,1.0,1.0,0.0,1.0,0.0,0.0,1.0,0.0,1.0,0.0,0.0,0.10869565217391304,0.8419599723947551,0.8101826919689219,-0.4330182815065107,0.0,6.0,0.0
0.0,1.0,0.0,1.0,1.0,1.0,0.0,0.0,1.0,1.0,1.0,2.0,0.0,1.0,0.0,1.0,0.0,0.0,0.0,1.0,0.0,0.6739130434782609,0.4913733609385784,0.4215536854663942,-0.1295994644650226,0.0,4.0,0.0
0.0,0.0,0.0,1.0,1.0,0.0,0.0,0.0,0.0,0.0,1.0,0.0,0.0,1.0,0.0,1.0,0.0,1.0,0.0,0.0,0.0,-0.41304347826086957,0.17943409247757075,0.25747168776229484,2.0859087359143147,0.0,1.0,0.0
0.0,1.0,1.0,1.0,0.0,0.0,0.0,0.0,0.0,0.0,0.0,2.0,0.0,0.0,1.0,0.0,1.0,0.0,0.0,0.0,1.0,0.43478260869565216,-0.8327582240625719,-0.8427419606940564,0.4926921789579384,0.0,0.0,0.0
0.0,0.0,0.0,1.0,1.0,0.0,1.0,1.0,1.0,1.0,0.0,1.0,1.0,0.0,0.0,0.0,1.0,1.0,0.0,0.0,0.0,0.41304347826086957,0.061651713825626765,0.07394180045631019,-0.6297891331027557,0.0,4.0,0.0
0.0,0.0,0.0,0.0,0.0,1.0,0.0,1.0,1.0,0.0,0.0,2.0,1.0,0.0,0.0,1.0,0.0,0.0,0.0,0.0,1.0,-0.32608695652173914,-0.5668276972624798,-0.3883776313788442,-1.1487225259399754,1.0,3.0,0.0
1.0,1.0,0.0,1.0,1.0,0.0,0.0,1.0,0.0,0.0,0.0,0.0,0.0,1.0,0.0,0.0,1.0,0.0,1.0,0.0,0.0,0.8478260869565217,0.18127444214400726,0.21328831652688537,2.091264085685596,1.0,1.0,1.0
0.0,0.0,0.0,0.0,1.0,0.0,0.0,1.0,0.0,0.0,1.0,0.0,1.0,0.0,0.0,1.0,0.0,0.0,1.0,0.0,0.0,0.17391304347826086,-0.5576259489302967,-0.5626672139803912,-0.7765257168358807,0.0,2.0,0.0
0.0,1.0,1.0,1.0,0.0,1.0,1.0,1.0,1.0,1.0,1.0,2.0,0.0,1.0,0.0,0.0,1.0,0.0,1.0,0.0,0.0,0.8695652173913043,0.7867494824016563,0.8054880496695918,-0.4789212795460704,0.0,6.0,0.0
0.0,0.0,0.0,0.0,0.0,0.0,0.0,1.0,1.0,0.0,0.0,2.0,1.0,0.0,0.0,1.0,0.0,0.0,0.0,0.0,1.0,-0.34782608695652173,-0.6459627329192547,-0.6604781250152654,-0.9478969095169029,0.0,2.0,0.0
1.0,0.0,1.0,1.0,0.0,0.0,0.0,0.0,0.0,0.0,0.0,0.0,0.0,0.0,1.0,1.0,0.0,1.0,0.0,0.0,0.0,-0.45652173913043476,-0.939498504715896,-0.931452838765586,-0.12852839451076642,0.0,0.0,0.0
1.0,1.0,1.0,1.0,1.0,0.0,1.0,1.0,1.0,1.0,0.0,0.0,1.0,0.0,0.0,0.0,1.0,0.0,0.0,1.0,0.0,-0.34782608695652173,0.04232804232804228,0.017524073473734893,-0.6522816021421399,0.0,4.0,0.0
1.0,1.0,0.0,1.0,1.0,1.0,1.0,0.0,1.0,0.0,0.0,2.0,1.0,0.0,0.0,1.0,0.0,0.0,0.0,1.0,0.0,0.6086956521739131,-0.19783758914193697,-0.18485698075436188,-0.6118487113689611,0.0,3.0,0.0
1.0,1.0,1.0,1.0,0.0,1.0,1.0,1.0,1.0,1.0,1.0,2.0,1.0,0.0,0.0,0.0,1.0,0.0,1.0,0.0,0.0,0.9347826086956522,0.3561076604554865,0.37785973927423044,-0.836964664254634,0.0,6.0,0.0
0.0,1.0,1.0,1.0,0.0,0.0,0.0,0.0,0.0,0.0,0.0,2.0,0.0,0.0,1.0,1.0,0.0,0.0,0.0,0.0,1.0,-0.45652173913043476,-0.9468599033816426,-0.8338305582836792,-0.17137119268102177,0.0,0.0,0.0
1.0,1.0,0.0,1.0,0.0,1.0,0.0,1.0,0.0,0.0,0.0,2.0,1.0,0.0,0.0,1.0,0.0,0.0,1.0,0.0,0.0,0.34782608695652173,-0.31654014262709923,-0.35945008055369204,-0.30882517014392497,0.0,2.0,0.0
1.0,0.0,0.0,0.0,1.0,1.0,0.0,0.0,1.0,1.0,0.0,0.0,1.0,0.0,0.0,1.0,0.0,0.0,0.0,0.0,1.0,-0.17391304347826086,-0.4959742351046699,-0.4120257401073466,-1.045632042842798,0.0,3.0,0.0
1.0,0.0,0.0,0.0,1.0,0.0,0.0,0.0,1.0,0.0,1.0,0.0,1.0,0.0,0.0,1.0,0.0,0.0,0.0,1.0,0.0,0.21739130434782608,-0.5502645502645502,-0.5929582563308262,-0.7622447841124622,0.0,2.0,0.0
1.0,0.0,1.0,1.0,1.0,0.0,0.0,0.0,0.0,0.0,0.0,0.0,0.0,0.0,1.0,0.0,1.0,0.0,0.0,1.0,0.0,-0.30434782608695654,-0.8410397975615368,-0.9000299494245864,0.444494031016401,0.0,0.0,0.0
1.0,1.0,1.0,1.0,0.0,0.0,0.0,1.0,0.0,0.0,1.0,2.0,1.0,0.0,0.0,0.0,1.0,0.0,1.0,0.0,0.0,0.5434782608695652,-0.1315850011502185,-0.13703292143221318,0.04998326453196495,0.0,2.0,0.0
1.0,0.0,0.0,1.0,1.0,0.0,0.0,1.0,0.0,1.0,0.0,2.0,0.0,1.0,0.0,0.0,1.0,0.0,0.0,1.0,0.0,0.6739130434782609,0.35058661145617664,0.3050041675451716,0.9853843579158763,0.0,2.0,0.0
0.0,0.0,0.0,0.0,1.0,0.0,0.0,0.0,0.0,1.0,1.0,0.0,1.0,0.0,0.0,1.0,0.0,0.0,0.0,1.0,0.0,-0.5869565217391305,-0.4646882907752473,-0.5115621829516436,-0.5962289412027221,0.0,2.0,0.0
1.0,1.0,0.0,1.0,1.0,0.0,0.0,1.0,1.0,0.0,1.0,0.0,0.0,1.0,0.0,1.0,0.0,0.0,0.0,1.0,0.0,0.17391304347826086,0.36530940878766954,0.40105248922401465,0.20751980363717507,0.0,3.0,0.0
0.0,1.0,0.0,1.0,0.0,1.0,0.0,0.0,1.0,0.0,0.0,0.0,1.0,0.0,0.0,1.0,0.0,1.0,0.0,0.0,0.0,-0.3695652173913043,-0.2999769956291695,-0.23975112749221703,-0.2766930715162333,0.0,2.0,0.0
0.0,0.0,0.0,1.0,0.0,1.0,0.0,0.0,1.0,1.0,1.0,0.0,0.0,1.0,0.0,0.0,1.0,1.0,0.0,0.0,0.0,0.021739130434782608,0.6606855302507477,0.6702569728870443,0.06747740711815269,0.0,4.0,0.0
1.0,1.0,0.0,1.0,1.0,1.0,1.0,0.0,0.0,1.0,1.0,0.0,0.0,1.0,0.0,0.0,1.0,0.0,0.0,1.0,0.0,0.6956521739130435,0.6570048309178744,0.6233641371303151,0.06319312730112722,0.0,4.0,0.0
1.0,1.0,1.0,0.0,1.0,1.0,1.0,1.0,1.0,1.0,1.0,2.0,1.0,0.0,0.0,1.0,0.0,1.0,0.0,0.0,0.0,0.9347826086956522,-0.10489993098688756,-0.08933624905558468,-1.2202546978849556,1.0,6.0,0.0
1.0,1.0,1.0,1.0,1.0,0.0,0.0,0.0,0.0,0.0,0.0,1.0,0.0,0.0,1.0,1.0,0.0,0.0,0.0,1.0,0.0,-0.6086956521739131,-0.9256958822176213,-0.9259400511619018,-0.04819814794153736,0.0,0.0,0.0
0.0,1.0,0.0,1.0,0.0,1.0,1.0,0.0,0.0,0.0,1.0,1.0,0.0,1.0,0.0,0.0,1.0,0.0,1.0,0.0,0.0,0.1956521739130435,0.45088566827697263,0.43951457314886494,0.3320316858194802,1.0,3.0,1.0
0.0,0.0,0.0,1.0,1.0,0.0,1.0,0.0,1.0,0.0,1.0,0.0,1.0,0.0,0.0,1.0,0.0,1.0,0.0,0.0,0.0,-0.08695652173913043,-0.08649643432252134,-0.06252725667289069,-0.44984938078768266,0.0,3.0,0.0
0.0,1.0,0.0,1.0,1.0,0.0,0.0,0.0,0.0,0.0,0.0,2.0,0.0,0.0,1.0,0.0,1.0,1.0,0.0,0.0,0.0,0.9130434782608695,-0.8438003220611917,-0.8545196878174587,0.42842798170255497,0.0,0.0,0.0
0.0,1.0,1.0,1.0,1.0,0.0,0.0,0.0,0.0,0.0,0.0,0.0,0.0,0.0,1.0,1.0,0.0,0.0,1.0,0.0,0.0,-0.06521739130434782,-0.9247757073844031,-0.9480265399587133,-0.042842798170255346,0.0,0.0,0.0
0.0,0.0,0.0,1.0,1.0,1.0,0.0,0.0,0.0,1.0,0.0,0.0,0.0,1.0,0.0,0.0,1.0,1.0,0.0,0.0,0.0,-0.1956521739130435,0.3423050379572118,0.4295166008939378,0.9693183086020307,0.0,2.0,0.0
1.0,0.0,0.0,1.0,1.0,1.0,1.0,0.0,0.0,0.0,1.0,0.0,0.0,1.0,0.0,0.0,1.0,0.0,1.0,0.0,0.0,-0.021739130434782608,0.4416839199447895,0.4481878874802253,0.3186433113912754,0.0,3.0,0.0
1.0,1.0,0.0,1.0,1.0,0.0,0.0,1.0,0.0,1.0,1.0,1.0,0.0,1.0,0.0,1.0,0.0,0.0,0.0,1.0,0.0,0.043478260869565216,0.4288014722797331,0.44549923914816736,0.29989958719178855,0.0,3.0,0.0
1.0,0.0,0.0,1.0,1.0,0.0,0.0,0.0,0.0,1.0,1.0,0.0,0.0,1.0,0.0,0.0,1.0,0.0,1.0,0.0,0.0,0.06521739130434782,0.4720496894409939,0.4366659973174656,1.2210197478522822,1.0,2.0,1.0
0.0,0.0,0.0,0.0,1.0,0.0,0.0,0.0,0.0,0.0,1.0,0.0,1.0,0.0,0.0,1.0,0.0,0.0,0.0,1.0,0.0,-0.34782608695652173,-0.6514837819185645,-0.6665563267321478,-0.3320316858194799,0.0,1.0,0.0
1.0,0.0,0.0,1.0,1.0,0.0,0.0,0.0,0.0,0.0,0.0,0.0,0.0,0.0,1.0,0.0,1.0,0.0,0.0,1.0,0.0,-0.30434782608695654,-0.812514377731769,-0.8333252194200084,0.6105098739261411,0.0,0.0,0.0
1.0,0.0,0.0,0.0,0.0,1.0,1.0,1.0,0.0,0.0,0.0,2.0,1.0,0.0,0.0,1.0,0.0,1.0,0.0,0.0,0.0,0.6739130434782609,-0.5686680469289165,-0.5545925528581781,-1.1514002008256163,0.0,3.0,0.0
0.0,0.0,0.0,1.0,0.0,0.0,0.0,0.0,0.0,0.0,0.0,0.0,0.0,1.0,0.0,0.0,1.0,0.0,0.0,1.0,0.0,-0.5652173913043478,0.0874166091557396,0.18519291695843623,5.8480419502398755,0.0,0.0,0.0
0.0,0.0,0.0,1.0,1.0,1.0,1.0,0.0,0.0,1.0,1.0,1.0,0.0,1.0,0.0,1.0,0.0,0.0,1.0,0.0,0.0,0.5434782608695652,0.543823326432022,0.5063127948730379,-0.06854847707240885,0.0,4.0,0.0
0.0,1.0,1.0,1.0,0.0,0.0,0.0,0.0,0.0,0.0,0.0,2.0,0.0,0.0,1.0,1.0,0.0,0.0,0.0,0.0,1.0,-0.5652173913043478,-0.9459397285484242,-0.9786177993748838,-0.16601584290973975,0.0,0.0,0.0
0.0,0.0,0.0,1.0,0.0,0.0,0.0,0.0,0.0,0.0,0.0,0.0,0.0,1.0,0.0,1.0,0.0,0.0,0.0,1.0,0.0,-0.43478260869565216,0.009201748332183115,0.07606014013735547,5.392837219680911,0.0,0.0,0.0
0.0,1.0,1.0,1.0,1.0,1.0,0.0,1.0,0.0,1.0,1.0,0.0,0.0,1.0,0.0,0.0,1.0,0.0,0.0,1.0,0.0,-0.2608695652173913,0.620197837589142,0.5874822868612692,0.020350329130871498,0.0,4.0,0.0
0.0,0.0,0.0,1.0,1.0,1.0,0.0,1.0,1.0,0.0,1.0,0.0,0.0,1.0,0.0,1.0,0.0,0.0,0.0,0.0,1.0,-0.30434782608695654,0.4748102139406487,0.45072551986922244,-0.1488787236416379,1.0,4.0,0.0
0.0,1.0,1.0,1.0,0.0,0.0,0.0,0.0,0.0,0.0,0.0,2.0,0.0,0.0,1.0,0.0,1.0,0.0,0.0,0.0,1.0,-0.21739130434782608,-0.8263170002300437,-0.8271934521555595,0.530179627356912,0.0,0.0,0.0
0.0,1.0,1.0,1.0,1.0,0.0,0.0,0.0,0.0,0.0,1.0,0.0,0.0,1.0,0.0,0.0,1.0,0.0,0.0,1.0,0.0,-0.5434782608695652,0.2843340234644583,0.4545538445940033,2.391163672877385,0.0,1.0,0.0
0.0,0.0,1.0,1.0,1.0,0.0,0.0,0.0,0.0,1.0,0.0,0.0,0.0,1.0,0.0,1.0,0.0,0.0,0.0,1.0,0.0,-0.6086956521739131,0.16287094547964104,0.16099790469782227,2.037710587972777,0.0,1.0,0.0
1.0,1.0,1.0,0.0,0.0,1.0,0.0,1.0,1.0,1.0,1.0,2.0,1.0,0.0,0.0,1.0,0.0,1.0,0.0,0.0,0.0,0.9347826086956522,-0.17575339314469746,-0.13611837719240433,-1.123730893673993,0.0,5.0,0.0
1.0,1.0,1.0,1.0,1.0,0.0,0.0,0.0,1.0,0.0,0.0,1.0,1.0,0.0,0.0,0.0,1.0,0.0,0.0,0.0,1.0,-0.08695652173913043,-0.2834138486312399,-0.21949469570845745,0.7390382684369076,0.0,1.0,0.0
1.0,0.0,0.0,1.0,1.0,0.0,0.0,0.0,0.0,0.0,0.0,0.0,0.0,1.0,0.0,0.0,1.0,0.0,0.0,1.0,0.0,-0.43478260869565216,0.10582010582010583,0.10117395033191671,5.955148945665514,0.0,0.0,0.0
0.0,0.0,0.0,1.0,1.0,0.0,0.0,0.0,0.0,0.0,0.0,0.0,0.0,0.0,1.0,1.0,0.0,0.0,0.0,0.0,1.0,-0.5217391304347826,-0.9201748332183115,-0.9138119184337967,-0.01606604931384566,0.0,0.0,0.0
1.0,1.0,1.0,0.0,0.0,1.0,0.0,1.0,0.0,0.0,0.0,0.0,1.0,0.0,0.0,1.0,0.0,1.0,0.0,0.0,0.0,0.6956521739130435,-0.6790890269151139,-0.6593380277050457,-1.0121611067722858,0.0,2.0,0.0
0.0,1.0,0.0,1.0,1.0,1.0,0.0,1.0,0.0,1.0,1.0,1.0,0.0,1.0,0.0,0.0,1.0,0.0,1.0,0.0,0.0,0.9130434782608695,0.6183574879227052,0.6212768471575354,0.01820818922235877,0.0,4.0,0.0
0.0,1.0,1.0,1.0,1.0,0.0,0.0,0.0,0.0,0.0,0.0,2.0,0.0,0.0,1.0,1.0,0.0,0.0,1.0,0.0,0.0,0.6739130434782609,-0.9431792040487693,-0.9592464762674936,-0.14994979359589408,0.0,0.0,0.0
1.0,0.0,0.0,1.0,1.0,1.0,0.0,1.0,1.0,0.0,0.0,2.0,1.0,0.0,0.0,1.0,0.0,0.0,0.0,1.0,0.0,0.5652173913043478,-0.20795951230733833,-0.23605644610328308,-0.6265759232399865,0.0,3.0,0.0
0.0,1.0,1.0,1.0,1.0,1.0,1.0,1.0,1.0,0.0,1.0,1.0,1.0,0.0,0.0,1.0,0.0,0.0,1.0,0.0,0.0,0.6739130434782609,0.08005521048999299,0.06769397450546835,-0.8755996876045966,1.0,5.0,0.0
0.0,0.0,0.0,1.0,0.0,1.0,1.0,1.0,1.0,1.0,1.0,1.0,1.0,0.0,0.0,1.0,0.0,1.0,0.0,0.0,0.0,0.021739130434782608,0.2732919254658384,0.25281644489696165,-0.9058191613139733,0.0,6.0,0.0
0.0,1.0,0.0,1.0,1.0,1.0,1.0,1.0,1.0,1.0,1.0,0.0,0.0,1.0,0.0,0.0,1.0,1.0,0.0,0.0,0.0,0.2608695652173913,0.7931907062341844,0.7622951282021031,-0.4735659297747884,0.0,6.0,0.0
0.0,0.0,0.0,1.0,1.0,1.0,0.0,0.0,1.0,0.0,0.0,1.0,1.0,0.0,0.0,1.0,0.0,0.0,0.0,0.0,1.0,-0.391304347826087,-0.29261559696342304,-0.2649902283141343,-0.26241213879281483,0.0,2.0,0.0
1.0,0.0,0.0,1.0,1.0,0.0,1.0,1.0,1.0,1.0,0.0,1.0,1.0,0.0,0.0,1.0,0.0,0.0,1.0,0.0,0.0,0.1956521739130435,-0.006441223832528076,-0.08947124787482708,-0.7090483097177283,1.0,4.0,0.0
0.0,0.0,0.0,1.0,0.0,0.0,0.0,0.0,0.0,0.0,0.0,0.0,1.0,0.0,0.0,1.0,0.0,0.0,0.0,1.0,0.0,-0.5869565217391305,-0.48861283643892334,-0.515237374687433,2.4955929934173833,1.0,0.0,1.0
1.0,1.0,1.0,1.0,1.0,1.0,1.0,0.0,1.0,0.0,1.0,2.0,0.0,1.0,0.0,0.0,1.0,0.0,1.0,0.0,0.0,0.9347826086956522,0.5014952841039798,0.4872732599084619,-0.1178176949682024,0.0,4.0,0.0
0.0,1.0,1.0,1.0,1.0,1.0,1.0,1.0,0.0,0.0,1.0,1.0,0.0,1.0,0.0,0.0,1.0,1.0,0.0,0.0,0.0,0.2608695652173913,0.5723487462617897,0.46451495878033505,-0.0353453084904606,0.0,4.0,0.0
0.0,0.0,0.0,1.0,1.0,0.0,0.0,0.0,0.0,1.0,1.0,0.0,0.0,1.0,0.0,0.0,1.0,0.0,0.0,1.0,0.0,-0.6086956521739131,0.42972164711295135,0.42744930554255606,1.1389043846926252,0.0,2.0,0.0
1.0,0.0,1.0,1.0,0.0,0.0,0.0,0.0,0.0,0.0,0.0,0.0,0.0,0.0,1.0,1.0,0.0,0.0,0.0,0.0,1.0,-0.5869565217391305,-0.9220151828847482,-0.9029701028132179,-0.026776748856409686,0.0,0.0,0.0
1.0,1.0,1.0,1.0,1.0,0.0,1.0,0.0,0.0,1.0,1.0,0.0,0.0,1.0,0.0,0.0,1.0,0.0,0.0,1.0,0.0,0.391304347826087,0.5309408787669656,0.559678012462129,0.44851054334486223,0.0,3.0,0.0
0.0,0.0,0.0,1.0,1.0,0.0,1.0,0.0,0.0,1.0,1.0,0.0,0.0,1.0,0.0,1.0,0.0,0.0,0.0,1.0,0.0,-0.391304347826087,0.45088566827697263,0.5743734478892291,0.3320316858194802,1.0,3.0,1.0
1.0,0.0,0.0,0.0,1.0,0.0,0.0,0.0,0.0,0.0,0.0,0.0,1.0,0.0,0.0,1.0,0.0,0.0,0.0,1.0,0.0,-0.6086956521739131,-0.8484011962272833,-0.8487610247103239,0.4016512328461453,0.0,0.0,0.0
1.0,1.0,1.0,1.0,0.0,0.0,0.0,0.0,0.0,0.0,0.0,0.0,0.0,0.0,1.0,1.0,0.0,0.0,0.0,0.0,1.0,-0.5217391304347826,-0.939498504715896,-0.9808841676119538,-0.12852839451076642,0.0,0.0,0.0
0.0,1.0,0.0,0.0,0.0,1.0,1.0,1.0,0.0,0.0,1.0,1.0,1.0,0.0,0.0,1.0,0.0,0.0,0.0,1.0,0.0,0.6739130434782609,-0.3763515067862895,-0.4054410215807237,-1.139618431328796,0.0,4.0,0.0
0.0,0.0,0.0,1.0,0.0,0.0,0.0,0.0,0.0,0.0,0.0,2.0,0.0,0.0,1.0,1.0,0.0,0.0,1.0,0.0,0.0,0.45652173913043476,-0.9404186795491144,-0.9208131586904756,-0.13388374428204844,0.0,0.0,0.0
1.0,0.0,0.0,1.0,1.0,1.0,1.0,0.0,0.0,0.0,0.0,0.0,0.0,1.0,0.0,0.0,1.0,0.0,0.0,1.0,0.0,0.5869565217391305,0.29261559696342315,0.3181123514028204,0.872922012718956,0.0,2.0,0.0
0.0,0.0,0.0,1.0,1.0,1.0,1.0,1.0,0.0,0.0,0.0,0.0,0.0,1.0,0.0,1.0,0.0,0.0,1.0,0.0,0.0,0.1956521739130435,0.2466068553025076,0.26656295152977405,0.03480977351333289,0.0,3.0,0.0
1.0,1.0,0.0,1.0,0.0,1.0,1.0,1.0,0.0,1.0,1.0,0.0,0.0,1.0,0.0,0.0,1.0,0.0,0.0,1.0,0.0,0.5434782608695652,0.7186565447435013,0.785116923496397,-0.2561642307263192,0.0,5.0,0.0
1.0,0.0,0.0,1.0,1.0,0.0,1.0,1.0,0.0,1.0,1.0,1.0,0.0,1.0,0.0,0.0,1.0,0.0,1.0,0.0,0.0,0.41304347826086957,0.6551644812514377,0.6487264746348784,0.061050987392614116,0.0,4.0,0.0
1.0,0.0,0.0,1.0,1.0,0.0,0.0,0.0,0.0,0.0,1.0,0.0,0.0,1.0,0.0,0.0,1.0,0.0,0.0,1.0,0.0,-0.5434782608695652,0.27881297446514847,0.25976868259716324,2.3750976235635397,0.0,1.0,0.0
1.0,1.0,0.0,1.0,0.0,0.0,0.0,1.0,0.0,0.0,0.0,0.0,0.0,1.0,0.0,1.0,0.0,0.0,1.0,0.0,0.0,-0.6086956521739131,0.08925695882217612,0.08749406998203366,1.8234965971214994,0.0,1.0,0.0
0.0,1.0,0.0,1.0,1.0,0.0,1.0,1.0,1.0,1.0,1.0,0.0,0.0,1.0,0.0,0.0,1.0,0.0,0.0,1.0,0.0,-0.021739130434782608,0.7425810904071772,0.8058627974811612,-0.23295771505076435,1.0,5.0,0.0
1.0,0.0,0.0,1.0,0.0,1.0,0.0,0.0,0.0,1.0,1.0,0.0,0.0,1.0,0.0,0.0,1.0,0.0,0.0,1.0,0.0,-0.41304347826086957,0.5162180814354727,0.556172896088581,0.42708914425973454,0.0,3.0,0.0
1.0,1.0,1.0,1.0,0.0,0.0,0.0,0.0,0.0,0.0,0.0,1.0,0.0,0.0,1.0,1.0,0.0,1.0,0.0,0.0,0.0,-0.2391304347826087,-0.9330572808833679,-0.9476849355986561,-0.0910409461117927,0.0,0.0,0.0
1.0,1.0,1.0,1.0,0.0,1.0,0.0,0.0,1.0,1.0,1.0,2.0,0.0,1.0,0.0,0.0,1.0,1.0,0.0,0.0,0.0,0.8260869565217391,0.6275592362548883,0.5914067398451623,0.028918888764922414,0.0,4.0,0.0
1.0,0.0,0.0,1.0,1.0,0.0,0.0,0.0,0.0,0.0,0.0,0.0,0.0,1.0,0.0,1.0,0.0,0.0,0.0,1.0,0.0,-0.6086956521739131,-0.0036806993328732983,-0.0053045213466494275,5.317862322882964,0.0,0.0,0.0
1.0,1.0,1.0,1.0,0.0,1.0,1.0,1.0,1.0,0.0,0.0,2.0,1.0,0.0,0.0,1.0,0.0,0.0,0.0,0.0,1.0,0.8043478260869565,-0.08557625948930307,-0.15641893911935495,-0.8011603257837778,0.0,4.0,0.0
1.0,1.0,0.0,1.0,1.0,1.0,1.0,0.0,1.0,1.0,0.0,0.0,1.0,0.0,0.0,1.0,0.0,0.0,0.0,0.0,1.0,-0.43478260869565216,-0.028525419829767605,-0.08462740964410458,-0.7347539886198815,0.0,4.0,0.0
1.0,1.0,1.0,1.0,1.0,0.0,1.0,0.0,0.0,1.0,1.0,1.0,0.0,1.0,0.0,0.0,1.0,0.0,1.0,0.0,0.0,0.8478260869565217,0.5622268230963883,0.5324895281676557,0.49403101640075875,0.0,3.0,0.0
0.0,1.0,0.0,1.0,0.0,0.0,1.0,1.0,1.0,1.0,0.0,1.0,1.0,0.0,0.0,0.0,1.0,1.0,0.0,0.0,0.0,0.6086956521739131,0.07545433632390144,0.11135057774066696,-0.61372308378891,0.0,4.0,0.0
0.0,1.0,1.0,1.0,1.0,0.0,0.0,0.0,1.0,1.0,0.0,0.0,0.0,1.0,0.0,0.0,1.0,0.0,0.0,1.0,0.0,-0.32608695652173914,0.3892339544513459,0.4105171721883837,1.0603592547138239,0.0,2.0,0.0
1.0,1.0,1.0,1.0,1.0,1.0,1.0,1.0,1.0,1.0,1.0,1.0,0.0,1.0,0.0,0.0,1.0,0.0,0.0,1.0,0.0,0.8043478260869565,0.8419599723947551,0.8919016611529456,-0.4330182815065107,1.0,6.0,0.0
0.0,0.0,0.0,1.0,0.0,0.0,0.0,0.0,0.0,0.0,0.0,2.0,0.0,0.0,1.0,0.0,1.0,1.0,0.0,0.0,0.0,0.13043478260869565,-0.8686450425580862,-0.8786350832483836,0.2838335378779429,0.0,0.0,0.0
1.0,0.0,0.0,1.0,1.0,0.0,0.0,0.0,0.0,0.0,0.0,0.0,0.0,1.0,0.0,0.0,1.0,0.0,0.0,1.0,0.0,-0.5652173913043478,0.10213940648723252,0.1227146574500158,5.9337275465803865,1.0,0.0,1.0
1.0,1.0,0.0,1.0,1.0,1.0,0.0,0.0,1.0,0.0,0.0,1.0,1.0,0.0,0.0,1.0,0.0,0.0,1.0,0.0,0.0,-0.15217391304347827,-0.26224982746721875,-0.21779742534320184,-0.20350329130871345,0.0,2.0,0.0
0.0,0.0,1.0,1.0,0.0,0.0,0.0,0.0,0.0,0.0,0.0,1.0,0.0,0.0,1.0,1.0,0.0,1.0,0.0,0.0,0.0,0.17391304347826086,-0.9238555325511848,-0.9219668709069945,-0.03748744839897333,0.0,0.0,0.0
1.0,0.0,1.0,1.0,1.0,0.0,0.0,0.0,0.0,0.0,0.0,2.0,0.0,0.0,1.0,0.0,1.0,0.0,1.0,0.0,0.0,-0.043478260869565216,-0.8217161260639522,-0.7604543343920501,0.5569563762133217,0.0,0.0,0.0
1.0,0.0,0.0,0.0,1.0,1.0,0.0,0.0,0.0,0.0,0.0,0.0,1.0,0.0,0.0,1.0,0.0,0.0,0.0,1.0,0.0,-0.45652173913043476,-0.7370600414078675,-0.7769799361206865,-0.5810554501840901,0.0,1.0,0.0
1.0,1.0,0.0,1.0,0.0,0.0,0.0,0.0,0.0,0.0,0.0,2.0,0.0,0.0,1.0,0.0,1.0,0.0,1.0,0.0,0.0,0.8260869565217391,-0.8401196227283184,-0.8628309751615176,0.449849380787683,0.0,0.0,0.0
1.0,1.0,0.0,1.0,0.0,1.0,0.0,1.0,0.0,0.0,1.0,0.0,0.0,1.0,0.0,0.0,1.0,0.0,0.0,1.0,0.0,0.5217391304347826,0.4306418219461699,0.44657070405470567,0.30257726207742974,0.0,3.0,0.0
0.0,1.0,1.0,1.0,0.0,1.0,1.0,1.0,1.0,0.0,1.0,2.0,0.0,1.0,0.0,0.0,1.0,0.0,1.0,0.0,0.0,0.9347826086956522,0.6800092017483322,0.6574295328425461,-0.29365167912529255,0.0,5.0,0.0
1.0,0.0,1.0,1.0,0.0,0.0,0.0,1.0,0.0,0.0,1.0,0.0,0.0,1.0,0.0,0.0,1.0,0.0,0.0,1.0,0.0,-0.5652173913043478,0.3929146537842189,0.27737897633115444,1.0674997210755326,0.0,2.0,0.0
0.0,0.0,0.0,1.0,1.0,1.0,0.0,0.0,0.0,0.0,0.0,0.0,1.0,0.0,0.0,1.0,0.0,0.0,0.0,1.0,0.0,-0.5,-0.3873936047849091,-0.3336216497438385,0.43646100635947815,0.0,1.0,0.0
0.0,1.0,0.0,1.0,1.0,1.0,1.0,1.0,1.0,0.0,0.0,2.0,0.0,1.0,0.0,0.0,1.0,0.0,1.0,0.0,0.0,0.9130434782608695,0.4757303887738669,0.4542626762346536,-0.14780765368738136,1.0,4.0,0.0
1.0,1.0,0.0,1.0,0.0,0.0,0.0,0.0,0.0,0.0,0.0,2.0,0.0,0.0,1.0,1.0,0.0,0.0,0.0,0.0,1.0,0.7391304347826086,-0.9431792040487693,-0.9361343330004606,-0.14994979359589408,0.0,0.0,0.0
1.0,0.0,0.0,1.0,1.0,1.0,1.0,0.0,1.0,1.0,1.0,1.0,0.0,1.0,0.0,1.0,0.0,0.0,1.0,0.0,0.0,0.5434782608695652,0.6422820335863816,0.6232893836857798,-0.33024656922905266,0.0,5.0,0.0
1.0,0.0,0.0,1.0,1.0,0.0,0.0,0.0,0.0,0.0,0.0,0.0,1.0,0.0,0.0,1.0,0.0,0.0,0.0,0.0,1.0,-0.6086956521739131,-0.4821716126063953,-0.48307944699927546,2.533080441816356,0.0,0.0,0.0
0.0,1.0,1.0,1.0,1.0,1.0,1.0,1.0,1.0,0.0,1.0,1.0,1.0,0.0,0.0,0.0,1.0,0.0,0.0,1.0,0.0,0.6956521739130435,0.16379112031285956,0.15503324925777076,-0.7943768827401537,0.0,5.0,0.0
0.0,0.0,0.0,1.0,0.0,0.0,0.0,0.0,0.0,0.0,0.0,0.0,0.0,0.0,1.0,1.0,0.0,0.0,1.0,0.0,0.0,-0.34782608695652173,-0.939498504715896,-0.969052877293278,-0.12852839451076642,0.0,0.0,0.0
1.0,0.0,0.0,1.0,1.0,0.0,0.0,0.0,0.0,0.0,0.0,0.0,0.0,0.0,1.0,0.0,1.0,0.0,1.0,0.0,0.0,-0.15217391304347827,-0.8401196227283184,-0.8850117795587923,0.449849380787683,0.0,0.0,0.0
1.0,0.0,0.0,1.0,1.0,0.0,0.0,0.0,0.0,0.0,0.0,0.0,0.0,0.0,1.0,1.0,0.0,0.0,0.0,0.0,1.0,-0.5434782608695652,-0.9302967563837129,-1.0249405285447297,-0.07497489679794704,0.0,0.0,0.0
0.0,1.0,1.0,0.0,0.0,1.0,1.0,1.0,0.0,1.0,1.0,1.0,1.0,0.0,0.0,1.0,0.0,0.0,0.0,1.0,0.0,-0.10869565217391304,-0.23740510697032435,-0.24989618801288555,-1.183532299453308,0.0,5.0,0.0
0.0,1.0,0.0,1.0,1.0,1.0,1.0,1.0,1.0,0.0,1.0,2.0,1.0,0.0,0.0,0.0,1.0,1.0,0.0,0.0,0.0,0.9130434782608695,0.22452265930526805,0.21207530533571267,-0.7354680352560525,1.0,5.0,0.0
1.0,0.0,0.0,1.0,1.0,1.0,0.0,0.0,1.0,1.0,1.0,2.0,0.0,1.0,0.0,0.0,1.0,0.0,1.0,0.0,0.0,0.8913043478260869,0.6165171382562687,0.6061292523257761,0.01606604931384604,0.0,4.0,0.0
0.0,0.0,0.0,1.0,1.0,0.0,1.0,0.0,0.0,0.0,1.0,0.0,0.0,1.0,0.0,0.0,1.0,0.0,0.0,1.0,0.0,-0.08695652173913043,0.35334713595583167,0.3107987198485998,0.9907397076871588,1.0,2.0,1.0
0.0,1.0,1.0,1.0,1.0,0.0,1.0,0.0,1.0,1.0,1.0,2.0,1.0,0.0,0.0,0.0,1.0,0.0,0.0,1.0,0.0,0.9347826086956522,0.1555095468138947,0.16532391163682442,-0.520539997768604,0.0,4.0,0.0
0.0,0.0,0.0,1.0,1.0,0.0,0.0,0.0,0.0,0.0,0.0,0.0,0.0,1.0,0.0,1.0,0.0,0.0,0.0,1.0,0.0,-0.6086956521739131,0.0009201748332182592,-0.0007105316769126384,5.3446390717393735,1.0,0.0,1.0
0.0,1.0,1.0,1.0,1.0,0.0,0.0,1.0,0.0,1.0,1.0,1.0,0.0,1.0,0.0,0.0,1.0,0.0,1.0,0.0,0.0,0.5869565217391305,0.5392224522659305,0.5127170352340634,0.46056008033024665,0.0,3.0,0.0
0.0,0.0,1.0,1.0,1.0,0.0,1.0,1.0,1.0,1.0,1.0,2.0,0.0,1.0,0.0,1.0,0.0,0.0,0.0,1.0,0.0,-0.06521739130434782,0.6432022084195997,0.6219517604827971,-0.32935401093383904,0.0,5.0,0.0
1.0,1.0,0.0,1.0,1.0,0.0,1.0,0.0,0.0,0.0,0.0,1.0,0.0,1.0,0.0,0.0,1.0,0.0,0.0,1.0,0.0,0.391304347826087,0.15458937198067643,0.1300715572189986,2.013611514002009,0.0,1.0,0.0
1.0,0.0,0.0,1.0,1.0,0.0,1.0,1.0,0.0,1.0,1.0,2.0,1.0,0.0,0.0,0.0,1.0,1.0,0.0,0.0,0.0,0.6086956521739131,0.17023234414538763,0.13367575560938783,-0.503402878500502,1.0,4.0,1.0
0.0,1.0,1.0,1.0,0.0,1.0,1.0,1.0,1.0,1.0,0.0,2.0,1.0,0.0,0.0,0.0,1.0,0.0,0.0,1.0,0.0,0.8913043478260869,0.1877156659765356,0.17765439867181093,-0.7711703670645986,0.0,5.0,0.0
1.0,1.0,1.0,1.0,1.0,1.0,1.0,1.0,1.0,1.0,1.0,2.0,0.0,1.0,0.0,0.0,1.0,0.0,1.0,0.0,0.0,0.9347826086956522,0.7747872095698182,0.776962591832614,-0.48886692912130814,0.0,6.0,0.0
0.0,0.0,0.0,1.0,0.0,0.0,0.0,0.0,0.0,0.0,0.0,0.0,0.0,1.0,0.0,1.0,0.0,0.0,0.0,0.0,1.0,-0.6086956521739131,0.011042097998619634,0.009396245596508245,5.403547919223474,0.0,0.0,0.0
1.0,1.0,1.0,1.0,0.0,0.0,0.0,0.0,0.0,0.0,0.0,1.0,0.0,0.0,1.0,1.0,0.0,0.0,0.0,0.0,1.0,-0.34782608695652173,-0.9293765815504946,-0.9882062803778728,-0.06961954702666504,0.0,0.0,0.0
1.0,1.0,0.0,1.0,1.0,0.0,1.0,0.0,0.0,1.0,1.0,1.0,0.0,1.0,0.0,1.0,0.0,1.0,0.0,0.0,0.0,0.5217391304347826,0.43708304577869794,0.3906627165645127,0.31194912417717297,0.0,3.0,0.0
1.0,1.0,1.0,1.0,0.0,1.0,1.0,1.0,0.0,0.0,0.0,1.0,1.0,0.0,0.0,1.0,0.0,0.0,0.0,1.0,0.0,0.21739130434782608,-0.1969174143087187,-0.19276285879329366,-0.6105098739261408,0.0,3.0,0.0
0.0,1.0,1.0,1.0,1.0,0.0,0.0,0.0,0.0,0.0,0.0,0.0,0.0,1.0,0.0,1.0,0.0,0.0,0.0,1.0,0.0,-0.6086956521739131,-0.012882447665056413,-0.014492500686123006,5.264308825170144,0.0,0.0,0.0
1.0,1.0,0.0,1.0,0.0,0.0,0.0,1.0,1.0,1.0,1.0,2.0,0.0,1.0,0.0,0.0,1.0,0.0,0.0,1.0,0.0,0.7608695652173914,0.5815504945939728,0.5802138182790223,-0.024634608947896958,1.0,4.0,0.0
1.0,1.0,0.0,1.0,1.0,0.0,0.0,1.0,0.0,0.0,1.0,0.0,0.0,1.0,0.0,0.0,1.0,0.0,1.0,0.0,0.0,0.41304347826086957,0.37819185645272596,0.3761306126068718,1.0389378556286957,1.0,2.0,1.0
1.0,0.0,1.0,0.0,0.0,0.0,0.0,0.0,0.0,0.0,0.0,0.0,1.0,0.0,0.0,1.0,0.0,0.0,0.0,1.0,0.0,-0.6086956521739131,-0.8419599723947551,-0.8423294391726923,0.439138681245119,0.0,0.0,0.0
1.0,0.0,0.0,1.0,1.0,0.0,0.0,0.0,0.0,0.0,1.0,0.0,0.0,1.0,0.0,1.0,0.0,0.0,0.0,1.0,0.0,-0.6086956521739131,0.1610305958132045,0.15916030882992768,2.0323552382014953,0.0,1.0,0.0
0.0,1.0,0.0,1.0,1.0,0.0,0.0,1.0,0.0,1.0,1.0,0.0,0.0,1.0,0.0,0.0,1.0,0.0,0.0,1.0,0.0,-0.6086956521739131,0.5576259489302967,0.5551622183612388,0.48733682918665633,1.0,3.0,1.0
1.0,1.0,0.0,1.0,1.0,0.0,1.0,0.0,0.0,0.0,1.0,0.0,0.0,1.0,0.0,0.0,1.0,0.0,0.0,1.0,0.0,0.782608695652174,0.37083045778697965,0.37960113621314373,1.0246569229052778,0.0,2.0,0.0
1.0,0.0,0.0,1.0,1.0,1.0,1.0,0.0,1.0,0.0,1.0,0.0,0.0,1.0,0.0,1.0,0.0,0.0,0.0,0.0,1.0,-0.5434782608695652,0.4490453186105361,0.35922855894696487,-0.1788686823608165,0.0,4.0,0.0
0.0,1.0,0.0,1.0,1.0,1.0,0.0,0.0,0.0,1.0,1.0,1.0,0.0,1.0,0.0,1.0,0.0,0.0,0.0,1.0,0.0,0.5652173913043478,0.44628479411088107,0.4656545941777855,0.3253374986053778,0.0,3.0,0.0
1.0,1.0,0.0,1.0,1.0,1.0,0.0,0.0,0.0,0.0,0.0,1.0,1.0,0.0,0.0,0.0,1.0,0.0,0.0,1.0,0.0,0.43478260869565216,-0.27881297446514836,-0.30935163357024964,0.7524266428651124,0.0,1.0,0.0
0.0,1.0,1.0,1.0,1.0,0.0,0.0,0.0,0.0,0.0,0.0,0.0,0.0,0.0,1.0,1.0,0.0,0.0,0.0,0.0,1.0,0.043478260869565216,-0.9376581550494595,-0.9065267399768852,-0.1178176949682024,0.0,0.0,0.0
0.0,1.0,1.0,1.0,1.0,1.0,1.0,1.0,1.0,1.0,1.0,2.0,0.0,1.0,0.0,0.0,1.0,1.0,0.0,0.0,0.0,0.9347826086956522,0.8530020703933746,0.8665581514748977,-0.42383768189859883,0.0,6.0,0.0
0.0,1.0,1.0,1.0,1.0,0.0,0.0,1.0,0.0,1.0,1.0,0.0,0.0,1.0,0.0,0.0,1.0,0.0,0.0,1.0,0.0,0.021739130434782608,0.543823326432022,0.5687298011858617,0.46725426754434907,0.0,3.0,0.0
0.0,1.0,0.0,0.0,1.0,0.0,1.0,1.0,0.0,1.0,1.0,2.0,1.0,0.0,0.0,1.0,0.0,0.0,0.0,1.0,0.0,0.9347826086956522,-0.2999769956291695,-0.29221193730412787,-1.050719625125516,0.0,4.0,0.0
0.0,0.0,1.0,1.0,0.0,1.0,0.0,1.0,1.0,0.0,1.0,0.0,0.0,1.0,0.0,1.0,0.0,1.0,0.0,0.0,0.0,-0.43478260869565216,0.4140786749482402,0.479718699118228,-0.21956934062255912,0.0,4.0,0.0
0.0,0.0,0.0,1.0,1.0,0.0,0.0,1.0,0.0,1.0,1.0,0.0,0.0,1.0,0.0,0.0,1.0,0.0,0.0,1.0,0.0,-0.45652173913043476,0.5364619277662757,0.5875498455328833,0.45654356800178547,0.0,3.0,0.0
0.0,1.0,1.0,1.0,1.0,0.0,1.0,1.0,0.0,1.0,1.0,1.0,0.0,1.0,0.0,0.0,1.0,0.0,0.0,1.0,0.0,0.6521739130434783,0.6560846560846562,0.65140240873064,0.062122057346870665,0.0,4.0,0.0
0.0,0.0,0.0,1.0,1.0,0.0,1.0,0.0,0.0,0.0,1.0,0.0,0.0,1.0,0.0,1.0,0.0,0.0,0.0,0.0,1.0,-0.15217391304347827,0.2539682539682539,0.2528359345501062,0.7979471159210085,0.0,2.0,0.0
1.0,0.0,0.0,1.0,1.0,0.0,1.0,1.0,1.0,1.0,1.0,1.0,0.0,1.0,0.0,0.0,1.0,1.0,0.0,0.0,0.0,0.717391304347826,0.7407407407407408,0.7933828117193643,-0.23474283164119156,1.0,5.0,0.0
0.0,1.0,0.0,1.0,0.0,0.0,0.0,0.0,0.0,0.0,0.0,0.0,1.0,0.0,0.0,1.0,0.0,0.0,0.0,1.0,0.0,-0.6086956521739131,-0.45088566827697263,-0.4518403172450653,2.7151623340399422,1.0,0.0,1.0
0.0,0.0,0.0,1.0,1.0,0.0,1.0,0.0,0.0,0.0,0.0,0.0,0.0,1.0,0.0,1.0,0.0,0.0,0.0,1.0,0.0,-0.6086956521739131,0.07729468599033822,0.07554969684071816,1.7886868236081672,0.0,1.0,0.0
0.0,1.0,1.0,1.0,0.0,0.0,0.0,0.0,0.0,0.0,0.0,2.0,0.0,0.0,1.0,1.0,0.0,1.0,0.0,0.0,0.0,0.9130434782608695,-0.9321371060501495,-0.953853391211542,-0.08568559634051069,0.0,0.0,0.0
0.0,0.0,0.0,1.0,0.0,0.0,0.0,0.0,0.0,0.0,0.0,1.0,0.0,0.0,1.0,0.0,1.0,0.0,1.0,0.0,0.0,-0.13043478260869565,-0.8410397975615368,-0.8054976263422808,0.444494031016401,0.0,0.0,0.0
0.0,0.0,0.0,1.0,1.0,1.0,0.0,1.0,1.0,1.0,1.0,2.0,1.0,0.0,0.0,0.0,1.0,0.0,0.0,0.0,1.0,0.8260869565217391,0.2714515757994019,0.2700880176015721,-0.689947562200156,0.0,5.0,0.0
1.0,0.0,0.0,1.0,0.0,0.0,0.0,0.0,0.0,0.0,0.0,1.0,0.0,0.0,1.0,1.0,0.0,0.0,1.0,0.0,0.0,-0.06521739130434782,-0.9330572808833679,-0.9739295740196139,-0.0910409461117927,0.0,0.0,0.0
1.0,1.0,1.0,1.0,1.0,0.0,0.0,1.0,0.0,1.0,0.0,2.0,0.0,1.0,0.0,0.0,1.0,0.0,1.0,0.0,0.0,0.717391304347826,0.3423050379572118,0.3068052090866619,0.9693183086020307,0.0,2.0,0.0
0.0,0.0,0.0,1.0,0.0,0.0,0.0,0.0,0.0,0.0,0.0,0.0,0.0,0.0,1.0,1.0,0.0,0.0,0.0,0.0,1.0,-0.5869565217391305,-0.9229353577179664,-0.8809189523984814,-0.03213209862769132,0.0,0.0,0.0
1.0,0.0,0.0,1.0,0.0,0.0,0.0,0.0,0.0,0.0,0.0,0.0,1.0,0.0,0.0,1.0,0.0,0.0,0.0,1.0,0.0,-0.6086956521739131,-0.4876926616057051,-0.4885922346029596,2.5009483431886648,1.0,0.0,1.0
0.0,0.0,0.0,1.0,0.0,0.0,0.0,0.0,0.0,0.0,0.0,1.0,0.0,0.0,1.0,1.0,0.0,0.0,0.0,0.0,1.0,-0.5869565217391305,-0.9210950080515298,-0.9773927354629539,-0.021421399085127673,0.0,0.0,0.0
1.0,1.0,0.0,0.0,1.0,0.0,1.0,1.0,0.0,1.0,1.0,0.0,1.0,0.0,0.0,1.0,0.0,1.0,0.0,0.0,0.0,0.9130434782608695,-0.3349436392914654,-0.3226780330376205,-1.0914202833872588,1.0,4.0,1.0
1.0,1.0,1.0,1.0,1.0,0.0,0.0,1.0,0.0,1.0,1.0,0.0,0.0,1.0,0.0,1.0,0.0,0.0,0.0,0.0,1.0,-0.34782608695652173,0.481251437773177,0.34659508735518846,0.37621332143255637,0.0,3.0,0.0
0.0,1.0,1.0,1.0,1.0,1.0,1.0,1.0,1.0,0.0,0.0,1.0,0.0,1.0,0.0,0.0,1.0,0.0,1.0,0.0,0.0,0.9130434782608695,0.45364619277662765,0.45527205988039887,-0.1735133325895345,0.0,4.0,0.0
0.0,0.0,0.0,1.0,1.0,0.0,1.0,1.0,1.0,1.0,1.0,2.0,0.0,1.0,0.0,0.0,1.0,0.0,1.0,0.0,0.0,0.9347826086956522,0.6910512997469519,0.6952789032882108,-0.2829409795827289,0.0,5.0,0.0
1.0,1.0,0.0,1.0,1.0,1.0,0.0,0.0,0.0,1.0,1.0,0.0,0.0,1.0,0.0,1.0,0.0,0.0,0.0,1.0,0.0,0.15217391304347827,0.4251207729468598,0.42104324216975664,0.29454423742050656,0.0,3.0,0.0
1.0,1.0,0.0,1.0,0.0,1.0,0.0,1.0,0.0,1.0,0.0,0.0,1.0,0.0,0.0,1.0,0.0,1.0,0.0,0.0,0.0,-0.21739130434782608,-0.07545433632390144,-0.053323802841898214,-0.4337833314738366,1.0,3.0,1.0
1.0,1.0,0.0,1.0,1.0,1.0,1.0,0.0,0.0,1.0,1.0,2.0,1.0,0.0,0.0,1.0,0.0,1.0,0.0,0.0,0.0,0.5434782608695652,0.07453416149068318,0.12919728731731098,-0.6147941537431663,0.0,4.0,0.0
0.0,1.0,0.0,1.0,1.0,1.0,1.0,1.0,1.0,0.0,1.0,1.0,0.0,1.0,0.0,0.0,1.0,0.0,1.0,0.0,0.0,0.8260869565217391,0.6422820335863816,0.6325058056368077,-0.33024656922905266,1.0,5.0,0.0
0.0,1.0,1.0,1.0,0.0,1.0,1.0,0.0,0.0,1.0,0.0,1.0,0.0,1.0,0.0,0.0,1.0,1.0,0.0,0.0,0.0,0.6739130434782609,0.43524269611226146,0.48282219436178325,0.30927144929153216,0.0,3.0,0.0
1.0,1.0,1.0,0.0,0.0,1.0,1.0,1.0,0.0,1.0,0.0,1.0,1.0,0.0,0.0,1.0,0.0,0.0,0.0,0.0,1.0,0.6304347826086957,-0.3772716816195077,-0.372047469084844,-1.1406895012830525,0.0,4.0,0.0
0.0,1.0,1.0,1.0,0.0,0.0,0.0,0.0,0.0,0.0,0.0,2.0,0.0,0.0,1.0,1.0,0.0,0.0,0.0,0.0,1.0,0.021739130434782608,-0.9348976305498045,-0.9300746418646649,-0.10175164565435672,0.0,0.0,0.0
0.0,0.0,0.0,1.0,0.0,1.0,1.0,0.0,0.0,0.0,0.0,2.0,1.0,0.0,0.0,0.0,1.0,1.0,0.0,0.0,0.0,0.9347826086956522,-0.19783758914193697,-0.20861408639733398,-0.07854512997880146,0.0,2.0,0.0
0.0,1.0,1.0,1.0,1.0,1.0,0.0,1.0,0.0,1.0,1.0,2.0,0.0,1.0,0.0,0.0,1.0,0.0,1.0,0.0,0.0,0.782608695652174,0.6220381872555786,0.604155351269878,0.022492469039384226,0.0,4.0,0.0
0.0,1.0,0.0,1.0,1.0,0.0,1.0,0.0,0.0,0.0,1.0,1.0,1.0,0.0,0.0,1.0,0.0,1.0,0.0,0.0,0.0,0.41304347826086957,-0.2125603864734299,-0.22914666800457445,-0.10710699542563837,1.0,2.0,1.0
0.0,0.0,0.0,1.0,1.0,0.0,0.0,0.0,0.0,0.0,0.0,0.0,0.0,1.0,0.0,0.0,1.0,0.0,0.0,1.0,0.0,-0.5434782608695652,0.08097538532321151,0.18098175976117742,5.810554501840903,1.0,0.0,1.0
0.0,1.0,1.0,1.0,1.0,0.0,0.0,0.0,0.0,1.0,0.0,0.0,0.0,1.0,0.0,1.0,0.0,0.0,0.0,1.0,0.0,-0.5217391304347826,0.19047619047619038,0.011601360637981988,2.118040834542006,0.0,1.0,0.0
1.0,1.0,0.0,0.0,1.0,1.0,0.0,1.0,1.0,1.0,1.0,2.0,1.0,0.0,0.0,1.0,0.0,0.0,0.0,0.0,1.0,0.6956521739130435,-0.15366919714745805,-0.1587739008382827,-1.1023094945888654,0.0,5.0,0.0
1.0,0.0,0.0,1.0,0.0,0.0,0.0,0.0,1.0,1.0,0.0,0.0,0.0,1.0,0.0,1.0,0.0,0.0,0.0,1.0,0.0,-0.43478260869565216,0.2898550724637681,0.2760518237598971,0.8675666629476739,0.0,2.0,0.0
0.0,0.0,0.0,1.0,1.0,0.0,0.0,0.0,0.0,1.0,0.0,0.0,0.0,1.0,0.0,0.0,1.0,0.0,0.0,1.0,0.0,-0.6086956521739131,0.27973314929836673,0.2776852423091369,2.3777752984491802,1.0,1.0,1.0
1.0,1.0,1.0,1.0,0.0,0.0,1.0,1.0,1.0,0.0,0.0,1.0,0.0,1.0,0.0,1.0,0.0,0.0,0.0,0.0,1.0,-0.13043478260869565,0.2999769956291695,0.25347691413643675,0.11246234519692075,0.0,3.0,0.0
0.0,0.0,0.0,1.0,0.0,0.0,0.0,0.0,0.0,0.0,0.0,0.0,0.0,0.0,1.0,1.0,0.0,0.0,0.0,0.0,1.0,-0.6086956521739131,-0.9358178053830228,-0.9360468284353228,-0.10710699542563874,0.0,0.0,0.0
0.0,0.0,0.0,0.0,1.0,0.0,0.0,1.0,0.0,0.0,0.0,0.0,1.0,0.0,0.0,1.0,0.0,0.0,0.0,0.0,1.0,-0.021739130434782608,-0.7499424890729238,-0.7782104690679373,-0.6185428985830635,0.0,1.0,0.0
1.0,0.0,0.0,1.0,0.0,0.0,0.0,1.0,0.0,1.0,1.0,1.0,0.0,1.0,0.0,1.0,0.0,0.0,0.0,1.0,0.0,-0.3695652173913043,0.46376811594202905,0.5159601731794853,0.3507754100189671,0.0,3.0,0.0
1.0,1.0,0.0,1.0,0.0,0.0,0.0,0.0,0.0,0.0,0.0,2.0,0.0,0.0,1.0,1.0,0.0,0.0,1.0,0.0,0.0,0.9347826086956522,-0.942259029215551,-0.9641212097503811,-0.14459444382461206,0.0,0.0,0.0
0.0,1.0,1.0,1.0,1.0,0.0,1.0,0.0,0.0,0.0,0.0,0.0,0.0,1.0,0.0,1.0,0.0,0.0,0.0,1.0,0.0,-0.6086956521739131,0.07729468599033822,0.07554969684071816,1.7886868236081672,0.0,1.0,0.0
1.0,0.0,0.0,1.0,1.0,1.0,1.0,1.0,1.0,1.0,1.0,1.0,0.0,1.0,0.0,0.0,1.0,1.0,0.0,0.0,0.0,0.9130434782608695,0.8428801472279733,0.8535127305747083,-0.4322532315391848,0.0,6.0,0.0
0.0,0.0,0.0,1.0,1.0,1.0,0.0,0.0,1.0,0.0,0.0,0.0,1.0,0.0,0.0,0.0,1.0,0.0,0.0,0.0,1.0,-0.15217391304347827,-0.2107200368069934,-0.2501224072011681,-0.10353676224478393,0.0,2.0,0.0
1.0,1.0,1.0,1.0,1.0,0.0,0.0,0.0,0.0,0.0,0.0,0.0,0.0,0.0,1.0,1.0,0.0,0.0,0.0,1.0,0.0,0.043478260869565216,-0.9174143087186566,-0.8809782296845425,0.0,0.0,0.0,0.0
0.0,1.0,0.0,1.0,1.0,0.0,1.0,0.0,1.0,1.0,0.0,2.0,1.0,0.0,0.0,1.0,0.0,0.0,1.0,0.0,0.0,0.3695652173913043,-0.11594202898550719,-0.09490729377464598,-0.492692178957938,0.0,3.0,0.0
0.0,1.0,0.0,1.0,1.0,0.0,0.0,0.0,0.0,1.0,0.0,0.0,0.0,1.0,0.0,0.0,1.0,0.0,0.0,1.0,0.0,-0.2826086956521739,0.2659305268000921,0.2857821491020479,2.3376101751645657,0.0,1.0,0.0
1.0,0.0,0.0,1.0,1.0,0.0,0.0,0.0,0.0,1.0,1.0,0.0,0.0,1.0,0.0,0.0,1.0,1.0,0.0,0.0,0.0,0.21739130434782608,0.4628479411088108,0.47404885203865543,1.2031685819480091,1.0,2.0,1.0
1.0,0.0,0.0,0.0,0.0,1.0,1.0,0.0,0.0,0.0,1.0,2.0,1.0,0.0,0.0,1.0,0.0,1.0,0.0,0.0,0.0,0.5434782608695652,-0.44720496894409933,-0.4695526996383839,-0.9746736583733123,0.0,3.0,0.0
0.0,1.0,0.0,1.0,1.0,1.0,0.0,0.0,0.0,1.0,0.0,0.0,1.0,0.0,0.0,0.0,1.0,1.0,0.0,0.0,0.0,-0.32608695652173914,-0.10674028065332408,-0.06200747955597214,0.0981814124735023,0.0,2.0,0.0
1.0,0.0,1.0,1.0,1.0,1.0,1.0,1.0,0.0,1.0,1.0,1.0,0.0,1.0,0.0,0.0,1.0,0.0,1.0,0.0,0.0,0.43478260869565216,0.7122153209109732,0.6868878405240999,-0.26241213879281483,0.0,5.0,0.0
0.0,0.0,0.0,1.0,0.0,0.0,0.0,0.0,0.0,0.0,0.0,2.0,0.0,0.0,1.0,0.0,1.0,1.0,0.0,0.0,0.0,-0.30434782608695654,-0.8364389233954452,-0.8449633265833414,0.4712707798728107,0.0,0.0,0.0
1.0,0.0,1.0,1.0,0.0,0.0,0.0,0.0,0.0,0.0,0.0,1.0,0.0,0.0,1.0,1.0,0.0,0.0,1.0,0.0,0.0,0.5,-0.9358178053830228,-0.969052877293278,-0.10710699542563874,0.0,0.0,0.0
0.0,1.0,1.0,1.0,0.0,0.0,0.0,0.0,0.0,0.0,0.0,2.0,0.0,0.0,1.0,1.0,0.0,0.0,0.0,0.0,1.0,-0.5,-0.927536231884058,-0.9897965075712434,-0.058908847484101,0.0,0.0,0.0
0.0,1.0,0.0,1.0,1.0,0.0,0.0,0.0,0.0,1.0,1.0,0.0,0.0,1.0,0.0,0.0,1.0,0.0,0.0,1.0,0.0,-0.5652173913043478,0.4545663676098459,0.4966654165665906,1.1871025326341629,0.0,2.0,0.0
1.0,1.0,0.0,1.0,1.0,0.0,1.0,0.0,0.0,0.0,1.0,0.0,0.0,1.0,0.0,1.0,0.0,0.0,0.0,1.0,0.0,-0.5,0.2521279043018174,0.2928454082192681,0.7943768827401542,1.0,2.0,1.0
1.0,0.0,0.0,1.0,0.0,0.0,0.0,0.0,0.0,0.0,1.0,0.0,0.0,1.0,0.0,1.0,0.0,0.0,0.0,1.0,0.0,-0.6086956521739131,0.1674718196457326,0.16559189436755908,2.0510989624009817,0.0,1.0,0.0
0.0,0.0,0.0,1.0,0.0,1.0,0.0,0.0,1.0,0.0,0.0,1.0,1.0,0.0,0.0,1.0,0.0,0.0,0.0,0.0,1.0,-0.32608695652173914,-0.27237175063262015,-0.25344559193628935,-0.22313957380341393,0.0,2.0,0.0
1.0,1.0,1.0,1.0,0.0,0.0,0.0,0.0,0.0,0.0,0.0,1.0,0.0,0.0,1.0,1.0,0.0,0.0,0.0,0.0,1.0,0.391304347826087,-0.9284564067172764,-0.9250994487968012,-0.06426419725538302,0.0,0.0,0.0
1.0,1.0,0.0,0.0,1.0,0.0,0.0,0.0,0.0,1.0,0.0,0.0,1.0,0.0,0.0,1.0,0.0,0.0,0.0,0.0,1.0,-0.5652173913043478,-0.62663906142167,-0.7231919737375182,-0.25973446390717364,1.0,1.0,1.0
1.0,0.0,0.0,1.0,0.0,0.0,0.0,0.0,1.0,0.0,0.0,0.0,1.0,0.0,0.0,1.0,0.0,0.0,1.0,0.0,0.0,-0.6086956521739131,-0.39567517828387394,-0.3967124412082238,0.41236193238870933,0.0,1.0,0.0
0.0,1.0,0.0,1.0,0.0,0.0,0.0,0.0,0.0,0.0,0.0,2.0,0.0,0.0,1.0,0.0,1.0,0.0,1.0,0.0,0.0,0.9130434782608695,-0.8364389233954452,-0.8121902787760248,0.4712707798728107,0.0,0.0,0.0
0.0,0.0,0.0,1.0,1.0,0.0,0.0,0.0,0.0,0.0,0.0,0.0,0.0,1.0,0.0,1.0,0.0,0.0,0.0,1.0,0.0,-0.5869565217391305,-0.014722797331492931,-0.054919609779806804,5.2535981256275806,0.0,0.0,0.0
1.0,0.0,0.0,1.0,1.0,0.0,0.0,0.0,0.0,0.0,0.0,1.0,0.0,0.0,1.0,1.0,0.0,0.0,0.0,0.0,1.0,-0.34782608695652173,-0.9302967563837129,-0.933855848746679,-0.07497489679794704,0.0,0.0,0.0
0.0,1.0,1.0,1.0,1.0,0.0,1.0,1.0,1.0,1.0,1.0,0.0,1.0,0.0,0.0,0.0,1.0,0.0,0.0,1.0,0.0,0.5434782608695652,0.28893489763054986,0.24237958095838202,-0.6729889545910965,0.0,5.0,0.0
0.0,0.0,0.0,1.0,0.0,1.0,0.0,1.0,0.0,0.0,0.0,0.0,1.0,0.0,0.0,1.0,0.0,0.0,1.0,0.0,0.0,-0.5217391304347826,-0.2705314009661836,-0.19310681904548935,-0.2195693406225595,0.0,2.0,0.0
0.0,0.0,0.0,0.0,1.0,0.0,1.0,0.0,0.0,1.0,1.0,0.0,1.0,0.0,0.0,1.0,0.0,0.0,0.0,1.0,0.0,-0.15217391304347827,-0.3708304577869795,-0.3792970440056762,-0.8635501506192121,0.0,3.0,0.0
1.0,1.0,0.0,1.0,1.0,0.0,1.0,1.0,0.0,1.0,1.0,0.0,0.0,1.0,0.0,1.0,0.0,0.0,0.0,1.0,0.0,-0.34782608695652173,0.5060961582700714,0.45261023357988367,-0.11246234519692037,1.0,4.0,1.0
1.0,0.0,0.0,1.0,1.0,0.0,0.0,0.0,0.0,0.0,0.0,0.0,0.0,1.0,0.0,1.0,0.0,0.0,0.0,1.0,0.0,-0.5434782608695652,0.002760524499655039,0.05280944797552111,5.355349771281938,1.0,0.0,1.0
1.0,1.0,0.0,1.0,1.0,1.0,1.0,1.0,0.0,1.0,1.0,0.0,0.0,1.0,0.0,0.0,1.0,1.0,0.0,0.0,0.0,0.41304347826086957,0.7536231884057972,0.7376584579915328,-0.2222470155082003,0.0,5.0,0.0
1.0,1.0,1.0,1.0,1.0,0.0,0.0,0.0,0.0,0.0,0.0,0.0,0.0,0.0,1.0,1.0,0.0,0.0,0.0,0.0,1.0,0.0,-0.9174143087186566,-0.8821862598935811,0.0,0.0,0.0,0.0
0.0,1.0,1.0,1.0,0.0,0.0,0.0,0.0,0.0,0.0,0.0,0.0,0.0,0.0,1.0,1.0,0.0,0.0,0.0,0.0,1.0,-0.34782608695652173,-0.9514607775477342,-0.9419836766239057,-0.19814794153743145,0.0,0.0,0.0
1.0,0.0,0.0,1.0,0.0,0.0,1.0,0.0,1.0,0.0,0.0,0.0,1.0,0.0,0.0,0.0,1.0,0.0,0.0,0.0,1.0,-0.6086956521739131,-0.19139636530940876,-0.19273929987191035,-0.06604931384581023,0.0,2.0,0.0
0.0,1.0,1.0,1.0,0.0,1.0,1.0,1.0,1.0,1.0,1.0,2.0,1.0,0.0,0.0,0.0,1.0,1.0,0.0,0.0,0.0,0.9130434782608695,0.35702783528870496,0.34445985271995894,-0.8361996142873079,0.0,6.0,0.0
1.0,1.0,0.0,1.0,1.0,1.0,1.0,0.0,1.0,1.0,1.0,2.0,0.0,1.0,0.0,0.0,1.0,0.0,1.0,0.0,0.0,0.9347826086956522,0.7260179434092479,0.7069680547812077,-0.24902376436461,0.0,5.0,0.0
1.0,0.0,0.0,1.0,0.0,0.0,1.0,1.0,1.0,1.0,1.0,2.0,1.0,0.0,0.0,0.0,1.0,0.0,1.0,0.0,0.0,0.7608695652173914,0.29537612146307796,0.32010786566561256,-0.6667410465246011,0.0,5.0,0.0
1.0,0.0,0.0,0.0,1.0,1.0,0.0,1.0,1.0,1.0,1.0,2.0,1.0,0.0,0.0,1.0,0.0,1.0,0.0,0.0,0.0,0.3695652173913043,-0.17943409247757075,-0.14128661557085836,-1.1273011268548476,0.0,5.0,0.0
0.0,1.0,1.0,1.0,1.0,0.0,0.0,1.0,1.0,1.0,1.0,2.0,0.0,1.0,0.0,1.0,0.0,0.0,0.0,1.0,0.0,0.2826086956521739,0.5502645502645503,0.5858106923007681,-0.061050987392613734,0.0,4.0,0.0
1.0,0.0,0.0,1.0,1.0,0.0,1.0,1.0,0.0,1.0,1.0,0.0,0.0,1.0,0.0,0.0,1.0,0.0,0.0,1.0,0.0,-0.17391304347826086,0.6229583620887967,0.6908380466074652,0.0235635389936404,1.0,4.0,1.0
0.0,0.0,0.0,1.0,1.0,0.0,0.0,0.0,0.0,1.0,0.0,0.0,0.0,1.0,0.0,0.0,1.0,0.0,0.0,0.0,1.0,-0.08695652173913043,0.25948930296756373,0.23766240430639002,2.3188664509650785,0.0,1.0,0.0
1.0,1.0,1.0,1.0,0.0,0.0,0.0,0.0,0.0,0.0,0.0,1.0,0.0,0.0,1.0,1.0,0.0,0.0,0.0,0.0,1.0,-0.10869565217391304,-0.9247757073844031,-0.9604332569321755,-0.042842798170255346,0.0,0.0,0.0
0.0,1.0,1.0,0.0,0.0,1.0,0.0,1.0,0.0,0.0,0.0,1.0,1.0,0.0,0.0,1.0,0.0,0.0,1.0,0.0,0.0,0.2608695652173913,-0.6459627329192547,-0.6641050496926109,-0.9478969095169029,0.0,2.0,0.0
1.0,0.0,0.0,1.0,1.0,1.0,1.0,0.0,1.0,0.0,0.0,1.0,1.0,0.0,0.0,0.0,1.0,1.0,0.0,0.0,0.0,0.5869565217391305,-0.10766045548654234,-0.09431307119779972,-0.4806426419725536,0.0,3.0,0.0
1.0,0.0,0.0,0.0,0.0,0.0,0.0,0.0,0.0,0.0,0.0,0.0,1.0,0.0,0.0,1.0,0.0,0.0,0.0,0.0,1.0,-0.6086956521739131,-0.8484011962272833,-0.8487610247103239,0.4016512328461453,0.0,0.0,0.0
1.0,0.0,0.0,0.0,1.0,0.0,0.0,0.0,0.0,0.0,0.0,0.0,1.0,0.0,0.0,1.0,0.0,0.0,0.0,1.0,0.0,-0.6086956521739131,-0.8511617207269382,-0.8515174185121659,0.38558518353229965,0.0,0.0,0.0
0.0,0.0,0.0,1.0,0.0,0.0,0.0,0.0,0.0,0.0,0.0,1.0,0.0,0.0,1.0,1.0,0.0,0.0,0.0,0.0,1.0,0.043478260869565216,-0.9118932597193466,-0.8921223594640331,0.0321320986276917,0.0,0.0,0.0
1.0,1.0,1.0,1.0,0.0,0.0,0.0,1.0,1.0,0.0,1.0,2.0,0.0,1.0,0.0,0.0,1.0,1.0,0.0,0.0,0.0,0.6304347826086957,0.4389233954451345,0.46557941980137146,0.3146267990628138,0.0,3.0,0.0
1.0,0.0,0.0,1.0,1.0,1.0,0.0,0.0,0.0,0.0,1.0,0.0,1.0,0.0,0.0,1.0,0.0,1.0,0.0,0.0,0.0,-0.5,-0.20887968714055674,-0.26593686860971655,-0.09996652906392951,0.0,2.0,0.0
1.0,1.0,1.0,1.0,1.0,1.0,0.0,1.0,0.0,1.0,0.0,0.0,0.0,1.0,0.0,1.0,0.0,0.0,0.0,1.0,0.0,-0.2608695652173913,0.34782608695652184,0.3669167357766127,0.18208189222358617,0.0,3.0,0.0
0.0,0.0,0.0,1.0,1.0,1.0,1.0,0.0,1.0,1.0,0.0,0.0,0.0,1.0,0.0,0.0,1.0,0.0,0.0,1.0,0.0,0.34782608695652173,0.48861283643892334,0.493521085859304,-0.13281267432779187,1.0,4.0,0.0
0.0,0.0,0.0,1.0,1.0,0.0,1.0,0.0,0.0,0.0,0.0,2.0,0.0,1.0,0.0,0.0,1.0,0.0,1.0,0.0,0.0,0.6521739130434783,0.16011042097998626,0.1325618872844687,2.0296775633158544,1.0,1.0,1.0
0.0,0.0,0.0,1.0,1.0,0.0,0.0,0.0,0.0,0.0,0.0,0.0,0.0,1.0,0.0,1.0,0.0,0.0,0.0,1.0,0.0,-0.5869565217391305,-0.002760524499655039,-0.019545889322833316,5.323217672654245,1.0,0.0,1.0
1.0,1.0,0.0,1.0,0.0,0.0,0.0,1.0,0.0,1.0,0.0,0.0,1.0,0.0,0.0,0.0,1.0,0.0,0.0,1.0,0.0,-0.5434782608695652,-0.09017713365539463,-0.14817760007546354,0.13031351110119363,0.0,2.0,0.0
0.0,0.0,0.0,1.0,1.0,0.0,0.0,0.0,0.0,0.0,0.0,0.0,0.0,1.0,0.0,0.0,1.0,0.0,0.0,1.0,0.0,-0.2391304347826087,0.06717276282493684,0.07672371642298412,5.730224255271674,0.0,0.0,0.0
0.0,0.0,0.0,1.0,0.0,0.0,0.0,0.0,0.0,0.0,0.0,1.0,0.0,0.0,1.0,1.0,0.0,1.0,0.0,0.0,0.0,-0.2391304347826087,-0.9229353577179664,-0.9198147316022529,-0.03213209862769132,1.0,0.0,1.0
0.0,0.0,0.0,0.0,0.0,0.0,0.0,1.0,1.0,0.0,0.0,0.0,1.0,0.0,0.0,1.0,0.0,0.0,0.0,0.0,1.0,-0.6086956521739131,-0.6367609845870715,-0.6374374999024316,-0.9300457436126296,0.0,2.0,0.0
1.0,1.0,0.0,1.0,1.0,1.0,0.0,1.0,0.0,0.0,1.0,0.0,0.0,1.0,0.0,0.0,1.0,0.0,0.0,1.0,0.0,0.2826086956521739,0.439843570278353,0.45934471953529993,0.3159656365056346,0.0,3.0,0.0
1.0,0.0,0.0,1.0,1.0,0.0,0.0,0.0,0.0,1.0,0.0,0.0,0.0,1.0,0.0,0.0,1.0,0.0,0.0,1.0,0.0,-0.1956521739130435,0.2714515757994019,0.2965205999550576,2.3536762244784115,0.0,1.0,0.0
0.0,1.0,0.0,1.0,1.0,0.0,1.0,1.0,0.0,0.0,0.0,0.0,0.0,1.0,0.0,0.0,1.0,1.0,0.0,0.0,0.0,0.8695652173913043,0.27421210029905696,0.2659938714974588,0.8372196809104099,0.0,2.0,0.0
0.0,1.0,0.0,1.0,1.0,0.0,0.0,0.0,0.0,1.0,0.0,0.0,1.0,0.0,0.0,1.0,0.0,0.0,0.0,0.0,1.0,-0.6086956521739131,-0.27973314929836673,-0.28094390153085674,0.7497489679794712,0.0,1.0,0.0
1.0,0.0,0.0,1.0,0.0,0.0,0.0,0.0,0.0,0.0,0.0,0.0,0.0,0.0,1.0,1.0,0.0,0.0,0.0,0.0,1.0,-0.1956521739130435,-0.9404186795491144,-0.9154657547149021,-0.13388374428204844,0.0,0.0,0.0
0.0,1.0,0.0,1.0,1.0,1.0,1.0,1.0,0.0,1.0,1.0,2.0,0.0,1.0,0.0,0.0,1.0,1.0,0.0,0.0,0.0,0.6304347826086957,0.7168161950770647,0.6496241507772408,-0.25794934731674646,0.0,5.0,0.0
0.0,1.0,0.0,1.0,1.0,1.0,1.0,1.0,1.0,0.0,0.0,2.0,0.0,1.0,0.0,0.0,1.0,1.0,0.0,0.0,0.0,0.9347826086956522,0.43708304577869794,0.45107006909445313,-0.19279259176614943,0.0,4.0,0.0
0.0,1.0,1.0,1.0,1.0,0.0,0.0,1.0,0.0,0.0,0.0,0.0,1.0,0.0,0.0,1.0,0.0,1.0,0.0,0.0,0.0,-0.21739130434782608,-0.38463308028525417,-0.36586017374199153,0.444494031016401,0.0,1.0,0.0
0.0,0.0,0.0,1.0,1.0,0.0,0.0,1.0,0.0,0.0,1.0,0.0,1.0,0.0,0.0,0.0,1.0,0.0,1.0,0.0,0.0,-0.2826086956521739,-0.09753853232114097,-0.09884963599666484,0.11603257837777556,0.0,2.0,0.0
0.0,0.0,0.0,1.0,1.0,0.0,0.0,0.0,0.0,1.0,1.0,0.0,0.0,1.0,0.0,0.0,1.0,0.0,0.0,1.0,0.0,-0.3695652173913043,0.43616287094547973,0.3047897813605838,1.1514002008256168,0.0,2.0,0.0
1.0,1.0,1.0,1.0,1.0,0.0,0.0,0.0,0.0,1.0,1.0,0.0,0.0,1.0,0.0,1.0,0.0,0.0,0.0,1.0,0.0,-0.6086956521739131,0.360708534621578,0.3585394604965042,1.0050206404105768,0.0,2.0,0.0
0.0,0.0,0.0,1.0,1.0,0.0,1.0,1.0,0.0,0.0,0.0,0.0,0.0,1.0,0.0,1.0,0.0,0.0,0.0,1.0,0.0,-0.6086956521739131,0.21716126063952146,0.21520698280071646,0.7265424523039163,0.0,2.0,0.0
1.0,0.0,0.0,1.0,0.0,0.0,0.0,0.0,0.0,0.0,0.0,2.0,0.0,0.0,1.0,0.0,1.0,1.0,0.0,0.0,0.0,0.9347826086956522,-0.829997699562917,-0.8353491270911756,0.5087582282717841,1.0,0.0,1.0
0.0,0.0,1.0,1.0,1.0,0.0,0.0,0.0,0.0,0.0,0.0,0.0,1.0,0.0,0.0,0.0,1.0,0.0,0.0,0.0,1.0,-0.06521739130434782,-0.3864734299516908,-0.40261395101473174,3.090036818029678,0.0,0.0,0.0
0.0,1.0,1.0,1.0,1.0,0.0,0.0,1.0,0.0,0.0,0.0,0.0,0.0,1.0,0.0,1.0,0.0,0.0,0.0,1.0,0.0,-0.5434782608695652,0.05981136415919025,0.19797952153920348,1.7378110007809888,0.0,1.0,0.0
1.0,1.0,1.0,1.0,1.0,1.0,0.0,1.0,1.0,1.0,1.0,1.0,1.0,0.0,0.0,0.0,1.0,0.0,0.0,0.0,1.0,-0.10869565217391304,0.263170002300437,0.2269216564585453,-0.6979805868570791,0.0,5.0,0.0
0.0,0.0,0.0,1.0,1.0,0.0,0.0,0.0,0.0,0.0,0.0,1.0,0.0,0.0,1.0,1.0,0.0,0.0,0.0,0.0,1.0,0.45652173913043476,-0.9413388543823327,-0.9174871101695863,-0.13923909405333007,0.0,0.0,0.0
1.0,0.0,0.0,1.0,0.0,1.0,0.0,0.0,0.0,1.0,0.0,1.0,0.0,1.0,0.0,1.0,0.0,0.0,0.0,0.0,1.0,0.4782608695652174,0.29169542213020466,0.24037483993256842,0.8711368961285284,0.0,2.0,0.0
1.0,1.0,1.0,1.0,0.0,1.0,1.0,1.0,1.0,0.0,1.0,2.0,0.0,1.0,0.0,0.0,1.0,0.0,1.0,0.0,0.0,0.9347826086956522,0.6155969634230505,0.6215453690889354,-0.3561307597902487,0.0,5.0,0.0
0.0,1.0,1.0,0.0,1.0,0.0,1.0,1.0,1.0,1.0,1.0,1.0,1.0,0.0,0.0,1.0,0.0,1.0,0.0,0.0,0.0,0.8913043478260869,-0.2226823096388314,-0.21737621018647033,-1.1692513667298896,0.0,5.0,0.0
0.0,1.0,0.0,1.0,1.0,0.0,0.0,1.0,1.0,1.0,1.0,2.0,0.0,1.0,0.0,0.0,1.0,1.0,0.0,0.0,0.0,0.8913043478260869,0.6220381872555786,0.5899452830035316,0.022492469039384226,0.0,4.0,0.0
0.0,0.0,0.0,1.0,1.0,0.0,0.0,0.0,0.0,1.0,1.0,0.0,0.0,1.0,0.0,1.0,0.0,0.0,0.0,1.0,0.0,-0.30434782608695654,0.3864734299516908,0.4183225793986789,1.0550039049425417,1.0,2.0,1.0
0.0,0.0,0.0,1.0,0.0,1.0,0.0,1.0,0.0,1.0,0.0,1.0,0.0,1.0,0.0,0.0,1.0,0.0,1.0,0.0,0.0,0.391304347826087,0.4490453186105361,0.5073260791193409,0.3293540109338394,0.0,3.0,0.0
1.0,0.0,0.0,1.0,1.0,1.0,1.0,1.0,1.0,1.0,1.0,2.0,1.0,0.0,0.0,1.0,0.0,1.0,0.0,0.0,0.0,0.7391304347826086,0.298136645962733,0.25155054552130074,-0.8851628121961714,0.0,6.0,0.0
0.0,0.0,0.0,1.0,1.0,1.0,1.0,1.0,1.0,1.0,1.0,2.0,0.0,1.0,0.0,0.0,1.0,1.0,0.0,0.0,0.0,0.7608695652173914,0.8207959512307338,0.8086499546066842,-0.4506144307550085,0.0,6.0,0.0
0.0,0.0,0.0,1.0,1.0,1.0,1.0,1.0,0.0,0.0,0.0,0.0,0.0,1.0,0.0,0.0,1.0,0.0,0.0,1.0,0.0,0.6521739130434783,0.35426731078904994,0.41491316424039276,0.1914537543233294,1.0,3.0,1.0
0.0,0.0,1.0,1.0,0.0,0.0,0.0,0.0,0.0,0.0,0.0,0.0,0.0,0.0,1.0,0.0,1.0,0.0,0.0,0.0,1.0,-0.6086956521739131,-0.8557625948930297,-0.8561114081819027,0.35880843467588996,0.0,0.0,0.0
1.0,0.0,0.0,1.0,1.0,0.0,0.0,0.0,0.0,1.0,0.0,0.0,0.0,1.0,0.0,0.0,1.0,0.0,0.0,1.0,0.0,0.2391304347826087,0.26501035196687384,0.2506036732060386,2.334932500278925,0.0,1.0,0.0
1.0,1.0,0.0,1.0,0.0,0.0,0.0,0.0,0.0,0.0,0.0,2.0,0.0,0.0,1.0,0.0,1.0,1.0,0.0,0.0,0.0,0.5652173913043478,-0.8244766505636071,-0.8147989119882333,0.5408903268994757,0.0,0.0,0.0
1.0,0.0,0.0,1.0,0.0,0.0,0.0,0.0,0.0,0.0,0.0,1.0,0.0,0.0,1.0,1.0,0.0,0.0,1.0,0.0,0.0,0.45652173913043476,-0.9266160570508397,-0.9336395778483808,-0.05355349771281937,0.0,0.0,0.0
0.0,1.0,1.0,1.0,1.0,0.0,1.0,1.0,0.0,1.0,1.0,1.0,0.0,1.0,0.0,0.0,1.0,0.0,0.0,1.0,0.0,0.782608695652174,0.6800092017483322,0.695243564906136,0.0899698761575369,1.0,4.0,1.0
1.0,0.0,0.0,1.0,0.0,0.0,0.0,0.0,0.0,0.0,0.0,2.0,0.0,0.0,1.0,0.0,1.0,0.0,0.0,0.0,1.0,0.8478260869565217,-0.8456406717276284,-0.849247447145943,0.4177172821599913,0.0,0.0,0.0
0.0,0.0,0.0,1.0,1.0,1.0,0.0,0.0,0.0,1.0,1.0,0.0,1.0,0.0,0.0,1.0,0.0,0.0,0.0,1.0,0.0,-0.5869565217391305,0.004600874166091558,0.05257974849203422,-0.3173044739484546,0.0,3.0,0.0
1.0,1.0,0.0,1.0,1.0,1.0,1.0,1.0,1.0,1.0,1.0,1.0,1.0,0.0,0.0,1.0,0.0,1.0,0.0,0.0,0.0,0.7391304347826086,0.2484472049689441,0.2573987672913469,-0.926475510431775,1.0,6.0,0.0
0.0,1.0,1.0,1.0,1.0,0.0,0.0,1.0,1.0,1.0,1.0,2.0,0.0,1.0,0.0,0.0,1.0,1.0,0.0,0.0,0.0,0.8260869565217391,0.6468829077524731,0.5453708493338,0.05141135780430702,0.0,4.0,0.0
0.0,0.0,0.0,1.0,1.0,0.0,0.0,1.0,1.0,1.0,1.0,1.0,0.0,1.0,0.0,0.0,1.0,0.0,0.0,1.0,0.0,0.6739130434782609,0.6533241315850011,0.6756472540995353,0.058908847484101384,1.0,4.0,0.0
1.0,0.0,0.0,1.0,1.0,1.0,1.0,0.0,1.0,0.0,0.0,2.0,1.0,0.0,0.0,0.0,1.0,1.0,0.0,0.0,0.0,0.8260869565217391,-0.10950080515297912,-0.13146781973942084,-0.48332031685819477,1.0,3.0,0.0
0.0,1.0,0.0,1.0,0.0,1.0,1.0,1.0,1.0,1.0,1.0,2.0,0.0,1.0,0.0,0.0,1.0,0.0,0.0,0.0,1.0,0.717391304347826,0.7996319300667127,0.7453830293313723,-0.46821058000350635,0.0,6.0,0.0
1.0,0.0,0.0,1.0,1.0,0.0,0.0,1.0,0.0,0.0,1.0,1.0,1.0,0.0,0.0,1.0,0.0,1.0,0.0,0.0,0.0,0.6521739130434783,-0.16839199447895098,-0.16171818996643347,-0.021421399085127673,0.0,2.0,0.0
1.0,0.0,0.0,0.0,1.0,0.0,0.0,1.0,0.0,1.0,1.0,1.0,1.0,0.0,0.0,1.0,0.0,0.0,0.0,1.0,0.0,0.043478260869565216,-0.3763515067862895,-0.39410424062153443,-0.8715831752761352,0.0,3.0,0.0
0.0,1.0,0.0,1.0,0.0,0.0,1.0,0.0,1.0,1.0,1.0,2.0,0.0,1.0,0.0,0.0,1.0,0.0,1.0,0.0,0.0,0.8695652173913043,0.6422820335863816,0.5668136414366584,0.04605600803302501,1.0,4.0,0.0
0.0,0.0,0.0,1.0,0.0,0.0,0.0,0.0,0.0,1.0,0.0,0.0,1.0,0.0,0.0,1.0,0.0,0.0,1.0,0.0,0.0,-0.5434782608695652,-0.27605244996549344,-0.25269086506197547,0.7604596675220352,0.0,1.0,0.0
0.0,0.0,0.0,1.0,0.0,0.0,1.0,0.0,0.0,1.0,0.0,0.0,0.0,1.0,0.0,1.0,0.0,0.0,0.0,1.0,0.0,-0.6086956521739131,0.2539682539682539,0.2519589001586108,0.7979471159210085,0.0,2.0,0.0
0.0,0.0,0.0,1.0,0.0,1.0,1.0,0.0,0.0,0.0,0.0,0.0,1.0,0.0,0.0,1.0,0.0,0.0,0.0,1.0,0.0,-0.021739130434782608,-0.2659305268000921,-0.29784322067310276,-0.21064375767042268,0.0,2.0,0.0
0.0,1.0,0.0,1.0,1.0,1.0,1.0,0.0,0.0,0.0,0.0,2.0,0.0,1.0,0.0,0.0,1.0,1.0,0.0,0.0,0.0,0.8478260869565217,0.26132965263400054,0.2461893896027943,0.8122280486444274,0.0,2.0,0.0
1.0,0.0,0.0,1.0,0.0,0.0,0.0,0.0,0.0,0.0,0.0,0.0,0.0,0.0,1.0,1.0,0.0,0.0,0.0,0.0,1.0,-0.3695652173913043,-0.9210950080515298,-0.906109329087538,-0.021421399085127673,0.0,0.0,0.0
0.0,1.0,0.0,1.0,1.0,0.0,1.0,1.0,1.0,1.0,1.0,2.0,0.0,1.0,0.0,1.0,0.0,0.0,1.0,0.0,0.0,0.782608695652174,0.6505636070853461,0.6042118926811977,-0.3222135445721298,1.0,5.0,0.0
0.0,0.0,0.0,1.0,1.0,0.0,1.0,0.0,1.0,1.0,1.0,0.0,0.0,1.0,0.0,1.0,0.0,0.0,0.0,1.0,0.0,-0.5652173913043478,0.5042558086036348,0.6341788406807115,-0.1146044851054331,0.0,4.0,0.0
1.0,1.0,1.0,1.0,1.0,0.0,0.0,0.0,0.0,1.0,0.0,0.0,0.0,1.0,0.0,1.0,0.0,1.0,0.0,0.0,0.0,-0.391304347826087,0.16563146997929606,0.1537310483111478,2.0457436126297,0.0,1.0,0.0
1.0,1.0,1.0,1.0,0.0,0.0,1.0,0.0,0.0,0.0,0.0,0.0,1.0,0.0,0.0,0.0,1.0,0.0,0.0,1.0,0.0,0.391304347826087,-0.29905682079595125,-0.30475445224464154,0.693517795381011,0.0,1.0,0.0
1.0,0.0,0.0,1.0,0.0,0.0,0.0,0.0,0.0,0.0,0.0,1.0,0.0,0.0,1.0,0.0,1.0,1.0,0.0,0.0,0.0,-0.08695652173913043,-0.8318380492293537,-0.7999912303763981,0.49804752872922037,0.0,0.0,0.0
1.0,0.0,0.0,1.0,1.0,0.0,0.0,0.0,0.0,0.0,0.0,0.0,1.0,0.0,0.0,0.0,1.0,0.0,1.0,0.0,0.0,-0.6086956521739131,-0.38095238095238104,-0.3820116742650661,3.1221689166573694,0.0,0.0,0.0
1.0,0.0,0.0,1.0,1.0,0.0,1.0,1.0,0.0,1.0,1.0,2.0,0.0,1.0,0.0,0.0,1.0,1.0,0.0,0.0,0.0,0.7391304347826086,0.6303197607545434,0.6094442169350809,0.0321320986276917,0.0,4.0,0.0
0.0,1.0,0.0,1.0,0.0,0.0,0.0,0.0,0.0,0.0,0.0,1.0,0.0,0.0,1.0,0.0,1.0,1.0,0.0,0.0,0.0,-0.15217391304347827,-0.8263170002300437,-0.8387377745218073,0.530179627356912,1.0,0.0,1.0
1.0,1.0,0.0,0.0,1.0,0.0,1.0,1.0,1.0,1.0,1.0,0.0,1.0,0.0,0.0,1.0,0.0,1.0,0.0,0.0,0.0,0.6739130434782609,-0.18955601564297211,-0.19996717695229618,-1.1371192681021978,0.0,5.0,0.0
0.0,0.0,0.0,1.0,0.0,0.0,1.0,0.0,0.0,0.0,0.0,0.0,1.0,0.0,0.0,1.0,0.0,0.0,0.0,1.0,0.0,-0.6086956521739131,-0.36714975845410636,-0.36822970525585574,0.4953698538435792,0.0,1.0,0.0
0.0,1.0,1.0,1.0,1.0,0.0,1.0,1.0,0.0,1.0,1.0,0.0,0.0,1.0,0.0,1.0,0.0,0.0,0.0,1.0,0.0,0.717391304347826,0.5456636760984588,0.5651504410625373,-0.06640633716389574,0.0,4.0,0.0
1.0,0.0,0.0,1.0,1.0,0.0,0.0,0.0,0.0,1.0,0.0,0.0,0.0,1.0,0.0,0.0,1.0,0.0,1.0,0.0,0.0,0.391304347826087,0.28617437313089483,0.2142295381901343,2.396519022648667,1.0,1.0,1.0
1.0,1.0,0.0,1.0,1.0,0.0,1.0,1.0,1.0,1.0,1.0,2.0,0.0,1.0,0.0,0.0,1.0,1.0,0.0,0.0,0.0,0.9347826086956522,0.7223372440763746,0.7274113088115367,-0.2525939975454644,1.0,5.0,0.0
0.0,1.0,0.0,1.0,0.0,0.0,1.0,1.0,1.0,1.0,1.0,0.0,1.0,0.0,0.0,1.0,0.0,1.0,0.0,0.0,0.0,-0.06521739130434782,0.20979986197377512,0.17191746475896602,-0.749748967979471,0.0,5.0,0.0
0.0,1.0,0.0,1.0,1.0,0.0,0.0,1.0,0.0,1.0,1.0,0.0,0.0,1.0,0.0,0.0,1.0,0.0,0.0,1.0,0.0,-0.391304347826087,0.5337014032666206,0.46854463131547447,0.45252705567332385,0.0,3.0,0.0
0.0,1.0,0.0,1.0,1.0,1.0,1.0,1.0,1.0,1.0,1.0,2.0,0.0,1.0,0.0,0.0,1.0,0.0,0.0,1.0,0.0,0.8913043478260869,0.7941108810674029,0.7280668638453611,-0.4728008798074621,1.0,6.0,0.0
0.0,0.0,1.0,1.0,1.0,1.0,1.0,0.0,0.0,0.0,1.0,0.0,1.0,0.0,0.0,1.0,0.0,0.0,0.0,1.0,0.0,0.30434782608695654,-0.12054290315159875,-0.12746191177402244,-0.4993863661720404,0.0,3.0,0.0
0.0,1.0,0.0,1.0,1.0,0.0,0.0,0.0,0.0,0.0,0.0,1.0,0.0,0.0,1.0,0.0,1.0,0.0,0.0,1.0,0.0,0.8695652173913043,-0.8134345525649874,-0.8274688812845002,0.6051545241548592,0.0,0.0,0.0
1.0,1.0,1.0,1.0,1.0,1.0,1.0,1.0,1.0,1.0,1.0,2.0,0.0,1.0,0.0,0.0,1.0,0.0,0.0,1.0,0.0,0.9347826086956522,0.800552104899931,0.7684126666139373,-0.46744553003618045,0.0,6.0,0.0
1.0,1.0,1.0,1.0,1.0,0.0,1.0,0.0,1.0,1.0,1.0,0.0,0.0,1.0,0.0,0.0,1.0,1.0,0.0,0.0,0.0,0.6739130434782609,0.6119162640901772,0.5312581587797087,0.010710699542564027,0.0,4.0,0.0
0.0,0.0,0.0,1.0,1.0,0.0,0.0,0.0,0.0,0.0,0.0,0.0,0.0,1.0,0.0,1.0,0.0,0.0,0.0,0.0,1.0,-0.34782608695652173,-0.006441223832528076,-0.04375268104413872,5.301796273569119,0.0,0.0,0.0
1.0,1.0,0.0,0.0,1.0,0.0,1.0,0.0,0.0,0.0,1.0,0.0,1.0,0.0,0.0,1.0,0.0,1.0,0.0,0.0,0.0,0.6521739130434783,-0.5419829767655855,-0.5332240122079279,-0.7461787347986166,0.0,2.0,0.0
1.0,0.0,0.0,1.0,0.0,1.0,0.0,1.0,0.0,0.0,1.0,2.0,1.0,0.0,0.0,1.0,0.0,1.0,0.0,0.0,0.0,0.8260869565217391,-0.09109730848861289,-0.10090064668317211,-0.4565435680017851,0.0,3.0,0.0
1.0,1.0,1.0,1.0,0.0,0.0,0.0,0.0,0.0,0.0,0.0,0.0,0.0,0.0,1.0,1.0,0.0,0.0,0.0,0.0,1.0,-0.3695652173913043,-0.9201748332183115,-0.9058796296040511,-0.01606604931384566,0.0,0.0,0.0
1.0,0.0,0.0,1.0,0.0,0.0,0.0,0.0,0.0,0.0,0.0,0.0,1.0,0.0,0.0,0.0,1.0,1.0,0.0,0.0,0.0,-0.5652173913043478,-0.36991028295376127,-0.4564343069148021,3.1864331139127526,0.0,0.0,0.0
0.0,0.0,0.0,1.0,0.0,0.0,0.0,0.0,0.0,0.0,0.0,0.0,1.0,0.0,0.0,1.0,0.0,0.0,0.0,0.0,1.0,-0.6086956521739131,-0.46284794110881067,-0.46378469038638087,2.645542787013277,0.0,0.0,0.0
1.0,1.0,1.0,1.0,1.0,1.0,1.0,1.0,1.0,1.0,1.0,2.0,1.0,0.0,0.0,1.0,0.0,0.0,0.0,0.0,1.0,0.34782608695652173,0.25488842880147217,0.27831819199696733,-0.9211201606604932,0.0,6.0,0.0
1.0,1.0,1.0,1.0,0.0,0.0,0.0,1.0,1.0,0.0,0.0,0.0,1.0,0.0,0.0,1.0,0.0,0.0,0.0,0.0,1.0,0.043478260869565216,-0.2972164711295146,-0.3208375150499903,-0.2713377217449513,0.0,2.0,0.0
1.0,0.0,0.0,1.0,0.0,0.0,0.0,0.0,0.0,0.0,0.0,2.0,0.0,0.0,1.0,1.0,0.0,0.0,0.0,0.0,1.0,-0.4782608695652174,-0.939498504715896,-0.8630680211103614,-0.12852839451076642,0.0,0.0,0.0
0.0,1.0,1.0,1.0,0.0,0.0,0.0,0.0,0.0,0.0,0.0,1.0,0.0,0.0,1.0,1.0,0.0,0.0,0.0,0.0,1.0,0.08695652173913043,-0.927536231884058,-0.9744971298529379,-0.058908847484101,0.0,0.0,0.0
1.0,1.0,1.0,1.0,1.0,1.0,1.0,0.0,1.0,1.0,1.0,0.0,0.0,1.0,0.0,0.0,1.0,0.0,1.0,0.0,0.0,0.2391304347826087,0.7287784679089027,0.7559655068254341,-0.2463460894789692,0.0,5.0,0.0
1.0,1.0,0.0,1.0,1.0,0.0,0.0,1.0,0.0,1.0,1.0,1.0,0.0,1.0,0.0,1.0,0.0,0.0,0.0,1.0,0.0,0.08695652173913043,0.4656084656084656,0.3938714174110256,0.3534530849046079,0.0,3.0,0.0
0.0,1.0,1.0,1.0,1.0,0.0,0.0,0.0,0.0,0.0,0.0,0.0,1.0,0.0,0.0,1.0,0.0,1.0,0.0,0.0,0.0,-0.6086956521739131,-0.4812514377731769,-0.4821606490653281,2.5384357915876383,0.0,0.0,0.0
0.0,1.0,1.0,1.0,0.0,0.0,0.0,0.0,0.0,0.0,0.0,2.0,0.0,0.0,1.0,1.0,0.0,1.0,0.0,0.0,0.0,0.9130434782608695,-0.927536231884058,-0.9374832590081138,-0.058908847484101,0.0,0.0,0.0
1.0,0.0,0.0,1.0,0.0,0.0,0.0,0.0,0.0,1.0,0.0,0.0,1.0,0.0,0.0,1.0,0.0,0.0,1.0,0.0,0.0,-0.5652173913043478,-0.3146997929606626,-0.14128661557085836,0.6479973223251144,0.0,1.0,0.0
0.0,0.0,0.0,1.0,1.0,0.0,0.0,0.0,0.0,1.0,1.0,0.0,0.0,1.0,0.0,0.0,1.0,0.0,0.0,0.0,1.0,-0.043478260869565216,0.4426040947780078,0.5572039915477889,1.1638960169586077,0.0,2.0,0.0
0.0,0.0,0.0,1.0,1.0,1.0,1.0,1.0,1.0,1.0,1.0,1.0,0.0,1.0,0.0,0.0,1.0,0.0,0.0,0.0,1.0,0.6956521739130435,0.8207959512307338,0.8096692460646571,-0.4506144307550085,0.0,6.0,0.0
1.0,0.0,0.0,1.0,0.0,0.0,0.0,0.0,0.0,0.0,0.0,1.0,0.0,0.0,1.0,1.0,0.0,1.0,0.0,0.0,0.0,0.41304347826086957,-0.9302967563837129,-0.9125791978724175,-0.07497489679794704,0.0,0.0,0.0
0.0,0.0,0.0,1.0,0.0,0.0,0.0,0.0,0.0,0.0,0.0,2.0,0.0,0.0,1.0,1.0,0.0,0.0,0.0,0.0,1.0,0.2608695652173913,-0.9293765815504946,-0.9339627258046617,-0.06961954702666504,0.0,0.0,0.0
0.0,1.0,0.0,1.0,1.0,0.0,0.0,1.0,0.0,0.0,0.0,0.0,0.0,1.0,0.0,1.0,0.0,1.0,0.0,0.0,0.0,-0.43478260869565216,0.0966183574879227,0.04206461658130333,1.8449179962066276,0.0,1.0,0.0
0.0,0.0,0.0,0.0,1.0,0.0,1.0,1.0,1.0,0.0,0.0,1.0,1.0,0.0,0.0,1.0,0.0,0.0,1.0,0.0,0.0,-0.391304347826087,-0.5539452495974235,-0.5911634948654464,-1.1299788017404886,0.0,3.0,0.0
0.0,0.0,0.0,1.0,1.0,0.0,0.0,0.0,0.0,1.0,0.0,0.0,1.0,0.0,0.0,0.0,1.0,0.0,0.0,1.0,0.0,-0.5652173913043478,-0.18863584080975385,-0.252767431556471,1.0148387816579272,0.0,1.0,0.0
1.0,1.0,1.0,1.0,0.0,1.0,1.0,1.0,1.0,1.0,0.0,2.0,1.0,0.0,0.0,0.0,1.0,0.0,1.0,0.0,0.0,0.8043478260869565,0.16379112031285956,0.1380279563491386,-0.7943768827401537,1.0,5.0,0.0
1.0,0.0,0.0,1.0,1.0,0.0,1.0,0.0,1.0,1.0,1.0,1.0,0.0,1.0,0.0,0.0,1.0,1.0,0.0,0.0,0.0,0.8695652173913043,0.6293995859213252,0.6257765001543234,0.031061028673435524,0.0,4.0,0.0
1.0,1.0,0.0,1.0,1.0,1.0,0.0,1.0,1.0,1.0,1.0,1.0,0.0,1.0,0.0,0.0,1.0,0.0,0.0,1.0,0.0,0.1956521739130435,0.7398205659075225,0.8444384941966654,-0.23563538993640515,0.0,5.0,0.0
1.0,0.0,0.0,1.0,1.0,0.0,0.0,0.0,0.0,0.0,0.0,0.0,0.0,1.0,0.0,1.0,0.0,0.0,0.0,1.0,0.0,-0.6086956521739131,-0.011962272831838153,-0.0135737027521757,5.2696641749414255,0.0,0.0,0.0
1.0,1.0,1.0,1.0,0.0,1.0,1.0,1.0,1.0,1.0,1.0,2.0,0.0,1.0,0.0,0.0,1.0,0.0,1.0,0.0,0.0,0.41304347826086957,0.7600644122383252,0.7868715723285882,-0.5011077285985239,0.0,6.0,0.0
0.0,1.0,0.0,1.0,0.0,0.0,0.0,0.0,0.0,0.0,0.0,0.0,1.0,0.0,0.0,1.0,0.0,0.0,0.0,0.0,1.0,-0.21739130434782608,-0.4711295146077755,-0.4850621162251619,2.5973446390717396,0.0,0.0,0.0
0.0,1.0,1.0,1.0,0.0,0.0,0.0,0.0,0.0,0.0,0.0,0.0,0.0,0.0,1.0,1.0,0.0,0.0,0.0,0.0,1.0,-0.2826086956521739,-0.9413388543823327,-0.9802639790065395,-0.13923909405333007,0.0,0.0,0.0
0.0,0.0,0.0,1.0,1.0,1.0,0.0,1.0,0.0,0.0,0.0,0.0,1.0,0.0,0.0,0.0,1.0,0.0,0.0,0.0,1.0,-0.2391304347826087,-0.18219461697722567,-0.11663220434327101,-0.04819814794153736,0.0,2.0,0.0
1.0,1.0,1.0,1.0,0.0,0.0,0.0,0.0,0.0,0.0,0.0,1.0,0.0,0.0,1.0,1.0,0.0,0.0,0.0,1.0,0.0,-0.08695652173913043,-0.9312169312169313,-0.9256092839056808,-0.08033024656922906,0.0,0.0,0.0
1.0,1.0,1.0,1.0,0.0,0.0,1.0,0.0,1.0,0.0,0.0,0.0,0.0,1.0,0.0,1.0,0.0,0.0,0.0,1.0,0.0,0.5652173913043478,0.16379112031285956,0.11896707557397598,0.6230056900591324,0.0,2.0,0.0
1.0,0.0,0.0,1.0,1.0,0.0,0.0,0.0,0.0,0.0,0.0,0.0,1.0,0.0,0.0,1.0,0.0,0.0,0.0,1.0,0.0,-0.5652173913043478,-0.46284794110881067,-0.43040169878629375,2.645542787013277,0.0,0.0,0.0
1.0,0.0,0.0,1.0,1.0,0.0,0.0,1.0,0.0,0.0,0.0,0.0,0.0,1.0,0.0,0.0,1.0,0.0,0.0,1.0,0.0,-0.45652173913043476,0.19783758914193697,0.04878970701450142,2.139462233627134,1.0,1.0,1.0
0.0,0.0,0.0,1.0,0.0,0.0,0.0,0.0,1.0,0.0,1.0,1.0,1.0,0.0,0.0,1.0,0.0,0.0,0.0,1.0,0.0,0.21739130434782608,-0.20611916264090183,-0.2562305929998111,-0.09461117929264751,0.0,2.0,0.0
0.0,0.0,0.0,1.0,0.0,0.0,0.0,0.0,0.0,0.0,0.0,0.0,0.0,0.0,1.0,1.0,0.0,0.0,0.0,0.0,1.0,-0.5217391304347826,-0.9266160570508397,-0.863645551240271,-0.05355349771281937,0.0,0.0,0.0
0.0,0.0,0.0,1.0,1.0,1.0,1.0,1.0,1.0,1.0,1.0,1.0,0.0,1.0,0.0,0.0,1.0,0.0,0.0,1.0,0.0,0.6956521739130435,0.8852081895560155,0.9217475317450224,-0.39706093304218915,0.0,6.0,0.0
0.0,0.0,0.0,0.0,1.0,0.0,0.0,0.0,0.0,1.0,0.0,0.0,1.0,0.0,0.0,1.0,0.0,0.0,0.0,1.0,0.0,-0.6086956521739131,-0.6395215090867264,-0.6401938937042736,-0.29722191230614736,0.0,1.0,0.0
1.0,0.0,0.0,1.0,0.0,0.0,0.0,0.0,0.0,0.0,0.0,0.0,0.0,0.0,1.0,0.0,1.0,0.0,0.0,0.0,1.0,-0.5434782608695652,-0.8327582240625719,-0.8290068691304556,0.4926921789579384,0.0,0.0,0.0
0.0,1.0,0.0,1.0,1.0,1.0,1.0,0.0,0.0,1.0,1.0,1.0,1.0,0.0,0.0,0.0,1.0,0.0,1.0,0.0,0.0,0.7391304347826086,0.16931216931216936,0.09889883163833273,-0.5044739484547582,0.0,4.0,0.0
1.0,0.0,0.0,1.0,0.0,0.0,0.0,0.0,0.0,0.0,0.0,1.0,0.0,0.0,1.0,0.0,1.0,0.0,1.0,0.0,0.0,-0.3695652173913043,-0.8382792730618818,-0.867749515345236,0.46056008033024665,0.0,0.0,0.0
0.0,1.0,0.0,1.0,1.0,0.0,0.0,0.0,0.0,0.0,0.0,0.0,0.0,1.0,0.0,0.0,1.0,0.0,1.0,0.0,0.0,-0.5652173913043478,0.08557625948930307,0.03052859807729758,5.8373312506973125,0.0,0.0,0.0
0.0,1.0,1.0,1.0,1.0,0.0,1.0,1.0,0.0,1.0,1.0,0.0,0.0,1.0,0.0,0.0,1.0,1.0,0.0,0.0,0.0,-0.30434782608695654,0.641361858753163,0.6130464881999225,0.04498493807876845,0.0,4.0,0.0
1.0,0.0,1.0,0.0,1.0,1.0,1.0,0.0,0.0,1.0,0.0,1.0,1.0,0.0,0.0,1.0,0.0,1.0,0.0,0.0,0.0,0.45652173913043476,-0.5051759834368531,-0.4856337052556491,-1.059020417271003,0.0,3.0,0.0
1.0,1.0,0.0,1.0,1.0,0.0,1.0,1.0,0.0,1.0,0.0,0.0,0.0,1.0,0.0,0.0,1.0,1.0,0.0,0.0,0.0,0.2826086956521739,0.4554865424430642,0.4351715834159709,0.3387258730335827,0.0,3.0,0.0
0.0,1.0,0.0,1.0,1.0,0.0,0.0,0.0,0.0,0.0,0.0,0.0,0.0,0.0,1.0,1.0,0.0,1.0,0.0,0.0,0.0,-0.41304347826086957,-0.9302967563837129,-0.9521257922794016,-0.07497489679794704,0.0,0.0,0.0
1.0,1.0,1.0,1.0,0.0,1.0,0.0,0.0,0.0,0.0,1.0,1.0,1.0,0.0,0.0,1.0,0.0,0.0,1.0,0.0,0.0,0.5652173913043478,-0.2033586381412468,-0.24235438830506773,-0.08925582952136549,0.0,2.0,0.0
0.0,0.0,0.0,1.0,1.0,1.0,0.0,0.0,0.0,0.0,0.0,0.0,0.0,1.0,0.0,1.0,0.0,1.0,0.0,0.0,0.0,-0.13043478260869565,0.08281573498964803,0.1238065622410836,1.804752872922013,0.0,1.0,0.0
1.0,1.0,0.0,1.0,1.0,0.0,1.0,1.0,0.0,0.0,1.0,0.0,1.0,0.0,0.0,0.0,1.0,0.0,1.0,0.0,0.0,-0.43478260869565216,-0.026685070163331086,0.038083158867531414,-0.36282494700435114,0.0,3.0,0.0
0.0,1.0,0.0,1.0,1.0,1.0,1.0,1.0,1.0,0.0,0.0,1.0,0.0,1.0,0.0,0.0,1.0,0.0,0.0,1.0,0.0,0.6521739130434783,0.43340234644582465,0.4108642241924893,-0.19707687158317527,1.0,4.0,0.0
0.0,1.0,0.0,1.0,0.0,1.0,1.0,1.0,1.0,1.0,1.0,2.0,1.0,0.0,0.0,1.0,0.0,0.0,0.0,0.0,1.0,0.9347826086956522,0.26869105129974685,0.27385691758435604,-0.9096444111506032,0.0,6.0,0.0
0.0,0.0,0.0,1.0,1.0,0.0,0.0,0.0,1.0,1.0,1.0,0.0,0.0,1.0,0.0,1.0,0.0,0.0,0.0,1.0,0.0,-0.6086956521739131,0.46652864044168385,0.46420122290045035,0.35479192234742835,0.0,3.0,0.0
0.0,1.0,1.0,1.0,1.0,0.0,0.0,0.0,0.0,0.0,0.0,2.0,0.0,0.0,1.0,1.0,0.0,0.0,1.0,0.0,0.0,-0.10869565217391304,-0.9091327352196917,-0.9214609112339085,0.04819814794153774,0.0,0.0,0.0
0.0,1.0,1.0,1.0,1.0,0.0,1.0,0.0,0.0,1.0,0.0,0.0,1.0,0.0,0.0,0.0,1.0,1.0,0.0,0.0,0.0,0.6304347826086957,-0.0680929376581551,-0.03920499684056906,0.17315630927144934,0.0,2.0,0.0
1.0,1.0,1.0,1.0,1.0,1.0,1.0,0.0,1.0,0.0,1.0,1.0,1.0,0.0,0.0,0.0,1.0,1.0,0.0,0.0,0.0,0.043478260869565216,0.0874166091557396,0.09262155522632057,-0.5997991743835768,0.0,4.0,0.0
0.0,1.0,0.0,1.0,0.0,0.0,0.0,0.0,0.0,0.0,0.0,0.0,0.0,0.0,1.0,1.0,0.0,0.0,0.0,0.0,1.0,-0.2826086956521739,-0.9367379802162411,-0.935989403564451,-0.11246234519692037,0.0,0.0,0.0
1.0,1.0,0.0,1.0,0.0,1.0,0.0,1.0,0.0,1.0,1.0,1.0,1.0,0.0,0.0,0.0,1.0,0.0,0.0,0.0,1.0,0.17391304347826086,0.1610305958132045,0.1490038668033204,-0.5141135780430659,0.0,4.0,0.0
1.0,1.0,1.0,1.0,1.0,0.0,0.0,0.0,0.0,0.0,0.0,0.0,0.0,1.0,0.0,1.0,0.0,0.0,0.0,1.0,0.0,-0.2608695652173913,-0.027605244996549344,-0.054433187344187534,5.178623228829633,0.0,0.0,0.0
1.0,1.0,0.0,1.0,1.0,1.0,1.0,0.0,0.0,1.0,0.0,0.0,0.0,1.0,0.0,0.0,1.0,1.0,0.0,0.0,0.0,0.43478260869565216,0.42972164711295135,0.4778706860401977,0.301238424634609,0.0,3.0,0.0
1.0,0.0,0.0,1.0,1.0,0.0,0.0,0.0,0.0,0.0,0.0,0.0,1.0,0.0,0.0,1.0,0.0,0.0,0.0,1.0,0.0,-0.5869565217391305,-0.46652864044168396,-0.392118451538487,2.6241213879281493,0.0,0.0,0.0
1.0,0.0,0.0,1.0,0.0,1.0,0.0,0.0,0.0,0.0,1.0,0.0,0.0,1.0,0.0,1.0,0.0,0.0,0.0,0.0,1.0,0.391304347826087,0.27605244996549344,0.28331532326609093,0.8407899140912642,1.0,2.0,1.0
0.0,0.0,0.0,1.0,1.0,0.0,0.0,0.0,0.0,0.0,0.0,0.0,0.0,1.0,0.0,1.0,0.0,0.0,0.0,1.0,0.0,-0.6086956521739131,-0.01840349666436623,-0.0200052882898071,5.232176726542453,0.0,0.0,0.0
1.0,1.0,0.0,1.0,0.0,0.0,0.0,0.0,0.0,1.0,1.0,0.0,0.0,1.0,0.0,1.0,0.0,0.0,0.0,0.0,1.0,0.5869565217391305,0.35334713595583167,0.3281370931464247,0.9907397076871588,0.0,2.0,0.0
0.0,1.0,1.0,1.0,0.0,0.0,0.0,1.0,1.0,0.0,1.0,1.0,0.0,1.0,0.0,1.0,0.0,1.0,0.0,0.0,0.0,0.3695652173913043,0.3763515067862895,0.3952913778543985,0.2235858529510211,0.0,3.0,0.0
1.0,1.0,1.0,1.0,0.0,1.0,1.0,1.0,1.0,1.0,1.0,2.0,1.0,0.0,0.0,0.0,1.0,0.0,1.0,0.0,0.0,0.9347826086956522,0.35334713595583167,0.3207921787101671,-0.8392598141566119,0.0,6.0,0.0
1.0,0.0,0.0,1.0,1.0,0.0,0.0,0.0,1.0,1.0,1.0,1.0,0.0,1.0,0.0,0.0,1.0,0.0,0.0,1.0,0.0,0.30434782608695654,0.5429031515988038,0.5026625317633632,0.4659154301015287,0.0,3.0,0.0
0.0,0.0,0.0,1.0,0.0,0.0,0.0,0.0,0.0,0.0,0.0,0.0,0.0,1.0,0.0,1.0,0.0,0.0,0.0,1.0,0.0,-0.6086956521739131,0.0,-0.001629329610859944,5.3392837219680915,0.0,0.0,0.0
1.0,1.0,0.0,1.0,1.0,0.0,1.0,1.0,1.0,1.0,1.0,2.0,0.0,1.0,0.0,0.0,1.0,1.0,0.0,0.0,0.0,0.9347826086956522,0.7573038877386705,0.7504705847371325,-0.21867678232734553,1.0,5.0,0.0
1.0,0.0,0.0,0.0,1.0,0.0,1.0,0.0,0.0,0.0,0.0,0.0,1.0,0.0,0.0,1.0,0.0,0.0,1.0,0.0,0.0,-0.3695652173913043,-0.7573038877386703,-0.7133914624420798,-0.6399642976681913,1.0,1.0,1.0
1.0,1.0,0.0,0.0,1.0,1.0,1.0,1.0,0.0,0.0,0.0,2.0,1.0,0.0,0.0,1.0,0.0,0.0,0.0,1.0,0.0,0.8478260869565217,-0.5254198297676558,-0.495685895122406,-1.0884748410130536,1.0,3.0,1.0
1.0,0.0,0.0,1.0,1.0,0.0,0.0,1.0,0.0,1.0,1.0,0.0,0.0,1.0,0.0,0.0,1.0,0.0,0.0,1.0,0.0,0.2608695652173913,0.513457556935818,0.5797904849321693,0.4230726319312733,1.0,3.0,1.0
0.0,1.0,1.0,1.0,1.0,0.0,1.0,1.0,0.0,1.0,0.0,0.0,0.0,1.0,0.0,1.0,0.0,0.0,0.0,1.0,0.0,0.6304347826086957,0.3873936047849091,0.4491044223650739,0.23965190226486677,0.0,3.0,0.0
0.0,0.0,1.0,0.0,0.0,0.0,0.0,1.0,0.0,0.0,0.0,0.0,1.0,0.0,0.0,1.0,0.0,0.0,1.0,0.0,0.0,0.21739130434782608,-0.7435012652403956,-0.7640902612588675,-0.5997991743835768,0.0,1.0,0.0
1.0,0.0,1.0,1.0,1.0,1.0,0.0,1.0,0.0,1.0,1.0,1.0,1.0,0.0,0.0,0.0,1.0,0.0,1.0,0.0,0.0,0.41304347826086957,0.1518288474810214,0.1126270218002188,-0.5248242775856297,0.0,4.0,0.0
1.0,1.0,1.0,1.0,1.0,0.0,0.0,0.0,0.0,0.0,0.0,0.0,0.0,0.0,1.0,0.0,1.0,1.0,0.0,0.0,0.0,-0.08695652173913043,-0.829997699562917,-0.8951786963333445,0.5087582282717841,0.0,0.0,0.0
1.0,1.0,1.0,1.0,0.0,0.0,0.0,0.0,0.0,0.0,0.0,2.0,0.0,0.0,1.0,1.0,0.0,0.0,0.0,0.0,1.0,-0.2826086956521739,-0.9201748332183115,-0.9634384918411285,-0.01606604931384566,0.0,0.0,0.0
1.0,0.0,0.0,1.0,1.0,0.0,1.0,1.0,0.0,0.0,1.0,0.0,0.0,1.0,0.0,1.0,0.0,0.0,0.0,1.0,0.0,-0.10869565217391304,0.35058661145617664,0.3774896678841685,0.1860984045520474,0.0,3.0,0.0
1.0,0.0,0.0,1.0,1.0,1.0,1.0,1.0,1.0,0.0,0.0,1.0,0.0,1.0,0.0,1.0,0.0,0.0,1.0,0.0,0.0,0.30434782608695654,0.37083045778697965,0.36195824350654116,-0.2699096284726092,0.0,4.0,0.0
0.0,0.0,0.0,0.0,0.0,0.0,0.0,0.0,0.0,0.0,1.0,0.0,1.0,0.0,0.0,1.0,0.0,0.0,0.0,0.0,1.0,-0.6086956521739131,-0.6524039567517829,-0.6530570647795366,-0.3347093607051211,0.0,1.0,0.0
1.0,0.0,1.0,1.0,1.0,0.0,0.0,0.0,0.0,1.0,0.0,0.0,1.0,0.0,0.0,1.0,0.0,0.0,1.0,0.0,0.0,-0.5652173913043478,-0.2907752472969864,-0.2591990170941027,0.7176168693517799,0.0,1.0,0.0
0.0,0.0,0.0,1.0,1.0,0.0,0.0,0.0,0.0,0.0,0.0,0.0,0.0,1.0,0.0,1.0,0.0,0.0,0.0,1.0,0.0,-0.5652173913043478,-0.004600874166091558,0.10985148637475273,5.312506973111682,0.0,0.0,0.0
1.0,1.0,0.0,1.0,0.0,1.0,0.0,0.0,1.0,0.0,0.0,0.0,1.0,0.0,0.0,1.0,0.0,0.0,0.0,1.0,0.0,0.6086956521739131,-0.27237175063262015,-0.2746573893512169,-0.22313957380341393,0.0,2.0,0.0
0.0,1.0,0.0,1.0,0.0,0.0,1.0,1.0,0.0,0.0,1.0,0.0,0.0,1.0,0.0,0.0,1.0,0.0,1.0,0.0,0.0,0.6086956521739131,0.4324821716126064,0.45630278452090267,0.30525493696307054,1.0,3.0,1.0
0.0,0.0,1.0,1.0,0.0,1.0,0.0,0.0,1.0,0.0,0.0,0.0,1.0,0.0,0.0,1.0,0.0,0.0,0.0,1.0,0.0,-0.6086956521739131,-0.2944559466298597,-0.29564466847401444,-0.26598237197366925,0.0,2.0,0.0
0.0,0.0,0.0,1.0,0.0,0.0,0.0,0.0,0.0,0.0,0.0,0.0,1.0,0.0,0.0,1.0,0.0,0.0,0.0,1.0,0.0,-0.43478260869565216,-0.46652864044168396,-0.4468379729380186,2.6241213879281493,0.0,0.0,0.0
1.0,1.0,0.0,1.0,1.0,0.0,0.0,1.0,0.0,1.0,1.0,0.0,0.0,1.0,0.0,1.0,0.0,0.0,0.0,1.0,0.0,-0.5,0.4646882907752473,0.46006663219768734,0.35211424746178754,1.0,3.0,1.0
1.0,1.0,1.0,1.0,1.0,0.0,1.0,1.0,0.0,1.0,1.0,2.0,0.0,1.0,0.0,0.0,1.0,1.0,0.0,0.0,0.0,0.7391304347826086,0.6312399355877616,0.6271638913754944,0.03320316858194825,0.0,4.0,0.0
0.0,0.0,0.0,1.0,1.0,0.0,0.0,1.0,0.0,0.0,0.0,0.0,0.0,1.0,0.0,0.0,1.0,1.0,0.0,0.0,0.0,-0.32608695652173914,0.18127444214400726,0.09169428910865014,2.091264085685596,1.0,1.0,1.0
1.0,0.0,1.0,1.0,1.0,0.0,1.0,0.0,1.0,0.0,0.0,0.0,1.0,0.0,0.0,1.0,0.0,1.0,0.0,0.0,0.0,-0.13043478260869565,-0.27973314929836673,-0.27111675841124594,-0.23742050652683236,0.0,2.0,0.0
0.0,1.0,0.0,1.0,1.0,0.0,0.0,0.0,0.0,0.0,0.0,2.0,0.0,0.0,1.0,0.0,1.0,0.0,1.0,0.0,0.0,0.9130434782608695,-0.8474810213940649,-0.8619088937369508,0.4070065826174273,0.0,0.0,0.0
0.0,1.0,1.0,1.0,1.0,0.0,0.0,1.0,0.0,0.0,1.0,0.0,0.0,1.0,0.0,0.0,1.0,1.0,0.0,0.0,0.0,0.30434782608695654,0.40579710144927533,0.4289236557156345,1.092491353341515,0.0,2.0,0.0
0.0,0.0,0.0,1.0,1.0,0.0,1.0,1.0,0.0,1.0,0.0,0.0,0.0,1.0,0.0,1.0,0.0,0.0,0.0,1.0,0.0,-0.2608695652173913,0.3432252127904303,0.32092279214195385,0.17538770500948375,1.0,3.0,1.0
0.0,1.0,1.0,1.0,0.0,0.0,0.0,0.0,0.0,0.0,0.0,0.0,1.0,0.0,0.0,1.0,0.0,0.0,0.0,1.0,0.0,-0.30434782608695654,-0.4453646192776628,-0.5137672979931172,2.7472944326676334,0.0,0.0,0.0
1.0,0.0,0.0,1.0,0.0,1.0,0.0,0.0,0.0,0.0,0.0,2.0,1.0,0.0,0.0,0.0,1.0,0.0,0.0,0.0,1.0,0.13043478260869565,-0.280653324131585,-0.2869292137862852,0.7470712930938304,0.0,1.0,0.0
0.0,1.0,1.0,1.0,1.0,0.0,0.0,1.0,1.0,1.0,1.0,0.0,0.0,1.0,0.0,0.0,1.0,0.0,0.0,1.0,0.0,0.043478260869565216,0.620197837589142,0.6254947182727578,0.020350329130871498,0.0,4.0,0.0
1.0,1.0,1.0,1.0,0.0,1.0,1.0,1.0,1.0,1.0,1.0,2.0,1.0,0.0,0.0,0.0,1.0,0.0,0.0,1.0,0.0,0.9130434782608695,0.36530940878766954,0.33994350794604855,-0.8293141645813742,0.0,6.0,0.0
0.0,0.0,0.0,1.0,1.0,0.0,1.0,0.0,0.0,0.0,0.0,0.0,0.0,1.0,0.0,1.0,0.0,0.0,1.0,0.0,0.0,0.10869565217391304,0.06349206349206354,0.06725349196654641,1.7485217003235527,0.0,1.0,0.0
0.0,0.0,0.0,1.0,1.0,1.0,0.0,0.0,0.0,0.0,1.0,0.0,1.0,0.0,0.0,0.0,1.0,1.0,0.0,0.0,0.0,-0.30434782608695654,-0.10766045548654234,-0.07874710286684161,0.09639629588307509,0.0,2.0,0.0
1.0,1.0,1.0,1.0,0.0,0.0,0.0,0.0,0.0,0.0,0.0,2.0,0.0,0.0,1.0,0.0,1.0,1.0,0.0,0.0,0.0,0.8478260869565217,-0.829997699562917,-0.8593001774820729,0.5087582282717841,0.0,0.0,0.0
1.0,1.0,1.0,1.0,1.0,0.0,0.0,1.0,1.0,1.0,1.0,1.0,1.0,0.0,0.0,0.0,1.0,0.0,1.0,0.0,0.0,-0.06521739130434782,0.21164021164021166,0.17513325752778172,-0.45520473055896465,0.0,4.0,0.0
1.0,0.0,1.0,1.0,1.0,1.0,1.0,0.0,1.0,0.0,1.0,0.0,1.0,0.0,0.0,1.0,0.0,1.0,0.0,0.0,0.0,-0.6086956521739131,-0.0009201748332182592,-0.0025481275448072495,-0.70262188999219,0.0,4.0,0.0
0.0,0.0,0.0,1.0,0.0,1.0,0.0,1.0,1.0,1.0,0.0,2.0,1.0,0.0,0.0,1.0,0.0,1.0,0.0,0.0,0.0,0.6086956521739131,-0.011962272831838153,-0.006626300830573525,-0.7154747294432667,1.0,4.0,0.0
0.0,0.0,0.0,1.0,1.0,1.0,0.0,1.0,1.0,1.0,0.0,1.0,0.0,1.0,0.0,1.0,0.0,0.0,0.0,1.0,0.0,0.21739130434782608,0.461007591442374,0.4428568401272118,-0.16494477295548357,0.0,4.0,0.0
1.0,1.0,1.0,1.0,0.0,0.0,0.0,0.0,0.0,0.0,0.0,1.0,0.0,0.0,1.0,0.0,1.0,0.0,0.0,1.0,0.0,0.3695652173913043,-0.8391994478951001,-0.8278284109108276,0.45520473055896465,0.0,0.0,0.0
1.0,0.0,0.0,1.0,1.0,0.0,1.0,1.0,0.0,1.0,1.0,2.0,0.0,1.0,0.0,0.0,1.0,1.0,0.0,0.0,0.0,0.7608695652173914,0.6238785369220153,0.6244883937211105,0.024634608947897336,0.0,4.0,0.0
0.0,1.0,0.0,1.0,0.0,0.0,0.0,0.0,0.0,1.0,1.0,0.0,0.0,1.0,0.0,0.0,1.0,0.0,0.0,1.0,0.0,-0.5652173913043478,0.4490453186105361,0.3763028872194865,1.1763918330915992,0.0,2.0,0.0
0.0,0.0,0.0,1.0,1.0,0.0,0.0,0.0,0.0,0.0,0.0,0.0,0.0,0.0,1.0,1.0,0.0,0.0,1.0,0.0,0.0,-0.5434782608695652,-0.9266160570508397,-0.9826758235831513,-0.05355349771281937,0.0,0.0,0.0
1.0,1.0,1.0,1.0,1.0,1.0,1.0,1.0,1.0,1.0,1.0,2.0,1.0,0.0,0.0,0.0,1.0,0.0,0.0,0.0,1.0,0.9130434782608695,0.38187255578559925,0.40836160198519905,-0.8155432651695061,0.0,6.0,0.0
0.0,1.0,0.0,1.0,1.0,0.0,1.0,1.0,0.0,1.0,1.0,0.0,0.0,1.0,0.0,1.0,0.0,0.0,1.0,0.0,0.0,-0.10869565217391304,0.5300207039337473,0.564465047442456,-0.08461452638625451,0.0,4.0,0.0
0.0,0.0,0.0,1.0,1.0,0.0,0.0,0.0,0.0,0.0,0.0,2.0,0.0,0.0,1.0,1.0,0.0,1.0,0.0,0.0,0.0,0.30434782608695654,-0.9358178053830228,-0.964123583905249,-0.10710699542563874,0.0,0.0,0.0
0.0,0.0,0.0,1.0,1.0,0.0,0.0,1.0,1.0,1.0,0.0,0.0,1.0,0.0,0.0,0.0,1.0,0.0,0.0,0.0,1.0,-0.2608695652173913,-0.027605244996549344,-0.09945428610760812,-0.36416378444717157,0.0,3.0,0.0
1.0,1.0,0.0,1.0,1.0,0.0,0.0,1.0,0.0,1.0,0.0,0.0,0.0,1.0,0.0,1.0,0.0,0.0,1.0,0.0,0.0,0.10869565217391304,0.2705314009661836,0.2564177724851199,0.8300792145487006,1.0,2.0,1.0
1.0,0.0,0.0,1.0,1.0,0.0,0.0,0.0,0.0,0.0,0.0,0.0,1.0,0.0,0.0,1.0,0.0,0.0,1.0,0.0,0.0,-0.41304347826086957,-0.4720496894409938,-0.4970451755952753,2.5919892893004577,0.0,0.0,0.0
0.0,0.0,0.0,1.0,1.0,0.0,0.0,0.0,0.0,1.0,1.0,0.0,0.0,1.0,0.0,1.0,0.0,0.0,0.0,1.0,0.0,0.2391304347826087,0.3873936047849091,0.3905136285978724,1.056789021532969,1.0,2.0,1.0
0.0,0.0,0.0,1.0,0.0,1.0,0.0,1.0,0.0,0.0,0.0,2.0,1.0,0.0,0.0,0.0,1.0,1.0,0.0,0.0,0.0,0.5,-0.19599723947550032,-0.2004960747373506,-0.07497489679794704,1.0,2.0,1.0
0.0,1.0,1.0,1.0,1.0,1.0,1.0,0.0,0.0,0.0,1.0,0.0,0.0,1.0,0.0,0.0,1.0,0.0,0.0,1.0,0.0,0.4782608695652174,0.4288014722797331,0.3384520154700083,0.29989958719178855,0.0,3.0,0.0
1.0,0.0,0.0,1.0,0.0,0.0,0.0,0.0,1.0,1.0,1.0,0.0,0.0,1.0,0.0,0.0,1.0,0.0,0.0,1.0,0.0,-0.34782608695652173,0.5567057740970784,0.5591907939177772,0.48599799174383596,0.0,3.0,0.0
0.0,0.0,1.0,1.0,0.0,1.0,0.0,0.0,0.0,0.0,1.0,0.0,1.0,0.0,0.0,0.0,1.0,0.0,0.0,1.0,0.0,-0.2391304347826087,-0.10489993098688756,-0.10606602810287635,0.10175164565435672,0.0,2.0,0.0
0.0,1.0,1.0,1.0,1.0,0.0,0.0,1.0,1.0,1.0,0.0,1.0,1.0,0.0,0.0,1.0,0.0,0.0,0.0,1.0,0.0,0.021739130434782608,-0.11042097998619738,-0.08116660409290288,-0.48465915430101514,0.0,3.0,0.0
1.0,0.0,0.0,1.0,1.0,0.0,0.0,1.0,0.0,0.0,0.0,0.0,0.0,1.0,0.0,1.0,0.0,1.0,0.0,0.0,0.0,-0.5434782608695652,0.07913503565677474,0.18167085821163784,1.794042173379449,0.0,1.0,0.0
1.0,0.0,0.0,1.0,1.0,0.0,1.0,0.0,1.0,1.0,0.0,0.0,1.0,0.0,0.0,1.0,0.0,1.0,0.0,0.0,0.0,-0.5434782608695652,-0.12422360248447205,-0.2579739531821728,-0.5047417159433224,0.0,3.0,0.0
1.0,0.0,0.0,1.0,1.0,0.0,0.0,0.0,0.0,0.0,0.0,0.0,0.0,0.0,1.0,1.0,0.0,0.0,0.0,0.0,1.0,-0.6086956521739131,-0.9256958822176213,-0.9259400511619018,-0.04819814794153736,0.0,0.0,0.0
0.0,1.0,1.0,1.0,0.0,0.0,0.0,0.0,0.0,0.0,0.0,1.0,0.0,0.0,1.0,1.0,0.0,0.0,1.0,0.0,0.0,0.1956521739130435,-0.9367379802162411,-0.9281161515317772,-0.11246234519692037,0.0,0.0,0.0
0.0,0.0,0.0,1.0,1.0,1.0,0.0,0.0,1.0,0.0,0.0,2.0,0.0,1.0,0.0,0.0,1.0,1.0,0.0,0.0,0.0,0.9347826086956522,0.26132965263400054,0.28144976162183766,0.8122280486444274,0.0,2.0,0.0
0.0,1.0,0.0,1.0,0.0,1.0,0.0,0.0,0.0,0.0,0.0,2.0,0.0,1.0,0.0,0.0,1.0,1.0,0.0,0.0,0.0,0.9347826086956522,0.18311479181044404,0.16722531291679907,2.0966194354568786,0.0,1.0,0.0
0.0,0.0,0.0,1.0,1.0,0.0,0.0,0.0,0.0,1.0,0.0,0.0,1.0,0.0,0.0,1.0,0.0,0.0,0.0,1.0,0.0,-0.6086956521739131,-0.2916954221302048,-0.2928882746721724,0.7149391944661386,0.0,1.0,0.0
1.0,1.0,1.0,1.0,1.0,0.0,0.0,1.0,1.0,1.0,1.0,2.0,0.0,1.0,0.0,0.0,1.0,0.0,0.0,1.0,0.0,0.5869565217391305,0.6017943409247758,0.6302903565673988,-0.0010710699542561743,0.0,4.0,0.0
1.0,0.0,0.0,1.0,0.0,0.0,0.0,0.0,0.0,0.0,0.0,0.0,0.0,1.0,0.0,0.0,1.0,0.0,0.0,1.0,0.0,-0.30434782608695654,0.0947780078214862,0.10758511813768282,5.890884748410132,1.0,0.0,1.0
0.0,0.0,0.0,1.0,0.0,0.0,0.0,0.0,0.0,0.0,0.0,2.0,0.0,0.0,1.0,0.0,1.0,1.0,0.0,0.0,0.0,0.782608695652174,-0.8097538532321141,-0.8169423454900854,0.6265759232399868,0.0,0.0,0.0
1.0,1.0,1.0,1.0,0.0,1.0,1.0,0.0,1.0,0.0,0.0,0.0,1.0,0.0,0.0,0.0,1.0,0.0,1.0,0.0,0.0,-0.5217391304347826,-0.1122613296526339,-0.13246615540496365,-0.487336829186656,0.0,3.0,0.0
1.0,1.0,1.0,1.0,1.0,0.0,0.0,0.0,0.0,0.0,0.0,2.0,0.0,0.0,1.0,0.0,1.0,1.0,0.0,0.0,0.0,0.9347826086956522,-0.8336783988957902,-0.8380161933161061,0.48733682918665633,0.0,0.0,0.0
0.0,1.0,0.0,1.0,1.0,0.0,0.0,1.0,0.0,1.0,1.0,2.0,0.0,1.0,0.0,0.0,1.0,0.0,0.0,1.0,0.0,0.9347826086956522,0.5033356337704162,0.44891344616615986,0.4083454200602477,0.0,3.0,0.0
1.0,0.0,0.0,1.0,1.0,0.0,1.0,0.0,0.0,0.0,0.0,0.0,1.0,0.0,0.0,1.0,0.0,0.0,0.0,1.0,0.0,0.10869565217391304,-0.38095238095238104,-0.3598524299757474,0.45520473055896465,0.0,1.0,0.0
1.0,1.0,0.0,1.0,1.0,0.0,1.0,1.0,0.0,0.0,1.0,0.0,0.0,1.0,0.0,0.0,1.0,0.0,0.0,1.0,0.0,0.7608695652173914,0.43708304577869794,0.44898363211944725,0.31194912417717297,1.0,3.0,1.0
1.0,1.0,0.0,1.0,1.0,0.0,0.0,0.0,0.0,0.0,0.0,2.0,0.0,0.0,1.0,1.0,0.0,0.0,1.0,0.0,0.0,0.782608695652174,-0.9220151828847482,-0.8972594202699145,-0.026776748856409686,0.0,0.0,0.0
0.0,0.0,0.0,1.0,1.0,0.0,1.0,0.0,0.0,1.0,1.0,2.0,0.0,1.0,0.0,0.0,1.0,1.0,0.0,0.0,0.0,0.5434782608695652,0.4913733609385784,0.4483944954812448,0.39094053330358164,0.0,3.0,0.0
1.0,0.0,0.0,1.0,0.0,0.0,0.0,0.0,0.0,0.0,0.0,0.0,0.0,0.0,1.0,1.0,0.0,0.0,0.0,0.0,1.0,-0.6086956521739131,-0.9229353577179664,-0.9231836573600598,-0.03213209862769132,0.0,0.0,0.0
1.0,0.0,0.0,1.0,0.0,0.0,0.0,1.0,0.0,0.0,1.0,0.0,0.0,1.0,0.0,1.0,0.0,0.0,0.0,1.0,0.0,-0.391304347826087,0.263170002300437,0.1875595176973915,0.8157982818252818,0.0,2.0,0.0
0.0,0.0,0.0,1.0,0.0,1.0,1.0,0.0,0.0,0.0,0.0,0.0,1.0,0.0,0.0,1.0,0.0,0.0,0.0,0.0,1.0,-0.5,-0.28249367379802165,-0.3082015735712951,-0.24277585629811438,0.0,2.0,0.0
0.0,1.0,0.0,1.0,0.0,0.0,0.0,0.0,0.0,0.0,0.0,2.0,0.0,0.0,1.0,0.0,1.0,1.0,0.0,0.0,0.0,0.8695652173913043,-0.8511617207269382,-0.8598931272143816,0.38558518353229965,0.0,0.0,0.0
1.0,0.0,0.0,1.0,1.0,0.0,0.0,0.0,0.0,0.0,0.0,0.0,0.0,0.0,1.0,1.0,0.0,0.0,0.0,1.0,0.0,-0.5652173913043478,-0.9201748332183115,-0.82579107636164,-0.01606604931384566,0.0,0.0,0.0
1.0,1.0,1.0,0.0,1.0,1.0,1.0,1.0,1.0,1.0,1.0,2.0,1.0,0.0,0.0,1.0,0.0,0.0,1.0,0.0,0.0,0.9347826086956522,-0.0966183574879227,-0.15403493690437797,-1.2133692481790217,0.0,6.0,0.0
1.0,1.0,1.0,1.0,1.0,0.0,1.0,1.0,1.0,1.0,0.0,1.0,1.0,0.0,0.0,1.0,0.0,0.0,0.0,1.0,0.0,0.5,-0.032206119162640906,-0.06635157638103642,-0.7390382684369071,0.0,4.0,0.0
0.0,0.0,0.0,1.0,1.0,1.0,0.0,0.0,0.0,1.0,1.0,0.0,0.0,1.0,0.0,0.0,1.0,0.0,0.0,1.0,0.0,0.13043478260869565,0.5254198297676558,0.5691279469572388,0.4404775186879394,1.0,3.0,1.0
1.0,1.0,0.0,1.0,1.0,0.0,1.0,1.0,1.0,1.0,1.0,1.0,0.0,1.0,0.0,1.0,0.0,0.0,1.0,0.0,0.0,0.7608695652173914,0.5879917184265011,0.6134197498605887,-0.3829075086466584,0.0,5.0,0.0
1.0,1.0,1.0,1.0,1.0,0.0,0.0,0.0,0.0,0.0,0.0,1.0,0.0,0.0,1.0,1.0,0.0,0.0,0.0,1.0,0.0,0.8043478260869565,-0.9229353577179664,-0.9186175100519579,-0.03213209862769132,0.0,0.0,0.0
0.0,1.0,0.0,1.0,1.0,0.0,0.0,1.0,1.0,1.0,1.0,0.0,0.0,1.0,0.0,0.0,1.0,0.0,0.0,1.0,0.0,-0.021739130434782608,0.6312399355877616,0.7019401883093291,0.03320316858194825,0.0,4.0,0.0
1.0,0.0,0.0,1.0,0.0,1.0,1.0,1.0,1.0,1.0,1.0,1.0,0.0,1.0,0.0,1.0,0.0,0.0,1.0,0.0,0.0,0.34782608695652173,0.7674258109040718,0.7576448652713709,-0.49498732885991603,0.0,6.0,0.0
1.0,0.0,0.0,1.0,0.0,0.0,0.0,0.0,0.0,0.0,0.0,2.0,0.0,0.0,1.0,1.0,0.0,0.0,1.0,0.0,0.0,0.32608695652173914,-0.9220151828847482,-0.9189446578011664,-0.026776748856409686,0.0,0.0,0.0
0.0,0.0,0.0,1.0,1.0,0.0,0.0,0.0,0.0,1.0,0.0,0.0,0.0,1.0,0.0,0.0,1.0,0.0,0.0,1.0,0.0,-0.5869565217391305,0.2769726247987117,0.42515231070768766,2.3697422737922573,1.0,1.0,1.0
0.0,1.0,1.0,1.0,1.0,1.0,1.0,0.0,1.0,1.0,0.0,1.0,1.0,0.0,0.0,0.0,1.0,0.0,1.0,0.0,0.0,0.5652173913043478,0.08281573498964803,0.1107647158363731,-0.6051545241548587,0.0,4.0,0.0
1.0,0.0,0.0,1.0,0.0,0.0,0.0,0.0,0.0,0.0,0.0,0.0,1.0,0.0,0.0,1.0,0.0,0.0,0.0,0.0,1.0,-0.5869565217391305,-0.45364619277662754,-0.5529080899792747,2.6990962847260964,0.0,0.0,0.0
0.0,1.0,0.0,1.0,1.0,1.0,1.0,1.0,1.0,1.0,0.0,2.0,0.0,1.0,0.0,0.0,1.0,1.0,0.0,0.0,0.0,0.9347826086956522,0.6155969634230505,0.631550057703029,-0.3561307597902487,0.0,5.0,0.0
0.0,0.0,0.0,1.0,0.0,0.0,0.0,0.0,0.0,1.0,0.0,0.0,0.0,1.0,0.0,1.0,0.0,0.0,0.0,1.0,0.0,-0.6086956521739131,0.16655164481251433,0.16467309643361178,2.048421287515341,0.0,1.0,0.0
1.0,1.0,1.0,0.0,0.0,1.0,1.0,1.0,0.0,0.0,0.0,0.0,1.0,0.0,0.0,1.0,0.0,1.0,0.0,0.0,0.0,0.17391304347826086,-0.5576259489302967,-0.5775914723128874,-1.1353341515117705,0.0,3.0,0.0
1.0,0.0,0.0,1.0,0.0,1.0,1.0,1.0,1.0,0.0,0.0,2.0,1.0,0.0,0.0,0.0,1.0,1.0,0.0,0.0,0.0,0.717391304347826,-0.02024384633080275,-0.0411969180566575,-0.7251143590315741,0.0,4.0,0.0
0.0,1.0,1.0,1.0,0.0,0.0,0.0,0.0,0.0,0.0,0.0,2.0,0.0,0.0,1.0,1.0,0.0,0.0,1.0,0.0,0.0,-0.391304347826087,-0.912813434552565,-0.9591838309538154,0.026776748856409686,0.0,0.0,0.0
1.0,0.0,0.0,1.0,0.0,0.0,0.0,0.0,0.0,0.0,0.0,2.0,0.0,0.0,1.0,1.0,0.0,1.0,0.0,0.0,0.0,0.8043478260869565,-0.9413388543823327,-0.951666393312428,-0.13923909405333007,0.0,0.0,0.0
0.0,1.0,0.0,1.0,0.0,0.0,0.0,1.0,0.0,0.0,1.0,1.0,1.0,0.0,0.0,1.0,0.0,0.0,0.0,0.0,1.0,-0.06521739130434782,-0.180354267310789,-0.1681437859477811,-0.044627914760682556,1.0,2.0,1.0
1.0,0.0,0.0,1.0,0.0,0.0,0.0,0.0,0.0,0.0,0.0,1.0,0.0,0.0,1.0,1.0,0.0,0.0,0.0,0.0,1.0,-0.4782608695652174,-0.9385783298826778,-0.9595418041748339,-0.1231730447394844,0.0,0.0,0.0
1.0,1.0,0.0,1.0,1.0,0.0,1.0,0.0,1.0,1.0,1.0,0.0,0.0,1.0,0.0,1.0,0.0,0.0,0.0,1.0,0.0,-0.41304347826086957,0.5401426270991487,0.5237393290202393,-0.07283275688943432,0.0,4.0,0.0
0.0,1.0,1.0,1.0,0.0,1.0,0.0,1.0,1.0,1.0,1.0,2.0,0.0,1.0,0.0,0.0,1.0,0.0,0.0,0.0,1.0,0.9347826086956522,0.6800092017483322,0.6366034463397393,-0.29365167912529255,0.0,5.0,0.0
1.0,0.0,0.0,1.0,1.0,0.0,0.0,0.0,0.0,0.0,0.0,0.0,0.0,1.0,0.0,1.0,0.0,0.0,0.0,1.0,0.0,-0.6086956521739131,-0.012882447665056413,-0.014492500686123006,5.264308825170144,0.0,0.0,0.0
0.0,1.0,1.0,1.0,0.0,1.0,0.0,0.0,0.0,0.0,0.0,0.0,1.0,0.0,0.0,1.0,0.0,0.0,0.0,1.0,0.0,-0.5434782608695652,-0.3717506326201979,-0.29977925917677756,0.48198147941537434,0.0,1.0,0.0
0.0,0.0,0.0,1.0,0.0,0.0,0.0,0.0,0.0,0.0,0.0,1.0,0.0,0.0,1.0,1.0,0.0,0.0,0.0,0.0,1.0,-0.3695652173913043,-0.9348976305498045,-0.8976104481985251,-0.10175164565435672,0.0,0.0,0.0
1.0,0.0,0.0,1.0,0.0,1.0,0.0,0.0,0.0,0.0,0.0,0.0,1.0,0.0,0.0,1.0,0.0,0.0,0.0,1.0,0.0,-0.6086956521739131,-0.41499884978145846,-0.4160071978211183,0.3561307597902491,0.0,1.0,0.0
0.0,1.0,0.0,1.0,1.0,0.0,1.0,1.0,1.0,1.0,1.0,2.0,0.0,1.0,0.0,0.0,1.0,0.0,1.0,0.0,0.0,0.3695652173913043,0.7066942719116633,0.642048544723652,-0.2677674885640965,0.0,5.0,0.0
1.0,0.0,0.0,1.0,1.0,0.0,0.0,0.0,1.0,0.0,0.0,0.0,1.0,0.0,0.0,1.0,0.0,0.0,1.0,0.0,0.0,-0.10869565217391304,-0.35702783528870485,-0.32504620236032994,0.5248242775856301,0.0,1.0,0.0
1.0,0.0,1.0,1.0,1.0,0.0,0.0,1.0,0.0,0.0,0.0,0.0,0.0,1.0,0.0,0.0,1.0,0.0,0.0,0.0,1.0,-0.391304347826087,0.13802622498274672,0.1258330019531099,1.9654133660604711,0.0,1.0,0.0
1.0,1.0,1.0,1.0,0.0,0.0,0.0,0.0,0.0,0.0,0.0,2.0,0.0,0.0,1.0,1.0,0.0,0.0,0.0,0.0,1.0,-0.1956521739130435,-0.9284564067172764,-0.9296152428976914,-0.06426419725538302,0.0,0.0,0.0
1.0,0.0,1.0,1.0,1.0,1.0,0.0,1.0,0.0,0.0,1.0,0.0,0.0,1.0,0.0,0.0,1.0,1.0,0.0,0.0,0.0,0.08695652173913043,0.45640671727628246,0.5266237976856013,0.3400647104764031,0.0,3.0,0.0
0.0,0.0,0.0,1.0,1.0,0.0,1.0,1.0,0.0,0.0,0.0,0.0,0.0,1.0,0.0,0.0,1.0,0.0,0.0,1.0,0.0,-0.34782608695652173,0.256728778467909,0.1992340341028624,0.8033024656922909,0.0,2.0,0.0
0.0,1.0,0.0,1.0,1.0,0.0,0.0,0.0,0.0,0.0,0.0,2.0,0.0,0.0,1.0,1.0,0.0,1.0,0.0,0.0,0.0,0.43478260869565216,-0.9266160570508397,-0.9321091230041199,-0.05355349771281937,0.0,0.0,0.0
1.0,0.0,0.0,1.0,0.0,0.0,0.0,0.0,0.0,0.0,0.0,0.0,0.0,0.0,1.0,1.0,0.0,0.0,1.0,0.0,0.0,-0.32608695652173914,-0.9367379802162411,-0.9028388459655112,-0.11246234519692037,0.0,0.0,0.0
1.0,1.0,0.0,1.0,1.0,1.0,0.0,0.0,0.0,0.0,0.0,0.0,0.0,1.0,0.0,0.0,1.0,0.0,0.0,1.0,0.0,-0.10869565217391304,0.15366919714745791,0.05981528222186961,2.010933839116367,1.0,1.0,1.0
1.0,1.0,1.0,1.0,0.0,0.0,0.0,1.0,0.0,1.0,1.0,0.0,0.0,1.0,0.0,0.0,1.0,0.0,0.0,1.0,0.0,-0.5434782608695652,0.564067172762825,0.4756861970747923,0.4967086912864,0.0,3.0,0.0
1.0,0.0,1.0,1.0,1.0,0.0,0.0,0.0,1.0,1.0,1.0,1.0,0.0,1.0,0.0,0.0,1.0,1.0,0.0,0.0,0.0,0.43478260869565216,0.5539452495974234,0.6040835205993746,0.48198147941537434,0.0,3.0,0.0
1.0,0.0,0.0,1.0,0.0,0.0,0.0,0.0,0.0,0.0,0.0,0.0,0.0,0.0,1.0,1.0,0.0,0.0,0.0,0.0,1.0,-0.5434782608695652,-0.9477800782148609,-0.9597058752344674,-0.17672654245230376,0.0,0.0,0.0
0.0,0.0,0.0,1.0,0.0,0.0,0.0,0.0,0.0,0.0,0.0,2.0,0.0,0.0,1.0,0.0,1.0,0.0,0.0,1.0,0.0,0.9130434782608695,-0.8456406717276284,-0.8521903409426625,0.4177172821599913,0.0,0.0,0.0
1.0,0.0,0.0,1.0,0.0,0.0,0.0,0.0,0.0,0.0,0.0,2.0,0.0,0.0,1.0,1.0,0.0,1.0,0.0,0.0,0.0,0.6086956521739131,-0.9174143087186566,-0.9342575903534254,0.0,0.0,0.0,0.0
1.0,0.0,0.0,1.0,1.0,1.0,0.0,1.0,0.0,0.0,0.0,0.0,0.0,1.0,0.0,0.0,1.0,0.0,0.0,1.0,0.0,-0.21739130434782608,0.26224982746721875,0.30055847508582645,0.8140131652348546,0.0,2.0,0.0
1.0,0.0,0.0,1.0,1.0,0.0,1.0,0.0,0.0,0.0,0.0,0.0,0.0,1.0,0.0,1.0,0.0,0.0,1.0,0.0,0.0,-0.21739130434782608,0.061651713825626765,0.08057890658442995,1.7431663505522703,0.0,1.0,0.0
1.0,0.0,0.0,1.0,0.0,0.0,0.0,1.0,0.0,1.0,0.0,0.0,0.0,1.0,0.0,1.0,0.0,0.0,0.0,1.0,0.0,-0.30434782608695654,0.27237175063262015,0.1972597964909446,0.8336494477295551,0.0,2.0,0.0
0.0,1.0,0.0,1.0,0.0,1.0,1.0,1.0,0.0,1.0,1.0,0.0,0.0,1.0,0.0,0.0,1.0,1.0,0.0,0.0,0.0,0.45652173913043476,0.7039337474120083,0.6991929824868268,-0.2704451634497377,1.0,5.0,1.0
0.0,0.0,0.0,1.0,1.0,0.0,1.0,0.0,0.0,1.0,0.0,0.0,0.0,1.0,0.0,0.0,1.0,0.0,1.0,0.0,0.0,-0.2391304347826087,0.3588681849551415,0.2621167217616954,1.0014504072297223,0.0,2.0,0.0
1.0,1.0,1.0,0.0,0.0,1.0,0.0,1.0,1.0,1.0,1.0,1.0,1.0,0.0,0.0,1.0,0.0,0.0,1.0,0.0,0.0,0.15217391304347827,-0.180354267310789,-0.15652334797548523,-1.1281936851500611,0.0,5.0,0.0
1.0,1.0,0.0,1.0,0.0,0.0,0.0,1.0,1.0,0.0,1.0,1.0,1.0,0.0,0.0,0.0,1.0,0.0,1.0,0.0,0.0,0.1956521739130435,-0.027605244996549344,-0.006247498173595518,-0.36416378444717157,0.0,3.0,0.0
0.0,1.0,1.0,1.0,0.0,1.0,1.0,1.0,1.0,1.0,0.0,2.0,0.0,1.0,0.0,0.0,1.0,0.0,1.0,0.0,0.0,0.9347826086956522,0.6551644812514377,0.657199833359059,-0.31775075309606143,0.0,5.0,0.0
1.0,0.0,0.0,0.0,1.0,0.0,0.0,0.0,0.0,0.0,0.0,0.0,1.0,0.0,0.0,1.0,0.0,0.0,0.0,0.0,1.0,-0.5869565217391305,-0.8474810213940649,-0.8607053978516395,0.4070065826174273,1.0,0.0,1.0
0.0,0.0,0.0,1.0,0.0,0.0,1.0,0.0,0.0,0.0,0.0,1.0,0.0,1.0,0.0,1.0,0.0,0.0,0.0,1.0,0.0,0.41304347826086957,0.08557625948930307,0.14715851081774026,1.8127858975789362,0.0,1.0,0.0
0.0,0.0,0.0,1.0,1.0,0.0,0.0,0.0,0.0,0.0,0.0,0.0,1.0,0.0,0.0,0.0,1.0,0.0,0.0,0.0,1.0,-0.6086956521739131,-0.37543133195307105,-0.3764988866613819,3.1543010152850615,0.0,0.0,0.0
1.0,1.0,1.0,1.0,1.0,1.0,1.0,0.0,1.0,1.0,1.0,2.0,0.0,1.0,0.0,1.0,0.0,0.0,1.0,0.0,0.0,0.8695652173913043,0.6597653554175292,0.6368020753616918,-0.3132879616199934,0.0,5.0,0.0
0.0,0.0,0.0,1.0,1.0,0.0,0.0,0.0,0.0,0.0,0.0,0.0,1.0,0.0,0.0,1.0,0.0,1.0,0.0,0.0,0.0,-0.3695652173913043,-0.4692891649413389,-0.4941815887011393,2.6080553386143035,0.0,0.0,0.0
0.0,1.0,1.0,1.0,1.0,0.0,0.0,0.0,0.0,0.0,0.0,0.0,0.0,0.0,1.0,1.0,0.0,0.0,0.0,1.0,0.0,-0.5434782608695652,-0.9302967563837129,-0.9162926728554546,-0.07497489679794704,0.0,0.0,0.0
1.0,0.0,1.0,1.0,1.0,0.0,0.0,0.0,0.0,0.0,0.0,0.0,0.0,1.0,0.0,1.0,0.0,0.0,0.0,0.0,1.0,-0.6086956521739131,-0.0009201748332182592,-0.0025481275448072495,5.33392837219681,0.0,0.0,0.0
0.0,1.0,0.0,1.0,1.0,0.0,0.0,0.0,0.0,0.0,0.0,1.0,0.0,0.0,1.0,0.0,1.0,1.0,0.0,0.0,0.0,0.3695652173913043,-0.8474810213940649,-0.8712316263557756,0.4070065826174273,0.0,0.0,0.0
1.0,0.0,1.0,1.0,0.0,0.0,0.0,0.0,0.0,0.0,0.0,2.0,0.0,0.0,1.0,1.0,0.0,0.0,0.0,0.0,1.0,0.8043478260869565,-0.9192546583850932,-0.9192857267311922,-0.010710699542563646,0.0,0.0,0.0
0.0,0.0,1.0,0.0,1.0,1.0,0.0,0.0,1.0,0.0,0.0,1.0,1.0,0.0,0.0,1.0,0.0,0.0,0.0,0.0,1.0,-0.391304347826087,-0.6340004600874167,-0.6245743288271685,-0.9246903938413478,0.0,2.0,0.0
1.0,0.0,1.0,0.0,0.0,1.0,0.0,0.0,1.0,0.0,0.0,2.0,1.0,0.0,0.0,1.0,0.0,0.0,0.0,0.0,1.0,-0.10869565217391304,-0.6395215090867264,-0.6610199802070804,-0.9354010933839116,0.0,2.0,0.0
1.0,1.0,1.0,1.0,0.0,1.0,1.0,1.0,1.0,1.0,1.0,2.0,0.0,1.0,0.0,0.0,1.0,0.0,1.0,0.0,0.0,0.8913043478260869,0.8143547273982057,0.761576737064898,-0.45596978052629056,0.0,6.0,0.0
1.0,1.0,0.0,1.0,1.0,0.0,0.0,0.0,0.0,0.0,0.0,2.0,0.0,0.0,1.0,1.0,0.0,1.0,0.0,0.0,0.0,0.7391304347826086,-0.9302967563837129,-0.9369656263692702,-0.07497489679794704,0.0,0.0,0.0
0.0,0.0,0.0,1.0,0.0,0.0,0.0,0.0,0.0,0.0,0.0,0.0,0.0,0.0,1.0,1.0,0.0,0.0,0.0,0.0,1.0,-0.5,-0.9293765815504946,-0.9626919685197961,-0.06961954702666504,0.0,0.0,0.0
1.0,0.0,0.0,1.0,0.0,0.0,0.0,0.0,0.0,0.0,0.0,0.0,0.0,0.0,1.0,1.0,0.0,0.0,0.0,0.0,1.0,-0.32608695652173914,-0.9312169312169313,-0.9246931111086877,-0.08033024656922906,0.0,0.0,0.0
1.0,1.0,1.0,1.0,1.0,0.0,0.0,0.0,0.0,0.0,0.0,2.0,0.0,0.0,1.0,0.0,1.0,1.0,0.0,0.0,0.0,0.8695652173913043,-0.8189556015642973,-0.8186803793076125,0.5730224255271674,0.0,0.0,0.0
0.0,0.0,0.0,1.0,1.0,1.0,0.0,0.0,0.0,0.0,0.0,0.0,1.0,0.0,0.0,0.0,1.0,0.0,0.0,1.0,0.0,-0.4782608695652174,-0.310098918794571,-0.23566028907202255,0.6613856967533193,0.0,1.0,0.0
1.0,1.0,0.0,1.0,1.0,0.0,0.0,0.0,1.0,0.0,0.0,0.0,0.0,1.0,0.0,0.0,1.0,1.0,0.0,0.0,0.0,-0.5652173913043478,0.16839199447895112,0.24491478266501449,2.0537766372866235,0.0,1.0,0.0
0.0,1.0,0.0,1.0,1.0,1.0,0.0,0.0,1.0,0.0,0.0,1.0,1.0,0.0,0.0,0.0,1.0,1.0,0.0,0.0,0.0,0.6304347826086957,-0.17391304347826092,-0.19497292933202373,-0.0321320986276917,0.0,2.0,0.0
0.0,0.0,1.0,0.0,0.0,0.0,0.0,0.0,0.0,0.0,0.0,0.0,1.0,0.0,0.0,1.0,0.0,0.0,0.0,1.0,0.0,-0.391304347826087,-0.8336783988957902,-0.7608070043060904,0.48733682918665633,0.0,0.0,0.0
1.0,0.0,0.0,1.0,0.0,1.0,1.0,1.0,1.0,1.0,1.0,2.0,0.0,1.0,0.0,0.0,1.0,1.0,0.0,0.0,0.0,0.9347826086956522,0.7895100069013113,0.78652064256215,-0.47662612964409234,0.0,6.0,0.0
0.0,0.0,0.0,1.0,1.0,0.0,0.0,0.0,0.0,0.0,0.0,2.0,0.0,0.0,1.0,0.0,1.0,0.0,1.0,0.0,0.0,0.717391304347826,-0.8226363008971705,-0.8336008588001924,0.5516010264420398,0.0,0.0,0.0
1.0,0.0,0.0,1.0,0.0,0.0,0.0,0.0,0.0,0.0,0.0,0.0,0.0,0.0,1.0,1.0,0.0,0.0,0.0,0.0,1.0,-0.5869565217391305,-0.9321371060501495,-0.8230346825597978,-0.08568559634051069,0.0,0.0,0.0
0.0,0.0,0.0,1.0,0.0,1.0,1.0,0.0,0.0,1.0,1.0,0.0,0.0,1.0,0.0,0.0,1.0,0.0,0.0,1.0,0.0,0.043478260869565216,0.6229583620887967,0.603058265498624,0.0235635389936404,0.0,4.0,0.0
1.0,1.0,0.0,0.0,1.0,0.0,0.0,0.0,0.0,0.0,0.0,0.0,1.0,0.0,0.0,1.0,0.0,0.0,0.0,1.0,0.0,-0.6086956521739131,-0.865884518058431,-0.8662181854553236,0.29989958719178855,0.0,0.0,0.0
1.0,0.0,0.0,1.0,0.0,0.0,0.0,0.0,0.0,0.0,0.0,1.0,0.0,0.0,1.0,1.0,0.0,0.0,0.0,0.0,1.0,-0.5434782608695652,-0.9348976305498045,-0.7559624333816406,-0.10175164565435672,0.0,0.0,0.0
1.0,1.0,0.0,1.0,1.0,0.0,0.0,0.0,0.0,1.0,1.0,1.0,0.0,1.0,0.0,0.0,1.0,0.0,1.0,0.0,0.0,0.391304347826087,0.4545663676098459,0.48689748675817135,1.1871025326341629,0.0,2.0,0.0
0.0,0.0,0.0,1.0,1.0,0.0,1.0,1.0,0.0,1.0,1.0,1.0,1.0,0.0,0.0,0.0,1.0,0.0,0.0,1.0,0.0,0.2608695652173913,0.18495514147688055,0.1657263526017954,-0.4862657592323998,0.0,4.0,0.0
0.0,0.0,0.0,0.0,0.0,1.0,0.0,1.0,1.0,0.0,0.0,2.0,1.0,0.0,0.0,1.0,0.0,0.0,0.0,0.0,1.0,0.391304347826087,-0.5263400046008742,-0.5639532140788545,-1.089813678455874,0.0,3.0,0.0
1.0,0.0,0.0,0.0,1.0,0.0,0.0,0.0,0.0,0.0,1.0,0.0,1.0,0.0,0.0,1.0,0.0,0.0,0.0,1.0,0.0,-0.6086956521739131,-0.6450425580860363,-0.6457066813079577,-0.313287961619993,0.0,1.0,0.0
0.0,0.0,1.0,1.0,0.0,0.0,0.0,0.0,0.0,0.0,0.0,0.0,0.0,0.0,1.0,1.0,0.0,0.0,0.0,0.0,1.0,-0.45652173913043476,-0.9302967563837129,-0.9045779991976258,-0.07497489679794704,0.0,0.0,0.0
0.0,1.0,1.0,1.0,0.0,1.0,1.0,1.0,1.0,1.0,1.0,2.0,1.0,0.0,0.0,1.0,0.0,0.0,0.0,0.0,1.0,0.10869565217391304,0.26224982746721875,0.23750134443326246,-0.9149997609218851,0.0,6.0,0.0
1.0,1.0,1.0,1.0,0.0,0.0,0.0,0.0,0.0,0.0,0.0,2.0,0.0,0.0,1.0,0.0,1.0,0.0,0.0,0.0,1.0,0.30434782608695654,-0.8511617207269382,-0.8364747732680046,0.38558518353229965,0.0,0.0,0.0
0.0,0.0,0.0,1.0,1.0,1.0,0.0,0.0,0.0,0.0,0.0,0.0,1.0,0.0,0.0,1.0,0.0,1.0,0.0,0.0,0.0,-0.5434782608695652,-0.36714975845410636,-0.2145607508031601,0.4953698538435792,0.0,1.0,0.0
1.0,1.0,0.0,1.0,0.0,0.0,1.0,0.0,1.0,0.0,1.0,1.0,0.0,1.0,0.0,0.0,1.0,1.0,0.0,0.0,0.0,0.5217391304347826,0.5014952841039798,0.45142473087555995,0.4056677451746069,0.0,3.0,0.0
1.0,0.0,0.0,1.0,0.0,1.0,1.0,1.0,1.0,1.0,1.0,2.0,1.0,0.0,0.0,0.0,1.0,0.0,0.0,0.0,1.0,0.8695652173913043,0.37083045778697965,0.38655613952585605,-0.8247238647774181,0.0,6.0,0.0
1.0,0.0,0.0,1.0,0.0,0.0,0.0,0.0,0.0,0.0,0.0,0.0,0.0,1.0,0.0,0.0,1.0,0.0,0.0,1.0,0.0,-0.5652173913043478,0.07361398665746492,0.03481632176905193,5.7677117036706465,0.0,0.0,0.0
0.0,1.0,1.0,1.0,0.0,1.0,0.0,0.0,1.0,1.0,0.0,1.0,1.0,0.0,0.0,1.0,0.0,0.0,0.0,0.0,1.0,0.7608695652173914,-0.08649643432252134,-0.12911254294605584,-0.44984938078768266,0.0,3.0,0.0
1.0,0.0,1.0,1.0,0.0,0.0,0.0,0.0,0.0,0.0,0.0,0.0,0.0,0.0,1.0,0.0,1.0,0.0,1.0,0.0,0.0,-0.41304347826086957,-0.8410397975615368,-0.8856967016550076,0.444494031016401,0.0,0.0,0.0
1.0,0.0,0.0,1.0,0.0,0.0,0.0,0.0,0.0,0.0,0.0,0.0,0.0,0.0,1.0,1.0,0.0,0.0,0.0,0.0,1.0,-0.08695652173913043,-0.9183344835518749,-0.8991111514906391,-0.005355349771281633,0.0,0.0,0.0
1.0,0.0,1.0,1.0,0.0,1.0,0.0,0.0,0.0,0.0,0.0,0.0,1.0,0.0,0.0,1.0,0.0,0.0,0.0,0.0,1.0,-0.6086956521739131,-0.366229583620888,-0.3673109073219083,0.49804752872922037,0.0,1.0,0.0
1.0,0.0,0.0,1.0,0.0,1.0,0.0,0.0,1.0,0.0,0.0,0.0,0.0,1.0,0.0,0.0,1.0,1.0,0.0,0.0,0.0,0.06521739130434782,0.31561996779388096,0.29146721131834724,0.9175499274796389,0.0,2.0,0.0
1.0,0.0,0.0,1.0,1.0,1.0,0.0,1.0,1.0,1.0,1.0,0.0,1.0,0.0,0.0,1.0,0.0,0.0,1.0,0.0,0.0,0.15217391304347827,0.16011042097998626,0.16015567325837052,-0.7979471159210083,0.0,5.0,0.0
0.0,0.0,0.0,1.0,1.0,1.0,1.0,0.0,0.0,0.0,0.0,0.0,1.0,0.0,0.0,1.0,0.0,1.0,0.0,0.0,0.0,0.021739130434782608,-0.27973314929836673,-0.3595930046767505,-0.23742050652683236,0.0,2.0,0.0
0.0,0.0,0.0,1.0,0.0,1.0,1.0,1.0,1.0,1.0,0.0,1.0,1.0,0.0,0.0,1.0,0.0,0.0,0.0,0.0,1.0,-0.08695652173913043,0.06993328732459163,0.07283005495623379,-0.8854178288519469,0.0,5.0,0.0
1.0,1.0,1.0,1.0,1.0,0.0,0.0,1.0,0.0,1.0,1.0,0.0,0.0,1.0,0.0,0.0,1.0,0.0,0.0,1.0,0.0,0.0,0.6155969634230505,0.581522214259315,0.571683588084347,1.0,3.0,1.0
0.0,0.0,0.0,1.0,0.0,0.0,0.0,0.0,0.0,0.0,0.0,0.0,0.0,1.0,0.0,0.0,1.0,0.0,0.0,1.0,0.0,-0.6086956521739131,0.10121923165401427,0.09943844312334942,5.9283721968091045,0.0,0.0,0.0
0.0,1.0,0.0,1.0,1.0,0.0,1.0,1.0,1.0,1.0,1.0,1.0,0.0,1.0,0.0,0.0,1.0,1.0,0.0,0.0,0.0,0.6086956521739131,0.7158960202438465,0.718643773555872,-0.25884190561196,0.0,5.0,0.0
1.0,0.0,0.0,1.0,0.0,0.0,0.0,0.0,0.0,0.0,0.0,1.0,0.0,0.0,1.0,1.0,0.0,0.0,1.0,0.0,0.0,-0.08695652173913043,-0.9312169312169313,-0.9216768287483861,-0.08033024656922906,0.0,0.0,0.0
1.0,1.0,0.0,1.0,0.0,0.0,1.0,1.0,0.0,1.0,1.0,0.0,0.0,1.0,0.0,0.0,1.0,1.0,0.0,0.0,0.0,0.06521739130434782,0.6597653554175292,0.7246517247390906,0.06640633716389613,1.0,4.0,1.0
1.0,1.0,1.0,1.0,0.0,1.0,1.0,1.0,1.0,1.0,1.0,2.0,1.0,0.0,0.0,0.0,1.0,1.0,0.0,0.0,0.0,0.9130434782608695,0.30089717046238773,0.3240392451175797,-0.8828676622941936,0.0,6.0,0.0
0.0,0.0,0.0,0.0,0.0,1.0,0.0,1.0,0.0,0.0,0.0,0.0,1.0,0.0,0.0,1.0,0.0,0.0,0.0,0.0,1.0,-0.5434782608695652,-0.6533241315850011,-0.6735003188098654,-0.9621778422403213,0.0,2.0,0.0
0.0,1.0,0.0,1.0,1.0,1.0,1.0,1.0,1.0,1.0,1.0,1.0,1.0,0.0,0.0,0.0,1.0,0.0,0.0,1.0,0.0,0.5652173913043478,0.3616287094547965,0.3456595840042603,-0.8323743644506779,0.0,6.0,0.0
0.0,1.0,1.0,1.0,0.0,1.0,0.0,0.0,1.0,1.0,0.0,0.0,0.0,1.0,0.0,1.0,0.0,0.0,0.0,1.0,0.0,-0.2608695652173913,0.3929146537842189,0.4047495918803277,0.2476849269217896,0.0,3.0,0.0
1.0,1.0,1.0,1.0,0.0,0.0,0.0,0.0,0.0,0.0,0.0,2.0,0.0,0.0,1.0,0.0,1.0,0.0,1.0,0.0,0.0,0.7391304347826086,-0.8438003220611917,-0.8378812904448519,0.42842798170255497,0.0,0.0,0.0
1.0,0.0,0.0,0.0,1.0,0.0,1.0,0.0,1.0,0.0,1.0,0.0,1.0,0.0,0.0,1.0,0.0,0.0,0.0,1.0,0.0,-0.4782608695652174,-0.48033126293995865,-0.5993730140674695,-1.0228718063148499,1.0,3.0,0.0
1.0,1.0,0.0,1.0,1.0,1.0,1.0,1.0,1.0,1.0,1.0,1.0,0.0,1.0,0.0,0.0,1.0,1.0,0.0,0.0,0.0,0.9347826086956522,0.8704853922245226,0.9194145548417022,-0.409301732519405,0.0,6.0,0.0
0.0,0.0,0.0,0.0,0.0,0.0,0.0,0.0,0.0,0.0,1.0,1.0,1.0,0.0,0.0,1.0,0.0,0.0,0.0,1.0,0.0,0.34782608695652173,-0.6680469289164941,-0.6451554025475894,-0.3802298337610172,1.0,1.0,1.0
0.0,0.0,1.0,1.0,1.0,0.0,0.0,0.0,0.0,1.0,1.0,0.0,0.0,1.0,0.0,1.0,0.0,0.0,0.0,1.0,0.0,-0.6086956521739131,0.34690591212330335,0.34475749148729384,0.9782438915541671,0.0,2.0,0.0
0.0,1.0,1.0,1.0,1.0,1.0,0.0,1.0,1.0,1.0,1.0,2.0,0.0,1.0,0.0,0.0,1.0,1.0,0.0,0.0,0.0,0.9347826086956522,0.735219691741431,0.759658564076606,-0.2400981814124732,0.0,5.0,0.0
1.0,0.0,0.0,1.0,1.0,0.0,0.0,0.0,0.0,1.0,0.0,0.0,0.0,1.0,0.0,1.0,0.0,0.0,0.0,1.0,0.0,-0.3695652173913043,0.20151828847481026,0.09943844312334942,2.150172933169698,0.0,1.0,0.0
1.0,1.0,0.0,1.0,1.0,0.0,0.0,0.0,1.0,1.0,1.0,0.0,0.0,1.0,0.0,0.0,1.0,0.0,0.0,1.0,0.0,0.021739130434782608,0.5705083965953531,0.49001944484437115,0.5060805533861432,1.0,3.0,0.0
1.0,1.0,0.0,1.0,1.0,1.0,1.0,1.0,1.0,1.0,1.0,0.0,0.0,1.0,0.0,0.0,1.0,0.0,1.0,0.0,0.0,0.9347826086956522,0.7803082585691282,0.7603349014446499,-0.48427662931735205,1.0,6.0,0.0
0.0,1.0,0.0,1.0,1.0,0.0,0.0,0.0,0.0,0.0,0.0,0.0,0.0,1.0,0.0,1.0,0.0,0.0,0.0,1.0,0.0,-0.08695652173913043,-0.022084195997239528,0.035563610755329114,5.210755327457325,1.0,0.0,1.0
1.0,1.0,1.0,1.0,1.0,0.0,1.0,0.0,1.0,0.0,0.0,0.0,0.0,1.0,0.0,0.0,1.0,0.0,1.0,0.0,0.0,-0.043478260869565216,0.2705314009661836,0.16722531291679882,0.8300792145487006,0.0,2.0,0.0
1.0,1.0,1.0,1.0,0.0,1.0,1.0,1.0,1.0,0.0,0.0,2.0,1.0,0.0,0.0,0.0,1.0,0.0,1.0,0.0,0.0,0.6304347826086957,0.02024384633080275,0.04312246630985187,-0.6779872810442933,0.0,4.0,0.0
1.0,0.0,0.0,1.0,1.0,0.0,0.0,0.0,0.0,0.0,0.0,0.0,1.0,0.0,0.0,1.0,0.0,0.0,0.0,0.0,1.0,-0.5869565217391305,-0.4692891649413389,-0.4109538091844078,2.6080553386143035,0.0,0.0,0.0
1.0,1.0,0.0,1.0,1.0,1.0,0.0,0.0,0.0,1.0,0.0,1.0,1.0,0.0,0.0,1.0,0.0,0.0,0.0,0.0,1.0,0.6739130434782609,-0.1969174143087187,-0.2064753289844234,-0.07676001338837425,0.0,2.0,0.0
0.0,1.0,1.0,1.0,0.0,0.0,0.0,0.0,0.0,0.0,0.0,1.0,0.0,0.0,1.0,1.0,0.0,1.0,0.0,0.0,0.0,-0.1956521739130435,-0.9348976305498045,-0.9336579538070596,-0.10175164565435672,0.0,0.0,0.0
0.0,0.0,0.0,1.0,0.0,1.0,1.0,1.0,1.0,1.0,0.0,1.0,1.0,0.0,0.0,0.0,1.0,1.0,0.0,0.0,0.0,0.7391304347826086,0.23004370830457788,0.23216828434326867,-0.7301126854847706,1.0,5.0,0.0
1.0,1.0,1.0,1.0,0.0,0.0,0.0,0.0,0.0,0.0,0.0,1.0,0.0,0.0,1.0,1.0,0.0,0.0,0.0,0.0,1.0,-0.32608695652173914,-0.9339774557165862,-0.8910913580957556,-0.09639629588307472,0.0,0.0,0.0
0.0,0.0,0.0,1.0,0.0,0.0,0.0,0.0,0.0,0.0,0.0,1.0,0.0,0.0,1.0,1.0,0.0,0.0,0.0,0.0,1.0,0.0,-0.9229353577179664,-0.9059482754267024,-0.03213209862769132,0.0,0.0,0.0
0.0,1.0,0.0,1.0,1.0,0.0,0.0,0.0,0.0,0.0,0.0,0.0,0.0,1.0,0.0,1.0,0.0,0.0,0.0,1.0,0.0,-0.6086956521739131,-0.028525419829767605,-0.030112065563227982,5.1732678790583515,0.0,0.0,0.0
1.0,0.0,0.0,1.0,0.0,0.0,1.0,0.0,1.0,1.0,0.0,0.0,0.0,1.0,0.0,1.0,0.0,0.0,0.0,0.0,1.0,0.0,0.3524269611226134,0.3653512382826659,0.1887760794376886,0.0,3.0,0.0
1.0,0.0,0.0,1.0,0.0,0.0,0.0,0.0,0.0,0.0,0.0,0.0,1.0,0.0,0.0,0.0,1.0,0.0,1.0,0.0,0.0,-0.5434782608695652,-0.3450655624568668,-0.3732830938925662,3.331027557737365,0.0,0.0,0.0
0.0,0.0,0.0,1.0,0.0,1.0,1.0,1.0,1.0,1.0,1.0,1.0,0.0,1.0,0.0,0.0,1.0,0.0,1.0,0.0,0.0,0.8913043478260869,0.8290775247296986,0.8364718943663787,-0.4437289810490747,0.0,6.0,0.0
0.0,1.0,1.0,1.0,0.0,1.0,1.0,0.0,0.0,0.0,0.0,0.0,1.0,0.0,0.0,1.0,0.0,0.0,1.0,0.0,0.0,-0.5,-0.26869105129974696,-0.17819166591774374,-0.2159991074417047,0.0,2.0,0.0
1.0,0.0,0.0,1.0,1.0,0.0,0.0,1.0,0.0,1.0,1.0,0.0,0.0,1.0,0.0,1.0,0.0,0.0,0.0,1.0,0.0,-0.5434782608695652,0.44628479411088107,0.6433668200201851,0.3253374986053778,1.0,3.0,1.0
1.0,1.0,1.0,1.0,0.0,0.0,0.0,0.0,0.0,0.0,0.0,2.0,0.0,0.0,1.0,1.0,0.0,0.0,1.0,0.0,0.0,0.3695652173913043,-0.9339774557165862,-0.9549820554218901,-0.09639629588307472,0.0,0.0,0.0
1.0,0.0,0.0,1.0,1.0,0.0,0.0,0.0,0.0,0.0,0.0,0.0,1.0,0.0,0.0,1.0,0.0,0.0,0.0,0.0,1.0,-0.43478260869565216,-0.48033126293995865,-0.586291081579362,2.5437911413589203,0.0,0.0,0.0
1.0,0.0,0.0,1.0,1.0,0.0,0.0,0.0,0.0,0.0,0.0,0.0,0.0,1.0,0.0,1.0,0.0,0.0,0.0,0.0,1.0,-0.6086956521739131,0.01564297216471119,0.013990235266245035,5.430324668079884,0.0,0.0,0.0
1.0,0.0,0.0,1.0,1.0,0.0,1.0,1.0,0.0,1.0,1.0,0.0,0.0,1.0,0.0,1.0,0.0,0.0,0.0,1.0,0.0,0.043478260869565216,0.5686680469289166,0.5663359867837602,-0.03962958830748606,0.0,4.0,0.0
1.0,0.0,0.0,1.0,1.0,0.0,0.0,0.0,0.0,0.0,0.0,0.0,0.0,1.0,0.0,0.0,1.0,0.0,0.0,1.0,0.0,-0.6086956521739131,0.08925695882217612,0.08749406998203366,5.8587526497824385,1.0,0.0,1.0
1.0,1.0,1.0,1.0,0.0,1.0,1.0,0.0,1.0,1.0,0.0,2.0,1.0,0.0,0.0,0.0,1.0,0.0,1.0,0.0,0.0,0.34782608695652173,0.061651713825626765,0.07942906589516252,-0.6297891331027557,0.0,4.0,0.0
0.0,0.0,0.0,1.0,0.0,1.0,0.0,1.0,0.0,0.0,1.0,0.0,1.0,0.0,0.0,1.0,0.0,1.0,0.0,0.0,0.0,-0.391304347826087,-0.11870255348516223,-0.07104033716633741,-0.4967086912863996,0.0,3.0,0.0
0.0,0.0,0.0,1.0,1.0,0.0,1.0,1.0,1.0,1.0,1.0,0.0,0.0,1.0,0.0,0.0,1.0,0.0,1.0,0.0,0.0,0.7391304347826086,0.7241775937428111,0.7454992316302387,-0.25080888095503723,0.0,5.0,0.0
0.0,0.0,0.0,1.0,0.0,0.0,0.0,0.0,0.0,0.0,0.0,0.0,0.0,0.0,1.0,0.0,1.0,0.0,0.0,0.0,1.0,-0.5652173913043478,-0.84472049689441,-0.7682130725009388,0.4230726319312733,0.0,0.0,0.0
1.0,1.0,1.0,1.0,0.0,1.0,0.0,1.0,0.0,1.0,0.0,2.0,1.0,0.0,0.0,1.0,0.0,0.0,0.0,0.0,1.0,-0.2826086956521739,-0.11502185415228894,-0.12107306102401645,-0.49135334151511756,0.0,3.0,0.0
0.0,1.0,1.0,1.0,0.0,0.0,0.0,0.0,0.0,0.0,0.0,0.0,0.0,0.0,1.0,1.0,0.0,0.0,0.0,0.0,1.0,-0.21739130434782608,-0.9256958822176213,-0.9274875003138132,-0.04819814794153736,0.0,0.0,0.0
1.0,1.0,0.0,1.0,1.0,0.0,1.0,1.0,1.0,1.0,1.0,2.0,1.0,0.0,0.0,1.0,0.0,0.0,1.0,0.0,0.0,0.9130434782608695,0.15827007131354948,0.14313957865771879,-0.799732232511436,0.0,5.0,0.0
1.0,0.0,0.0,1.0,0.0,0.0,0.0,1.0,1.0,0.0,0.0,1.0,0.0,1.0,0.0,0.0,1.0,0.0,0.0,1.0,0.0,-0.2608695652173913,0.29905682079595125,0.22725944981661414,0.8854178288519472,0.0,2.0,0.0
1.0,1.0,1.0,1.0,1.0,0.0,0.0,0.0,0.0,0.0,0.0,1.0,1.0,0.0,0.0,1.0,0.0,1.0,0.0,0.0,0.0,0.45652173913043476,-0.47296986427421217,-0.4772542680980492,2.5866339395291753,0.0,0.0,0.0
1.0,0.0,0.0,1.0,1.0,0.0,0.0,0.0,0.0,0.0,0.0,0.0,0.0,1.0,0.0,1.0,0.0,0.0,1.0,0.0,0.0,-0.5869565217391305,0.014722797331492931,0.15226932432532247,5.4249693183086025,0.0,0.0,0.0
1.0,0.0,0.0,1.0,0.0,0.0,0.0,0.0,0.0,0.0,0.0,0.0,0.0,0.0,1.0,1.0,0.0,0.0,0.0,0.0,1.0,0.10869565217391304,-0.9348976305498045,-0.9319933081384961,-0.10175164565435672,0.0,0.0,0.0
1.0,1.0,0.0,1.0,0.0,1.0,0.0,0.0,0.0,0.0,0.0,1.0,1.0,0.0,0.0,0.0,1.0,0.0,1.0,0.0,0.0,0.2826086956521739,-0.26501035196687367,-0.2528330599803245,0.7925917661497269,0.0,1.0,0.0
0.0,1.0,1.0,1.0,0.0,1.0,0.0,1.0,0.0,0.0,0.0,1.0,0.0,1.0,0.0,0.0,1.0,1.0,0.0,0.0,0.0,0.8695652173913043,0.256728778467909,0.2604544520696023,0.8033024656922909,0.0,2.0,0.0
0.0,0.0,0.0,1.0,1.0,0.0,0.0,0.0,0.0,0.0,0.0,0.0,1.0,0.0,0.0,1.0,0.0,1.0,0.0,0.0,0.0,-0.43478260869565216,-0.4840119622728318,-0.47358520168181933,2.522369742273793,0.0,0.0,0.0
1.0,0.0,0.0,0.0,0.0,0.0,0.0,0.0,1.0,0.0,0.0,0.0,1.0,0.0,0.0,1.0,0.0,0.0,0.0,1.0,0.0,-0.5434782608695652,-0.7361398665746492,-0.7532060395797986,-0.578377775298449,0.0,1.0,0.0
0.0,1.0,0.0,1.0,1.0,1.0,1.0,1.0,1.0,1.0,1.0,1.0,0.0,1.0,0.0,0.0,1.0,0.0,0.0,0.0,1.0,0.5434782608695652,0.8125143777317692,0.761483398862084,-0.4574998804609423,0.0,6.0,0.0
0.0,0.0,0.0,1.0,0.0,1.0,0.0,0.0,1.0,0.0,0.0,1.0,1.0,0.0,0.0,0.0,1.0,0.0,0.0,1.0,0.0,0.08695652173913043,-0.20427881297446518,-0.20972314046911916,-0.0910409461117927,0.0,2.0,0.0
0.0,0.0,1.0,1.0,1.0,0.0,0.0,0.0,0.0,1.0,0.0,0.0,0.0,1.0,0.0,0.0,1.0,0.0,0.0,1.0,0.0,-0.3695652173913043,0.24936737980216236,0.18297248861806337,2.2894120272230283,0.0,1.0,0.0
1.0,1.0,1.0,1.0,0.0,1.0,0.0,1.0,1.0,1.0,1.0,1.0,1.0,0.0,0.0,0.0,1.0,0.0,0.0,1.0,0.0,0.9130434782608695,0.2751322751322752,0.3336283897521569,-0.6863773290193014,0.0,5.0,0.0
1.0,0.0,0.0,0.0,1.0,0.0,0.0,0.0,1.0,0.0,0.0,0.0,1.0,0.0,0.0,1.0,0.0,0.0,0.0,1.0,0.0,-0.5652173913043478,-0.7499424890729238,-0.7038972171246238,-0.6185428985830635,0.0,1.0,0.0
0.0,0.0,0.0,1.0,1.0,0.0,0.0,1.0,0.0,0.0,0.0,0.0,0.0,1.0,0.0,1.0,0.0,0.0,0.0,1.0,0.0,-0.4782608695652174,0.08557625948930307,0.08106248444440226,1.8127858975789362,0.0,1.0,0.0
0.0,0.0,0.0,1.0,0.0,0.0,0.0,0.0,0.0,0.0,0.0,2.0,0.0,0.0,1.0,1.0,0.0,0.0,0.0,0.0,1.0,0.1956521739130435,-0.9284564067172764,-0.9385614333071789,-0.06426419725538302,0.0,0.0,0.0
1.0,1.0,1.0,1.0,0.0,0.0,0.0,0.0,0.0,0.0,0.0,1.0,0.0,0.0,1.0,1.0,0.0,0.0,0.0,0.0,1.0,-0.21739130434782608,-0.9312169312169313,-0.9511828154524556,-0.08033024656922906,0.0,0.0,0.0
0.0,1.0,0.0,1.0,1.0,0.0,1.0,1.0,1.0,1.0,1.0,2.0,1.0,0.0,0.0,0.0,1.0,1.0,0.0,0.0,0.0,0.8913043478260869,0.263170002300437,0.2563035018177048,-0.6979805868570791,0.0,5.0,0.0
1.0,1.0,0.0,0.0,0.0,0.0,1.0,0.0,0.0,0.0,0.0,0.0,1.0,0.0,0.0,1.0,0.0,0.0,0.0,1.0,0.0,0.5434782608695652,-0.7379802162410859,-0.7453962571412461,-0.5837331250697311,0.0,1.0,0.0
0.0,1.0,1.0,1.0,0.0,1.0,0.0,0.0,0.0,1.0,0.0,1.0,1.0,0.0,0.0,0.0,1.0,1.0,0.0,0.0,0.0,0.5869565217391305,-0.09753853232114097,-0.14465007229334412,0.11603257837777556,0.0,2.0,0.0
0.0,0.0,0.0,1.0,1.0,1.0,1.0,0.0,1.0,0.0,0.0,2.0,1.0,0.0,0.0,1.0,0.0,0.0,0.0,0.0,1.0,0.782608695652174,-0.20059811364159189,-0.23986656620699484,-0.6158652236974226,0.0,3.0,0.0
1.0,0.0,1.0,1.0,1.0,0.0,0.0,1.0,0.0,1.0,0.0,1.0,0.0,1.0,0.0,1.0,0.0,0.0,0.0,1.0,0.0,0.13043478260869565,0.2696112261329654,0.2940135941638584,0.8282940979582735,0.0,2.0,0.0
0.0,1.0,0.0,1.0,1.0,0.0,1.0,0.0,0.0,0.0,0.0,0.0,0.0,1.0,0.0,0.0,1.0,1.0,0.0,0.0,0.0,0.7391304347826086,0.2033586381412468,0.16974836121160675,2.15552828294098,0.0,1.0,0.0
0.0,1.0,0.0,1.0,0.0,0.0,0.0,0.0,0.0,0.0,0.0,1.0,0.0,0.0,1.0,1.0,0.0,0.0,0.0,0.0,1.0,0.17391304347826086,-0.9367379802162411,-0.9356743427864254,-0.11246234519692037,1.0,0.0,1.0
1.0,0.0,0.0,1.0,1.0,0.0,1.0,0.0,0.0,0.0,1.0,0.0,0.0,1.0,0.0,0.0,1.0,0.0,0.0,1.0,0.0,-0.5434782608695652,0.35978835978835977,0.3939131809534777,1.0032355238201496,0.0,2.0,0.0
0.0,0.0,0.0,1.0,1.0,1.0,0.0,0.0,0.0,1.0,1.0,0.0,0.0,1.0,0.0,0.0,1.0,0.0,0.0,1.0,0.0,-0.41304347826086957,0.5189786059351278,0.49130576195189757,0.43110565658819616,0.0,3.0,0.0
0.0,0.0,0.0,1.0,1.0,0.0,0.0,0.0,0.0,0.0,0.0,0.0,0.0,1.0,0.0,1.0,0.0,0.0,0.0,1.0,0.0,-0.6086956521739131,-0.006441223832528076,-0.008060915148491344,5.301796273569119,1.0,0.0,1.0
0.0,1.0,1.0,1.0,0.0,0.0,0.0,0.0,0.0,0.0,0.0,2.0,0.0,0.0,1.0,1.0,0.0,1.0,0.0,0.0,0.0,0.8913043478260869,-0.9330572808833679,-0.9351936589252289,-0.0910409461117927,0.0,0.0,0.0
0.0,0.0,0.0,1.0,1.0,0.0,0.0,0.0,1.0,1.0,0.0,0.0,0.0,1.0,0.0,0.0,1.0,0.0,0.0,1.0,0.0,-0.15217391304347827,0.3588681849551415,0.36822860234540367,1.0014504072297223,0.0,2.0,0.0
0.0,0.0,0.0,1.0,1.0,1.0,1.0,0.0,1.0,1.0,1.0,0.0,1.0,0.0,0.0,1.0,0.0,0.0,0.0,1.0,0.0,-0.4782608695652174,0.14722797331492984,0.20195004118233306,-0.8104429320539996,0.0,5.0,0.0
1.0,1.0,0.0,1.0,1.0,0.0,0.0,0.0,0.0,1.0,0.0,0.0,1.0,0.0,0.0,0.0,1.0,0.0,1.0,0.0,0.0,0.043478260869565216,-0.2107200368069934,-0.18106167451786978,0.9505745844025438,0.0,1.0,0.0
0.0,1.0,1.0,0.0,1.0,0.0,1.0,1.0,0.0,1.0,1.0,2.0,1.0,0.0,0.0,1.0,0.0,0.0,1.0,0.0,0.0,0.8695652173913043,-0.28617437313089483,-0.292448849573328,-1.0346535758116702,0.0,4.0,0.0
0.0,0.0,0.0,1.0,1.0,0.0,1.0,1.0,0.0,1.0,1.0,0.0,0.0,1.0,0.0,0.0,1.0,0.0,0.0,1.0,0.0,0.021739130434782608,0.6183574879227052,0.614639071285431,0.01820818922235877,1.0,4.0,1.0
1.0,0.0,0.0,0.0,1.0,0.0,1.0,1.0,0.0,1.0,1.0,0.0,1.0,0.0,0.0,1.0,0.0,0.0,0.0,1.0,0.0,0.5217391304347826,-0.29537612146307796,-0.3074156835145851,-1.0453642753542338,1.0,4.0,1.0
1.0,0.0,0.0,1.0,1.0,0.0,0.0,0.0,0.0,0.0,0.0,0.0,0.0,1.0,0.0,1.0,0.0,0.0,0.0,0.0,1.0,-0.6086956521739131,0.019323671497584488,0.01766542700203452,5.451746067165012,0.0,0.0,0.0
0.0,1.0,0.0,1.0,0.0,1.0,1.0,1.0,1.0,1.0,1.0,2.0,1.0,0.0,0.0,0.0,1.0,0.0,0.0,1.0,0.0,0.9130434782608695,0.360708534621578,0.33622949376234573,-0.8331394144180042,0.0,6.0,0.0
1.0,0.0,0.0,0.0,0.0,0.0,1.0,1.0,0.0,0.0,0.0,0.0,1.0,0.0,0.0,1.0,0.0,0.0,0.0,1.0,0.0,0.17391304347826086,-0.622958362088797,-0.6440429120762152,-0.9032689947562199,1.0,2.0,1.0
1.0,1.0,0.0,1.0,1.0,1.0,0.0,1.0,1.0,1.0,1.0,1.0,0.0,1.0,0.0,0.0,1.0,0.0,0.0,0.0,1.0,0.8695652173913043,0.7370600414078675,0.7295740348662028,-0.23831306482204598,1.0,5.0,0.0
1.0,1.0,0.0,1.0,0.0,1.0,1.0,0.0,0.0,0.0,0.0,0.0,0.0,1.0,0.0,1.0,0.0,1.0,0.0,0.0,0.0,-0.2826086956521739,0.18863584080975385,0.22037522117917033,0.6712038380006697,0.0,2.0,0.0
1.0,0.0,0.0,1.0,0.0,0.0,0.0,0.0,0.0,0.0,0.0,0.0,0.0,0.0,1.0,1.0,0.0,0.0,0.0,1.0,0.0,-0.6086956521739131,-0.9302967563837129,-0.9305340408316386,-0.07497489679794704,0.0,0.0,0.0
0.0,1.0,1.0,1.0,0.0,1.0,0.0,0.0,1.0,0.0,0.0,2.0,1.0,0.0,0.0,0.0,1.0,0.0,1.0,0.0,0.0,0.8695652173913043,-0.1674718196457327,-0.21592230281397337,-0.019636282494700463,0.0,2.0,0.0
1.0,1.0,0.0,1.0,1.0,0.0,1.0,1.0,1.0,1.0,1.0,0.0,0.0,1.0,0.0,0.0,1.0,0.0,0.0,1.0,0.0,-0.17391304347826086,0.7490223142397057,0.7304338623323395,-0.22670980698426835,0.0,5.0,0.0
1.0,0.0,0.0,1.0,1.0,1.0,0.0,1.0,0.0,1.0,1.0,0.0,0.0,1.0,0.0,0.0,1.0,0.0,0.0,1.0,0.0,0.6956521739130435,0.661605705083966,0.6007556830507248,0.06854847707240885,0.0,4.0,0.0
0.0,1.0,0.0,1.0,1.0,0.0,0.0,1.0,1.0,1.0,1.0,0.0,0.0,1.0,0.0,0.0,1.0,0.0,0.0,1.0,0.0,0.1956521739130435,0.6349206349206349,0.6499434789158085,0.037487448398973715,0.0,4.0,0.0
1.0,0.0,0.0,1.0,0.0,0.0,0.0,0.0,0.0,0.0,0.0,0.0,0.0,0.0,1.0,1.0,0.0,0.0,0.0,0.0,1.0,-0.6086956521739131,-0.9459397285484242,-0.9461536057087437,-0.16601584290973975,0.0,0.0,0.0
0.0,1.0,0.0,1.0,1.0,0.0,0.0,0.0,1.0,1.0,1.0,0.0,1.0,0.0,0.0,0.0,1.0,0.0,1.0,0.0,0.0,-0.13043478260869565,0.05797101449275373,0.015348458299036964,-0.23965190226486638,0.0,3.0,0.0
1.0,0.0,0.0,1.0,0.0,0.0,0.0,0.0,0.0,0.0,0.0,0.0,1.0,0.0,0.0,0.0,1.0,0.0,0.0,0.0,1.0,-0.5434782608695652,-0.36991028295376127,-0.34801615070901387,3.1864331139127526,0.0,0.0,0.0
0.0,1.0,1.0,1.0,0.0,0.0,0.0,0.0,0.0,1.0,0.0,0.0,1.0,0.0,0.0,1.0,0.0,0.0,0.0,1.0,0.0,-0.5,-0.2880147227973315,-0.2095839286609452,0.7256498940087027,0.0,1.0,0.0
0.0,0.0,1.0,1.0,1.0,1.0,1.0,0.0,1.0,1.0,0.0,0.0,1.0,0.0,0.0,0.0,1.0,0.0,0.0,0.0,1.0,-0.21739130434782608,0.09937888198757774,0.0332849918791395,-0.5858752649782436,0.0,4.0,0.0
1.0,1.0,1.0,1.0,0.0,1.0,0.0,1.0,1.0,1.0,0.0,2.0,1.0,0.0,0.0,1.0,0.0,0.0,0.0,0.0,1.0,0.7608695652173914,-0.02300437083045779,-0.020077069378396737,-0.7283275688943434,0.0,4.0,0.0
1.0,1.0,0.0,1.0,1.0,0.0,0.0,0.0,0.0,0.0,0.0,1.0,0.0,0.0,1.0,0.0,1.0,0.0,1.0,0.0,0.0,0.717391304347826,-0.8603634690591213,-0.8683225291104933,0.3320316858194802,0.0,0.0,0.0
1.0,0.0,0.0,1.0,1.0,1.0,0.0,0.0,0.0,0.0,0.0,0.0,0.0,1.0,0.0,0.0,1.0,0.0,0.0,1.0,0.0,-0.6086956521739131,0.20611916264090183,0.20418140759334827,2.1635613075979028,0.0,1.0,0.0
0.0,1.0,1.0,0.0,0.0,1.0,0.0,0.0,0.0,0.0,0.0,0.0,1.0,0.0,0.0,1.0,0.0,1.0,0.0,0.0,0.0,-0.6086956521739131,-0.7361398665746492,-0.7366676767687462,-0.578377775298449,0.0,1.0,0.0
1.0,0.0,0.0,0.0,0.0,1.0,0.0,0.0,0.0,0.0,0.0,0.0,1.0,0.0,0.0,1.0,0.0,0.0,0.0,0.0,1.0,-0.45652173913043476,-0.7573038877386703,-0.7999498844693704,-0.6399642976681913,0.0,1.0,0.0
0.0,1.0,0.0,1.0,1.0,1.0,1.0,1.0,1.0,1.0,1.0,2.0,0.0,1.0,0.0,0.0,1.0,0.0,1.0,0.0,0.0,0.9347826086956522,0.7941108810674029,0.7763372987942336,-0.4728008798074621,0.0,6.0,0.0
1.0,0.0,0.0,1.0,1.0,0.0,1.0,1.0,1.0,0.0,0.0,0.0,1.0,0.0,0.0,1.0,0.0,0.0,0.0,1.0,0.0,-0.391304347826087,-0.17667356797791584,-0.14696645734435104,-0.5810554501840901,0.0,3.0,0.0
0.0,1.0,1.0,1.0,0.0,0.0,0.0,0.0,0.0,0.0,0.0,2.0,0.0,0.0,1.0,1.0,0.0,0.0,0.0,0.0,1.0,-0.08695652173913043,-0.927536231884058,-0.9398690278405438,-0.058908847484101,0.0,0.0,0.0
1.0,1.0,1.0,1.0,0.0,0.0,1.0,1.0,0.0,1.0,1.0,0.0,0.0,1.0,0.0,0.0,1.0,0.0,0.0,1.0,0.0,-0.06521739130434782,0.6487232574189096,0.6183825838932318,0.05355349771281937,1.0,4.0,1.0
0.0,1.0,1.0,1.0,0.0,1.0,1.0,0.0,0.0,1.0,1.0,0.0,1.0,0.0,0.0,1.0,0.0,0.0,0.0,0.0,1.0,-0.2608695652173913,0.07453416149068318,0.017070910691833304,-0.6147941537431663,0.0,4.0,0.0
0.0,0.0,0.0,1.0,1.0,0.0,0.0,0.0,0.0,0.0,0.0,0.0,1.0,0.0,0.0,1.0,0.0,0.0,0.0,0.0,1.0,-0.391304347826087,-0.4757303887738671,-0.5082210995554713,2.57056789021533,0.0,0.0,0.0
0.0,0.0,0.0,1.0,0.0,0.0,0.0,0.0,0.0,0.0,0.0,2.0,0.0,0.0,1.0,1.0,0.0,0.0,1.0,0.0,0.0,0.8478260869565217,-0.9201748332183115,-0.912077011746755,-0.01606604931384566,0.0,0.0,0.0
1.0,0.0,0.0,1.0,1.0,0.0,1.0,1.0,1.0,1.0,1.0,0.0,0.0,1.0,0.0,0.0,1.0,0.0,0.0,1.0,0.0,0.6521739130434783,0.7517828387393604,0.7334868817787169,-0.22403213209862752,0.0,5.0,0.0
1.0,0.0,0.0,0.0,0.0,1.0,0.0,1.0,1.0,0.0,1.0,1.0,1.0,0.0,0.0,1.0,0.0,0.0,0.0,0.0,1.0,-0.43478260869565216,-0.3625488842880148,-0.3505683671922009,-1.1235523820149502,0.0,4.0,0.0
1.0,0.0,0.0,1.0,1.0,0.0,0.0,0.0,0.0,0.0,0.0,0.0,0.0,1.0,0.0,0.0,1.0,0.0,0.0,0.0,1.0,-0.5869565217391305,0.038647342995168976,0.12057079560413875,5.564208412361932,1.0,0.0,1.0
0.0,1.0,0.0,1.0,1.0,0.0,0.0,1.0,0.0,0.0,1.0,0.0,0.0,1.0,0.0,1.0,0.0,0.0,0.0,1.0,0.0,0.391304347826087,0.27237175063262015,0.28462509904427113,0.8336494477295551,0.0,2.0,0.0
1.0,0.0,0.0,0.0,1.0,0.0,0.0,1.0,1.0,1.0,1.0,0.0,1.0,0.0,0.0,1.0,0.0,0.0,0.0,1.0,0.0,0.08695652173913043,-0.29261559696342304,-0.29274906286399843,-1.0421510654914647,1.0,4.0,0.0
1.0,1.0,1.0,1.0,0.0,0.0,0.0,0.0,0.0,0.0,0.0,2.0,0.0,0.0,1.0,1.0,0.0,0.0,1.0,0.0,0.0,0.3695652173913043,-0.9302967563837129,-0.9526251389826338,-0.07497489679794704,0.0,0.0,0.0
0.0,1.0,1.0,1.0,1.0,0.0,1.0,1.0,1.0,1.0,1.0,2.0,0.0,1.0,0.0,0.0,1.0,0.0,1.0,0.0,0.0,0.782608695652174,0.741660915573959,0.7513326449354144,-0.23385027334597794,0.0,5.0,0.0
0.0,1.0,1.0,0.0,1.0,0.0,0.0,0.0,1.0,0.0,0.0,0.0,1.0,0.0,0.0,1.0,0.0,0.0,1.0,0.0,0.0,0.41304347826086957,-0.7545433632390154,-0.7523446665167229,-0.6319312730112684,0.0,1.0,0.0
1.0,0.0,0.0,1.0,1.0,0.0,0.0,0.0,0.0,0.0,0.0,0.0,1.0,0.0,0.0,1.0,0.0,0.0,1.0,0.0,0.0,-0.5869565217391305,-0.45088566827697263,-0.5207501622911171,2.7151623340399422,0.0,0.0,0.0
0.0,0.0,0.0,1.0,1.0,0.0,0.0,1.0,0.0,0.0,0.0,0.0,0.0,1.0,0.0,1.0,0.0,0.0,0.0,0.0,1.0,-0.6086956521739131,0.07545433632390144,0.0737121009728233,1.7833314738368848,0.0,1.0,0.0
1.0,0.0,1.0,1.0,1.0,0.0,0.0,1.0,0.0,0.0,0.0,0.0,1.0,0.0,0.0,1.0,0.0,0.0,0.0,1.0,0.0,-0.6086956521739131,-0.3800322061191626,-0.3810928763311187,0.45788240544460584,0.0,1.0,0.0
0.0,0.0,0.0,1.0,1.0,0.0,0.0,1.0,0.0,0.0,0.0,0.0,0.0,1.0,0.0,0.0,1.0,0.0,0.0,1.0,0.0,-0.06521739130434782,0.1877156659765356,0.25280702132840827,2.1100078098850834,0.0,1.0,0.0
0.0,1.0,1.0,1.0,0.0,0.0,0.0,0.0,0.0,0.0,0.0,0.0,0.0,0.0,1.0,1.0,0.0,0.0,0.0,1.0,0.0,-0.2826086956521739,-0.9220151828847482,-0.9280073465132834,-0.026776748856409686,0.0,0.0,0.0
0.0,1.0,0.0,1.0,0.0,1.0,1.0,1.0,1.0,0.0,1.0,2.0,0.0,1.0,0.0,0.0,1.0,0.0,1.0,0.0,0.0,0.43478260869565216,0.6652864044168393,0.6433480690419414,-0.307932611848711,0.0,5.0,0.0
1.0,0.0,0.0,1.0,0.0,0.0,0.0,0.0,0.0,0.0,0.0,1.0,0.0,0.0,1.0,1.0,0.0,0.0,1.0,0.0,0.0,0.06521739130434782,-0.9229353577179664,-0.8908534550592871,-0.03213209862769132,0.0,0.0,0.0
1.0,0.0,0.0,1.0,1.0,0.0,0.0,0.0,0.0,0.0,0.0,1.0,0.0,0.0,1.0,1.0,0.0,0.0,0.0,0.0,1.0,0.0,-0.9330572808833679,-0.9345577421285804,-0.0910409461117927,0.0,0.0,0.0
1.0,0.0,0.0,0.0,0.0,0.0,0.0,0.0,0.0,0.0,0.0,0.0,1.0,0.0,0.0,1.0,0.0,0.0,0.0,0.0,1.0,-0.5869565217391305,-0.8502415458937199,-0.9438566108738753,0.39094053330358164,0.0,0.0,0.0
0.0,1.0,0.0,1.0,1.0,1.0,0.0,0.0,0.0,0.0,1.0,0.0,0.0,1.0,0.0,0.0,1.0,0.0,0.0,1.0,0.0,0.8913043478260869,0.37451115711985267,0.4013554442184513,1.0317973892669865,1.0,2.0,1.0
1.0,1.0,0.0,1.0,1.0,1.0,0.0,1.0,0.0,0.0,1.0,1.0,0.0,1.0,0.0,0.0,1.0,1.0,0.0,0.0,0.0,0.4782608695652174,0.42604094778007834,0.4464738274689951,0.2958830748633273,1.0,3.0,1.0
1.0,1.0,0.0,1.0,0.0,1.0,1.0,0.0,0.0,0.0,0.0,1.0,1.0,0.0,0.0,0.0,1.0,0.0,1.0,0.0,0.0,0.5652173913043478,-0.1932367149758454,-0.18919775147196788,-0.06961954702666504,1.0,2.0,1.0
1.0,0.0,0.0,1.0,1.0,0.0,1.0,0.0,0.0,0.0,1.0,0.0,0.0,1.0,0.0,0.0,1.0,0.0,0.0,1.0,0.0,-0.5217391304347826,0.3551874856222682,0.5500169499311336,0.9943099408680132,1.0,2.0,1.0
0.0,1.0,0.0,1.0,1.0,0.0,0.0,0.0,0.0,0.0,0.0,2.0,0.0,0.0,1.0,0.0,1.0,0.0,1.0,0.0,0.0,0.8695652173913043,-0.8382792730618818,-0.8395064658104193,0.46056008033024665,0.0,0.0,0.0
1.0,1.0,0.0,1.0,0.0,0.0,0.0,1.0,0.0,0.0,0.0,0.0,1.0,0.0,0.0,1.0,0.0,0.0,1.0,0.0,0.0,-0.32608695652173914,-0.3735909822866344,-0.41922299058993406,0.47662612964409273,0.0,1.0,0.0
0.0,1.0,0.0,1.0,1.0,0.0,1.0,1.0,0.0,1.0,1.0,1.0,0.0,1.0,0.0,0.0,1.0,0.0,0.0,1.0,0.0,0.9347826086956522,0.5677478720956981,0.5718919974085303,-0.040700658261742614,0.0,4.0,0.0
0.0,1.0,0.0,0.0,1.0,0.0,1.0,1.0,1.0,1.0,1.0,2.0,1.0,0.0,0.0,1.0,0.0,0.0,1.0,0.0,0.0,0.9130434782608695,-0.1674718196457327,-0.18154549405691778,-1.1156978690170702,0.0,5.0,0.0
0.0,0.0,0.0,1.0,0.0,0.0,0.0,0.0,0.0,0.0,0.0,0.0,0.0,0.0,1.0,1.0,0.0,0.0,0.0,1.0,0.0,0.2608695652173913,-0.9210950080515298,-0.9495150615646486,-0.021421399085127673,0.0,0.0,0.0
0.0,0.0,1.0,0.0,0.0,1.0,0.0,0.0,1.0,0.0,1.0,0.0,1.0,0.0,0.0,1.0,0.0,0.0,0.0,0.0,1.0,-0.06521739130434782,-0.4545663676098459,-0.4864719316784657,-0.9853843579158763,0.0,3.0,0.0
0.0,0.0,0.0,1.0,1.0,0.0,0.0,0.0,0.0,1.0,0.0,0.0,0.0,1.0,0.0,1.0,0.0,0.0,0.0,1.0,0.0,0.0,0.15458937198067643,0.21359116574446435,2.013611514002009,0.0,1.0,0.0
0.0,1.0,1.0,1.0,0.0,1.0,0.0,1.0,1.0,1.0,0.0,1.0,1.0,0.0,0.0,0.0,1.0,0.0,0.0,1.0,0.0,0.5652173913043478,0.10582010582010583,0.0909353858800913,-0.578377775298449,1.0,4.0,0.0
0.0,1.0,1.0,1.0,0.0,1.0,0.0,0.0,0.0,0.0,0.0,0.0,1.0,0.0,0.0,1.0,0.0,0.0,1.0,0.0,0.0,0.21739130434782608,-0.35794801012192323,-0.3236797849201005,0.5221466026999889,0.0,1.0,0.0
1.0,0.0,0.0,1.0,1.0,0.0,1.0,0.0,0.0,0.0,0.0,0.0,0.0,1.0,0.0,0.0,1.0,0.0,0.0,1.0,0.0,-0.17391304347826086,0.21808143547273973,0.32419391867990055,2.198371081111235,0.0,1.0,0.0
0.0,1.0,0.0,0.0,0.0,0.0,1.0,1.0,0.0,0.0,0.0,1.0,1.0,0.0,0.0,1.0,0.0,0.0,0.0,0.0,1.0,0.41304347826086957,-0.658845180584311,-0.6828797143855779,-0.972888541782885,0.0,2.0,0.0
0.0,1.0,1.0,0.0,0.0,1.0,1.0,0.0,1.0,1.0,1.0,2.0,1.0,0.0,0.0,1.0,0.0,1.0,0.0,0.0,0.0,0.9130434782608695,-0.19875776397515524,-0.23012531721238821,-1.1460448510543342,0.0,5.0,0.0
0.0,0.0,1.0,1.0,0.0,1.0,1.0,1.0,1.0,1.0,1.0,2.0,1.0,0.0,0.0,0.0,1.0,0.0,1.0,0.0,0.0,-0.34782608695652173,0.339544513457557,0.3450401985438931,-0.8507355636665018,0.0,6.0,0.0
0.0,0.0,0.0,1.0,0.0,0.0,0.0,0.0,0.0,0.0,0.0,0.0,0.0,0.0,1.0,1.0,0.0,0.0,0.0,0.0,1.0,-0.5434782608695652,-0.9266160570508397,-0.9089422893838758,-0.05355349771281937,0.0,0.0,0.0
0.0,0.0,0.0,1.0,1.0,1.0,1.0,1.0,1.0,1.0,1.0,2.0,0.0,1.0,0.0,0.0,1.0,0.0,1.0,0.0,0.0,0.8913043478260869,0.7628249367379802,0.7494092272824809,-0.4988125786965459,0.0,6.0,0.0
0.0,0.0,0.0,1.0,0.0,1.0,1.0,1.0,1.0,0.0,1.0,1.0,1.0,0.0,0.0,1.0,0.0,0.0,1.0,0.0,0.0,0.2826086956521739,0.06257188865884529,0.08567835025542371,-0.8925582952136558,0.0,5.0,0.0
0.0,0.0,0.0,1.0,1.0,0.0,0.0,0.0,0.0,0.0,0.0,0.0,0.0,0.0,1.0,1.0,0.0,1.0,0.0,0.0,0.0,-0.5869565217391305,-0.9164941338854382,-0.9309934397986124,0.005355349771282014,0.0,0.0,0.0
0.0,0.0,0.0,1.0,1.0,0.0,0.0,0.0,0.0,0.0,0.0,2.0,0.0,0.0,1.0,1.0,0.0,0.0,0.0,0.0,1.0,-0.34782608695652173,-0.9220151828847482,-0.9277776470297966,-0.026776748856409686,0.0,0.0,0.0
0.0,1.0,1.0,1.0,0.0,0.0,0.0,0.0,0.0,0.0,0.0,0.0,1.0,0.0,0.0,1.0,0.0,0.0,0.0,0.0,1.0,-0.5,-0.46008741660915575,-0.4236638472706797,2.661608836327123,0.0,0.0,0.0
0.0,0.0,0.0,1.0,0.0,0.0,0.0,0.0,0.0,0.0,0.0,0.0,0.0,1.0,0.0,1.0,0.0,0.0,0.0,0.0,1.0,-0.6086956521739131,0.011042097998619634,0.009396245596508245,5.403547919223474,0.0,0.0,0.0
0.0,1.0,0.0,1.0,0.0,0.0,0.0,0.0,0.0,0.0,0.0,0.0,0.0,0.0,1.0,1.0,0.0,0.0,0.0,0.0,1.0,0.0,-0.9321371060501495,-0.9340191364431631,-0.08568559634051069,0.0,0.0,0.0
1.0,0.0,0.0,0.0,1.0,0.0,0.0,0.0,1.0,1.0,1.0,0.0,1.0,0.0,0.0,1.0,0.0,0.0,0.0,1.0,0.0,0.6521739130434783,-0.3459857372900851,-0.3609571860159672,-0.8274015396630591,0.0,3.0,0.0
0.0,0.0,1.0,0.0,0.0,0.0,1.0,0.0,1.0,1.0,0.0,2.0,1.0,0.0,0.0,1.0,0.0,0.0,0.0,0.0,1.0,0.782608695652174,-0.4646882907752473,-0.4676860477674496,-1.0001115697869016,0.0,3.0,0.0
1.0,1.0,1.0,1.0,0.0,1.0,1.0,1.0,1.0,1.0,1.0,2.0,1.0,0.0,0.0,0.0,1.0,0.0,0.0,1.0,0.0,0.9130434782608695,0.3662295836208881,0.4286657422438388,-0.8285491146140481,0.0,6.0,0.0
1.0,0.0,0.0,1.0,0.0,0.0,0.0,0.0,0.0,0.0,1.0,0.0,0.0,1.0,0.0,0.0,1.0,1.0,0.0,0.0,0.0,0.4782608695652174,0.23740510697032446,0.19796600980488074,2.254602253709696,0.0,1.0,0.0
0.0,1.0,0.0,1.0,0.0,0.0,0.0,0.0,0.0,0.0,0.0,2.0,0.0,0.0,1.0,1.0,0.0,0.0,0.0,0.0,1.0,-0.2391304347826087,-0.927536231884058,-0.9188959336683056,-0.058908847484101,0.0,0.0,0.0
0.0,0.0,0.0,0.0,1.0,1.0,0.0,0.0,0.0,1.0,0.0,0.0,1.0,0.0,0.0,1.0,0.0,0.0,0.0,1.0,0.0,-0.2826086956521739,-0.5815504945939729,-0.5340727323333538,-0.8229387481869909,0.0,2.0,0.0
0.0,0.0,1.0,1.0,1.0,1.0,1.0,1.0,1.0,1.0,1.0,2.0,0.0,1.0,0.0,0.0,1.0,0.0,1.0,0.0,0.0,0.10869565217391304,0.8401196227283185,0.8360441514626756,-0.4345483814411625,0.0,6.0,0.0
0.0,0.0,0.0,1.0,0.0,0.0,0.0,1.0,0.0,0.0,0.0,0.0,0.0,1.0,0.0,0.0,1.0,1.0,0.0,0.0,0.0,-0.2608695652173913,0.17575339314469746,0.157430806836615,2.075198036371751,0.0,1.0,0.0
1.0,1.0,1.0,0.0,0.0,1.0,0.0,1.0,1.0,1.0,1.0,1.0,1.0,0.0,0.0,1.0,0.0,0.0,0.0,1.0,0.0,0.043478260869565216,-0.19415688980906368,-0.20121595177865048,-1.141582059578266,0.0,5.0,0.0
1.0,1.0,1.0,1.0,0.0,0.0,0.0,0.0,0.0,1.0,1.0,1.0,0.0,1.0,0.0,0.0,1.0,1.0,0.0,0.0,0.0,-0.021739130434782608,0.39935587761674723,0.3883019507140134,1.0799955372085241,0.0,2.0,0.0
1.0,1.0,1.0,1.0,1.0,0.0,1.0,0.0,1.0,1.0,0.0,0.0,0.0,1.0,0.0,1.0,0.0,0.0,0.0,1.0,0.0,0.5217391304347826,0.40579710144927533,0.35997833273268576,0.26642865112127645,0.0,3.0,0.0
0.0,0.0,0.0,1.0,0.0,1.0,0.0,1.0,1.0,0.0,0.0,1.0,1.0,0.0,0.0,0.0,1.0,0.0,0.0,1.0,0.0,0.6739130434782609,-0.10582010582010583,-0.05997299841651711,-0.4779649670869127,0.0,3.0,0.0
1.0,1.0,1.0,1.0,1.0,0.0,0.0,0.0,0.0,0.0,0.0,1.0,1.0,0.0,0.0,0.0,1.0,0.0,1.0,0.0,0.0,-0.13043478260869565,-0.407637451115712,-0.4445298815097449,2.9668637732901937,0.0,0.0,0.0
1.0,1.0,0.0,1.0,1.0,1.0,1.0,1.0,1.0,0.0,1.0,1.0,0.0,1.0,0.0,0.0,1.0,0.0,1.0,0.0,0.0,0.8695652173913043,0.6754083275822407,0.6515427900411083,-0.298114470601361,0.0,5.0,0.0
1.0,0.0,0.0,1.0,1.0,0.0,0.0,0.0,0.0,0.0,0.0,2.0,0.0,0.0,1.0,1.0,0.0,0.0,0.0,0.0,1.0,-0.08695652173913043,-0.9155739590522199,-0.9300562659059861,0.010710699542564027,0.0,0.0,0.0
1.0,0.0,0.0,1.0,0.0,0.0,1.0,0.0,0.0,1.0,1.0,0.0,0.0,1.0,0.0,0.0,1.0,0.0,0.0,1.0,0.0,0.43478260869565216,0.5189786059351278,0.5481681034762926,0.43110565658819616,0.0,3.0,0.0
1.0,0.0,0.0,1.0,1.0,1.0,0.0,0.0,0.0,1.0,1.0,0.0,0.0,1.0,0.0,0.0,1.0,0.0,0.0,1.0,0.0,0.5652173913043478,0.5208189556015642,0.5798027084080086,0.43378333147383696,1.0,3.0,1.0
0.0,1.0,0.0,1.0,1.0,0.0,0.0,0.0,0.0,0.0,1.0,0.0,0.0,1.0,0.0,0.0,1.0,0.0,1.0,0.0,0.0,-0.2826086956521739,0.2732919254658384,0.282221807108002,2.359031574249693,1.0,1.0,1.0
0.0,0.0,0.0,1.0,1.0,0.0,0.0,0.0,0.0,1.0,1.0,1.0,0.0,1.0,0.0,0.0,1.0,1.0,0.0,0.0,0.0,0.717391304347826,0.4324821716126064,0.4092215400787618,1.1442597344639072,0.0,2.0,0.0
0.0,1.0,1.0,1.0,1.0,1.0,1.0,0.0,0.0,0.0,1.0,0.0,0.0,1.0,0.0,0.0,1.0,1.0,0.0,0.0,0.0,0.6304347826086957,0.4214400736139868,0.42500973861448943,0.2891888876492249,0.0,3.0,0.0
0.0,1.0,1.0,1.0,0.0,0.0,0.0,0.0,0.0,0.0,0.0,2.0,0.0,0.0,1.0,1.0,0.0,0.0,0.0,0.0,1.0,0.8695652173913043,-0.9404186795491144,-0.9386167994679582,-0.13388374428204844,0.0,0.0,0.0
1.0,1.0,0.0,1.0,0.0,0.0,0.0,1.0,0.0,0.0,0.0,0.0,0.0,1.0,0.0,1.0,0.0,0.0,0.0,1.0,0.0,-0.6086956521739131,0.10489993098688756,0.1031136348591389,1.8690170701773963,0.0,1.0,0.0
0.0,0.0,0.0,1.0,1.0,0.0,1.0,0.0,1.0,0.0,0.0,0.0,1.0,0.0,0.0,1.0,0.0,0.0,0.0,0.0,1.0,-0.043478260869565216,-0.2640901771336554,-0.3175256711232053,-0.20707352448956826,0.0,2.0,0.0
1.0,0.0,0.0,1.0,0.0,1.0,1.0,1.0,1.0,0.0,1.0,2.0,1.0,0.0,0.0,0.0,1.0,0.0,1.0,0.0,0.0,0.43478260869565216,0.19967793880837348,0.2257825345302331,-0.7595671092268215,1.0,5.0,0.0
0.0,0.0,0.0,1.0,1.0,0.0,0.0,1.0,0.0,1.0,0.0,0.0,0.0,1.0,0.0,1.0,0.0,0.0,0.0,1.0,0.0,-0.6086956521739131,0.2751322751322752,0.2730912526394001,0.8390047975008371,0.0,2.0,0.0
1.0,0.0,0.0,1.0,0.0,0.0,0.0,0.0,0.0,0.0,0.0,1.0,0.0,0.0,1.0,0.0,1.0,0.0,1.0,0.0,0.0,0.782608695652174,-0.8410397975615368,-0.8445345542141661,0.444494031016401,0.0,0.0,0.0
0.0,0.0,0.0,1.0,1.0,0.0,1.0,1.0,0.0,1.0,1.0,0.0,0.0,1.0,0.0,0.0,1.0,0.0,0.0,1.0,0.0,0.21739130434782608,0.6063952150908674,0.5849642539110699,0.004284279817025839,0.0,4.0,0.0
1.0,1.0,0.0,1.0,1.0,1.0,1.0,1.0,0.0,0.0,0.0,0.0,0.0,1.0,0.0,1.0,0.0,0.0,1.0,0.0,0.0,0.30434782608695654,0.2870945479641131,0.22065566822296248,0.0937186209974339,0.0,3.0,0.0
0.0,1.0,0.0,0.0,1.0,0.0,0.0,0.0,0.0,0.0,0.0,0.0,1.0,0.0,0.0,1.0,0.0,0.0,0.0,1.0,0.0,-0.1956521739130435,-0.8474810213940649,-0.8535387739668501,0.4070065826174273,0.0,0.0,0.0
1.0,1.0,0.0,1.0,1.0,0.0,1.0,0.0,0.0,0.0,1.0,0.0,0.0,1.0,0.0,1.0,0.0,0.0,1.0,0.0,0.0,-0.3695652173913043,0.2677708764665286,0.23388920745764605,0.8247238647774182,0.0,2.0,0.0
1.0,0.0,1.0,1.0,0.0,0.0,0.0,0.0,0.0,0.0,0.0,0.0,0.0,0.0,1.0,1.0,0.0,0.0,0.0,0.0,1.0,-0.5,-0.9358178053830228,-0.9881120446923398,-0.10710699542563874,0.0,0.0,0.0
0.0,0.0,0.0,1.0,0.0,0.0,0.0,0.0,0.0,0.0,0.0,2.0,0.0,0.0,1.0,0.0,1.0,1.0,0.0,0.0,0.0,0.8478260869565217,-0.8281573498964804,-0.8048208646927236,0.5194689278143481,0.0,0.0,0.0
0.0,1.0,0.0,1.0,1.0,1.0,0.0,1.0,0.0,1.0,0.0,1.0,1.0,0.0,0.0,1.0,0.0,0.0,1.0,0.0,0.0,0.391304347826087,-0.08189556015642978,-0.1158144090190838,-0.44315519357358024,0.0,3.0,0.0
1.0,1.0,1.0,1.0,0.0,1.0,1.0,1.0,1.0,1.0,1.0,2.0,0.0,1.0,0.0,0.0,1.0,1.0,0.0,0.0,0.0,0.717391304347826,0.8290775247296986,0.8247108574026659,-0.4437289810490747,0.0,6.0,0.0
0.0,1.0,0.0,1.0,1.0,0.0,0.0,1.0,1.0,1.0,1.0,0.0,0.0,1.0,0.0,1.0,0.0,0.0,0.0,1.0,0.0,0.5869565217391305,0.5189786059351278,0.5632673287071319,-0.09746736583733089,0.0,4.0,0.0
0.0,1.0,0.0,1.0,0.0,0.0,0.0,0.0,0.0,0.0,0.0,1.0,0.0,0.0,1.0,1.0,0.0,0.0,0.0,0.0,1.0,-0.2608695652173913,-0.9413388543823327,-0.9652862215097652,-0.13923909405333007,0.0,0.0,0.0
0.0,0.0,0.0,1.0,0.0,0.0,0.0,0.0,1.0,0.0,0.0,0.0,0.0,1.0,0.0,0.0,1.0,0.0,1.0,0.0,0.0,0.13043478260869565,0.17575339314469746,0.19179076116982957,2.075198036371751,0.0,1.0,0.0
0.0,1.0,0.0,1.0,0.0,0.0,0.0,1.0,0.0,0.0,0.0,0.0,0.0,1.0,0.0,0.0,1.0,0.0,0.0,1.0,0.0,-0.5869565217391305,0.16011042097998626,0.29100781235137346,2.0296775633158544,1.0,1.0,1.0
0.0,1.0,0.0,0.0,0.0,0.0,0.0,0.0,0.0,0.0,1.0,0.0,1.0,0.0,0.0,1.0,0.0,0.0,0.0,1.0,0.0,-0.6086956521739131,-0.6533241315850011,-0.653975862713484,-0.3373870355907619,0.0,1.0,0.0
0.0,1.0,1.0,1.0,1.0,1.0,1.0,0.0,0.0,1.0,1.0,1.0,0.0,1.0,0.0,0.0,1.0,0.0,1.0,0.0,0.0,0.41304347826086957,0.6027145157579941,0.6314033052552458,0.0,0.0,4.0,0.0
0.0,0.0,0.0,1.0,1.0,0.0,0.0,1.0,0.0,0.0,1.0,0.0,0.0,1.0,0.0,0.0,1.0,0.0,1.0,0.0,0.0,0.34782608695652173,0.3459857372900851,0.414749476322217,0.9764587749637399,0.0,2.0,0.0
1.0,1.0,1.0,1.0,1.0,1.0,1.0,1.0,1.0,1.0,1.0,2.0,1.0,0.0,0.0,0.0,1.0,0.0,1.0,0.0,0.0,0.8913043478260869,0.3616287094547965,0.3401766275023279,-0.8323743644506779,0.0,6.0,0.0
1.0,0.0,0.0,1.0,1.0,0.0,1.0,0.0,1.0,0.0,0.0,0.0,0.0,1.0,0.0,1.0,0.0,0.0,0.0,1.0,0.0,0.043478260869565216,0.14630779848171158,0.14635641504072594,0.5890884748410135,0.0,2.0,0.0
1.0,0.0,0.0,1.0,0.0,0.0,0.0,0.0,0.0,0.0,0.0,2.0,0.0,0.0,1.0,0.0,1.0,0.0,0.0,0.0,1.0,0.6521739130434783,-0.8373590982286635,-0.8266787286029109,0.4659154301015287,0.0,0.0,0.0
1.0,1.0,1.0,1.0,1.0,0.0,1.0,0.0,0.0,1.0,0.0,1.0,0.0,1.0,0.0,1.0,0.0,1.0,0.0,0.0,0.0,0.391304347826087,0.2659305268000921,0.2738341105434426,0.8211536315965638,1.0,2.0,1.0
1.0,1.0,1.0,1.0,0.0,0.0,0.0,0.0,0.0,0.0,0.0,2.0,0.0,0.0,1.0,1.0,0.0,0.0,0.0,0.0,1.0,0.06521739130434782,-0.9487002530480791,-0.9445744217597717,-0.18208189222358578,0.0,0.0,0.0
1.0,0.0,0.0,1.0,0.0,1.0,1.0,0.0,1.0,1.0,0.0,1.0,1.0,0.0,0.0,1.0,0.0,0.0,0.0,0.0,1.0,0.1956521739130435,0.0018403496664365184,0.012491143900331065,-0.6994086801294209,0.0,4.0,0.0
0.0,0.0,0.0,1.0,1.0,0.0,1.0,1.0,0.0,0.0,0.0,0.0,0.0,1.0,0.0,0.0,1.0,0.0,0.0,1.0,0.0,0.6521739130434783,0.23464458247066944,0.24429705976027036,0.7604596675220352,0.0,2.0,0.0
1.0,0.0,0.0,1.0,1.0,0.0,0.0,1.0,0.0,1.0,1.0,1.0,0.0,1.0,0.0,0.0,1.0,1.0,0.0,0.0,0.0,-0.043478260869565216,0.5521048999309869,0.5223917587171167,0.47930380452973353,0.0,3.0,0.0
0.0,1.0,0.0,1.0,1.0,0.0,1.0,1.0,0.0,0.0,1.0,1.0,0.0,1.0,0.0,0.0,1.0,0.0,0.0,1.0,0.0,0.6304347826086957,0.4380032206119162,0.4803118694319069,0.3132879616199934,0.0,3.0,0.0
0.0,0.0,0.0,1.0,0.0,1.0,1.0,1.0,1.0,1.0,1.0,2.0,0.0,1.0,0.0,0.0,1.0,0.0,0.0,0.0,1.0,0.9130434782608695,0.7508626639061421,0.7697468287938459,-0.5087582282717839,0.0,6.0,0.0
0.0,0.0,0.0,1.0,1.0,0.0,1.0,1.0,0.0,0.0,0.0,0.0,0.0,1.0,0.0,0.0,1.0,1.0,0.0,0.0,0.0,-0.043478260869565216,0.2935357717966414,0.3369987533784054,0.8747071293093832,1.0,2.0,1.0
1.0,1.0,0.0,1.0,1.0,0.0,1.0,1.0,0.0,1.0,1.0,1.0,0.0,1.0,0.0,0.0,1.0,1.0,0.0,0.0,0.0,0.782608695652174,0.6008741660915575,0.6231391301205133,-0.0021421399085123486,1.0,4.0,1.0
1.0,0.0,0.0,1.0,1.0,1.0,0.0,0.0,1.0,0.0,1.0,1.0,1.0,0.0,0.0,0.0,1.0,1.0,0.0,0.0,0.0,0.41304347826086957,0.008281573498964856,0.09224119264076179,-0.31194912417717263,0.0,3.0,0.0
0.0,0.0,0.0,1.0,1.0,0.0,0.0,0.0,0.0,0.0,1.0,0.0,0.0,1.0,0.0,1.0,0.0,0.0,0.0,1.0,0.0,-0.021739130434782608,0.18587531631009882,0.17619088481988046,2.104652460113801,0.0,1.0,0.0
0.0,0.0,0.0,1.0,0.0,0.0,0.0,0.0,0.0,0.0,0.0,0.0,0.0,0.0,1.0,0.0,1.0,1.0,0.0,0.0,0.0,-0.21739130434782608,-0.8428801472279733,-0.8465849243404485,0.43378333147383696,0.0,0.0,0.0
0.0,1.0,1.0,1.0,0.0,1.0,0.0,1.0,1.0,1.0,0.0,2.0,1.0,0.0,0.0,0.0,1.0,0.0,0.0,0.0,1.0,0.6304347826086957,0.09753853232114097,0.10189385139510532,-0.5880174048867566,0.0,4.0,0.0
0.0,0.0,0.0,1.0,1.0,0.0,1.0,1.0,0.0,1.0,1.0,1.0,0.0,1.0,0.0,1.0,0.0,0.0,0.0,0.0,1.0,0.5217391304347826,0.5484242005981136,0.506067204230316,-0.06319312730112685,0.0,4.0,0.0
0.0,1.0,1.0,1.0,1.0,0.0,0.0,0.0,0.0,1.0,1.0,0.0,0.0,1.0,0.0,0.0,1.0,0.0,1.0,0.0,0.0,0.2391304347826087,0.4426040947780078,0.37528455284269496,1.1638960169586077,1.0,2.0,1.0
1.0,0.0,1.0,1.0,0.0,0.0,0.0,0.0,0.0,0.0,0.0,0.0,0.0,0.0,1.0,1.0,0.0,0.0,0.0,0.0,1.0,-0.6086956521739131,-0.9431792040487693,-0.9433972119069017,-0.14994979359589408,0.0,0.0,0.0
1.0,0.0,0.0,1.0,1.0,0.0,1.0,1.0,0.0,1.0,1.0,0.0,0.0,1.0,0.0,0.0,1.0,0.0,1.0,0.0,0.0,0.2391304347826087,0.6257188865884519,0.5573903033510612,0.026776748856409686,0.0,4.0,0.0
1.0,1.0,0.0,1.0,0.0,0.0,0.0,0.0,0.0,0.0,0.0,2.0,0.0,0.0,1.0,0.0,1.0,1.0,0.0,0.0,0.0,0.6956521739130435,-0.8290775247296986,-0.8336385144532231,0.514113578043066,0.0,0.0,0.0
1.0,1.0,0.0,1.0,1.0,0.0,1.0,1.0,1.0,1.0,1.0,1.0,0.0,1.0,0.0,0.0,1.0,0.0,0.0,1.0,0.0,0.8043478260869565,0.7425810904071772,0.7887457112961286,-0.23295771505076435,1.0,5.0,0.0
1.0,0.0,1.0,0.0,0.0,1.0,1.0,0.0,1.0,0.0,0.0,1.0,1.0,0.0,0.0,1.0,0.0,0.0,0.0,0.0,1.0,0.2391304347826087,-0.5567057740970784,-0.578611462181452,-1.13399531406895,0.0,3.0,0.0
1.0,0.0,0.0,1.0,1.0,1.0,0.0,0.0,0.0,1.0,1.0,0.0,0.0,1.0,0.0,0.0,1.0,0.0,0.0,1.0,0.0,-0.30434782608695654,0.5373821025994939,0.622234467539396,0.45788240544460584,0.0,3.0,0.0
1.0,1.0,1.0,1.0,0.0,0.0,0.0,0.0,0.0,0.0,0.0,2.0,0.0,0.0,1.0,0.0,1.0,0.0,0.0,0.0,1.0,0.8478260869565217,-0.8235564757303888,-0.8414781999103588,0.5462456766707577,0.0,0.0,0.0
1.0,1.0,0.0,1.0,1.0,0.0,0.0,0.0,0.0,0.0,1.0,0.0,0.0,1.0,0.0,1.0,0.0,0.0,0.0,1.0,0.0,-0.3695652173913043,0.18311479181044404,0.15793524491799793,2.0966194354568786,1.0,1.0,1.0
0.0,0.0,0.0,1.0,0.0,0.0,0.0,0.0,0.0,0.0,0.0,0.0,0.0,0.0,1.0,1.0,0.0,0.0,1.0,0.0,0.0,-0.6086956521739131,-0.9404186795491144,-0.9406408181050596,-0.13388374428204844,0.0,0.0,0.0
0.0,1.0,1.0,1.0,0.0,0.0,0.0,0.0,0.0,0.0,0.0,2.0,0.0,0.0,1.0,1.0,0.0,0.0,0.0,0.0,1.0,-0.45652173913043476,-0.9385783298826778,-0.9246767040027243,-0.1231730447394844,0.0,0.0,0.0
0.0,0.0,0.0,1.0,0.0,0.0,1.0,0.0,0.0,0.0,0.0,0.0,0.0,1.0,0.0,1.0,0.0,0.0,1.0,0.0,0.0,0.2391304347826087,0.07913503565677474,0.06806149367904696,1.794042173379449,0.0,1.0,0.0
1.0,1.0,0.0,1.0,1.0,1.0,1.0,1.0,0.0,0.0,1.0,2.0,0.0,1.0,0.0,0.0,1.0,0.0,1.0,0.0,0.0,0.9347826086956522,0.5916724177593744,0.6298655948241254,-0.012852839451076375,1.0,4.0,1.0
0.0,0.0,1.0,1.0,1.0,0.0,0.0,1.0,1.0,1.0,1.0,0.0,1.0,0.0,0.0,1.0,0.0,0.0,0.0,0.0,1.0,-0.43478260869565216,0.044168391994479056,0.03287663724182976,-0.6501394622336268,0.0,4.0,0.0
0.0,0.0,0.0,1.0,0.0,1.0,0.0,1.0,1.0,0.0,0.0,0.0,1.0,0.0,0.0,1.0,0.0,0.0,0.0,1.0,0.0,-0.30434782608695654,-0.2125603864734299,-0.12701462099687613,-0.6332701104540889,0.0,3.0,0.0
1.0,0.0,0.0,1.0,0.0,0.0,0.0,0.0,0.0,0.0,0.0,0.0,0.0,0.0,1.0,1.0,0.0,0.0,0.0,1.0,0.0,-0.6086956521739131,-0.939498504715896,-0.9397220201711122,-0.12852839451076642,0.0,0.0,0.0
0.0,0.0,0.0,1.0,1.0,0.0,0.0,0.0,0.0,0.0,1.0,0.0,0.0,1.0,0.0,0.0,1.0,0.0,0.0,1.0,0.0,0.08695652173913043,0.23648493213710595,0.23856672421228706,2.2519245788240543,0.0,1.0,0.0
0.0,1.0,1.0,1.0,1.0,0.0,0.0,0.0,0.0,0.0,0.0,2.0,0.0,0.0,1.0,1.0,0.0,0.0,0.0,0.0,1.0,0.1956521739130435,-0.9302967563837129,-0.9313561231935916,-0.07497489679794704,0.0,0.0,0.0
0.0,0.0,0.0,1.0,1.0,0.0,1.0,1.0,0.0,0.0,1.0,2.0,1.0,0.0,0.0,1.0,0.0,0.0,0.0,0.0,1.0,0.5652173913043478,-0.10582010582010583,-0.0886311412471843,-0.4779649670869127,0.0,3.0,0.0
0.0,1.0,1.0,1.0,1.0,0.0,1.0,0.0,1.0,1.0,1.0,2.0,1.0,0.0,0.0,0.0,1.0,1.0,0.0,0.0,0.0,0.782608695652174,0.16379112031285956,0.1367275038887821,-0.5109003681802966,0.0,4.0,0.0
0.0,1.0,0.0,1.0,0.0,1.0,1.0,0.0,0.0,0.0,0.0,0.0,1.0,0.0,0.0,1.0,0.0,0.0,0.0,0.0,1.0,-0.5434782608695652,-0.2907752472969864,-0.21731714460500212,-0.25884190561196,0.0,2.0,0.0
0.0,0.0,1.0,1.0,1.0,1.0,1.0,0.0,1.0,1.0,1.0,1.0,0.0,1.0,0.0,1.0,0.0,0.0,1.0,0.0,0.0,0.30434782608695654,0.6533241315850011,0.6397343630720215,-0.3195358696864886,0.0,5.0,0.0
0.0,0.0,0.0,0.0,1.0,0.0,0.0,1.0,1.0,0.0,0.0,0.0,1.0,0.0,0.0,1.0,0.0,0.0,0.0,1.0,0.0,-0.2391304347826087,-0.6496434322521278,-0.677149988380823,-0.9550373758786118,0.0,2.0,0.0
1.0,0.0,0.0,1.0,1.0,0.0,0.0,0.0,0.0,1.0,1.0,0.0,0.0,1.0,0.0,0.0,1.0,0.0,0.0,1.0,0.0,-0.6086956521739131,0.4242005981136415,0.42193651793887194,1.1281936851500616,1.0,2.0,1.0
1.0,0.0,0.0,1.0,0.0,0.0,0.0,0.0,0.0,0.0,0.0,0.0,0.0,0.0,1.0,1.0,0.0,0.0,0.0,0.0,1.0,-0.6086956521739131,-0.9496204278812975,-0.9498287974445332,-0.1874372419948678,0.0,0.0,0.0
1.0,1.0,0.0,1.0,1.0,0.0,0.0,0.0,0.0,0.0,0.0,0.0,0.0,1.0,0.0,1.0,0.0,0.0,0.0,1.0,0.0,-0.5652173913043478,-0.0036806993328732983,-0.017861426443930052,5.317862322882964,0.0,0.0,0.0
0.0,1.0,0.0,1.0,0.0,0.0,0.0,0.0,0.0,0.0,0.0,2.0,0.0,0.0,1.0,1.0,0.0,0.0,1.0,0.0,0.0,0.2608695652173913,-0.9174143087186566,-0.9047180598582885,0.0,0.0,0.0,0.0
0.0,0.0,0.0,1.0,1.0,0.0,0.0,1.0,0.0,0.0,1.0,0.0,0.0,1.0,0.0,0.0,1.0,0.0,0.0,1.0,0.0,-0.2826086956521739,0.33034276512537386,0.33614376085653735,0.9461117929264758,0.0,2.0,0.0
0.0,0.0,0.0,1.0,0.0,0.0,0.0,0.0,0.0,1.0,0.0,0.0,0.0,1.0,0.0,1.0,0.0,0.0,0.0,1.0,0.0,-0.5217391304347826,0.17851391764435248,0.11505800800045439,2.0832310610286737,0.0,1.0,0.0
1.0,0.0,0.0,1.0,1.0,1.0,0.0,0.0,1.0,1.0,1.0,0.0,0.0,1.0,0.0,0.0,1.0,0.0,0.0,0.0,1.0,0.5869565217391305,0.641361858753163,0.6042686865095324,0.04498493807876845,0.0,4.0,0.0
0.0,1.0,0.0,1.0,0.0,0.0,0.0,0.0,0.0,0.0,0.0,0.0,0.0,0.0,1.0,0.0,1.0,0.0,0.0,0.0,1.0,-0.021739130434782608,-0.8244766505636071,-0.8150280148496851,0.5408903268994757,1.0,0.0,1.0
0.0,1.0,0.0,1.0,0.0,0.0,0.0,0.0,0.0,0.0,0.0,2.0,0.0,0.0,1.0,1.0,0.0,0.0,1.0,0.0,0.0,0.5434782608695652,-0.9284564067172764,-0.9219926230012391,-0.06426419725538302,0.0,0.0,0.0
1.0,0.0,0.0,1.0,1.0,0.0,0.0,0.0,0.0,0.0,0.0,0.0,0.0,0.0,1.0,1.0,0.0,0.0,0.0,0.0,1.0,-0.6086956521739131,-0.9385783298826778,-0.938803222237165,-0.1231730447394844,0.0,0.0,0.0
1.0,1.0,0.0,1.0,1.0,0.0,0.0,1.0,1.0,1.0,1.0,1.0,0.0,1.0,0.0,0.0,1.0,0.0,0.0,1.0,0.0,0.2826086956521739,0.6956521739130435,0.7094108905579722,0.1081780653798953,0.0,4.0,0.0
1.0,0.0,0.0,1.0,1.0,1.0,0.0,1.0,1.0,1.0,1.0,2.0,0.0,1.0,0.0,1.0,0.0,1.0,0.0,0.0,0.0,0.8043478260869565,0.6468829077524731,0.6085360256150897,-0.3257837777529842,0.0,5.0,0.0
0.0,1.0,0.0,1.0,1.0,0.0,0.0,0.0,0.0,0.0,1.0,0.0,0.0,1.0,0.0,0.0,1.0,0.0,0.0,1.0,0.0,-0.45652173913043476,0.2484472049689441,0.11184221523163869,2.2867343523373873,1.0,1.0,1.0
0.0,1.0,1.0,1.0,0.0,0.0,0.0,0.0,0.0,0.0,0.0,0.0,0.0,0.0,1.0,0.0,1.0,0.0,0.0,0.0,1.0,-0.32608695652173914,-0.8272371750632621,-0.8082682871927868,0.5248242775856301,0.0,0.0,0.0
0.0,0.0,0.0,0.0,1.0,0.0,0.0,1.0,0.0,1.0,1.0,0.0,1.0,0.0,0.0,1.0,0.0,1.0,0.0,0.0,0.0,0.30434782608695654,-0.3947550034506557,-0.40987475579686494,-0.8983599241325448,0.0,3.0,0.0
0.0,1.0,0.0,0.0,1.0,1.0,0.0,1.0,1.0,0.0,1.0,2.0,1.0,0.0,0.0,1.0,0.0,1.0,0.0,0.0,0.0,0.8913043478260869,-0.3800322061191626,-0.41241076019395284,-1.1439027111458215,0.0,4.0,0.0
1.0,1.0,1.0,1.0,0.0,1.0,0.0,1.0,1.0,0.0,0.0,0.0,0.0,1.0,0.0,0.0,1.0,0.0,0.0,1.0,0.0,0.043478260869565216,0.3459857372900851,0.3762633690287791,0.17940421733794498,0.0,3.0,0.0
1.0,1.0,0.0,1.0,1.0,1.0,0.0,1.0,1.0,1.0,1.0,2.0,0.0,1.0,0.0,0.0,1.0,0.0,1.0,0.0,0.0,0.9347826086956522,0.7619047619047621,0.7627722681860939,-0.2142139908512771,0.0,5.0,0.0
0.0,0.0,1.0,1.0,0.0,1.0,0.0,1.0,1.0,1.0,0.0,2.0,1.0,0.0,0.0,1.0,0.0,0.0,1.0,0.0,0.0,0.10869565217391304,-0.05244996549344365,-0.03281441242777893,-0.7626018074305476,0.0,4.0,0.0
1.0,1.0,1.0,1.0,0.0,0.0,0.0,0.0,0.0,0.0,0.0,1.0,0.0,0.0,1.0,1.0,0.0,0.0,0.0,0.0,1.0,-0.21739130434782608,-0.9330572808833679,-0.9639492709557241,-0.0910409461117927,0.0,0.0,0.0
0.0,1.0,0.0,1.0,1.0,1.0,1.0,1.0,0.0,1.0,1.0,1.0,0.0,1.0,0.0,1.0,0.0,1.0,0.0,0.0,0.0,0.5217391304347826,0.6551644812514377,0.7033313870678058,-0.31775075309606143,0.0,5.0,0.0
0.0,1.0,1.0,0.0,0.0,0.0,1.0,0.0,0.0,0.0,1.0,0.0,1.0,0.0,0.0,1.0,0.0,0.0,0.0,0.0,1.0,-0.5652173913043478,-0.5557855992638602,-0.7305423572090972,-0.7729554836550263,0.0,2.0,0.0
1.0,0.0,0.0,1.0,1.0,0.0,1.0,1.0,0.0,0.0,0.0,0.0,0.0,1.0,0.0,1.0,0.0,0.0,0.0,1.0,0.0,-0.34782608695652173,0.1711525189786059,0.07887150475575858,0.6372866227825504,0.0,2.0,0.0
1.0,1.0,0.0,1.0,0.0,1.0,0.0,0.0,1.0,1.0,1.0,1.0,1.0,0.0,0.0,1.0,0.0,1.0,0.0,0.0,0.0,-0.10869565217391304,0.0717736369910284,0.014373067738723273,-0.6180073636059353,0.0,4.0,0.0
0.0,0.0,0.0,1.0,1.0,0.0,0.0,1.0,0.0,0.0,1.0,0.0,0.0,1.0,0.0,0.0,1.0,0.0,0.0,1.0,0.0,-0.5434782608695652,0.3377041637911202,0.4138970360168326,0.9603927256498939,1.0,2.0,1.0
0.0,0.0,0.0,1.0,1.0,0.0,0.0,0.0,0.0,0.0,1.0,0.0,0.0,1.0,0.0,1.0,0.0,0.0,0.0,1.0,0.0,0.06521739130434782,0.16563146997929606,0.23323839225443338,2.0457436126297,1.0,1.0,1.0
0.0,0.0,0.0,0.0,1.0,1.0,1.0,0.0,1.0,0.0,0.0,1.0,1.0,0.0,0.0,1.0,0.0,1.0,0.0,0.0,0.0,0.21739130434782608,-0.5557855992638602,-0.5289251080111103,-1.1326564766261296,0.0,3.0,0.0
1.0,1.0,0.0,1.0,1.0,0.0,1.0,1.0,1.0,1.0,1.0,2.0,0.0,1.0,0.0,0.0,1.0,0.0,1.0,0.0,0.0,0.9347826086956522,0.7223372440763746,0.6831048306634085,-0.2525939975454644,0.0,5.0,0.0
0.0,0.0,0.0,1.0,1.0,0.0,1.0,1.0,0.0,1.0,1.0,0.0,0.0,1.0,0.0,0.0,1.0,0.0,0.0,1.0,0.0,0.6739130434782609,0.6514837819185646,0.6618805983892245,0.05676670757558865,0.0,4.0,0.0
0.0,0.0,1.0,1.0,1.0,0.0,0.0,0.0,0.0,0.0,0.0,0.0,0.0,0.0,1.0,0.0,1.0,0.0,0.0,0.0,1.0,-0.5434782608695652,-0.8290775247296986,-0.9103204862847969,0.514113578043066,0.0,0.0,0.0
1.0,0.0,0.0,1.0,0.0,0.0,0.0,0.0,0.0,0.0,0.0,2.0,0.0,0.0,1.0,0.0,1.0,1.0,0.0,0.0,0.0,0.9347826086956522,-0.8419599723947551,-0.8434524144252947,0.439138681245119,0.0,0.0,0.0
0.0,1.0,0.0,0.0,1.0,0.0,0.0,1.0,0.0,1.0,1.0,0.0,1.0,0.0,0.0,1.0,0.0,0.0,0.0,1.0,0.0,-0.43478260869565216,-0.4002760524499655,-0.3942623133843642,-0.9063929487894677,0.0,3.0,0.0
0.0,0.0,0.0,0.0,0.0,1.0,1.0,0.0,1.0,0.0,0.0,1.0,1.0,0.0,0.0,1.0,0.0,0.0,1.0,0.0,0.0,0.0,-0.5705083965953531,-0.6110458213169782,-1.1540778757112573,0.0,3.0,0.0
1.0,0.0,0.0,1.0,0.0,0.0,0.0,0.0,0.0,0.0,0.0,1.0,0.0,0.0,1.0,0.0,1.0,0.0,0.0,0.0,1.0,-0.2391304347826087,-0.8603634690591213,-0.8637680576314641,0.3320316858194802,0.0,0.0,0.0
0.0,1.0,1.0,1.0,1.0,1.0,1.0,1.0,1.0,1.0,1.0,2.0,1.0,0.0,0.0,0.0,1.0,0.0,1.0,0.0,0.0,0.9347826086956522,0.35058661145617664,0.3487517102834818,-0.84155496405859,1.0,6.0,0.0
1.0,0.0,0.0,1.0,0.0,0.0,0.0,0.0,0.0,0.0,0.0,0.0,0.0,0.0,1.0,1.0,0.0,0.0,0.0,0.0,1.0,-0.5869565217391305,-0.9284564067172764,-0.9048076986811127,-0.06426419725538302,0.0,0.0,0.0
1.0,1.0,0.0,1.0,1.0,1.0,1.0,1.0,0.0,1.0,1.0,1.0,0.0,1.0,0.0,0.0,1.0,0.0,0.0,1.0,0.0,0.9130434782608695,0.7195767195767195,0.7356477787100248,-0.2552716724311056,0.0,5.0,0.0
1.0,1.0,0.0,1.0,1.0,0.0,0.0,0.0,0.0,0.0,0.0,0.0,0.0,0.0,1.0,1.0,0.0,1.0,0.0,0.0,0.0,-0.45652173913043476,-0.9376581550494595,-0.9269736988375927,-0.1178176949682024,0.0,0.0,0.0
0.0,1.0,1.0,1.0,1.0,1.0,1.0,1.0,1.0,1.0,1.0,2.0,1.0,0.0,0.0,0.0,1.0,0.0,1.0,0.0,0.0,0.9347826086956522,0.3229813664596273,0.3428305680424877,-0.8645064630783699,1.0,6.0,0.0
1.0,1.0,1.0,1.0,1.0,1.0,0.0,1.0,1.0,0.0,1.0,2.0,1.0,0.0,0.0,1.0,0.0,0.0,1.0,0.0,0.0,0.9130434782608695,0.006441223832528076,-0.009937333464299557,-0.6940533303581391,0.0,4.0,0.0
1.0,0.0,0.0,1.0,1.0,1.0,1.0,1.0,0.0,1.0,1.0,1.0,0.0,1.0,0.0,1.0,0.0,0.0,0.0,1.0,0.0,0.32608695652173914,0.6542443064182194,0.5867354564550662,-0.31864331139127505,0.0,5.0,0.0
1.0,1.0,1.0,1.0,0.0,0.0,0.0,0.0,0.0,0.0,0.0,2.0,0.0,0.0,1.0,0.0,1.0,0.0,0.0,0.0,1.0,0.391304347826087,-0.8456406717276284,-0.8434241771365444,0.4177172821599913,0.0,0.0,0.0
0.0,0.0,0.0,1.0,1.0,1.0,1.0,1.0,0.0,1.0,1.0,1.0,0.0,1.0,0.0,0.0,1.0,1.0,0.0,0.0,0.0,-0.043478260869565216,0.7361398665746492,0.6477226028181579,-0.23920562311725957,1.0,5.0,1.0
1.0,0.0,0.0,1.0,0.0,1.0,0.0,0.0,0.0,0.0,0.0,0.0,1.0,0.0,0.0,1.0,0.0,0.0,0.0,1.0,0.0,-0.6086956521739131,-0.38187255578559925,-0.38293047219901344,0.45252705567332385,0.0,1.0,0.0
0.0,1.0,1.0,1.0,0.0,0.0,0.0,0.0,0.0,0.0,0.0,1.0,0.0,0.0,1.0,0.0,1.0,0.0,0.0,0.0,1.0,0.3695652173913043,-0.8382792730618818,-0.8313837594378412,0.46056008033024665,0.0,0.0,0.0
1.0,0.0,0.0,0.0,0.0,0.0,1.0,1.0,0.0,0.0,0.0,0.0,1.0,0.0,0.0,1.0,0.0,0.0,0.0,0.0,1.0,-0.391304347826087,-0.658845180584311,-0.6563981481757089,-0.972888541782885,0.0,2.0,0.0
1.0,1.0,0.0,1.0,1.0,0.0,0.0,1.0,0.0,1.0,1.0,0.0,0.0,1.0,0.0,0.0,1.0,0.0,0.0,1.0,0.0,0.2608695652173913,0.5392224522659305,0.6118587737975028,0.46056008033024665,1.0,3.0,1.0
0.0,1.0,0.0,1.0,1.0,0.0,1.0,0.0,0.0,0.0,1.0,2.0,1.0,0.0,0.0,1.0,0.0,0.0,1.0,0.0,0.0,0.8695652173913043,-0.16655164481251433,-0.19692049626697516,-0.01785116590427287,0.0,2.0,0.0
1.0,0.0,0.0,1.0,1.0,0.0,0.0,0.0,0.0,0.0,0.0,1.0,0.0,0.0,1.0,1.0,0.0,0.0,0.0,1.0,0.0,-0.34782608695652173,-0.9302967563837129,-0.938379161652266,-0.07497489679794704,0.0,0.0,0.0
0.0,1.0,1.0,1.0,1.0,0.0,0.0,0.0,0.0,0.0,0.0,2.0,0.0,0.0,1.0,1.0,0.0,1.0,0.0,0.0,0.0,0.34782608695652173,-0.9293765815504946,-0.9351688659651065,-0.06961954702666504,0.0,0.0,0.0
1.0,0.0,0.0,1.0,0.0,0.0,0.0,0.0,0.0,0.0,0.0,1.0,0.0,0.0,1.0,0.0,1.0,0.0,0.0,1.0,0.0,-0.10869565217391304,-0.84472049689441,-0.8433630868483831,0.4230726319312733,0.0,0.0,0.0
1.0,0.0,0.0,1.0,0.0,0.0,0.0,0.0,0.0,0.0,0.0,2.0,0.0,0.0,1.0,0.0,1.0,0.0,0.0,0.0,1.0,0.782608695652174,-0.8235564757303888,-0.8293249145691296,0.5462456766707577,0.0,0.0,0.0
0.0,1.0,0.0,1.0,1.0,1.0,0.0,0.0,0.0,0.0,0.0,0.0,1.0,0.0,0.0,1.0,0.0,0.0,0.0,1.0,0.0,-0.6086956521739131,-0.38555325511847255,-0.3866056639348029,0.4418163561307598,1.0,1.0,1.0
1.0,1.0,1.0,1.0,1.0,1.0,0.0,0.0,1.0,1.0,1.0,1.0,1.0,0.0,0.0,1.0,0.0,1.0,0.0,0.0,0.0,0.4782608695652174,0.10858063031976087,0.13197469937254427,-0.5751645654356797,0.0,4.0,0.0
0.0,0.0,0.0,1.0,0.0,0.0,0.0,0.0,0.0,0.0,0.0,1.0,0.0,0.0,1.0,1.0,0.0,0.0,0.0,0.0,1.0,-0.391304347826087,-0.9293765815504946,-0.9430631035672845,-0.06961954702666504,0.0,0.0,0.0
0.0,0.0,0.0,1.0,1.0,0.0,1.0,0.0,0.0,1.0,1.0,0.0,0.0,1.0,0.0,1.0,0.0,0.0,0.0,1.0,0.0,-0.5217391304347826,0.47389003910743044,0.5862175885286595,0.3655026218899924,0.0,3.0,0.0
1.0,0.0,0.0,1.0,1.0,0.0,0.0,0.0,0.0,0.0,0.0,0.0,0.0,0.0,1.0,1.0,0.0,1.0,0.0,0.0,0.0,-0.45652173913043476,-0.9348976305498045,-0.9091719888673626,-0.10175164565435672,0.0,0.0,0.0
1.0,1.0,0.0,1.0,0.0,1.0,1.0,1.0,1.0,0.0,1.0,2.0,1.0,0.0,0.0,0.0,1.0,0.0,1.0,0.0,0.0,0.9130434782608695,0.18219461697722578,0.18514546729987535,-0.7765257168358807,0.0,5.0,0.0
0.0,0.0,0.0,1.0,1.0,0.0,0.0,1.0,0.0,1.0,1.0,0.0,0.0,1.0,0.0,1.0,0.0,0.0,1.0,0.0,0.0,-0.30434782608695654,0.4324821716126064,0.5471380497380983,0.30525493696307054,0.0,3.0,0.0
0.0,1.0,0.0,1.0,0.0,0.0,0.0,0.0,0.0,0.0,0.0,0.0,0.0,0.0,1.0,1.0,0.0,0.0,0.0,0.0,1.0,-0.021739130434782608,-0.9201748332183115,-0.9276135759701631,-0.01606604931384566,0.0,0.0,0.0
0.0,0.0,0.0,1.0,1.0,0.0,0.0,0.0,0.0,0.0,0.0,0.0,0.0,1.0,0.0,0.0,1.0,0.0,1.0,0.0,0.0,-0.2826086956521739,0.07821486082355648,-7.885809732388209e-05,5.794488452527056,0.0,0.0,0.0
1.0,1.0,1.0,1.0,0.0,1.0,1.0,0.0,1.0,0.0,0.0,1.0,1.0,0.0,0.0,0.0,1.0,1.0,0.0,0.0,0.0,0.5217391304347826,-0.11686220381872546,-0.08655746316572979,-0.4940310164007584,0.0,3.0,0.0
0.0,1.0,1.0,1.0,0.0,1.0,1.0,0.0,1.0,0.0,0.0,0.0,1.0,0.0,0.0,1.0,0.0,1.0,0.0,0.0,0.0,-0.32608695652173914,-0.2033586381412468,-0.27221532115835684,-0.619881736025884,0.0,3.0,0.0
0.0,0.0,0.0,1.0,0.0,0.0,0.0,1.0,1.0,1.0,1.0,2.0,0.0,1.0,0.0,1.0,0.0,0.0,1.0,0.0,0.0,0.43478260869565216,0.5548654244306419,0.5471180486946389,-0.05569563762133172,0.0,4.0,0.0
0.0,1.0,0.0,0.0,1.0,0.0,0.0,1.0,1.0,0.0,1.0,2.0,1.0,0.0,0.0,1.0,0.0,0.0,0.0,1.0,0.0,0.9130434782608695,-0.43156199677938817,-0.45246147641167755,-0.9519134218453642,0.0,3.0,0.0
0.0,1.0,1.0,1.0,0.0,0.0,0.0,0.0,0.0,0.0,0.0,2.0,0.0,0.0,1.0,1.0,0.0,0.0,0.0,0.0,1.0,0.34782608695652173,-0.9137336093857833,-0.9328208268005742,0.021421399085128055,0.0,0.0,0.0
0.0,1.0,0.0,1.0,1.0,0.0,1.0,0.0,0.0,1.0,1.0,0.0,0.0,1.0,0.0,0.0,1.0,0.0,1.0,0.0,0.0,0.5217391304347826,0.513457556935818,0.488280663093901,0.4230726319312733,0.0,3.0,0.0
0.0,0.0,0.0,0.0,1.0,0.0,0.0,1.0,1.0,1.0,0.0,0.0,1.0,0.0,0.0,1.0,0.0,0.0,1.0,0.0,0.0,-0.06521739130434782,-0.47941108810674027,-0.4604628824713405,-1.0215329688720294,0.0,3.0,0.0
0.0,1.0,0.0,1.0,0.0,0.0,1.0,1.0,1.0,1.0,1.0,2.0,1.0,0.0,0.0,0.0,1.0,1.0,0.0,0.0,0.0,0.8260869565217391,0.2880147227973316,0.3166175905849064,-0.6738815128863102,0.0,5.0,0.0
0.0,1.0,0.0,1.0,1.0,0.0,0.0,0.0,0.0,1.0,0.0,0.0,0.0,1.0,0.0,0.0,1.0,0.0,0.0,1.0,0.0,-0.5869565217391305,0.24936737980216236,-0.0654857860202012,2.2894120272230283,0.0,1.0,0.0
0.0,0.0,0.0,1.0,1.0,0.0,0.0,1.0,0.0,0.0,0.0,0.0,0.0,1.0,0.0,0.0,1.0,0.0,1.0,0.0,0.0,-0.2608695652173913,0.2236024844720498,0.29189958681667527,2.2144371304250816,1.0,1.0,1.0
0.0,0.0,0.0,1.0,1.0,0.0,0.0,0.0,0.0,0.0,1.0,0.0,0.0,1.0,0.0,0.0,1.0,0.0,0.0,1.0,0.0,-0.34782608695652173,0.21164021164021166,0.29620255451638366,2.1796273569117486,1.0,1.0,1.0
1.0,0.0,1.0,1.0,0.0,1.0,0.0,1.0,0.0,1.0,1.0,2.0,0.0,1.0,0.0,0.0,1.0,1.0,0.0,0.0,0.0,0.9130434782608695,0.6662065792500576,0.6135123575748818,0.07390382684369087,0.0,4.0,0.0
0.0,1.0,0.0,1.0,0.0,1.0,0.0,0.0,1.0,0.0,0.0,1.0,1.0,0.0,0.0,0.0,1.0,1.0,0.0,0.0,0.0,0.8478260869565217,-0.22544283413848631,-0.22276237353707265,-0.13209862769162084,0.0,2.0,0.0
1.0,1.0,1.0,1.0,0.0,0.0,0.0,0.0,0.0,0.0,0.0,0.0,0.0,0.0,1.0,1.0,0.0,0.0,0.0,0.0,1.0,-0.6086956521739131,-0.9348976305498045,-0.9351280305013754,-0.10175164565435672,0.0,0.0,0.0
1.0,0.0,1.0,1.0,1.0,0.0,0.0,0.0,0.0,0.0,0.0,1.0,0.0,0.0,1.0,1.0,0.0,1.0,0.0,0.0,0.0,-0.41304347826086957,-0.9302967563837129,-0.8937821234737443,-0.07497489679794704,0.0,0.0,0.0
0.0,1.0,1.0,1.0,0.0,1.0,1.0,0.0,1.0,1.0,1.0,2.0,1.0,0.0,0.0,1.0,0.0,0.0,0.0,1.0,0.0,0.2608695652173913,0.14630779848171158,0.10412207161591025,-0.8113354903492133,0.0,5.0,0.0
0.0,1.0,0.0,0.0,1.0,1.0,1.0,1.0,0.0,0.0,1.0,1.0,1.0,0.0,0.0,1.0,0.0,0.0,1.0,0.0,0.0,0.043478260869565216,-0.36991028295376127,-0.3604940194248796,-1.1321209416490015,1.0,4.0,1.0
1.0,0.0,0.0,1.0,1.0,0.0,0.0,1.0,0.0,1.0,1.0,0.0,1.0,0.0,0.0,1.0,0.0,0.0,0.0,1.0,0.0,-0.391304347826087,-0.02116402116402127,-0.10729109201480609,-0.35479192234742835,0.0,3.0,0.0
1.0,0.0,0.0,1.0,1.0,0.0,0.0,0.0,0.0,0.0,0.0,0.0,0.0,0.0,1.0,0.0,1.0,0.0,0.0,0.0,1.0,-0.6086956521739131,-0.8373590982286635,-0.8377354495029555,0.4659154301015287,0.0,0.0,0.0
1.0,0.0,1.0,1.0,0.0,0.0,0.0,0.0,0.0,0.0,0.0,0.0,0.0,0.0,1.0,1.0,0.0,0.0,1.0,0.0,0.0,-0.15217391304347827,-0.9266160570508397,-0.9358797742655143,-0.05355349771281937,0.0,0.0,0.0
1.0,0.0,0.0,1.0,1.0,0.0,0.0,0.0,1.0,1.0,0.0,2.0,0.0,1.0,0.0,0.0,1.0,0.0,1.0,0.0,0.0,0.6086956521739131,0.36714975845410636,0.3888759115787662,1.0175164565435684,0.0,2.0,0.0
0.0,1.0,0.0,1.0,1.0,0.0,1.0,0.0,0.0,0.0,0.0,0.0,1.0,0.0,0.0,1.0,0.0,0.0,0.0,1.0,0.0,-0.3695652173913043,-0.35426731078904994,-0.3598073908613383,0.5328573022425529,0.0,1.0,0.0
0.0,0.0,0.0,1.0,1.0,0.0,0.0,0.0,0.0,0.0,0.0,2.0,0.0,0.0,1.0,0.0,1.0,1.0,0.0,0.0,0.0,0.8260869565217391,-0.8263170002300437,-0.8060986310907682,0.530179627356912,0.0,0.0,0.0
1.0,1.0,0.0,0.0,0.0,0.0,0.0,0.0,0.0,1.0,0.0,0.0,1.0,0.0,0.0,1.0,0.0,0.0,0.0,0.0,1.0,0.0,-0.6763285024154589,-0.657619371761896,-0.4043289077317861,0.0,1.0,0.0
1.0,1.0,1.0,1.0,1.0,0.0,0.0,0.0,0.0,0.0,0.0,0.0,0.0,0.0,1.0,1.0,0.0,0.0,0.0,0.0,1.0,-0.5434782608695652,-0.9201748332183115,-0.9406408181050596,-0.01606604931384566,0.0,0.0,0.0
0.0,0.0,0.0,0.0,1.0,0.0,0.0,1.0,0.0,1.0,1.0,0.0,1.0,0.0,0.0,1.0,0.0,0.0,0.0,1.0,0.0,-0.08695652173913043,-0.4094778007821486,-0.3461418029237612,-0.9197813232176726,0.0,3.0,0.0
0.0,1.0,1.0,0.0,0.0,1.0,1.0,1.0,1.0,0.0,1.0,2.0,1.0,0.0,0.0,1.0,0.0,0.0,1.0,0.0,0.0,0.9347826086956522,-0.2732919254658385,-0.3068616599176219,-1.2183420729666405,0.0,5.0,0.0
1.0,1.0,1.0,1.0,1.0,1.0,1.0,1.0,1.0,1.0,1.0,2.0,1.0,0.0,0.0,0.0,1.0,0.0,0.0,0.0,1.0,0.9347826086956522,0.34782608695652184,0.3302991851100391,-0.8438501139605679,0.0,6.0,0.0
0.0,0.0,0.0,0.0,0.0,0.0,1.0,0.0,0.0,0.0,1.0,0.0,1.0,0.0,0.0,1.0,0.0,0.0,0.0,1.0,0.0,-0.43478260869565216,-0.5475040257648953,-0.5633211332306781,-0.7568894343411803,0.0,2.0,0.0
1.0,1.0,1.0,1.0,0.0,1.0,1.0,0.0,0.0,0.0,1.0,2.0,1.0,0.0,0.0,0.0,1.0,1.0,0.0,0.0,0.0,0.5217391304347826,-0.014722797331492931,-0.019121161976008605,-0.34542006024768473,0.0,3.0,0.0
0.0,1.0,0.0,1.0,1.0,1.0,1.0,1.0,0.0,1.0,1.0,2.0,0.0,1.0,0.0,0.0,1.0,1.0,0.0,0.0,0.0,0.8478260869565217,0.741660915573959,0.7441103111306486,-0.23385027334597794,0.0,5.0,0.0
1.0,0.0,0.0,1.0,1.0,0.0,0.0,1.0,1.0,0.0,0.0,1.0,1.0,0.0,0.0,1.0,0.0,0.0,0.0,1.0,0.0,0.6086956521739131,-0.31285944329422594,-0.3184373049407085,-0.3016847037822158,1.0,2.0,0.0
0.0,1.0,1.0,1.0,1.0,0.0,0.0,0.0,0.0,0.0,0.0,0.0,0.0,0.0,1.0,0.0,1.0,0.0,0.0,1.0,0.0,-0.30434782608695654,-0.8327582240625719,-0.8134179308511489,0.4926921789579384,0.0,0.0,0.0
0.0,1.0,1.0,1.0,1.0,0.0,0.0,0.0,0.0,0.0,0.0,2.0,0.0,0.0,1.0,1.0,0.0,0.0,0.0,0.0,1.0,-0.13043478260869565,-0.9358178053830228,-0.9363664103253915,-0.10710699542563874,0.0,0.0,0.0
1.0,1.0,1.0,1.0,1.0,0.0,0.0,0.0,0.0,0.0,0.0,2.0,0.0,0.0,1.0,0.0,1.0,1.0,0.0,0.0,0.0,-0.3695652173913043,-0.8557625948930297,-0.8842113116617928,0.35880843467588996,0.0,0.0,0.0
1.0,1.0,0.0,0.0,0.0,1.0,0.0,1.0,0.0,1.0,1.0,1.0,1.0,0.0,0.0,1.0,0.0,0.0,1.0,0.0,0.0,0.13043478260869565,-0.31930066712675415,-0.2833590275286611,-1.0732120941649002,0.0,4.0,0.0
0.0,1.0,0.0,1.0,0.0,0.0,0.0,1.0,0.0,0.0,1.0,0.0,0.0,1.0,0.0,0.0,1.0,0.0,0.0,0.0,1.0,-0.21739130434782608,0.3524269611226134,0.4060751641317807,0.9889545910967316,0.0,2.0,0.0
1.0,0.0,0.0,1.0,0.0,0.0,0.0,0.0,0.0,0.0,1.0,0.0,0.0,1.0,0.0,0.0,1.0,1.0,0.0,0.0,0.0,-0.45652173913043476,0.25764895330112725,0.22496921084890711,2.313511101193797,0.0,1.0,0.0
1.0,0.0,0.0,1.0,0.0,0.0,0.0,0.0,0.0,0.0,0.0,2.0,0.0,0.0,1.0,1.0,0.0,1.0,0.0,0.0,0.0,0.5217391304347826,-0.9358178053830228,-0.958045971419836,-0.10710699542563874,0.0,0.0,0.0
1.0,0.0,0.0,1.0,1.0,0.0,0.0,0.0,0.0,0.0,0.0,0.0,0.0,0.0,1.0,1.0,0.0,0.0,0.0,1.0,0.0,-0.34782608695652173,-0.9220151828847482,-0.9414182625107075,-0.026776748856409686,0.0,0.0,0.0
0.0,0.0,0.0,1.0,1.0,0.0,0.0,1.0,0.0,0.0,0.0,0.0,0.0,1.0,0.0,1.0,0.0,1.0,0.0,0.0,0.0,-0.6086956521739131,0.08833678398895785,0.08657527204808635,1.8208189222358586,1.0,1.0,1.0
0.0,1.0,1.0,1.0,0.0,0.0,0.0,0.0,0.0,0.0,1.0,0.0,0.0,1.0,0.0,0.0,1.0,0.0,0.0,1.0,0.0,-0.13043478260869565,0.27789279963193,0.19563259203401193,2.372419948677898,0.0,1.0,0.0
0.0,0.0,0.0,0.0,1.0,0.0,0.0,0.0,0.0,1.0,1.0,0.0,1.0,0.0,0.0,1.0,0.0,0.0,0.0,1.0,0.0,-0.32608695652173914,-0.4444444444444444,-0.41416960195322367,-0.5569563762133212,1.0,2.0,1.0
1.0,0.0,0.0,1.0,1.0,1.0,0.0,1.0,0.0,0.0,0.0,2.0,1.0,0.0,0.0,1.0,0.0,0.0,0.0,0.0,1.0,0.021739130434782608,-0.2732919254658385,-0.284098441104076,-0.22492469039384114,0.0,2.0,0.0
0.0,1.0,1.0,1.0,1.0,0.0,0.0,0.0,0.0,0.0,0.0,2.0,0.0,0.0,1.0,1.0,0.0,0.0,0.0,0.0,1.0,-0.45652173913043476,-0.9321371060501495,-0.9603949736849278,-0.08568559634051069,0.0,0.0,0.0
1.0,0.0,0.0,1.0,1.0,0.0,1.0,1.0,0.0,0.0,1.0,0.0,1.0,0.0,0.0,0.0,1.0,1.0,0.0,0.0,0.0,-0.2826086956521739,0.016563146997929712,0.09495930319535593,-0.29989958719178816,0.0,3.0,0.0
1.0,1.0,0.0,1.0,1.0,0.0,1.0,0.0,0.0,1.0,1.0,0.0,0.0,1.0,0.0,0.0,1.0,0.0,0.0,1.0,0.0,0.6304347826086957,0.5226593052680011,0.5343466927542245,0.43646100635947815,1.0,3.0,1.0
1.0,0.0,0.0,1.0,1.0,0.0,1.0,0.0,0.0,1.0,1.0,0.0,0.0,1.0,0.0,0.0,1.0,0.0,0.0,1.0,0.0,-0.4782608695652174,0.5392224522659305,0.47023903789496196,0.46056008033024665,0.0,3.0,0.0
0.0,0.0,0.0,1.0,1.0,0.0,1.0,0.0,0.0,1.0,1.0,0.0,0.0,1.0,0.0,0.0,1.0,0.0,0.0,1.0,0.0,-0.5,0.5106970324361629,0.4197926560929949,0.41905611960281175,1.0,3.0,1.0
0.0,1.0,0.0,1.0,0.0,1.0,0.0,1.0,1.0,1.0,1.0,2.0,1.0,0.0,0.0,1.0,0.0,1.0,0.0,0.0,0.0,0.9130434782608695,0.2088796871405566,0.2361969863058237,-0.7506415262746848,0.0,5.0,0.0
1.0,0.0,0.0,1.0,1.0,0.0,0.0,0.0,0.0,0.0,0.0,0.0,1.0,0.0,0.0,1.0,0.0,0.0,0.0,0.0,1.0,-0.6086956521739131,-0.4711295146077755,-0.47205387179190716,2.5973446390717396,0.0,0.0,0.0
1.0,1.0,0.0,1.0,1.0,1.0,1.0,1.0,1.0,1.0,0.0,0.0,0.0,1.0,0.0,0.0,1.0,0.0,0.0,1.0,0.0,0.6086956521739131,0.5990338164251208,0.6132399193439114,-0.3721968091040944,0.0,5.0,0.0
0.0,0.0,0.0,1.0,0.0,0.0,0.0,0.0,0.0,0.0,0.0,0.0,0.0,0.0,1.0,1.0,0.0,0.0,0.0,1.0,0.0,-0.6086956521739131,-0.942259029215551,-0.9424784139729544,-0.14459444382461206,0.0,0.0,0.0
0.0,0.0,0.0,1.0,1.0,0.0,0.0,0.0,0.0,0.0,0.0,0.0,0.0,0.0,1.0,1.0,0.0,1.0,0.0,0.0,0.0,-0.13043478260869565,-0.9238555325511848,-0.9211463228108722,-0.03748744839897333,0.0,0.0,0.0
0.0,0.0,0.0,1.0,1.0,0.0,1.0,0.0,0.0,1.0,0.0,1.0,1.0,0.0,0.0,1.0,0.0,0.0,1.0,0.0,0.0,0.21739130434782608,-0.2190016103059581,-0.24899800413514855,-0.1196028115586296,0.0,2.0,0.0
1.0,0.0,0.0,1.0,0.0,1.0,1.0,0.0,1.0,1.0,0.0,0.0,0.0,1.0,0.0,0.0,1.0,0.0,0.0,0.0,1.0,0.391304347826087,0.5567057740970784,0.5284193338157075,-0.05355349771281937,0.0,4.0,0.0
1.0,1.0,0.0,1.0,0.0,0.0,0.0,0.0,0.0,0.0,0.0,0.0,0.0,0.0,1.0,1.0,0.0,0.0,0.0,0.0,1.0,-0.391304347826087,-0.9302967563837129,-0.9383855868126433,-0.07497489679794704,1.0,0.0,1.0
0.0,0.0,1.0,1.0,1.0,0.0,1.0,0.0,0.0,1.0,0.0,0.0,0.0,1.0,0.0,0.0,1.0,1.0,0.0,0.0,0.0,0.2608695652173913,0.33126293995859213,0.33655553919888587,0.947896909516903,0.0,2.0,0.0
0.0,0.0,0.0,1.0,0.0,1.0,1.0,0.0,1.0,0.0,1.0,2.0,1.0,0.0,0.0,1.0,0.0,0.0,0.0,0.0,1.0,-0.5652173913043478,0.011042097998619634,0.009702511574490681,-0.688697980586857,0.0,4.0,0.0
1.0,0.0,0.0,1.0,1.0,0.0,0.0,1.0,1.0,1.0,1.0,1.0,1.0,0.0,0.0,1.0,0.0,1.0,0.0,0.0,0.0,0.0,0.08925695882217612,0.1247212276505905,-0.5976570344750642,0.0,4.0,0.0
0.0,1.0,1.0,1.0,1.0,1.0,1.0,1.0,1.0,1.0,0.0,1.0,0.0,1.0,0.0,0.0,1.0,0.0,1.0,0.0,0.0,0.8695652173913043,0.6367609845870714,0.6296247987472336,-0.3356019190003347,0.0,5.0,0.0
0.0,0.0,0.0,1.0,1.0,1.0,1.0,0.0,0.0,0.0,0.0,0.0,1.0,0.0,0.0,1.0,0.0,0.0,1.0,0.0,0.0,0.1956521739130435,-0.2456866804692892,-0.20876990592999178,-0.17137119268102177,1.0,2.0,1.0
1.0,1.0,0.0,1.0,1.0,0.0,0.0,0.0,0.0,0.0,0.0,0.0,0.0,1.0,0.0,0.0,1.0,1.0,0.0,0.0,0.0,-0.2826086956521739,0.061651713825626765,0.17776596699236172,5.69809215664398,0.0,0.0,0.0
0.0,1.0,0.0,1.0,1.0,1.0,0.0,1.0,1.0,1.0,1.0,2.0,1.0,0.0,0.0,1.0,0.0,0.0,0.0,1.0,0.0,0.30434782608695654,0.15274902231423965,0.18161743972710628,-0.8050875822827178,0.0,5.0,0.0
0.0,0.0,0.0,0.0,1.0,0.0,0.0,0.0,1.0,1.0,1.0,1.0,1.0,0.0,0.0,1.0,0.0,0.0,0.0,0.0,1.0,-0.5,-0.3910743041177824,-0.5143185767534856,-0.8930045743612629,0.0,3.0,0.0
0.0,1.0,0.0,1.0,1.0,0.0,0.0,0.0,0.0,0.0,0.0,1.0,0.0,0.0,1.0,0.0,1.0,0.0,0.0,0.0,1.0,-0.08695652173913043,-0.8042328042328043,-0.757947036918967,0.6587080218676785,0.0,0.0,0.0
0.0,0.0,0.0,1.0,1.0,0.0,0.0,0.0,0.0,0.0,0.0,0.0,0.0,1.0,0.0,1.0,0.0,0.0,0.0,0.0,1.0,-0.6086956521739131,-0.006441223832528076,-0.008060915148491344,5.301796273569119,0.0,0.0,0.0
1.0,1.0,0.0,1.0,1.0,0.0,1.0,0.0,0.0,1.0,1.0,0.0,0.0,1.0,0.0,1.0,0.0,0.0,0.0,1.0,0.0,0.2608695652173913,0.4426040947780078,0.4290628043533905,0.3199821488340958,1.0,3.0,1.0
1.0,0.0,0.0,1.0,1.0,0.0,0.0,1.0,1.0,1.0,1.0,0.0,0.0,1.0,0.0,0.0,1.0,1.0,0.0,0.0,0.0,0.34782608695652173,0.6100759144237407,0.6416721482753495,0.008568559634051297,0.0,4.0,0.0
0.0,0.0,0.0,1.0,1.0,0.0,1.0,0.0,0.0,1.0,0.0,0.0,0.0,1.0,0.0,1.0,0.0,0.0,0.0,0.0,1.0,-0.5217391304347826,0.27237175063262015,0.24809994883603198,0.8336494477295551,0.0,2.0,0.0
0.0,1.0,0.0,1.0,0.0,1.0,1.0,1.0,1.0,1.0,1.0,1.0,0.0,1.0,0.0,0.0,1.0,0.0,0.0,0.0,1.0,0.34782608695652173,0.7876696572348746,0.7578082071262952,-0.4781562295787441,0.0,6.0,0.0
0.0,1.0,0.0,1.0,0.0,0.0,0.0,1.0,1.0,1.0,1.0,0.0,0.0,1.0,0.0,0.0,1.0,0.0,0.0,1.0,0.0,0.32608695652173914,0.6192776627559238,0.5804082797735651,0.019279259176615323,1.0,4.0,0.0
0.0,1.0,1.0,1.0,1.0,0.0,0.0,1.0,1.0,1.0,1.0,2.0,1.0,0.0,0.0,1.0,0.0,1.0,0.0,0.0,0.0,0.6956521739130435,0.060731538992408504,0.0934286008996611,-0.6308602030570121,0.0,4.0,0.0
1.0,1.0,1.0,1.0,1.0,0.0,1.0,0.0,1.0,0.0,1.0,0.0,0.0,1.0,0.0,0.0,1.0,1.0,0.0,0.0,0.0,0.5,0.41867954911433175,0.3396334260864337,0.2851723753207633,0.0,3.0,0.0
0.0,0.0,0.0,1.0,1.0,1.0,0.0,0.0,0.0,0.0,0.0,0.0,0.0,1.0,0.0,0.0,1.0,0.0,0.0,1.0,0.0,-0.5,0.1573498964803312,0.03359125785712219,2.0216445386589315,0.0,1.0,0.0
1.0,1.0,1.0,1.0,1.0,0.0,0.0,0.0,0.0,0.0,0.0,2.0,0.0,0.0,1.0,0.0,1.0,1.0,0.0,0.0,0.0,0.7608695652173914,-0.8484011962272833,-0.8524792850992671,0.4016512328461453,1.0,0.0,1.0
0.0,1.0,1.0,1.0,0.0,0.0,0.0,0.0,0.0,0.0,0.0,2.0,0.0,0.0,1.0,1.0,0.0,0.0,0.0,0.0,1.0,-0.21739130434782608,-0.9266160570508397,-0.922168143854118,-0.05355349771281937,0.0,0.0,0.0
1.0,0.0,0.0,1.0,0.0,0.0,1.0,0.0,1.0,1.0,1.0,1.0,0.0,1.0,0.0,0.0,1.0,1.0,0.0,0.0,0.0,0.9130434782608695,0.6487232574189096,0.6136676473665349,0.05355349771281937,1.0,4.0,0.0
1.0,1.0,0.0,1.0,0.0,0.0,1.0,0.0,0.0,0.0,0.0,0.0,0.0,1.0,0.0,0.0,1.0,1.0,0.0,0.0,0.0,0.34782608695652173,0.20059811364159202,0.24475144081009048,2.1474952582840574,0.0,1.0,0.0
1.0,1.0,0.0,1.0,1.0,1.0,1.0,1.0,0.0,1.0,0.0,1.0,0.0,1.0,0.0,0.0,1.0,1.0,0.0,0.0,0.0,0.45652173913043476,0.5778697952610997,0.6380377920032906,-0.028918888764922036,1.0,4.0,1.0
0.0,1.0,0.0,1.0,0.0,1.0,1.0,1.0,1.0,1.0,1.0,2.0,0.0,1.0,0.0,0.0,1.0,0.0,0.0,0.0,1.0,0.8478260869565217,0.8852081895560155,0.8620542400339791,-0.39706093304218915,0.0,6.0,0.0
1.0,0.0,0.0,1.0,1.0,0.0,0.0,0.0,0.0,0.0,0.0,0.0,0.0,1.0,0.0,1.0,0.0,0.0,0.0,1.0,0.0,-0.6086956521739131,-0.01564297216471119,-0.017248894487964923,5.2482427758562995,1.0,0.0,1.0
0.0,0.0,0.0,1.0,1.0,0.0,1.0,0.0,0.0,1.0,0.0,0.0,0.0,1.0,0.0,0.0,1.0,0.0,0.0,1.0,0.0,-0.3695652173913043,0.3827927306188175,0.3789061480323371,1.0478634385808325,1.0,2.0,1.0
0.0,0.0,0.0,1.0,1.0,1.0,0.0,0.0,0.0,0.0,1.0,0.0,0.0,1.0,0.0,0.0,1.0,0.0,0.0,1.0,0.0,0.08695652173913043,0.37083045778697965,0.36761607038943883,1.0246569229052778,0.0,2.0,0.0
0.0,1.0,1.0,1.0,1.0,0.0,0.0,1.0,0.0,1.0,0.0,0.0,0.0,1.0,0.0,0.0,1.0,0.0,0.0,0.0,1.0,0.06521739130434782,0.3837129054520358,0.3662056807578777,1.0496485551712598,1.0,2.0,1.0
1.0,1.0,1.0,1.0,1.0,0.0,0.0,0.0,0.0,0.0,0.0,2.0,0.0,0.0,1.0,1.0,0.0,1.0,0.0,0.0,0.0,0.9130434782608695,-0.9367379802162411,-0.9380397140948706,-0.11246234519692037,0.0,0.0,0.0
0.0,1.0,0.0,1.0,1.0,0.0,0.0,0.0,0.0,1.0,1.0,0.0,0.0,1.0,0.0,0.0,1.0,0.0,0.0,1.0,0.0,-0.2608695652173913,0.40579710144927533,0.44825737639959956,1.092491353341515,1.0,2.0,1.0
1.0,1.0,1.0,1.0,1.0,1.0,0.0,0.0,0.0,0.0,0.0,1.0,1.0,0.0,0.0,1.0,0.0,1.0,0.0,0.0,0.0,-0.21739130434782608,-0.3965953531170922,-0.3729204104975868,0.40968425750306847,0.0,1.0,0.0
1.0,1.0,0.0,1.0,0.0,0.0,0.0,0.0,0.0,0.0,0.0,0.0,0.0,1.0,0.0,0.0,1.0,1.0,0.0,0.0,0.0,0.5434782608695652,0.06441223832528181,0.03653481420106464,5.714158205957827,1.0,0.0,1.0
0.0,1.0,0.0,0.0,1.0,1.0,1.0,1.0,0.0,1.0,1.0,0.0,1.0,0.0,0.0,1.0,0.0,1.0,0.0,0.0,0.0,0.6086956521739131,-0.2162410858063032,-0.1889512733021274,-1.163003458663394,0.0,5.0,0.0
1.0,1.0,1.0,1.0,0.0,1.0,1.0,0.0,1.0,1.0,1.0,2.0,1.0,0.0,0.0,1.0,0.0,1.0,0.0,0.0,0.0,0.8478260869565217,0.22728318380492285,0.26386273809695804,-0.7327903603704118,0.0,5.0,0.0
0.0,1.0,1.0,0.0,1.0,1.0,1.0,1.0,0.0,0.0,1.0,0.0,1.0,0.0,0.0,1.0,0.0,1.0,0.0,0.0,0.0,0.5217391304347826,-0.40119622728318377,-0.432008150519862,-1.1685373200937186,0.0,4.0,0.0
0.0,0.0,0.0,1.0,1.0,0.0,1.0,1.0,0.0,1.0,1.0,0.0,0.0,1.0,0.0,0.0,1.0,1.0,0.0,0.0,0.0,0.41304347826086957,0.679089026915114,0.6634655248252835,0.08889880620328035,0.0,4.0,0.0
1.0,1.0,1.0,1.0,0.0,1.0,1.0,0.0,0.0,0.0,0.0,1.0,1.0,0.0,0.0,1.0,0.0,0.0,0.0,0.0,1.0,0.15217391304347827,-0.310098918794571,-0.30720620914285207,-0.29632935401093374,0.0,2.0,0.0
1.0,0.0,0.0,1.0,0.0,1.0,1.0,1.0,0.0,0.0,0.0,1.0,1.0,0.0,0.0,1.0,0.0,0.0,0.0,0.0,1.0,0.13043478260869565,-0.1711525189786059,-0.2359490541369775,-0.5730224255271671,0.0,3.0,0.0
0.0,1.0,0.0,1.0,0.0,1.0,1.0,1.0,0.0,0.0,0.0,2.0,1.0,0.0,0.0,0.0,1.0,0.0,0.0,0.0,1.0,0.8260869565217391,-0.08925695882217612,-0.11151481983056402,-0.4538658931161439,0.0,3.0,0.0
1.0,0.0,0.0,0.0,1.0,1.0,1.0,0.0,0.0,0.0,1.0,0.0,1.0,0.0,0.0,1.0,0.0,1.0,0.0,0.0,0.0,0.5217391304347826,-0.4453646192776628,-0.4141002587129258,-0.9719959834876715,0.0,3.0,0.0
0.0,1.0,1.0,1.0,1.0,0.0,0.0,0.0,0.0,0.0,0.0,0.0,0.0,1.0,0.0,0.0,1.0,1.0,0.0,0.0,0.0,-0.15217391304347827,0.09753853232114097,0.0519115318127996,5.906950797723977,0.0,0.0,0.0
1.0,0.0,0.0,1.0,1.0,1.0,1.0,0.0,0.0,1.0,1.0,0.0,1.0,0.0,0.0,1.0,0.0,0.0,0.0,1.0,0.0,0.021739130434782608,0.07821486082355648,-0.00389569784792986,-0.6105098739261408,1.0,4.0,1.0
0.0,0.0,0.0,1.0,1.0,0.0,1.0,0.0,1.0,1.0,1.0,2.0,0.0,1.0,0.0,1.0,0.0,0.0,0.0,0.0,1.0,0.45652173913043476,0.546583850931677,0.5545925636421917,-0.06533526720963957,0.0,4.0,0.0
1.0,1.0,1.0,1.0,0.0,0.0,0.0,0.0,0.0,0.0,0.0,2.0,0.0,0.0,1.0,1.0,0.0,0.0,0.0,0.0,1.0,0.34782608695652173,-0.9229353577179664,-0.9176912874882411,-0.03213209862769132,0.0,0.0,0.0
0.0,0.0,0.0,0.0,1.0,0.0,0.0,0.0,0.0,0.0,0.0,0.0,1.0,0.0,0.0,1.0,0.0,0.0,1.0,0.0,0.0,0.0,-0.8355187485622269,-0.8454343425356867,0.47662612964409273,0.0,0.0,0.0
1.0,0.0,0.0,1.0,1.0,0.0,0.0,0.0,0.0,0.0,0.0,0.0,1.0,0.0,0.0,1.0,0.0,1.0,0.0,0.0,0.0,-0.3695652173913043,-0.4619277662755924,-0.5025273366011611,2.650898136784559,0.0,0.0,0.0
1.0,0.0,0.0,0.0,1.0,0.0,1.0,0.0,1.0,0.0,0.0,0.0,1.0,0.0,0.0,1.0,0.0,0.0,0.0,0.0,1.0,-0.5652173913043478,-0.6192776627559237,-0.6313121803427826,-0.8961285283945106,0.0,2.0,0.0
1.0,0.0,0.0,0.0,1.0,0.0,0.0,0.0,0.0,0.0,1.0,0.0,1.0,0.0,0.0,1.0,0.0,1.0,0.0,0.0,0.0,-0.6086956521739131,-0.6487232574189096,-0.6493818730437472,-0.32399866116255704,0.0,1.0,0.0
1.0,1.0,1.0,1.0,1.0,0.0,0.0,0.0,0.0,1.0,1.0,0.0,0.0,1.0,0.0,1.0,0.0,1.0,0.0,0.0,0.0,-0.5869565217391305,0.35058661145617664,0.4076951499626881,0.9853843579158763,0.0,2.0,0.0
0.0,1.0,0.0,1.0,1.0,0.0,1.0,0.0,0.0,0.0,0.0,0.0,0.0,1.0,0.0,1.0,0.0,0.0,0.0,1.0,0.0,-0.043478260869565216,0.10305958132045079,0.127614913097735,1.8636617204061139,0.0,1.0,0.0
0.0,1.0,0.0,1.0,1.0,0.0,1.0,1.0,0.0,0.0,0.0,0.0,0.0,1.0,0.0,0.0,1.0,0.0,0.0,1.0,0.0,0.5652173913043478,0.2751322751322752,0.33154350665543275,0.8390047975008371,1.0,2.0,1.0
0.0,1.0,1.0,1.0,1.0,0.0,0.0,0.0,0.0,0.0,0.0,0.0,0.0,0.0,1.0,1.0,0.0,0.0,0.0,1.0,0.0,-0.6086956521739131,-0.9312169312169313,-0.931452838765586,-0.08033024656922906,0.0,0.0,0.0
1.0,0.0,1.0,1.0,0.0,0.0,0.0,0.0,1.0,0.0,0.0,0.0,0.0,1.0,0.0,0.0,1.0,0.0,1.0,0.0,0.0,-0.5434782608695652,0.18955601564297211,0.230137449227361,2.1153631596563653,0.0,1.0,0.0
0.0,1.0,1.0,1.0,1.0,0.0,0.0,0.0,0.0,0.0,0.0,2.0,0.0,0.0,1.0,0.0,1.0,0.0,1.0,0.0,0.0,0.5652173913043478,-0.8253968253968255,-0.8333920410879315,0.5355349771281938,0.0,0.0,0.0
1.0,1.0,1.0,1.0,1.0,0.0,0.0,0.0,0.0,1.0,0.0,0.0,1.0,0.0,0.0,1.0,0.0,0.0,0.0,1.0,0.0,-0.45652173913043476,-0.29629629629629634,-0.20583217043066016,0.7015508200379338,0.0,1.0,0.0
1.0,0.0,0.0,1.0,1.0,1.0,1.0,1.0,1.0,1.0,1.0,2.0,0.0,1.0,0.0,0.0,1.0,1.0,0.0,0.0,0.0,0.8913043478260869,0.818035426731079,0.7271743172809548,-0.4529095806569866,0.0,6.0,0.0
0.0,1.0,0.0,0.0,0.0,1.0,0.0,1.0,1.0,0.0,1.0,2.0,1.0,0.0,0.0,1.0,0.0,0.0,0.0,1.0,0.0,0.7608695652173914,-0.4168391994478951,-0.3934105111331005,-1.186745509316077,0.0,4.0,0.0
1.0,0.0,0.0,1.0,1.0,0.0,1.0,0.0,0.0,0.0,0.0,0.0,0.0,1.0,0.0,1.0,0.0,0.0,0.0,0.0,1.0,-0.391304347826087,0.09937888198757774,0.15022291074516705,1.8529510208635507,0.0,1.0,0.0
1.0,0.0,0.0,1.0,1.0,1.0,0.0,0.0,0.0,0.0,0.0,0.0,1.0,0.0,0.0,1.0,0.0,0.0,0.0,0.0,1.0,-0.6086956521739131,-0.4039567517828388,-0.4049816226137501,0.38826285841794045,0.0,1.0,0.0
1.0,0.0,1.0,1.0,0.0,0.0,0.0,0.0,0.0,0.0,0.0,0.0,0.0,1.0,0.0,1.0,0.0,1.0,0.0,0.0,0.0,-0.6086956521739131,-0.013802622498274672,-0.015411298620070311,5.2589534753988625,0.0,0.0,0.0
1.0,0.0,0.0,1.0,1.0,0.0,0.0,0.0,0.0,1.0,0.0,0.0,0.0,1.0,0.0,1.0,0.0,0.0,0.0,1.0,0.0,-0.6086956521739131,0.17391304347826092,0.17202347990519073,2.069842686600469,0.0,1.0,0.0
1.0,1.0,1.0,1.0,1.0,0.0,0.0,0.0,0.0,0.0,0.0,1.0,0.0,0.0,1.0,0.0,1.0,0.0,1.0,0.0,0.0,0.8043478260869565,-0.8244766505636071,-0.8197632050677125,0.5408903268994757,0.0,0.0,0.0
1.0,0.0,0.0,1.0,1.0,0.0,0.0,0.0,1.0,0.0,0.0,0.0,1.0,0.0,0.0,1.0,0.0,0.0,0.0,0.0,1.0,-0.34782608695652173,-0.36714975845410636,-0.43381774238686704,0.4953698538435792,0.0,1.0,0.0
0.0,1.0,0.0,1.0,0.0,0.0,0.0,0.0,0.0,0.0,0.0,2.0,0.0,0.0,1.0,0.0,1.0,1.0,0.0,0.0,0.0,0.9347826086956522,-0.8438003220611917,-0.8300660389709784,0.42842798170255497,0.0,0.0,0.0
1.0,0.0,0.0,0.0,1.0,1.0,1.0,1.0,1.0,1.0,1.0,2.0,1.0,0.0,0.0,1.0,0.0,1.0,0.0,0.0,0.0,0.9347826086956522,-0.09017713365539463,-0.13166475942924274,-1.2080138984077398,0.0,6.0,0.0
0.0,1.0,1.0,1.0,0.0,0.0,1.0,1.0,1.0,0.0,0.0,0.0,0.0,1.0,0.0,1.0,0.0,1.0,0.0,0.0,0.0,0.5,0.28157349896480327,0.2695220760498353,0.08568559634051107,0.0,3.0,0.0
0.0,1.0,0.0,1.0,0.0,0.0,0.0,0.0,1.0,0.0,1.0,0.0,0.0,1.0,0.0,1.0,0.0,0.0,1.0,0.0,0.0,-0.06521739130434782,0.28341384863124003,0.2552453696915763,0.8550708468146831,0.0,2.0,0.0
1.0,0.0,1.0,0.0,0.0,1.0,0.0,0.0,1.0,0.0,0.0,1.0,1.0,0.0,0.0,1.0,0.0,0.0,1.0,0.0,0.0,0.08695652173913043,-0.6708074534161491,-0.6768344416156288,-0.9960950574584402,0.0,2.0,0.0
0.0,0.0,0.0,1.0,1.0,0.0,0.0,0.0,0.0,0.0,1.0,0.0,0.0,1.0,0.0,0.0,1.0,0.0,0.0,1.0,0.0,-0.34782608695652173,0.25948930296756373,0.2792401311204325,2.3188664509650785,0.0,1.0,0.0
0.0,0.0,0.0,0.0,1.0,0.0,1.0,0.0,0.0,0.0,0.0,0.0,1.0,0.0,0.0,1.0,0.0,0.0,0.0,1.0,0.0,-0.34782608695652173,-0.7260179434092479,-0.806284289456296,-0.5489233515563984,0.0,1.0,0.0
1.0,0.0,0.0,1.0,0.0,0.0,0.0,0.0,0.0,0.0,0.0,1.0,0.0,0.0,1.0,1.0,0.0,0.0,0.0,0.0,1.0,-0.043478260869565216,-0.9238555325511848,-0.8921487049245046,-0.03748744839897333,0.0,0.0,0.0
1.0,1.0,0.0,1.0,0.0,1.0,1.0,1.0,1.0,1.0,1.0,2.0,1.0,0.0,0.0,0.0,1.0,1.0,0.0,0.0,0.0,0.8043478260869565,0.3901541292845641,0.39453963409025966,-0.8086578154635724,0.0,6.0,0.0
1.0,1.0,1.0,1.0,1.0,1.0,1.0,1.0,1.0,1.0,1.0,2.0,0.0,1.0,0.0,0.0,1.0,1.0,0.0,0.0,0.0,0.9130434782608695,0.800552104899931,0.8189219294839861,-0.46744553003618045,0.0,6.0,0.0
0.0,0.0,0.0,1.0,0.0,0.0,0.0,0.0,0.0,0.0,0.0,0.0,1.0,0.0,0.0,1.0,0.0,0.0,0.0,0.0,1.0,-0.6086956521739131,-0.46376811594202905,-0.4647034883203283,2.6401874372419947,0.0,0.0,0.0
0.0,0.0,0.0,0.0,1.0,1.0,0.0,1.0,0.0,0.0,1.0,1.0,1.0,0.0,0.0,1.0,0.0,0.0,0.0,1.0,0.0,0.6739130434782609,-0.47941108810674027,-0.44758322015110913,-1.0215329688720294,0.0,3.0,0.0
1.0,1.0,0.0,1.0,1.0,1.0,0.0,0.0,0.0,0.0,0.0,0.0,0.0,1.0,0.0,1.0,0.0,0.0,0.0,1.0,0.0,-0.45652173913043476,0.07361398665746492,0.10380273330959931,1.7779761240656033,0.0,1.0,0.0
0.0,1.0,0.0,1.0,1.0,0.0,1.0,1.0,0.0,1.0,0.0,0.0,0.0,1.0,0.0,0.0,1.0,0.0,1.0,0.0,0.0,0.5652173913043478,0.44076374511157124,0.39783060123548997,0.317304473948455,0.0,3.0,0.0
1.0,1.0,0.0,1.0,1.0,0.0,1.0,1.0,1.0,1.0,1.0,2.0,0.0,1.0,0.0,0.0,1.0,0.0,1.0,0.0,0.0,0.9130434782608695,0.7011732229123533,0.6933960145644175,-0.27312283833537887,0.0,5.0,0.0
0.0,1.0,1.0,1.0,1.0,0.0,0.0,1.0,0.0,1.0,0.0,0.0,1.0,0.0,0.0,1.0,0.0,0.0,0.0,0.0,1.0,0.21739130434782608,-0.19599723947550032,-0.1938701280983071,-0.07497489679794704,0.0,2.0,0.0
0.0,1.0,0.0,1.0,1.0,0.0,0.0,1.0,0.0,1.0,0.0,0.0,0.0,1.0,0.0,1.0,0.0,0.0,1.0,0.0,0.0,-0.06521739130434782,0.27973314929836673,0.16375429849966447,0.8479303804529735,1.0,2.0,1.0
1.0,1.0,0.0,0.0,1.0,0.0,1.0,1.0,1.0,1.0,1.0,1.0,1.0,0.0,0.0,1.0,0.0,0.0,0.0,1.0,0.0,0.5217391304347826,-0.18495514147688055,-0.19310335188347444,-1.1326564766261293,0.0,5.0,0.0
0.0,1.0,1.0,1.0,1.0,0.0,1.0,0.0,1.0,1.0,1.0,0.0,0.0,1.0,0.0,1.0,0.0,0.0,0.0,0.0,1.0,-0.5217391304347826,0.5272601794340926,0.41201350025224065,-0.08782773624902342,0.0,4.0,0.0
1.0,0.0,0.0,1.0,1.0,0.0,1.0,1.0,0.0,1.0,1.0,1.0,0.0,1.0,0.0,0.0,1.0,0.0,0.0,1.0,0.0,0.9347826086956522,0.6340004600874167,0.628334264934213,0.03641637844471754,0.0,4.0,0.0
0.0,1.0,1.0,1.0,0.0,1.0,0.0,0.0,0.0,0.0,0.0,0.0,0.0,1.0,0.0,1.0,0.0,0.0,0.0,0.0,1.0,-0.043478260869565216,0.0717736369910284,0.04522936502045525,1.7726207742943216,0.0,1.0,0.0
1.0,1.0,1.0,1.0,1.0,0.0,0.0,1.0,0.0,1.0,0.0,0.0,1.0,0.0,0.0,1.0,0.0,1.0,0.0,0.0,0.0,-0.391304347826087,-0.19967793880837362,-0.1557368012593031,-0.08211536315965627,0.0,2.0,0.0
0.0,1.0,0.0,1.0,1.0,1.0,1.0,0.0,0.0,1.0,1.0,1.0,0.0,1.0,0.0,0.0,1.0,1.0,0.0,0.0,0.0,0.9347826086956522,0.6689671037497124,0.6623042663254336,0.07711703670645978,1.0,4.0,1.0
0.0,1.0,0.0,1.0,1.0,1.0,1.0,1.0,0.0,1.0,1.0,1.0,0.0,1.0,0.0,1.0,0.0,1.0,0.0,0.0,0.0,0.2608695652173913,0.6247987117552336,0.5682718961992683,-0.3472051768381119,0.0,5.0,0.0
0.0,0.0,0.0,1.0,1.0,0.0,1.0,0.0,1.0,0.0,1.0,1.0,1.0,0.0,0.0,0.0,1.0,0.0,0.0,0.0,1.0,0.15217391304347827,0.0036806993328732983,-0.014926377488264767,-0.31864331139127505,0.0,3.0,0.0
0.0,1.0,0.0,1.0,1.0,0.0,0.0,0.0,1.0,1.0,0.0,0.0,0.0,1.0,0.0,1.0,0.0,0.0,0.0,1.0,0.0,-0.391304347826087,0.22820335863814137,0.17302580492404226,0.7479638513890444,1.0,2.0,0.0
1.0,0.0,1.0,1.0,0.0,0.0,0.0,0.0,0.0,0.0,0.0,2.0,0.0,0.0,1.0,1.0,0.0,1.0,0.0,0.0,0.0,0.717391304347826,-0.9293765815504946,-0.9266217399516049,-0.06961954702666504,0.0,0.0,0.0
0.0,0.0,0.0,0.0,0.0,0.0,0.0,0.0,0.0,0.0,0.0,0.0,1.0,0.0,0.0,1.0,0.0,0.0,1.0,0.0,0.0,-0.1956521739130435,-0.8391994478951001,-0.8322686017959687,0.45520473055896465,0.0,0.0,0.0
0.0,0.0,0.0,1.0,0.0,0.0,0.0,0.0,0.0,0.0,0.0,1.0,1.0,0.0,0.0,1.0,0.0,1.0,0.0,0.0,0.0,0.5652173913043478,-0.4683689901081206,-0.474359219335266,2.613410688385585,0.0,0.0,0.0
0.0,1.0,1.0,0.0,0.0,0.0,1.0,1.0,1.0,0.0,1.0,1.0,1.0,0.0,0.0,1.0,0.0,1.0,0.0,0.0,0.0,0.34782608695652173,-0.3588681849551415,-0.37241534028828255,-1.1192681021979247,0.0,4.0,0.0
0.0,1.0,1.0,1.0,1.0,1.0,1.0,1.0,0.0,1.0,1.0,2.0,0.0,1.0,0.0,0.0,1.0,1.0,0.0,0.0,0.0,0.9130434782608695,0.7085346215780999,0.6858644596692436,-0.26598237197366925,0.0,5.0,0.0
0.0,0.0,0.0,0.0,1.0,0.0,0.0,0.0,0.0,1.0,0.0,0.0,1.0,0.0,0.0,1.0,0.0,0.0,0.0,1.0,0.0,-0.6086956521739131,-0.62663906142167,-0.6273307226290106,-0.25973446390717364,1.0,1.0,1.0
0.0,1.0,1.0,1.0,0.0,0.0,0.0,0.0,0.0,0.0,0.0,2.0,0.0,0.0,1.0,0.0,1.0,0.0,0.0,0.0,1.0,0.0,-0.8171152518978606,-0.8582975136109499,0.5837331250697314,0.0,0.0,0.0
1.0,0.0,0.0,1.0,0.0,0.0,0.0,0.0,0.0,0.0,0.0,0.0,1.0,0.0,0.0,1.0,0.0,0.0,0.0,0.0,1.0,-0.41304347826086957,-0.45088566827697263,-0.3928534898856449,2.7151623340399422,0.0,0.0,0.0
1.0,0.0,0.0,1.0,0.0,0.0,0.0,0.0,0.0,0.0,0.0,0.0,0.0,0.0,1.0,1.0,0.0,0.0,0.0,0.0,1.0,-0.391304347826087,-0.9247757073844031,-0.9496617432747246,-0.042842798170255346,0.0,0.0,0.0
0.0,0.0,0.0,1.0,1.0,0.0,0.0,0.0,1.0,1.0,0.0,0.0,0.0,1.0,0.0,0.0,1.0,0.0,0.0,1.0,0.0,-0.2391304347826087,0.3285024154589371,0.37640497587881405,0.942541559745621,0.0,2.0,0.0
0.0,0.0,0.0,1.0,1.0,0.0,1.0,1.0,1.0,1.0,1.0,2.0,0.0,1.0,0.0,0.0,1.0,1.0,0.0,0.0,0.0,0.9347826086956522,0.6919714745801702,0.6869714386354369,-0.2820484212875153,1.0,5.0,0.0
0.0,0.0,0.0,1.0,0.0,0.0,0.0,0.0,0.0,0.0,0.0,0.0,1.0,0.0,0.0,1.0,0.0,0.0,0.0,1.0,0.0,-0.6086956521739131,-0.4913733609385784,-0.49226742633874904,2.4795269441035366,0.0,0.0,0.0
0.0,0.0,0.0,1.0,1.0,0.0,1.0,1.0,1.0,1.0,0.0,2.0,0.0,1.0,0.0,0.0,1.0,1.0,0.0,0.0,0.0,0.5869565217391305,0.5410628019323672,0.5753429586961538,-0.07176168693517776,1.0,4.0,0.0
1.0,0.0,0.0,1.0,0.0,0.0,1.0,0.0,0.0,1.0,1.0,0.0,0.0,1.0,0.0,1.0,0.0,0.0,0.0,0.0,1.0,-0.13043478260869565,0.45640671727628246,0.45489340035220105,0.3400647104764031,0.0,3.0,0.0
1.0,1.0,0.0,1.0,1.0,0.0,0.0,0.0,0.0,1.0,1.0,0.0,0.0,1.0,0.0,0.0,1.0,0.0,0.0,1.0,0.0,-0.2391304347826087,0.4453646192776628,0.4260711086416352,1.1692513667298898,0.0,2.0,0.0
0.0,0.0,0.0,1.0,0.0,1.0,1.0,1.0,0.0,0.0,0.0,0.0,0.0,1.0,0.0,0.0,1.0,0.0,1.0,0.0,0.0,0.021739130434782608,0.3901541292845641,0.3923205978679686,0.24366841459332836,1.0,3.0,1.0
1.0,1.0,0.0,1.0,1.0,0.0,0.0,0.0,0.0,0.0,0.0,1.0,0.0,0.0,1.0,1.0,0.0,0.0,1.0,0.0,0.0,0.6956521739130435,-0.9192546583850932,-0.9199753957218502,-0.010710699542563646,0.0,0.0,0.0
1.0,0.0,0.0,1.0,0.0,0.0,0.0,0.0,0.0,0.0,0.0,1.0,0.0,0.0,1.0,0.0,1.0,0.0,0.0,1.0,0.0,0.2826086956521739,-0.8364389233954452,-0.8815533604957307,0.4712707798728107,0.0,0.0,0.0
0.0,1.0,1.0,1.0,1.0,0.0,0.0,0.0,0.0,1.0,0.0,0.0,0.0,1.0,0.0,0.0,1.0,1.0,0.0,0.0,0.0,0.45652173913043476,0.2558086036346907,0.21562962985033216,2.3081557514225155,0.0,1.0,0.0
1.0,0.0,0.0,1.0,1.0,0.0,0.0,1.0,0.0,0.0,0.0,0.0,0.0,1.0,0.0,0.0,1.0,0.0,0.0,1.0,0.0,-0.043478260869565216,0.19875776397515524,0.2497129496534064,2.142139908512775,0.0,1.0,0.0
0.0,0.0,0.0,1.0,1.0,0.0,0.0,0.0,0.0,0.0,0.0,0.0,0.0,1.0,0.0,1.0,0.0,0.0,0.0,1.0,0.0,-0.6086956521739131,0.006441223832528076,0.0048022559267714565,5.376771170367064,0.0,0.0,0.0
0.0,0.0,0.0,1.0,1.0,1.0,0.0,0.0,1.0,0.0,1.0,0.0,1.0,0.0,0.0,0.0,1.0,0.0,0.0,1.0,0.0,0.34782608695652173,-0.008281573498964856,-0.04656875744681853,-0.33604819814794146,1.0,3.0,0.0
1.0,1.0,0.0,1.0,0.0,1.0,1.0,1.0,0.0,1.0,1.0,2.0,0.0,1.0,0.0,1.0,0.0,0.0,1.0,0.0,0.0,0.8913043478260869,0.641361858753163,0.6748422121002675,-0.3311391275242663,1.0,5.0,1.0
1.0,0.0,0.0,0.0,1.0,0.0,1.0,1.0,0.0,0.0,0.0,0.0,1.0,0.0,0.0,1.0,0.0,0.0,1.0,0.0,0.0,-0.2391304347826087,-0.6809293765815505,-0.6846024605117292,-1.0157313399531407,0.0,2.0,0.0
0.0,0.0,0.0,1.0,1.0,0.0,0.0,1.0,0.0,0.0,0.0,0.0,0.0,1.0,0.0,1.0,0.0,0.0,0.0,0.0,1.0,-0.5652173913043478,0.07821486082355648,0.16130417067580471,1.7913644984938082,0.0,1.0,0.0
0.0,1.0,1.0,1.0,1.0,0.0,0.0,1.0,1.0,0.0,0.0,0.0,0.0,1.0,0.0,1.0,0.0,1.0,0.0,0.0,0.0,0.21739130434782608,0.20243846330802853,0.1669583118077887,0.6979805868570794,0.0,2.0,0.0
0.0,1.0,1.0,1.0,0.0,0.0,0.0,0.0,0.0,0.0,0.0,2.0,0.0,0.0,1.0,1.0,0.0,0.0,0.0,0.0,1.0,0.5,-0.9413388543823327,-0.932548328609908,-0.13923909405333007,0.0,0.0,0.0
0.0,0.0,0.0,1.0,1.0,1.0,0.0,1.0,1.0,0.0,1.0,0.0,0.0,1.0,0.0,1.0,0.0,1.0,0.0,0.0,0.0,-0.5434782608695652,0.439843570278353,0.4816583836454502,-0.18957938190338014,0.0,4.0,0.0
1.0,1.0,0.0,1.0,1.0,0.0,1.0,1.0,1.0,1.0,1.0,2.0,0.0,1.0,0.0,0.0,1.0,1.0,0.0,0.0,0.0,0.8478260869565217,0.7269381182424661,0.759851481616658,-0.2481312060693964,0.0,5.0,0.0
0.0,1.0,0.0,1.0,0.0,0.0,0.0,0.0,0.0,0.0,0.0,1.0,0.0,0.0,1.0,1.0,0.0,0.0,0.0,0.0,1.0,-0.06521739130434782,-0.9440993788819876,-0.9723040084441686,-0.1553051433671761,0.0,0.0,0.0
1.0,0.0,0.0,1.0,0.0,0.0,1.0,0.0,0.0,0.0,0.0,0.0,1.0,0.0,0.0,1.0,0.0,0.0,0.0,0.0,1.0,-0.6086956521739131,-0.3653094087876697,-0.366392109387961,0.5007252036148612,0.0,1.0,0.0
0.0,0.0,0.0,1.0,0.0,0.0,0.0,0.0,0.0,0.0,0.0,1.0,0.0,0.0,1.0,1.0,0.0,0.0,0.0,0.0,1.0,0.5,-0.9174143087186566,-0.9356404370414616,0.0,0.0,0.0,0.0
0.0,0.0,1.0,1.0,1.0,0.0,0.0,0.0,0.0,0.0,0.0,0.0,1.0,0.0,0.0,1.0,0.0,0.0,0.0,1.0,0.0,-0.3695652173913043,-0.47757073844030373,-0.5611772713848009,2.5598571906727656,0.0,0.0,0.0
0.0,0.0,0.0,1.0,1.0,0.0,0.0,0.0,0.0,1.0,1.0,1.0,1.0,0.0,0.0,0.0,1.0,0.0,1.0,0.0,0.0,0.0,0.009201748332183115,0.02092874380191647,0.3231061028673438,0.0,2.0,0.0
0.0,0.0,0.0,1.0,1.0,0.0,0.0,0.0,0.0,0.0,1.0,0.0,0.0,1.0,0.0,1.0,0.0,0.0,0.0,1.0,0.0,-0.6086956521739131,0.16931216931216936,0.16742949023545395,2.056454312172264,0.0,1.0,0.0
1.0,0.0,0.0,1.0,1.0,1.0,0.0,0.0,0.0,0.0,0.0,0.0,1.0,0.0,0.0,1.0,0.0,1.0,0.0,0.0,0.0,-0.10869565217391304,-0.38555325511847255,-0.3703735671017328,0.4418163561307598,0.0,1.0,0.0
0.0,1.0,1.0,1.0,1.0,1.0,1.0,1.0,1.0,1.0,1.0,2.0,1.0,0.0,0.0,0.0,1.0,0.0,0.0,0.0,1.0,0.782608695652174,0.36714975845410636,0.3872059560356618,-0.827784064646722,0.0,6.0,0.0
1.0,0.0,0.0,0.0,1.0,0.0,1.0,0.0,0.0,1.0,1.0,0.0,1.0,0.0,0.0,1.0,0.0,0.0,0.0,0.0,1.0,-0.5217391304347826,-0.3588681849551415,-0.17270950491185802,-0.846145263862546,0.0,3.0,0.0
0.0,1.0,1.0,1.0,0.0,0.0,0.0,0.0,0.0,0.0,0.0,2.0,0.0,0.0,1.0,1.0,0.0,0.0,1.0,0.0,0.0,0.13043478260869565,-0.9348976305498045,-0.9136544102165487,-0.10175164565435672,0.0,0.0,0.0
1.0,0.0,0.0,1.0,1.0,1.0,1.0,1.0,1.0,1.0,1.0,1.0,1.0,0.0,0.0,0.0,1.0,1.0,0.0,0.0,0.0,0.17391304347826086,0.3699102829537611,0.37093081641649706,-0.8254889147447443,0.0,6.0,0.0
0.0,0.0,0.0,0.0,1.0,1.0,1.0,1.0,1.0,0.0,1.0,2.0,1.0,0.0,0.0,1.0,0.0,0.0,0.0,0.0,1.0,0.15217391304347827,-0.32022084195997236,-0.3266540987447378,-1.263862546022537,0.0,5.0,0.0
1.0,0.0,0.0,1.0,1.0,0.0,0.0,0.0,0.0,1.0,0.0,0.0,0.0,1.0,0.0,1.0,0.0,0.0,0.0,1.0,0.0,-0.5434782608695652,0.1932367149758454,0.2687269624531502,2.126073859198929,0.0,1.0,0.0
0.0,1.0,1.0,1.0,0.0,0.0,0.0,0.0,0.0,0.0,0.0,2.0,0.0,0.0,1.0,0.0,1.0,1.0,0.0,0.0,0.0,0.8913043478260869,-0.8428801472279733,-0.8545625773789628,0.43378333147383696,0.0,0.0,0.0
0.0,0.0,0.0,1.0,0.0,0.0,0.0,0.0,0.0,0.0,0.0,0.0,0.0,0.0,1.0,1.0,0.0,1.0,0.0,0.0,0.0,-0.5869565217391305,-0.9523809523809524,-0.8087933145836137,-0.20350329130871345,0.0,0.0,0.0
1.0,0.0,0.0,1.0,0.0,1.0,0.0,0.0,0.0,0.0,0.0,0.0,0.0,1.0,0.0,1.0,0.0,0.0,0.0,1.0,0.0,-0.5434782608695652,0.08925695882217612,-0.04113764077059644,1.8234965971214994,1.0,1.0,1.0
1.0,1.0,0.0,1.0,1.0,0.0,1.0,1.0,0.0,0.0,1.0,0.0,0.0,1.0,0.0,0.0,1.0,1.0,0.0,0.0,0.0,0.9130434782608695,0.41867954911433175,0.42902808509102935,0.2851723753207633,0.0,3.0,0.0
0.0,1.0,0.0,1.0,1.0,1.0,1.0,1.0,1.0,1.0,1.0,2.0,1.0,0.0,0.0,0.0,1.0,1.0,0.0,0.0,0.0,0.9347826086956522,0.3561076604554865,0.4121742898906813,-0.836964664254634,1.0,6.0,0.0
0.0,1.0,0.0,1.0,1.0,1.0,1.0,1.0,0.0,0.0,0.0,0.0,1.0,0.0,0.0,0.0,1.0,0.0,1.0,0.0,0.0,0.391304347826087,-0.05613066482631695,-0.025674467031184464,-0.4056677451746065,1.0,3.0,1.0
1.0,1.0,0.0,1.0,0.0,1.0,1.0,1.0,0.0,0.0,0.0,2.0,1.0,0.0,0.0,1.0,0.0,0.0,0.0,1.0,0.0,0.5652173913043478,-0.2190016103059581,-0.2718895655272301,-0.6426419725538323,0.0,3.0,0.0
1.0,1.0,0.0,1.0,1.0,0.0,0.0,0.0,0.0,1.0,1.0,0.0,0.0,1.0,0.0,0.0,1.0,0.0,0.0,1.0,0.0,0.4782608695652174,0.4444444444444446,0.436961566505776,1.1674662501394626,0.0,2.0,0.0
1.0,0.0,0.0,1.0,1.0,1.0,1.0,1.0,1.0,1.0,1.0,2.0,0.0,1.0,0.0,0.0,1.0,0.0,0.0,1.0,0.0,0.9347826086956522,0.8778467908902692,0.8842832949506318,-0.4031813327807971,0.0,6.0,0.0
1.0,1.0,1.0,1.0,0.0,1.0,1.0,1.0,1.0,1.0,1.0,2.0,0.0,1.0,0.0,0.0,1.0,1.0,0.0,0.0,0.0,0.9347826086956522,0.8088336783988959,0.7703013068114957,-0.4605600803302463,0.0,6.0,0.0
1.0,1.0,1.0,1.0,0.0,1.0,1.0,1.0,1.0,1.0,0.0,1.0,1.0,0.0,0.0,1.0,0.0,0.0,0.0,1.0,0.0,0.1956521739130435,0.06533241315850007,0.05799582052372396,-0.8898806203280151,0.0,5.0,0.0
1.0,1.0,1.0,1.0,1.0,1.0,1.0,0.0,1.0,0.0,1.0,2.0,1.0,0.0,0.0,0.0,1.0,0.0,1.0,0.0,0.0,-0.45652173913043476,0.1039797561536693,0.18626484788137462,-0.5805199152069618,0.0,4.0,0.0
0.0,0.0,0.0,1.0,0.0,0.0,0.0,1.0,0.0,0.0,1.0,0.0,0.0,1.0,0.0,0.0,1.0,0.0,1.0,0.0,0.0,-0.043478260869565216,0.32758224062571883,0.3823941772260268,0.9407564431551938,1.0,2.0,1.0
1.0,0.0,0.0,1.0,0.0,0.0,0.0,1.0,0.0,1.0,0.0,0.0,1.0,0.0,0.0,1.0,0.0,0.0,0.0,0.0,1.0,-0.5,-0.17667356797791584,-0.028887001651298243,-0.03748744839897333,0.0,2.0,0.0
1.0,0.0,0.0,1.0,0.0,0.0,0.0,0.0,0.0,0.0,0.0,2.0,0.0,0.0,1.0,1.0,0.0,0.0,0.0,0.0,1.0,-0.2608695652173913,-0.945019553715206,-0.9258860042246109,-0.16066049313845812,0.0,0.0,0.0
1.0,1.0,1.0,1.0,0.0,0.0,0.0,0.0,0.0,0.0,0.0,2.0,0.0,0.0,1.0,1.0,0.0,0.0,0.0,0.0,1.0,0.9130434782608695,-0.9330572808833679,-0.9357621304839588,-0.0910409461117927,0.0,0.0,0.0
0.0,1.0,0.0,1.0,1.0,0.0,0.0,1.0,1.0,1.0,1.0,2.0,0.0,1.0,0.0,1.0,0.0,0.0,1.0,0.0,0.0,0.2826086956521739,0.5244996549344375,0.5120224677482822,-0.0910409461117927,0.0,4.0,0.0
0.0,0.0,0.0,1.0,0.0,0.0,0.0,0.0,0.0,0.0,0.0,0.0,0.0,0.0,1.0,1.0,0.0,0.0,0.0,0.0,1.0,-0.6086956521739131,-0.9229353577179664,-0.9231836573600598,-0.03213209862769132,0.0,0.0,0.0
0.0,1.0,0.0,1.0,1.0,0.0,1.0,1.0,1.0,1.0,1.0,1.0,0.0,1.0,0.0,0.0,1.0,0.0,0.0,1.0,0.0,0.8913043478260869,0.717736369910283,0.717540064659278,-0.25705678902153284,0.0,5.0,0.0
1.0,0.0,0.0,1.0,0.0,1.0,0.0,0.0,0.0,0.0,0.0,0.0,0.0,1.0,0.0,1.0,0.0,0.0,0.0,1.0,0.0,-0.43478260869565216,0.09385783298826766,0.05360063508530883,1.8368849715497042,0.0,1.0,0.0
1.0,0.0,1.0,1.0,0.0,0.0,0.0,0.0,0.0,0.0,0.0,0.0,0.0,0.0,1.0,1.0,0.0,0.0,0.0,0.0,1.0,-0.6086956521739131,-0.9321371060501495,-0.9323716366995334,-0.08568559634051069,0.0,0.0,0.0
0.0,0.0,0.0,0.0,0.0,1.0,1.0,1.0,0.0,0.0,0.0,0.0,1.0,0.0,0.0,1.0,0.0,1.0,0.0,0.0,0.0,-0.41304347826086957,-0.5484242005981136,-0.47150259303153874,-1.1219457770835657,0.0,3.0,0.0
1.0,1.0,0.0,1.0,1.0,0.0,1.0,0.0,0.0,1.0,1.0,2.0,0.0,1.0,0.0,1.0,0.0,0.0,0.0,1.0,0.0,0.43478260869565216,0.44720496894409933,0.4619511055111915,0.32667633604819823,0.0,3.0,0.0
0.0,1.0,0.0,0.0,1.0,0.0,0.0,0.0,0.0,1.0,1.0,0.0,1.0,0.0,0.0,1.0,0.0,0.0,0.0,1.0,0.0,0.3695652173913043,-0.48861283643892334,-0.4950437940087204,-0.6426419725538323,0.0,2.0,0.0
0.0,1.0,0.0,1.0,1.0,0.0,1.0,0.0,1.0,1.0,1.0,1.0,0.0,1.0,0.0,0.0,1.0,0.0,0.0,1.0,0.0,0.3695652173913043,0.6008741660915575,0.5383242475282468,-0.0021421399085123486,0.0,4.0,0.0
0.0,1.0,0.0,1.0,1.0,1.0,0.0,0.0,0.0,1.0,1.0,0.0,0.0,1.0,0.0,0.0,1.0,0.0,0.0,1.0,0.0,-0.5434782608695652,0.5355417529330572,0.29996609220736015,0.45520473055896465,1.0,3.0,1.0
1.0,1.0,1.0,1.0,1.0,0.0,1.0,1.0,0.0,1.0,1.0,2.0,0.0,1.0,0.0,0.0,1.0,1.0,0.0,0.0,0.0,0.9130434782608695,0.6533241315850011,0.7018851898414522,0.058908847484101384,0.0,4.0,0.0
1.0,1.0,1.0,1.0,1.0,1.0,1.0,0.0,0.0,0.0,1.0,2.0,1.0,0.0,0.0,1.0,0.0,1.0,0.0,0.0,0.0,-0.32608695652173914,-0.1674718196457327,-0.22666919500410912,-0.5676670757558853,0.0,3.0,0.0
1.0,1.0,1.0,1.0,1.0,1.0,1.0,0.0,0.0,0.0,0.0,2.0,1.0,0.0,0.0,1.0,0.0,1.0,0.0,0.0,0.0,0.8260869565217391,-0.2999769956291695,-0.24443882540894826,-0.2766930715162333,0.0,2.0,0.0
1.0,1.0,1.0,1.0,0.0,0.0,0.0,1.0,0.0,1.0,0.0,0.0,1.0,0.0,0.0,1.0,0.0,0.0,0.0,0.0,1.0,-0.41304347826086957,-0.18955601564297211,-0.26164914491796215,-0.062479080664955805,0.0,2.0,0.0
1.0,0.0,0.0,1.0,1.0,0.0,0.0,0.0,0.0,0.0,0.0,2.0,0.0,0.0,1.0,1.0,0.0,0.0,1.0,0.0,0.0,0.717391304347826,-0.9284564067172764,-0.940981662499911,-0.06426419725538302,0.0,0.0,0.0
1.0,1.0,0.0,1.0,0.0,1.0,1.0,1.0,0.0,0.0,0.0,1.0,0.0,1.0,0.0,0.0,1.0,0.0,0.0,1.0,0.0,0.782608695652174,0.35426731078904994,0.33397221727803494,0.1914537543233294,0.0,3.0,0.0
1.0,1.0,0.0,1.0,1.0,1.0,0.0,0.0,1.0,0.0,0.0,1.0,1.0,0.0,0.0,0.0,1.0,0.0,0.0,1.0,0.0,0.5217391304347826,-0.19231654014262717,-0.17736243633584797,-0.06783443043623782,1.0,2.0,0.0
1.0,0.0,0.0,1.0,0.0,0.0,0.0,0.0,0.0,0.0,0.0,0.0,0.0,0.0,1.0,1.0,0.0,0.0,0.0,0.0,1.0,-0.5434782608695652,-0.9404186795491144,-0.8680557813232184,-0.13388374428204844,0.0,0.0,0.0
0.0,1.0,0.0,1.0,1.0,0.0,1.0,0.0,1.0,0.0,0.0,2.0,1.0,0.0,0.0,0.0,1.0,0.0,1.0,0.0,0.0,0.6304347826086957,-0.19507706464228206,-0.18662454120805397,-0.07318978020751983,0.0,2.0,0.0
1.0,0.0,0.0,1.0,1.0,0.0,0.0,0.0,0.0,1.0,0.0,0.0,0.0,1.0,0.0,1.0,0.0,0.0,0.0,1.0,0.0,-0.6086956521739131,0.1573498964803312,0.15548511709413818,2.0216445386589315,0.0,1.0,0.0
0.0,0.0,0.0,1.0,1.0,0.0,0.0,1.0,1.0,1.0,1.0,2.0,0.0,1.0,0.0,0.0,1.0,0.0,1.0,0.0,0.0,0.9347826086956522,0.6809293765815505,0.7072998429240225,0.09104094611179309,0.0,4.0,0.0
0.0,1.0,0.0,1.0,1.0,1.0,1.0,0.0,1.0,1.0,1.0,1.0,0.0,1.0,0.0,1.0,0.0,0.0,1.0,0.0,0.0,0.8695652173913043,0.6606855302507477,0.6341788406807115,-0.3123954033247794,0.0,5.0,0.0
0.0,1.0,0.0,1.0,0.0,0.0,1.0,1.0,0.0,0.0,0.0,0.0,0.0,1.0,0.0,1.0,0.0,1.0,0.0,0.0,0.0,-0.5869565217391305,0.16931216931216936,0.21888217453650594,0.6337163896016961,0.0,2.0,0.0
1.0,0.0,1.0,1.0,1.0,1.0,1.0,0.0,1.0,1.0,1.0,2.0,1.0,0.0,0.0,0.0,1.0,0.0,0.0,0.0,1.0,0.5,0.2696112261329654,0.279611184132219,-0.6917326787905832,0.0,5.0,0.0
0.0,0.0,0.0,1.0,1.0,0.0,0.0,0.0,0.0,1.0,0.0,0.0,0.0,1.0,0.0,1.0,0.0,1.0,0.0,0.0,0.0,-0.45652173913043476,0.1766735679779157,0.26321417484946585,2.0778757112573913,0.0,1.0,0.0
0.0,0.0,0.0,1.0,0.0,0.0,1.0,1.0,1.0,1.0,1.0,2.0,0.0,1.0,0.0,0.0,1.0,0.0,0.0,1.0,0.0,0.9347826086956522,0.7573038877386705,0.7302059858606263,-0.21867678232734553,1.0,5.0,0.0
0.0,1.0,0.0,1.0,1.0,0.0,0.0,0.0,0.0,0.0,0.0,0.0,1.0,0.0,0.0,1.0,0.0,0.0,0.0,0.0,1.0,-0.4782608695652174,-0.48309178743961356,-0.47428523820292207,2.5277250920450745,0.0,0.0,0.0
0.0,0.0,0.0,1.0,0.0,1.0,1.0,1.0,0.0,1.0,0.0,1.0,0.0,1.0,0.0,0.0,1.0,0.0,0.0,0.0,1.0,0.5217391304347826,0.5171382562686909,0.544570038405733,-0.099609505745844,0.0,4.0,0.0
0.0,0.0,0.0,1.0,0.0,0.0,0.0,0.0,1.0,1.0,1.0,0.0,1.0,0.0,0.0,1.0,0.0,0.0,0.0,0.0,1.0,-0.391304347826087,0.0,0.0882458137461725,-0.32399866116255704,0.0,3.0,0.0
1.0,0.0,0.0,0.0,0.0,1.0,0.0,1.0,0.0,0.0,0.0,0.0,1.0,0.0,0.0,1.0,0.0,0.0,0.0,0.0,1.0,-0.2391304347826087,-0.6790890269151139,-0.7352894798678251,-1.0121611067722858,0.0,2.0,0.0
1.0,0.0,0.0,1.0,0.0,0.0,0.0,0.0,0.0,0.0,0.0,0.0,0.0,0.0,1.0,1.0,0.0,0.0,0.0,0.0,1.0,-0.6086956521739131,-0.9293765815504946,-0.9296152428976914,-0.06961954702666504,0.0,0.0,0.0
1.0,1.0,1.0,1.0,0.0,0.0,0.0,0.0,0.0,0.0,0.0,2.0,0.0,0.0,1.0,0.0,1.0,0.0,0.0,0.0,1.0,0.7391304347826086,-0.8327582240625719,-0.8383042291763516,0.4926921789579384,0.0,0.0,0.0
0.0,0.0,0.0,1.0,0.0,0.0,0.0,0.0,1.0,1.0,0.0,0.0,0.0,1.0,0.0,1.0,0.0,0.0,0.0,1.0,0.0,0.021739130434782608,0.2696112261329654,0.26843600977406684,0.8282940979582735,0.0,2.0,0.0
1.0,0.0,0.0,1.0,0.0,0.0,0.0,0.0,0.0,0.0,0.0,0.0,0.0,0.0,1.0,1.0,0.0,0.0,0.0,0.0,1.0,-0.6086956521739131,-0.9284564067172764,-0.928696444963744,-0.06426419725538302,0.0,0.0,0.0
0.0,0.0,1.0,1.0,1.0,1.0,0.0,0.0,1.0,1.0,0.0,0.0,1.0,0.0,0.0,1.0,0.0,0.0,1.0,0.0,0.0,0.2391304347826087,-0.11778237865194398,-0.16685216808294356,-0.4953698538435792,0.0,3.0,0.0
1.0,1.0,1.0,1.0,0.0,0.0,0.0,0.0,0.0,0.0,0.0,2.0,0.0,0.0,1.0,1.0,0.0,0.0,0.0,0.0,1.0,0.6521739130434783,-0.9385783298826778,-0.9396285830930837,-0.1231730447394844,0.0,0.0,0.0
0.0,1.0,0.0,1.0,1.0,1.0,1.0,0.0,1.0,0.0,0.0,0.0,1.0,0.0,0.0,0.0,1.0,0.0,0.0,0.0,1.0,-0.15217391304347827,-0.12790430181734536,-0.1429571572689445,-0.5100970657146044,1.0,3.0,0.0
1.0,1.0,1.0,0.0,1.0,1.0,1.0,1.0,1.0,0.0,1.0,2.0,1.0,0.0,0.0,1.0,0.0,0.0,1.0,0.0,0.0,0.9347826086956522,-0.2769726247987117,-0.23051210382307938,-1.221912306147495,0.0,5.0,0.0
0.0,1.0,0.0,1.0,1.0,0.0,0.0,0.0,0.0,0.0,1.0,0.0,0.0,1.0,0.0,1.0,0.0,0.0,0.0,1.0,0.0,-0.32608695652173914,0.13986657464918326,0.17609244218410053,1.9707687158317526,0.0,1.0,0.0
0.0,1.0,0.0,1.0,1.0,0.0,1.0,1.0,1.0,1.0,1.0,2.0,0.0,1.0,0.0,0.0,1.0,1.0,0.0,0.0,0.0,0.9347826086956522,0.735219691741431,0.7401723912274721,-0.2400981814124732,0.0,5.0,0.0
0.0,0.0,0.0,1.0,0.0,1.0,1.0,1.0,1.0,1.0,1.0,2.0,0.0,1.0,0.0,0.0,1.0,0.0,1.0,0.0,0.0,0.9347826086956522,0.8198757763975155,0.8480035376421273,-0.4513794807223344,0.0,6.0,0.0
1.0,0.0,0.0,1.0,1.0,0.0,0.0,0.0,0.0,0.0,0.0,0.0,0.0,1.0,0.0,0.0,1.0,1.0,0.0,0.0,0.0,0.43478260869565216,0.07545433632390144,0.09806962171155029,5.778422403213209,0.0,0.0,0.0
0.0,1.0,0.0,0.0,1.0,0.0,0.0,1.0,0.0,1.0,1.0,0.0,1.0,0.0,0.0,1.0,0.0,0.0,0.0,1.0,0.0,-0.2391304347826087,-0.407637451115712,-0.46950165530872,-0.9171036483320315,1.0,3.0,1.0
0.0,0.0,0.0,1.0,1.0,0.0,0.0,0.0,0.0,0.0,0.0,0.0,0.0,0.0,1.0,1.0,0.0,0.0,0.0,0.0,1.0,-0.41304347826086957,-0.9312169312169313,-0.9306259206250334,-0.08033024656922906,0.0,0.0,0.0
0.0,1.0,0.0,1.0,1.0,0.0,0.0,0.0,0.0,0.0,1.0,0.0,0.0,1.0,0.0,0.0,1.0,0.0,1.0,0.0,0.0,-0.45652173913043476,0.2705314009661836,0.1440001429197962,2.3509985495927705,0.0,1.0,0.0
0.0,0.0,0.0,0.0,1.0,0.0,1.0,0.0,0.0,0.0,1.0,0.0,1.0,0.0,0.0,1.0,0.0,0.0,1.0,0.0,0.0,-0.4782608695652174,-0.5594662985967334,-0.5271817478287486,-0.7800959500167353,0.0,2.0,0.0
0.0,1.0,1.0,0.0,1.0,0.0,1.0,0.0,0.0,0.0,0.0,0.0,1.0,0.0,0.0,1.0,0.0,0.0,0.0,0.0,1.0,-0.5869565217391305,-0.7407407407407408,-0.7114007335851938,-0.5917661497266539,0.0,1.0,0.0
1.0,1.0,1.0,1.0,1.0,0.0,0.0,1.0,0.0,1.0,0.0,0.0,0.0,1.0,0.0,1.0,0.0,0.0,0.0,0.0,1.0,0.10869565217391304,0.24936737980216236,0.27560443522343236,0.7890215329688721,0.0,2.0,0.0
0.0,0.0,1.0,1.0,0.0,1.0,1.0,0.0,1.0,0.0,0.0,2.0,1.0,0.0,0.0,0.0,1.0,0.0,0.0,1.0,0.0,0.8913043478260869,-0.08281573498964803,-0.013048675361348443,-0.4444940310164006,0.0,3.0,0.0
0.0,1.0,0.0,1.0,0.0,0.0,0.0,0.0,0.0,0.0,0.0,2.0,0.0,0.0,1.0,0.0,1.0,0.0,0.0,1.0,0.0,0.9347826086956522,-0.8456406717276284,-0.850317876765068,0.4177172821599913,0.0,0.0,0.0
1.0,0.0,0.0,0.0,1.0,0.0,0.0,1.0,0.0,0.0,0.0,0.0,1.0,0.0,0.0,1.0,0.0,0.0,0.0,1.0,0.0,-0.45652173913043476,-0.756383712905452,-0.7874312626193377,-0.6372866227825504,1.0,1.0,1.0
0.0,0.0,0.0,1.0,1.0,0.0,1.0,1.0,0.0,0.0,1.0,0.0,0.0,1.0,0.0,1.0,0.0,0.0,1.0,0.0,0.0,-0.2826086956521739,0.4177593742811135,0.5102559693395619,0.2838335378779429,0.0,3.0,0.0
1.0,1.0,0.0,1.0,0.0,0.0,0.0,1.0,0.0,1.0,1.0,1.0,0.0,1.0,0.0,0.0,1.0,1.0,0.0,0.0,0.0,0.8695652173913043,0.5337014032666206,0.5248685183651486,0.45252705567332385,0.0,3.0,0.0
1.0,1.0,0.0,1.0,1.0,0.0,0.0,1.0,0.0,0.0,0.0,1.0,0.0,1.0,0.0,0.0,1.0,1.0,0.0,0.0,0.0,0.13043478260869565,0.20427881297446504,0.18094894554925067,2.1582059578266204,1.0,1.0,1.0
0.0,1.0,1.0,1.0,0.0,0.0,0.0,0.0,0.0,0.0,0.0,0.0,0.0,0.0,1.0,1.0,0.0,0.0,1.0,0.0,0.0,0.5652173913043478,-0.9293765815504946,-0.9338751242278109,-0.06961954702666504,0.0,0.0,0.0
1.0,0.0,0.0,1.0,1.0,0.0,0.0,0.0,0.0,0.0,0.0,2.0,0.0,0.0,1.0,1.0,0.0,0.0,0.0,0.0,1.0,0.8695652173913043,-0.9459397285484242,-0.9592165154652997,-0.16601584290973975,0.0,0.0,0.0
0.0,0.0,0.0,1.0,0.0,0.0,0.0,1.0,0.0,0.0,0.0,0.0,0.0,1.0,0.0,0.0,1.0,0.0,0.0,0.0,1.0,-0.5869565217391305,0.18587531631009882,0.1343527646133491,2.104652460113801,0.0,1.0,0.0
0.0,0.0,0.0,1.0,0.0,0.0,0.0,0.0,0.0,0.0,0.0,2.0,0.0,0.0,1.0,0.0,1.0,0.0,1.0,0.0,0.0,0.9347826086956522,-0.8290775247296986,-0.8207759709721772,0.514113578043066,0.0,0.0,0.0
0.0,0.0,0.0,1.0,0.0,0.0,0.0,0.0,0.0,0.0,0.0,0.0,0.0,0.0,1.0,1.0,0.0,0.0,0.0,0.0,1.0,-0.5217391304347826,-0.9302967563837129,-0.8943334022341127,-0.07497489679794704,0.0,0.0,0.0
1.0,0.0,0.0,1.0,0.0,0.0,0.0,0.0,0.0,0.0,0.0,0.0,0.0,1.0,0.0,1.0,0.0,0.0,0.0,0.0,1.0,-0.41304347826086957,-0.006441223832528076,0.05441734435992883,5.301796273569119,0.0,0.0,0.0
1.0,0.0,0.0,1.0,0.0,0.0,0.0,0.0,0.0,0.0,0.0,2.0,0.0,0.0,1.0,1.0,0.0,0.0,1.0,0.0,0.0,0.6086956521739131,-0.9514607775477342,-0.9443321291028481,-0.19814794153743145,0.0,0.0,0.0
0.0,1.0,1.0,0.0,1.0,1.0,1.0,1.0,0.0,1.0,1.0,0.0,1.0,0.0,0.0,1.0,0.0,0.0,1.0,0.0,0.0,-0.08695652173913043,-0.2190016103059581,-0.19262904411983664,-1.1656811335490347,0.0,5.0,0.0
0.0,1.0,0.0,1.0,1.0,0.0,1.0,1.0,1.0,1.0,1.0,0.0,0.0,1.0,0.0,0.0,1.0,0.0,0.0,1.0,0.0,0.7391304347826086,0.7039337474120083,0.7072159843824314,-0.2704451634497377,0.0,5.0,0.0
0.0,1.0,1.0,1.0,1.0,1.0,0.0,1.0,1.0,1.0,1.0,2.0,1.0,0.0,0.0,1.0,0.0,1.0,0.0,0.0,0.0,0.9347826086956522,0.18311479181044404,0.20531714392836645,-0.7756331585406671,0.0,5.0,0.0
1.0,1.0,0.0,1.0,1.0,1.0,1.0,1.0,0.0,1.0,0.0,2.0,0.0,1.0,0.0,0.0,1.0,1.0,0.0,0.0,0.0,0.41304347826086957,0.4858523119392686,0.4154475075303689,-0.13602588419056078,0.0,4.0,0.0
1.0,1.0,1.0,1.0,1.0,0.0,1.0,1.0,0.0,1.0,0.0,0.0,0.0,1.0,0.0,1.0,0.0,0.0,1.0,0.0,0.0,0.43478260869565216,0.3662295836208881,0.38844727079540287,0.20885864107999585,0.0,3.0,0.0
0.0,0.0,1.0,1.0,0.0,0.0,0.0,0.0,0.0,0.0,0.0,0.0,0.0,0.0,1.0,1.0,0.0,0.0,0.0,0.0,1.0,-0.17391304347826086,-0.9155739590522199,-0.9014387729233058,0.010710699542564027,0.0,0.0,0.0
1.0,1.0,0.0,0.0,1.0,0.0,0.0,0.0,0.0,1.0,1.0,0.0,1.0,0.0,0.0,1.0,0.0,0.0,0.0,1.0,0.0,0.6086956521739131,-0.4720496894409938,-0.46765331326615933,-0.6105098739261405,1.0,2.0,1.0
1.0,0.0,0.0,1.0,0.0,1.0,0.0,1.0,0.0,1.0,0.0,0.0,1.0,0.0,0.0,1.0,0.0,1.0,0.0,0.0,0.0,-0.17391304347826086,-0.0947780078214862,-0.05071939065319006,-0.4618989177730671,0.0,3.0,0.0
0.0,0.0,0.0,1.0,0.0,0.0,0.0,1.0,1.0,0.0,1.0,0.0,1.0,0.0,0.0,1.0,0.0,0.0,0.0,0.0,1.0,-0.45652173913043476,-0.11778237865194398,-0.13933416996122017,-0.4953698538435792,0.0,3.0,0.0
1.0,0.0,0.0,1.0,1.0,0.0,0.0,0.0,0.0,1.0,0.0,0.0,0.0,1.0,0.0,0.0,1.0,0.0,0.0,1.0,0.0,-0.43478260869565216,0.27605244996549344,0.3193374153147504,2.3670645989066164,0.0,1.0,0.0
1.0,0.0,0.0,1.0,0.0,0.0,0.0,1.0,0.0,1.0,1.0,0.0,0.0,1.0,0.0,1.0,0.0,0.0,0.0,1.0,0.0,-0.5869565217391305,0.44996549344375436,0.3392447038836097,0.33069284837665985,0.0,3.0,0.0
1.0,1.0,0.0,1.0,1.0,0.0,1.0,1.0,1.0,1.0,0.0,0.0,0.0,1.0,0.0,1.0,0.0,0.0,0.0,0.0,1.0,-0.43478260869565216,0.4481251437773176,0.5212687834645142,-0.17993975231507306,0.0,4.0,0.0
1.0,0.0,0.0,1.0,1.0,0.0,1.0,0.0,0.0,1.0,1.0,0.0,0.0,1.0,0.0,0.0,1.0,0.0,0.0,1.0,0.0,-0.21739130434782608,0.5419829767655855,0.5711686455263221,0.46457659265870827,0.0,3.0,0.0
0.0,0.0,0.0,1.0,0.0,1.0,0.0,0.0,0.0,1.0,0.0,0.0,0.0,1.0,0.0,1.0,0.0,0.0,0.0,1.0,0.0,-0.45652173913043476,0.2659305268000921,0.2381769311494004,0.8211536315965638,0.0,2.0,0.0
0.0,0.0,0.0,1.0,1.0,0.0,1.0,0.0,1.0,1.0,1.0,0.0,0.0,1.0,0.0,0.0,1.0,1.0,0.0,0.0,0.0,0.5869565217391305,0.6432022084195997,0.6444660961197293,0.047127077987281184,0.0,4.0,0.0
0.0,1.0,1.0,0.0,1.0,1.0,0.0,1.0,0.0,1.0,1.0,1.0,1.0,0.0,0.0,1.0,0.0,0.0,0.0,1.0,0.0,-0.17391304347826086,-0.2677708764665286,-0.28466284554921506,-1.0132321767265422,0.0,4.0,0.0
0.0,1.0,1.0,1.0,1.0,0.0,1.0,1.0,1.0,1.0,1.0,2.0,1.0,0.0,0.0,1.0,0.0,1.0,0.0,0.0,0.0,0.6739130434782609,0.18587531631009882,0.2178714968091637,-0.7729554836550263,0.0,5.0,0.0
1.0,1.0,1.0,0.0,1.0,1.0,1.0,0.0,1.0,1.0,0.0,1.0,1.0,0.0,0.0,1.0,0.0,0.0,0.0,0.0,1.0,0.5869565217391305,-0.34046468829077525,-0.35047721660351566,-1.097846703112797,0.0,4.0,0.0
0.0,1.0,1.0,1.0,0.0,0.0,0.0,0.0,0.0,0.0,0.0,2.0,0.0,0.0,1.0,1.0,0.0,0.0,0.0,0.0,1.0,0.5652173913043478,-0.9238555325511848,-0.9366148126126721,-0.03748744839897333,0.0,0.0,0.0
1.0,0.0,1.0,1.0,0.0,0.0,0.0,0.0,0.0,0.0,0.0,1.0,0.0,0.0,1.0,1.0,0.0,1.0,0.0,0.0,0.0,0.5652173913043478,-0.9459397285484242,-0.9625249143499875,-0.16601584290973975,0.0,0.0,0.0
0.0,0.0,0.0,1.0,1.0,0.0,0.0,0.0,0.0,0.0,0.0,0.0,0.0,1.0,0.0,0.0,1.0,0.0,0.0,1.0,0.0,-0.32608695652173914,0.06993328732459163,0.14176877650878128,5.746290304585519,1.0,0.0,1.0
0.0,0.0,0.0,1.0,0.0,0.0,1.0,1.0,1.0,1.0,1.0,2.0,1.0,0.0,0.0,0.0,1.0,0.0,1.0,0.0,0.0,0.6956521739130435,0.33402346445824715,0.3058667330372598,-0.6292535981256274,0.0,5.0,0.0
1.0,1.0,1.0,1.0,0.0,0.0,0.0,0.0,0.0,0.0,0.0,2.0,0.0,0.0,1.0,1.0,0.0,0.0,1.0,0.0,0.0,0.8043478260869565,-0.9293765815504946,-0.9145246828916469,-0.06961954702666504,0.0,0.0,0.0
1.0,0.0,0.0,1.0,1.0,0.0,1.0,0.0,1.0,0.0,0.0,1.0,1.0,0.0,0.0,1.0,0.0,0.0,0.0,0.0,1.0,0.6086956521739131,-0.2916954221302048,-0.28655340470653534,-0.26062702220238765,0.0,2.0,0.0
1.0,0.0,0.0,1.0,1.0,0.0,0.0,1.0,1.0,1.0,0.0,0.0,1.0,0.0,0.0,1.0,0.0,0.0,0.0,1.0,0.0,0.6521739130434783,-0.10766045548654234,-0.13370263940420812,-0.4806426419725536,0.0,3.0,0.0
1.0,0.0,0.0,1.0,1.0,0.0,1.0,0.0,1.0,1.0,1.0,1.0,0.0,1.0,0.0,0.0,1.0,1.0,0.0,0.0,0.0,0.43478260869565216,0.6652864044168393,0.6410041967614635,0.07283275688943469,0.0,4.0,0.0
1.0,1.0,1.0,1.0,1.0,1.0,1.0,1.0,1.0,1.0,1.0,2.0,1.0,0.0,0.0,0.0,1.0,0.0,1.0,0.0,0.0,0.8478260869565217,0.39935587761674723,0.4304353988278851,-0.8010073157903124,0.0,6.0,0.0
0.0,0.0,0.0,1.0,1.0,0.0,0.0,0.0,0.0,0.0,0.0,0.0,0.0,1.0,0.0,0.0,1.0,1.0,0.0,0.0,0.0,0.15217391304347827,0.08097538532321151,0.060364008765754686,5.810554501840903,1.0,0.0,1.0
0.0,1.0,0.0,1.0,1.0,0.0,0.0,0.0,0.0,0.0,0.0,0.0,0.0,1.0,0.0,1.0,0.0,0.0,0.0,1.0,0.0,-0.6086956521739131,-0.01748332183114797,-0.019086490355859794,5.237532076313735,1.0,0.0,1.0
0.0,0.0,0.0,1.0,0.0,0.0,0.0,1.0,0.0,1.0,1.0,0.0,0.0,1.0,0.0,0.0,1.0,0.0,0.0,1.0,0.0,0.021739130434782608,0.5511847250977686,0.5998157979510805,0.4779649670869131,0.0,3.0,0.0
0.0,1.0,0.0,1.0,1.0,0.0,0.0,0.0,0.0,0.0,0.0,2.0,0.0,0.0,1.0,0.0,1.0,0.0,1.0,0.0,0.0,0.9130434782608695,-0.8484011962272833,-0.8505727389462764,0.4016512328461453,0.0,0.0,0.0
0.0,1.0,0.0,1.0,0.0,0.0,1.0,1.0,0.0,1.0,1.0,0.0,0.0,1.0,0.0,1.0,0.0,0.0,0.0,1.0,0.0,-0.45652173913043476,0.564067172762825,0.6390025298339352,-0.04498493807876807,0.0,4.0,0.0
0.0,0.0,0.0,1.0,1.0,0.0,0.0,0.0,0.0,1.0,0.0,0.0,0.0,1.0,0.0,1.0,0.0,0.0,0.0,1.0,0.0,-0.43478260869565216,0.19047619047619038,0.23756439919343553,2.118040834542006,1.0,1.0,1.0
1.0,0.0,0.0,1.0,1.0,0.0,0.0,1.0,1.0,1.0,1.0,2.0,0.0,1.0,0.0,0.0,1.0,1.0,0.0,0.0,0.0,0.8695652173913043,0.6625258799171843,0.6599850783037549,0.06961954702666541,0.0,4.0,0.0
0.0,0.0,1.0,1.0,1.0,0.0,1.0,0.0,1.0,1.0,1.0,1.0,0.0,1.0,0.0,0.0,1.0,1.0,0.0,0.0,0.0,0.8260869565217391,0.6643662295836208,0.6898552527975217,0.07176168693517813,0.0,4.0,0.0
1.0,0.0,0.0,1.0,0.0,1.0,0.0,0.0,1.0,0.0,0.0,0.0,1.0,0.0,0.0,1.0,0.0,0.0,0.0,1.0,0.0,-0.10869565217391304,-0.28617437313089483,-0.2646352382032911,-0.2499163226598236,0.0,2.0,0.0
1.0,1.0,0.0,1.0,1.0,0.0,0.0,0.0,0.0,0.0,0.0,0.0,0.0,1.0,0.0,1.0,0.0,1.0,0.0,0.0,0.0,-0.2826086956521739,0.023924545663676047,0.04408086760302105,5.478522816021422,1.0,0.0,1.0
0.0,1.0,1.0,1.0,0.0,0.0,0.0,0.0,0.0,0.0,0.0,0.0,0.0,1.0,0.0,1.0,0.0,0.0,0.0,1.0,0.0,-0.32608695652173914,-0.005521048999309817,0.07646849477466547,5.3071516233404,0.0,0.0,0.0
1.0,1.0,1.0,1.0,1.0,0.0,1.0,1.0,1.0,1.0,1.0,0.0,0.0,1.0,0.0,0.0,1.0,0.0,0.0,1.0,0.0,0.10869565217391304,0.7066942719116633,0.6621751541974609,-0.2677674885640965,1.0,5.0,0.0
0.0,1.0,1.0,1.0,0.0,0.0,0.0,0.0,0.0,0.0,0.0,1.0,0.0,0.0,1.0,1.0,0.0,1.0,0.0,0.0,0.0,0.5217391304347826,-0.9376581550494595,-0.9476791569952978,-0.1178176949682024,0.0,0.0,0.0
0.0,1.0,1.0,1.0,1.0,0.0,1.0,1.0,0.0,1.0,1.0,0.0,0.0,1.0,0.0,0.0,1.0,1.0,0.0,0.0,0.0,-0.1956521739130435,0.6505636070853461,0.7606513762885655,0.0556956376213321,0.0,4.0,0.0
1.0,1.0,1.0,1.0,0.0,1.0,0.0,0.0,0.0,1.0,1.0,1.0,1.0,0.0,0.0,0.0,1.0,0.0,0.0,0.0,1.0,-0.10869565217391304,0.07913503565677474,0.09729458127747237,-0.20885864107999547,0.0,3.0,0.0
0.0,1.0,0.0,1.0,1.0,1.0,1.0,1.0,1.0,0.0,1.0,2.0,1.0,0.0,0.0,0.0,1.0,0.0,0.0,0.0,1.0,0.7608695652173914,0.19875776397515524,0.1756125343346726,-0.7604596675220351,0.0,5.0,0.0
1.0,1.0,0.0,1.0,0.0,0.0,0.0,0.0,0.0,0.0,0.0,2.0,0.0,0.0,1.0,0.0,1.0,1.0,0.0,0.0,0.0,0.9130434782608695,-0.8566827697262479,-0.8426011963080852,0.3534530849046079,1.0,0.0,1.0
0.0,0.0,0.0,1.0,1.0,0.0,0.0,0.0,0.0,0.0,0.0,1.0,0.0,0.0,1.0,1.0,0.0,0.0,0.0,0.0,1.0,-0.45652173913043476,-0.9440993788819876,-0.925136102969698,-0.1553051433671761,0.0,0.0,0.0
1.0,1.0,1.0,1.0,1.0,1.0,1.0,0.0,0.0,0.0,1.0,2.0,1.0,0.0,0.0,0.0,1.0,0.0,0.0,0.0,1.0,0.782608695652174,-0.01748332183114797,-0.03650124504236971,-0.3494365725761463,0.0,3.0,0.0
1.0,0.0,0.0,1.0,0.0,0.0,0.0,1.0,0.0,0.0,0.0,0.0,1.0,0.0,0.0,1.0,0.0,1.0,0.0,0.0,0.0,0.0,-0.3965953531170922,-0.45836695084482915,0.40968425750306847,0.0,1.0,0.0
0.0,1.0,1.0,1.0,0.0,1.0,0.0,0.0,0.0,1.0,1.0,1.0,0.0,1.0,0.0,0.0,1.0,0.0,0.0,0.0,1.0,0.5652173913043478,0.5594662985967335,0.5232882827617562,0.4900145040722976,0.0,3.0,0.0
1.0,0.0,1.0,1.0,1.0,0.0,1.0,1.0,1.0,0.0,0.0,1.0,1.0,0.0,0.0,1.0,0.0,0.0,0.0,1.0,0.0,0.5434782608695652,-0.1748332183114792,-0.17992717312631107,-0.578377775298449,0.0,3.0,0.0
0.0,0.0,0.0,0.0,1.0,1.0,0.0,1.0,1.0,1.0,1.0,2.0,1.0,0.0,0.0,1.0,0.0,1.0,0.0,0.0,0.0,0.8043478260869565,-0.16839199447895098,-0.12959282368425568,-1.1165904273122838,0.0,5.0,0.0
1.0,1.0,1.0,1.0,0.0,0.0,0.0,0.0,0.0,0.0,1.0,0.0,1.0,0.0,0.0,0.0,1.0,1.0,0.0,0.0,0.0,0.043478260869565216,-0.19875776397515524,-0.21502755943089139,0.9853843579158768,0.0,1.0,0.0
0.0,0.0,0.0,1.0,0.0,0.0,0.0,0.0,0.0,0.0,1.0,0.0,0.0,1.0,0.0,1.0,0.0,0.0,0.0,1.0,0.0,-0.5217391304347826,0.1555095468138947,0.09355813634608619,2.0162891888876495,1.0,1.0,1.0
1.0,0.0,0.0,1.0,0.0,0.0,0.0,1.0,0.0,0.0,1.0,0.0,1.0,0.0,0.0,1.0,0.0,0.0,0.0,0.0,1.0,-0.17391304347826086,-0.16287094547964115,-0.07767079671564618,-0.010710699542563646,0.0,2.0,0.0
1.0,0.0,0.0,0.0,1.0,0.0,0.0,0.0,0.0,0.0,0.0,0.0,1.0,0.0,0.0,1.0,0.0,0.0,0.0,0.0,1.0,-0.43478260869565216,-0.84472049689441,-0.9089933337135395,0.4230726319312733,0.0,0.0,0.0
1.0,0.0,0.0,1.0,1.0,0.0,1.0,0.0,0.0,1.0,0.0,0.0,0.0,1.0,0.0,0.0,1.0,0.0,0.0,1.0,0.0,0.043478260869565216,0.3717506326201979,0.3893932878913172,1.0264420394957048,1.0,2.0,1.0
1.0,1.0,0.0,1.0,1.0,0.0,0.0,1.0,1.0,1.0,1.0,1.0,0.0,1.0,0.0,1.0,0.0,0.0,1.0,0.0,0.0,0.43478260869565216,0.5291005291005291,0.548261858367512,-0.08568559634051069,0.0,4.0,0.0
0.0,1.0,0.0,1.0,1.0,0.0,0.0,0.0,0.0,1.0,1.0,0.0,0.0,1.0,0.0,0.0,1.0,0.0,0.0,1.0,0.0,-0.391304347826087,0.4324821716126064,0.5052130215884648,1.1442597344639072,0.0,2.0,0.0
0.0,0.0,0.0,1.0,1.0,0.0,0.0,0.0,0.0,1.0,1.0,0.0,0.0,1.0,0.0,0.0,1.0,1.0,0.0,0.0,0.0,-0.5,0.4242005981136415,0.3456762894212411,1.1281936851500616,0.0,2.0,0.0
0.0,1.0,1.0,1.0,0.0,0.0,0.0,0.0,0.0,0.0,0.0,2.0,0.0,0.0,1.0,1.0,0.0,0.0,0.0,0.0,1.0,-0.6304347826086957,-0.9293765815504946,-0.9296152428976914,-0.06961954702666504,0.0,0.0,0.0
0.0,1.0,0.0,1.0,0.0,0.0,0.0,0.0,0.0,0.0,0.0,2.0,0.0,0.0,1.0,1.0,0.0,1.0,0.0,0.0,0.0,0.6086956521739131,-0.9312169312169313,-0.9374814427532406,-0.08033024656922906,0.0,0.0,0.0
0.0,0.0,0.0,1.0,1.0,0.0,1.0,0.0,0.0,1.0,0.0,0.0,1.0,0.0,0.0,1.0,0.0,0.0,0.0,1.0,0.0,-0.5869565217391305,-0.21164021164021166,-0.24832657487572546,-0.10532187883521116,0.0,2.0,0.0
0.0,1.0,1.0,1.0,1.0,0.0,0.0,0.0,0.0,1.0,0.0,0.0,0.0,1.0,0.0,0.0,1.0,1.0,0.0,0.0,0.0,-0.43478260869565216,0.2732919254658384,0.24368971875308448,2.359031574249693,0.0,1.0,0.0
0.0,0.0,0.0,1.0,0.0,0.0,0.0,0.0,0.0,0.0,0.0,2.0,0.0,0.0,1.0,1.0,0.0,0.0,0.0,0.0,1.0,0.1956521739130435,-0.9238555325511848,-0.9378118876242217,-0.03748744839897333,0.0,0.0,0.0
1.0,0.0,1.0,0.0,0.0,0.0,0.0,1.0,1.0,1.0,1.0,1.0,1.0,0.0,0.0,1.0,0.0,1.0,0.0,0.0,0.0,0.21739130434782608,-0.2880147227973315,-0.26445265656257083,-1.0367957157201828,0.0,4.0,0.0
1.0,1.0,1.0,1.0,1.0,0.0,0.0,0.0,0.0,1.0,1.0,0.0,0.0,1.0,0.0,0.0,1.0,0.0,0.0,1.0,0.0,-0.2608695652173913,0.40579710144927533,0.34059587731588536,1.092491353341515,0.0,2.0,0.0
1.0,0.0,0.0,1.0,0.0,0.0,0.0,0.0,0.0,0.0,0.0,2.0,0.0,0.0,1.0,0.0,1.0,1.0,0.0,0.0,0.0,0.9130434782608695,-0.8272371750632621,-0.805875160582133,0.5248242775856301,0.0,0.0,0.0
0.0,0.0,0.0,1.0,0.0,1.0,1.0,0.0,0.0,0.0,1.0,1.0,0.0,1.0,0.0,0.0,1.0,1.0,0.0,0.0,0.0,0.34782608695652173,0.48309178743961356,0.5170831484320869,0.3788909963181972,0.0,3.0,0.0
0.0,1.0,1.0,1.0,0.0,0.0,0.0,0.0,0.0,0.0,0.0,2.0,0.0,0.0,1.0,1.0,0.0,0.0,0.0,0.0,1.0,0.08695652173913043,-0.927536231884058,-0.9238518740392943,-0.058908847484101,0.0,0.0,0.0
0.0,1.0,1.0,1.0,1.0,0.0,0.0,0.0,0.0,0.0,0.0,2.0,0.0,0.0,1.0,1.0,0.0,0.0,0.0,0.0,1.0,0.9347826086956522,-0.9164941338854382,-0.9188193671738099,0.005355349771282014,0.0,0.0,0.0
0.0,0.0,0.0,1.0,1.0,0.0,1.0,0.0,0.0,0.0,0.0,1.0,1.0,0.0,0.0,0.0,1.0,0.0,0.0,1.0,0.0,0.0,-0.280653324131585,-0.2704886146962834,0.7470712930938304,0.0,1.0,0.0
0.0,1.0,1.0,1.0,1.0,0.0,1.0,1.0,0.0,0.0,1.0,2.0,0.0,1.0,0.0,0.0,1.0,0.0,1.0,0.0,0.0,0.9130434782608695,0.4646882907752473,0.4756020817709801,0.35211424746178754,0.0,3.0,0.0
0.0,0.0,0.0,1.0,1.0,0.0,1.0,0.0,1.0,1.0,1.0,0.0,0.0,1.0,0.0,0.0,1.0,0.0,1.0,0.0,0.0,-0.2391304347826087,0.6091557395905222,0.5469440812853761,0.007497489679794743,1.0,4.0,0.0
0.0,0.0,0.0,1.0,1.0,0.0,1.0,0.0,1.0,0.0,0.0,0.0,1.0,0.0,0.0,1.0,0.0,0.0,0.0,0.0,1.0,-0.2826086956521739,-0.30549804462847946,-0.3391152957238988,-0.28740377105879733,0.0,2.0,0.0
0.0,1.0,0.0,1.0,1.0,1.0,0.0,1.0,0.0,1.0,1.0,0.0,0.0,1.0,0.0,1.0,0.0,0.0,0.0,1.0,0.0,-0.043478260869565216,0.5659075224292616,0.5775196347539582,-0.042842798170255346,1.0,4.0,1.0
0.0,1.0,0.0,1.0,0.0,0.0,0.0,0.0,0.0,0.0,0.0,0.0,0.0,0.0,1.0,1.0,0.0,0.0,0.0,0.0,1.0,-0.5434782608695652,-0.9367379802162411,-0.8678260818397315,-0.11246234519692037,0.0,0.0,0.0
0.0,1.0,0.0,1.0,0.0,0.0,0.0,0.0,0.0,0.0,0.0,2.0,0.0,0.0,1.0,0.0,1.0,0.0,1.0,0.0,0.0,0.9347826086956522,-0.8106740280653324,-0.8085125707704631,0.6212205734687047,0.0,0.0,0.0
0.0,0.0,0.0,1.0,1.0,0.0,1.0,0.0,1.0,1.0,0.0,0.0,0.0,1.0,0.0,0.0,1.0,0.0,0.0,1.0,0.0,0.391304347826087,0.4518058431101909,0.46404483176275707,0.33337052326230066,1.0,3.0,0.0
1.0,0.0,0.0,1.0,0.0,0.0,1.0,0.0,0.0,0.0,0.0,1.0,0.0,1.0,0.0,0.0,1.0,0.0,1.0,0.0,0.0,0.21739130434782608,0.20059811364159202,0.21711525543276114,2.1474952582840574,0.0,1.0,0.0
0.0,1.0,0.0,1.0,1.0,1.0,0.0,1.0,0.0,1.0,1.0,2.0,0.0,1.0,0.0,0.0,1.0,0.0,1.0,0.0,0.0,0.9347826086956522,0.6349206349206349,0.6399468499327143,0.037487448398973715,0.0,4.0,0.0
0.0,0.0,0.0,1.0,1.0,0.0,0.0,0.0,0.0,1.0,1.0,0.0,0.0,1.0,0.0,1.0,0.0,0.0,0.0,1.0,0.0,-0.6086956521739131,0.3459857372900851,0.3438386935533465,0.9764587749637399,1.0,2.0,1.0
0.0,1.0,0.0,1.0,0.0,0.0,1.0,1.0,0.0,1.0,1.0,1.0,0.0,1.0,0.0,0.0,1.0,0.0,1.0,0.0,0.0,0.9347826086956522,0.6349206349206349,0.6369479955649695,0.037487448398973715,1.0,4.0,1.0
0.0,0.0,0.0,1.0,1.0,1.0,0.0,0.0,0.0,0.0,0.0,0.0,0.0,1.0,0.0,1.0,0.0,0.0,0.0,1.0,0.0,-0.2391304347826087,0.09017713365539463,0.1120974368799576,1.826174272007141,0.0,1.0,0.0
1.0,1.0,0.0,1.0,1.0,1.0,1.0,0.0,1.0,1.0,0.0,1.0,1.0,0.0,0.0,1.0,0.0,1.0,0.0,0.0,0.0,0.9130434782608695,0.009201748332183115,7.885809732388209e-05,-0.6908401204953698,1.0,4.0,0.0
0.0,1.0,0.0,1.0,1.0,1.0,1.0,0.0,1.0,0.0,0.0,0.0,1.0,0.0,0.0,0.0,1.0,0.0,1.0,0.0,0.0,0.2826086956521739,-0.07545433632390144,-0.10365965256158541,-0.4337833314738366,0.0,3.0,0.0
1.0,1.0,0.0,1.0,1.0,1.0,1.0,1.0,1.0,1.0,1.0,2.0,1.0,0.0,0.0,0.0,1.0,0.0,1.0,0.0,0.0,0.9347826086956522,0.36346905912123306,0.32848711140697623,-0.8308442645160261,0.0,6.0,0.0
0.0,0.0,0.0,1.0,1.0,0.0,1.0,0.0,0.0,1.0,1.0,0.0,0.0,1.0,0.0,0.0,1.0,0.0,0.0,1.0,0.0,-0.30434782608695654,0.5456636760984588,0.4363310189040469,0.4699319424299903,0.0,3.0,0.0
1.0,1.0,1.0,1.0,1.0,1.0,0.0,1.0,1.0,1.0,1.0,2.0,0.0,1.0,0.0,1.0,0.0,0.0,1.0,0.0,0.0,0.9347826086956522,0.6330802852541985,0.6322263950710736,-0.3391721521811891,0.0,5.0,0.0
1.0,0.0,1.0,1.0,0.0,1.0,1.0,0.0,0.0,0.0,0.0,1.0,1.0,0.0,0.0,1.0,0.0,0.0,0.0,0.0,1.0,-0.043478260869565216,-0.263170002300437,-0.23027389695131548,-0.20528840789914066,0.0,2.0,0.0
0.0,1.0,0.0,1.0,1.0,0.0,0.0,0.0,0.0,0.0,0.0,0.0,0.0,1.0,0.0,1.0,0.0,0.0,0.0,1.0,0.0,0.13043478260869565,-0.0036806993328732983,-0.028379475173498616,5.317862322882964,0.0,0.0,0.0
1.0,1.0,1.0,1.0,1.0,0.0,1.0,0.0,1.0,1.0,1.0,0.0,0.0,1.0,0.0,1.0,0.0,0.0,0.0,1.0,0.0,-0.43478260869565216,0.5705083965953531,0.5544475977459467,-0.03748744839897333,0.0,4.0,0.0
0.0,0.0,0.0,1.0,0.0,0.0,0.0,0.0,0.0,0.0,0.0,0.0,0.0,0.0,1.0,1.0,0.0,0.0,1.0,0.0,0.0,-0.6086956521739131,-0.9376581550494595,-0.9378844243032176,-0.1178176949682024,0.0,0.0,0.0
0.0,0.0,0.0,1.0,1.0,0.0,0.0,0.0,0.0,0.0,0.0,0.0,1.0,0.0,0.0,1.0,0.0,0.0,0.0,1.0,0.0,-0.1956521739130435,-0.4812514377731769,-0.44527091201734165,2.5384357915876383,0.0,0.0,0.0
0.0,1.0,0.0,1.0,0.0,0.0,0.0,0.0,0.0,0.0,0.0,2.0,0.0,0.0,1.0,1.0,0.0,1.0,0.0,0.0,0.0,0.782608695652174,-0.9413388543823327,-0.9239752371185374,-0.13923909405333007,0.0,0.0,0.0
0.0,0.0,0.0,1.0,0.0,0.0,0.0,0.0,0.0,0.0,0.0,0.0,0.0,0.0,1.0,1.0,0.0,0.0,0.0,0.0,1.0,-0.6086956521739131,-0.912813434552565,-0.9130768800866389,0.026776748856409686,0.0,0.0,0.0
0.0,0.0,0.0,1.0,0.0,0.0,0.0,0.0,0.0,0.0,0.0,0.0,0.0,0.0,1.0,1.0,0.0,0.0,0.0,0.0,1.0,-0.4782608695652174,-0.9284564067172764,-0.8643805895874289,-0.06426419725538302,0.0,0.0,0.0
1.0,1.0,1.0,1.0,0.0,0.0,0.0,1.0,1.0,1.0,1.0,2.0,1.0,0.0,0.0,1.0,0.0,0.0,0.0,0.0,1.0,0.0,0.09293765815504941,0.004643842489884206,-0.5933727546580385,0.0,4.0,0.0
1.0,0.0,0.0,0.0,0.0,0.0,1.0,0.0,0.0,0.0,0.0,0.0,1.0,0.0,0.0,1.0,0.0,1.0,0.0,0.0,0.0,0.3695652173913043,-0.7398205659075225,-0.7458157083719612,-0.5890884748410129,0.0,1.0,0.0
0.0,0.0,0.0,1.0,0.0,0.0,1.0,0.0,0.0,0.0,0.0,0.0,1.0,0.0,0.0,1.0,0.0,0.0,0.0,1.0,0.0,-0.6086956521739131,-0.3864734299516908,-0.3875244618687502,0.439138681245119,0.0,1.0,0.0
0.0,1.0,0.0,1.0,1.0,0.0,1.0,0.0,0.0,0.0,0.0,0.0,0.0,1.0,0.0,1.0,0.0,1.0,0.0,0.0,0.0,-0.5652173913043478,0.07545433632390144,0.1671232242574715,1.7833314738368848,1.0,1.0,1.0
1.0,0.0,0.0,1.0,1.0,0.0,0.0,0.0,0.0,1.0,1.0,0.0,0.0,1.0,0.0,1.0,0.0,0.0,0.0,1.0,0.0,-0.34782608695652173,0.37911203128594423,0.308217604421849,1.040722972219123,0.0,2.0,0.0
0.0,0.0,1.0,1.0,0.0,0.0,0.0,0.0,0.0,0.0,0.0,1.0,0.0,0.0,1.0,1.0,0.0,0.0,0.0,0.0,1.0,-0.4782608695652174,-0.9284564067172764,-1.0430211593163365,-0.06426419725538302,0.0,0.0,0.0
1.0,0.0,0.0,1.0,1.0,0.0,0.0,0.0,0.0,0.0,0.0,0.0,0.0,0.0,1.0,1.0,0.0,0.0,0.0,1.0,0.0,-0.6086956521739131,-0.9321371060501495,-0.9323716366995334,-0.08568559634051069,0.0,0.0,0.0
1.0,1.0,1.0,1.0,0.0,0.0,0.0,0.0,0.0,0.0,0.0,0.0,0.0,0.0,1.0,1.0,0.0,0.0,0.0,1.0,0.0,-0.2826086956521739,-0.9266160570508397,-0.9050948230354712,-0.05355349771281937,0.0,0.0,0.0
0.0,1.0,0.0,1.0,0.0,1.0,0.0,0.0,1.0,0.0,1.0,2.0,1.0,0.0,0.0,1.0,0.0,0.0,0.0,0.0,1.0,-0.45652173913043476,-0.09201748332183116,-0.0008253814186559536,-0.45788240544460546,0.0,3.0,0.0
1.0,0.0,0.0,1.0,1.0,1.0,1.0,1.0,0.0,1.0,1.0,0.0,0.0,1.0,0.0,1.0,0.0,0.0,0.0,1.0,0.0,-0.41304347826086957,0.6238785369220153,0.6901336348581056,-0.34809773513332554,0.0,5.0,0.0
1.0,0.0,1.0,1.0,0.0,0.0,1.0,1.0,1.0,0.0,1.0,1.0,0.0,1.0,0.0,0.0,1.0,0.0,1.0,0.0,0.0,0.0,0.5530250747642051,0.49639083327598565,-0.05783777752984483,0.0,4.0,0.0
1.0,1.0,1.0,1.0,1.0,0.0,0.0,0.0,0.0,0.0,1.0,0.0,0.0,1.0,0.0,0.0,1.0,0.0,0.0,1.0,0.0,-0.21739130434782608,0.24200598113641603,0.12047408003214413,2.267990628137901,0.0,1.0,0.0
0.0,1.0,1.0,1.0,1.0,1.0,1.0,1.0,1.0,1.0,1.0,2.0,0.0,1.0,0.0,0.0,1.0,1.0,0.0,0.0,0.0,0.9347826086956522,0.7839889579020013,0.8080613496802491,-0.48121642944804843,0.0,6.0,0.0
0.0,0.0,0.0,1.0,1.0,1.0,0.0,1.0,0.0,1.0,1.0,0.0,0.0,1.0,0.0,1.0,0.0,0.0,1.0,0.0,0.0,-0.5652173913043478,0.5244996549344375,0.46328242496650307,-0.0910409461117927,0.0,4.0,0.0
1.0,1.0,1.0,1.0,0.0,0.0,0.0,0.0,0.0,0.0,0.0,1.0,0.0,0.0,1.0,0.0,1.0,0.0,0.0,1.0,0.0,0.32608695652173914,-0.8401196227283184,-0.8738191501816155,0.449849380787683,0.0,0.0,0.0
0.0,0.0,0.0,1.0,1.0,1.0,0.0,1.0,0.0,1.0,1.0,0.0,0.0,1.0,0.0,0.0,1.0,0.0,0.0,1.0,0.0,0.2826086956521739,0.6386013342535083,0.6282941586751916,0.04177172821599917,0.0,4.0,0.0
1.0,1.0,1.0,1.0,1.0,0.0,1.0,0.0,1.0,0.0,0.0,0.0,0.0,1.0,0.0,0.0,1.0,1.0,0.0,0.0,0.0,0.021739130434782608,0.24016563146997924,0.27719521674436487,0.7711703670645988,0.0,2.0,0.0
1.0,0.0,0.0,1.0,0.0,0.0,1.0,0.0,0.0,0.0,0.0,0.0,0.0,1.0,0.0,0.0,1.0,1.0,0.0,0.0,0.0,0.4782608695652174,0.1932367149758454,0.17501407710196046,2.126073859198929,0.0,1.0,0.0
0.0,0.0,0.0,1.0,0.0,0.0,0.0,0.0,0.0,0.0,0.0,0.0,0.0,0.0,1.0,1.0,0.0,0.0,0.0,0.0,1.0,-0.6086956521739131,-0.9358178053830228,-0.9360468284353228,-0.10710699542563874,0.0,0.0,0.0
1.0,1.0,1.0,1.0,1.0,0.0,0.0,0.0,0.0,0.0,0.0,1.0,0.0,0.0,1.0,1.0,0.0,0.0,1.0,0.0,0.0,-0.13043478260869565,-0.9293765815504946,-0.9413598773577141,-0.06961954702666504,0.0,0.0,0.0
0.0,1.0,0.0,1.0,0.0,1.0,1.0,1.0,1.0,1.0,1.0,1.0,0.0,1.0,0.0,1.0,0.0,0.0,0.0,1.0,0.0,0.5217391304347826,0.7361398665746492,0.7261279773157457,-0.5209990277489996,0.0,6.0,0.0
0.0,0.0,0.0,1.0,1.0,0.0,0.0,1.0,0.0,1.0,1.0,0.0,0.0,1.0,0.0,0.0,1.0,0.0,0.0,1.0,0.0,-0.10869565217391304,0.519898780768346,0.5460508055162611,0.4324444940310166,0.0,3.0,0.0
0.0,0.0,0.0,1.0,0.0,0.0,0.0,0.0,0.0,0.0,0.0,0.0,0.0,0.0,1.0,1.0,0.0,0.0,0.0,0.0,1.0,-0.6086956521739131,-0.9266160570508397,-0.9268588490958493,-0.05355349771281937,0.0,0.0,0.0
1.0,1.0,0.0,1.0,1.0,0.0,1.0,1.0,1.0,1.0,0.0,1.0,0.0,1.0,0.0,0.0,1.0,0.0,0.0,0.0,1.0,0.6956521739130435,0.5116172072693811,0.5303847986670849,-0.10603592547138219,1.0,4.0,0.0
1.0,0.0,0.0,1.0,1.0,0.0,1.0,0.0,0.0,1.0,1.0,0.0,0.0,1.0,0.0,1.0,0.0,0.0,0.0,0.0,1.0,-0.15217391304347827,0.4177593742811135,0.5047953861639431,0.2838335378779429,0.0,3.0,0.0
1.0,0.0,0.0,1.0,1.0,0.0,0.0,0.0,0.0,1.0,1.0,0.0,0.0,1.0,0.0,1.0,0.0,0.0,0.0,1.0,0.0,-0.5217391304347826,0.38463308028525434,0.3557830666946623,1.0514336717616874,1.0,2.0,1.0
1.0,0.0,0.0,1.0,1.0,0.0,0.0,0.0,1.0,0.0,0.0,2.0,1.0,0.0,0.0,1.0,0.0,1.0,0.0,0.0,0.0,0.21739130434782608,-0.38095238095238104,-0.36837105878415527,0.45520473055896465,0.0,1.0,0.0
1.0,1.0,1.0,0.0,1.0,1.0,0.0,0.0,0.0,1.0,0.0,0.0,1.0,0.0,0.0,1.0,0.0,0.0,1.0,0.0,0.0,0.45652173913043476,-0.5714285714285714,-0.5542495349628378,-0.8033024656922904,0.0,2.0,0.0
1.0,1.0,1.0,1.0,0.0,0.0,0.0,0.0,0.0,0.0,0.0,1.0,0.0,0.0,1.0,1.0,0.0,0.0,0.0,0.0,1.0,0.6086956521739131,-0.9404186795491144,-0.9548902457122432,-0.13388374428204844,0.0,0.0,0.0
1.0,0.0,1.0,1.0,0.0,0.0,0.0,0.0,0.0,0.0,0.0,1.0,0.0,0.0,1.0,0.0,1.0,1.0,0.0,0.0,0.0,0.21739130434782608,-0.8290775247296986,-0.8455334524808166,0.514113578043066,0.0,0.0,0.0
0.0,1.0,0.0,1.0,1.0,1.0,0.0,0.0,1.0,1.0,0.0,0.0,0.0,1.0,0.0,0.0,1.0,0.0,1.0,0.0,0.0,-0.391304347826087,0.47296986427421217,0.7443510656694903,0.36416378444717196,0.0,3.0,0.0
1.0,0.0,0.0,1.0,0.0,0.0,0.0,0.0,0.0,0.0,0.0,0.0,1.0,0.0,0.0,1.0,0.0,0.0,0.0,1.0,0.0,-0.6086956521739131,-0.46376811594202905,-0.4647034883203283,2.6401874372419947,0.0,0.0,0.0
0.0,1.0,1.0,1.0,1.0,1.0,0.0,1.0,1.0,1.0,1.0,0.0,0.0,1.0,0.0,0.0,1.0,0.0,0.0,0.0,1.0,0.5869565217391305,0.7195767195767195,0.6562956195193019,-0.2552716724311056,0.0,5.0,0.0
1.0,0.0,0.0,1.0,0.0,1.0,0.0,1.0,0.0,0.0,0.0,1.0,1.0,0.0,0.0,1.0,0.0,0.0,0.0,0.0,1.0,0.10869565217391304,-0.24936737980216236,-0.2759175363627918,-0.17851165904273097,0.0,2.0,0.0
0.0,1.0,0.0,1.0,1.0,1.0,0.0,1.0,1.0,1.0,1.0,1.0,1.0,0.0,0.0,1.0,0.0,0.0,0.0,1.0,0.0,-0.3695652173913043,0.16011042097998626,0.14821130011705502,-0.7979471159210083,1.0,5.0,0.0
1.0,1.0,0.0,1.0,1.0,0.0,0.0,0.0,0.0,1.0,1.0,0.0,0.0,1.0,0.0,1.0,0.0,0.0,0.0,1.0,0.0,-0.6086956521739131,0.3726708074534162,0.37048383363781995,1.028227156086132,0.0,2.0,0.0
1.0,0.0,0.0,1.0,1.0,0.0,0.0,0.0,0.0,0.0,0.0,1.0,0.0,0.0,1.0,1.0,0.0,0.0,1.0,0.0,0.0,-0.21739130434782608,-0.9348976305498045,-0.9233287307180515,-0.10175164565435672,0.0,0.0,0.0
1.0,1.0,0.0,1.0,1.0,0.0,0.0,0.0,0.0,1.0,1.0,0.0,0.0,1.0,0.0,0.0,1.0,0.0,0.0,1.0,0.0,-0.2391304347826087,0.44628479411088107,0.43010361068507064,1.1710364833203168,0.0,2.0,0.0
1.0,1.0,0.0,1.0,0.0,0.0,0.0,1.0,1.0,0.0,0.0,1.0,1.0,0.0,0.0,1.0,0.0,0.0,1.0,0.0,0.0,0.15217391304347827,-0.30181734529560617,-0.2798974927727499,-0.2802633046970877,1.0,2.0,0.0
1.0,0.0,0.0,1.0,0.0,1.0,1.0,0.0,0.0,0.0,0.0,0.0,1.0,0.0,0.0,0.0,1.0,1.0,0.0,0.0,0.0,-0.391304347826087,-0.18863584080975385,-0.18964879773045099,-0.060693964074528595,1.0,2.0,1.0
0.0,0.0,0.0,1.0,1.0,0.0,1.0,0.0,0.0,0.0,0.0,0.0,0.0,1.0,0.0,1.0,0.0,0.0,0.0,1.0,0.0,0.5869565217391305,0.061651713825626765,0.04590205636495256,1.7431663505522703,0.0,1.0,0.0
0.0,1.0,0.0,1.0,1.0,1.0,0.0,0.0,0.0,0.0,0.0,0.0,0.0,1.0,0.0,0.0,1.0,0.0,0.0,1.0,0.0,0.4782608695652174,0.12882447665056362,0.07470296148982548,1.9386366172040614,1.0,1.0,1.0
0.0,1.0,0.0,1.0,0.0,0.0,0.0,1.0,0.0,0.0,1.0,0.0,0.0,1.0,0.0,0.0,1.0,1.0,0.0,0.0,0.0,-0.043478260869565216,0.3616287094547965,0.3522099636182004,1.0068057570010045,0.0,2.0,0.0
0.0,0.0,0.0,1.0,0.0,0.0,0.0,0.0,0.0,0.0,0.0,0.0,0.0,1.0,0.0,1.0,0.0,0.0,0.0,0.0,1.0,-0.6086956521739131,0.007361398665746597,0.005721053860719023,5.382126520138348,0.0,0.0,0.0
0.0,1.0,1.0,1.0,0.0,0.0,0.0,0.0,0.0,0.0,0.0,0.0,1.0,0.0,0.0,1.0,0.0,0.0,0.0,1.0,0.0,-0.5434782608695652,-0.45088566827697263,-0.4628658924524336,2.7151623340399422,1.0,0.0,1.0
1.0,1.0,0.0,0.0,1.0,1.0,1.0,1.0,1.0,1.0,1.0,2.0,1.0,0.0,0.0,1.0,0.0,0.0,1.0,0.0,0.0,0.9347826086956522,-0.11134115481941564,-0.11262522446466708,-1.2256100476562375,1.0,6.0,0.0
0.0,0.0,0.0,0.0,1.0,0.0,1.0,1.0,1.0,1.0,0.0,0.0,1.0,0.0,0.0,1.0,0.0,0.0,0.0,1.0,0.0,0.5,-0.3680699332873246,-0.39024551728851736,-1.1299788017404886,1.0,4.0,0.0
0.0,0.0,0.0,1.0,1.0,0.0,0.0,0.0,0.0,0.0,0.0,0.0,0.0,0.0,1.0,0.0,1.0,0.0,1.0,0.0,0.0,-0.30434782608695654,-0.829997699562917,-0.8075988772694822,0.5087582282717841,0.0,0.0,0.0
0.0,1.0,0.0,1.0,0.0,0.0,0.0,0.0,0.0,1.0,0.0,0.0,1.0,0.0,0.0,1.0,0.0,0.0,0.0,0.0,1.0,-0.6086956521739131,-0.28157349896480327,-0.28278149739875136,0.7443936182081896,0.0,1.0,0.0
0.0,0.0,0.0,1.0,1.0,1.0,1.0,1.0,1.0,1.0,0.0,2.0,1.0,0.0,0.0,0.0,1.0,0.0,1.0,0.0,0.0,0.7391304347826086,0.17207269381182413,0.1208624774879315,-0.7863438580832312,0.0,5.0,0.0
0.0,1.0,1.0,1.0,1.0,0.0,1.0,0.0,0.0,0.0,1.0,0.0,0.0,1.0,0.0,0.0,1.0,1.0,0.0,0.0,0.0,-0.32608695652173914,0.3754313319530712,0.35538929615154197,1.0335825058574142,0.0,2.0,0.0
0.0,1.0,1.0,1.0,1.0,0.0,1.0,1.0,0.0,0.0,1.0,0.0,0.0,1.0,0.0,1.0,0.0,1.0,0.0,0.0,0.0,-0.13043478260869565,0.33034276512537386,0.40507857323775104,0.1566439808099969,1.0,3.0,1.0
0.0,1.0,0.0,1.0,0.0,0.0,0.0,1.0,0.0,1.0,1.0,0.0,0.0,1.0,0.0,0.0,1.0,0.0,0.0,1.0,0.0,0.391304347826087,0.5373821025994939,0.558915605665875,0.45788240544460584,1.0,3.0,1.0
0.0,1.0,1.0,1.0,1.0,0.0,1.0,1.0,1.0,1.0,1.0,2.0,0.0,1.0,0.0,0.0,1.0,1.0,0.0,0.0,0.0,0.9347826086956522,0.7122153209109732,0.6709945634506856,-0.26241213879281483,0.0,5.0,0.0
0.0,0.0,0.0,1.0,1.0,1.0,1.0,1.0,0.0,1.0,1.0,1.0,1.0,0.0,0.0,0.0,1.0,0.0,1.0,0.0,0.0,0.41304347826086957,0.23832528180354273,0.19126081164721354,-0.7220796608278477,0.0,5.0,0.0
0.0,0.0,0.0,0.0,1.0,0.0,0.0,0.0,0.0,1.0,0.0,0.0,1.0,0.0,0.0,1.0,0.0,0.0,0.0,0.0,1.0,-0.391304347826087,-0.6386013342535083,-0.6904771988166655,-0.29454423742050656,0.0,1.0,0.0
0.0,1.0,1.0,1.0,0.0,0.0,0.0,0.0,0.0,0.0,0.0,2.0,0.0,0.0,1.0,1.0,0.0,0.0,0.0,0.0,1.0,0.41304347826086957,-0.9293765815504946,-0.9388415054844127,-0.06961954702666504,0.0,0.0,0.0
1.0,1.0,0.0,1.0,0.0,0.0,0.0,0.0,0.0,0.0,0.0,2.0,0.0,0.0,1.0,0.0,1.0,1.0,0.0,0.0,0.0,0.6956521739130435,-0.8373590982286635,-0.8447394009666526,0.4659154301015287,1.0,0.0,1.0
1.0,0.0,0.0,1.0,0.0,0.0,0.0,0.0,0.0,0.0,0.0,0.0,0.0,1.0,0.0,1.0,0.0,0.0,1.0,0.0,0.0,0.10869565217391304,-0.024844720496894308,-0.06751254616861474,5.19468927814348,1.0,0.0,1.0
1.0,0.0,0.0,1.0,0.0,0.0,0.0,0.0,0.0,0.0,0.0,2.0,0.0,0.0,1.0,1.0,0.0,0.0,0.0,0.0,1.0,-0.10869565217391304,-0.9155739590522199,-0.9242173050357505,0.010710699542564027,0.0,0.0,0.0
0.0,1.0,1.0,1.0,1.0,1.0,1.0,0.0,1.0,0.0,0.0,1.0,1.0,0.0,0.0,1.0,0.0,0.0,0.0,0.0,1.0,-0.2391304347826087,-0.16563146997929606,-0.18697129061990747,-0.5649894008702442,0.0,3.0,0.0
0.0,1.0,1.0,1.0,1.0,1.0,0.0,0.0,1.0,0.0,0.0,0.0,0.0,1.0,0.0,0.0,1.0,1.0,0.0,0.0,0.0,0.7608695652173914,0.2999769956291695,0.23244880027994738,0.8872029454423744,0.0,2.0,0.0
0.0,1.0,1.0,1.0,1.0,0.0,0.0,1.0,0.0,0.0,1.0,0.0,0.0,1.0,0.0,0.0,1.0,0.0,1.0,0.0,0.0,0.6521739130434783,0.3358638141246837,0.36873967484795395,0.9568224924690395,1.0,2.0,1.0
1.0,1.0,0.0,0.0,0.0,0.0,0.0,1.0,1.0,0.0,0.0,0.0,1.0,0.0,0.0,1.0,0.0,0.0,0.0,0.0,1.0,-0.10869565217391304,-0.6671267540832758,-0.6630107090639663,-0.988954591096731,1.0,2.0,0.0
1.0,1.0,1.0,1.0,0.0,0.0,0.0,0.0,0.0,0.0,0.0,2.0,0.0,0.0,1.0,0.0,1.0,0.0,0.0,0.0,1.0,-0.6304347826086957,-0.8309178743961353,-0.831303863965324,0.5034028785005024,0.0,0.0,0.0
0.0,0.0,0.0,1.0,0.0,0.0,0.0,0.0,0.0,0.0,0.0,2.0,0.0,0.0,1.0,0.0,1.0,0.0,0.0,0.0,1.0,0.6739130434782609,-0.8373590982286635,-0.8361888063141443,0.4659154301015287,0.0,0.0,0.0
0.0,0.0,0.0,1.0,1.0,1.0,0.0,1.0,1.0,0.0,1.0,0.0,1.0,0.0,0.0,0.0,1.0,1.0,0.0,0.0,0.0,0.2608695652173913,0.07637451115711996,0.08807672233039077,-0.6126520138346533,0.0,4.0,0.0
1.0,0.0,0.0,1.0,1.0,0.0,1.0,0.0,0.0,0.0,0.0,0.0,0.0,1.0,0.0,0.0,1.0,0.0,0.0,1.0,0.0,-0.5652173913043478,0.19967793880837348,0.13435276461334886,2.1448175833984156,1.0,1.0,1.0
1.0,1.0,0.0,1.0,1.0,0.0,1.0,1.0,1.0,1.0,1.0,2.0,0.0,1.0,0.0,0.0,1.0,0.0,0.0,1.0,0.0,0.9347826086956522,0.6974925235794802,0.6730490977196509,-0.2766930715162333,0.0,5.0,0.0
1.0,1.0,0.0,1.0,1.0,1.0,0.0,1.0,1.0,1.0,1.0,1.0,0.0,1.0,0.0,0.0,1.0,0.0,1.0,0.0,0.0,0.391304347826087,0.7425810904071772,0.7655864941273957,-0.23295771505076435,0.0,5.0,0.0
1.0,0.0,0.0,1.0,0.0,0.0,0.0,0.0,0.0,0.0,0.0,0.0,0.0,1.0,0.0,0.0,1.0,0.0,0.0,0.0,1.0,-0.17391304347826086,0.08833678398895785,0.07729978814347489,5.853397300011157,0.0,0.0,0.0
0.0,0.0,0.0,1.0,0.0,0.0,0.0,1.0,0.0,1.0,1.0,0.0,0.0,1.0,0.0,0.0,1.0,1.0,0.0,0.0,0.0,0.2608695652173913,0.5070163331032896,0.4914290153332804,0.4137007698315297,0.0,3.0,0.0
1.0,1.0,0.0,1.0,1.0,0.0,0.0,0.0,0.0,1.0,0.0,0.0,0.0,1.0,0.0,0.0,1.0,0.0,0.0,1.0,0.0,-0.5,0.22728318380492285,0.11245474718760357,2.2251478299676446,0.0,1.0,0.0
1.0,0.0,0.0,1.0,0.0,0.0,0.0,0.0,0.0,0.0,0.0,0.0,0.0,0.0,1.0,1.0,0.0,0.0,1.0,0.0,0.0,-0.2608695652173913,-0.9091327352196917,-0.8803784830255711,0.04819814794153774,0.0,0.0,0.0
0.0,1.0,1.0,1.0,0.0,0.0,0.0,0.0,0.0,0.0,0.0,2.0,0.0,0.0,1.0,1.0,0.0,1.0,0.0,0.0,0.0,0.9347826086956522,-0.927536231884058,-0.9242938715302462,-0.058908847484101,0.0,0.0,0.0
1.0,0.0,1.0,1.0,1.0,1.0,0.0,0.0,0.0,0.0,0.0,0.0,1.0,0.0,0.0,1.0,0.0,0.0,1.0,0.0,0.0,-0.34782608695652173,-0.3386243386243386,-0.3491469789354106,0.5783777752984495,0.0,1.0,0.0
0.0,1.0,0.0,1.0,0.0,1.0,1.0,0.0,1.0,0.0,0.0,2.0,1.0,0.0,0.0,0.0,1.0,1.0,0.0,0.0,0.0,0.9347826086956522,-0.10582010582010583,-0.07085820171731022,-0.4779649670869127,0.0,3.0,0.0
1.0,1.0,0.0,1.0,1.0,0.0,0.0,1.0,1.0,1.0,1.0,0.0,0.0,1.0,0.0,0.0,1.0,0.0,0.0,1.0,0.0,-0.30434782608695654,0.6063952150908674,0.5892189951128877,0.004284279817025839,0.0,4.0,0.0
0.0,0.0,0.0,0.0,1.0,0.0,0.0,0.0,0.0,1.0,0.0,0.0,1.0,0.0,0.0,1.0,0.0,0.0,1.0,0.0,0.0,-0.5652173913043478,-0.6570048309178744,-0.5991542526546251,-0.3480977351333259,0.0,1.0,0.0
0.0,0.0,0.0,1.0,1.0,0.0,0.0,1.0,0.0,0.0,0.0,0.0,0.0,1.0,0.0,1.0,0.0,0.0,1.0,0.0,0.0,0.3695652173913043,0.07913503565677474,0.12033110918658728,1.794042173379449,0.0,1.0,0.0
1.0,1.0,0.0,1.0,1.0,0.0,0.0,0.0,0.0,0.0,0.0,2.0,0.0,0.0,1.0,0.0,1.0,1.0,0.0,0.0,0.0,0.9347826086956522,-0.8640441683919946,-0.8571450558575935,0.3106102867343526,0.0,0.0,0.0
0.0,0.0,0.0,1.0,0.0,0.0,0.0,0.0,0.0,1.0,0.0,1.0,1.0,0.0,0.0,1.0,0.0,0.0,0.0,0.0,1.0,-0.30434782608695654,-0.2640901771336554,-0.15549735694924416,0.7952694410353678,0.0,1.0,0.0
0.0,1.0,0.0,1.0,1.0,0.0,1.0,1.0,1.0,1.0,1.0,0.0,0.0,1.0,0.0,0.0,1.0,0.0,0.0,1.0,0.0,0.7608695652173914,0.7481021394064874,0.6993560691201023,-0.22760236527948194,0.0,5.0,0.0
0.0,1.0,1.0,1.0,0.0,1.0,1.0,1.0,0.0,0.0,0.0,1.0,0.0,1.0,0.0,1.0,0.0,1.0,0.0,0.0,0.0,0.8260869565217391,0.263170002300437,0.23830035176739342,0.058908847484101384,0.0,3.0,0.0
1.0,0.0,0.0,1.0,0.0,0.0,0.0,0.0,0.0,0.0,0.0,0.0,0.0,0.0,1.0,1.0,0.0,0.0,0.0,0.0,1.0,-0.6086956521739131,-0.9210950080515298,-0.921346061492165,-0.021421399085127673,0.0,0.0,0.0
1.0,1.0,0.0,1.0,1.0,0.0,0.0,0.0,1.0,1.0,1.0,2.0,1.0,0.0,0.0,0.0,1.0,1.0,0.0,0.0,0.0,0.4782608695652174,0.08649643432252134,0.10853634423400471,-0.19814794153743145,0.0,3.0,0.0
0.0,0.0,1.0,0.0,0.0,1.0,0.0,1.0,1.0,1.0,1.0,1.0,1.0,0.0,0.0,1.0,0.0,1.0,0.0,0.0,0.0,0.4782608695652174,-0.19047619047619052,-0.18845157618015598,-1.1380118263974115,0.0,5.0,0.0
1.0,0.0,0.0,0.0,1.0,1.0,1.0,1.0,1.0,0.0,0.0,0.0,1.0,0.0,0.0,1.0,0.0,0.0,0.0,0.0,1.0,-0.5217391304347826,-0.5014952841039798,-0.49226742633874904,-1.2852839451076647,0.0,4.0,0.0
0.0,0.0,0.0,1.0,1.0,0.0,0.0,0.0,0.0,0.0,0.0,2.0,0.0,0.0,1.0,0.0,1.0,0.0,1.0,0.0,0.0,-0.5434782608695652,-0.8318380492293537,-0.759867324600917,0.49804752872922037,0.0,0.0,0.0
1.0,1.0,1.0,1.0,1.0,1.0,1.0,1.0,1.0,0.0,0.0,2.0,1.0,0.0,0.0,0.0,1.0,0.0,1.0,0.0,0.0,0.13043478260869565,-0.024844720496894308,0.01026254079137293,-0.7304697088028559,0.0,4.0,0.0
0.0,1.0,0.0,1.0,1.0,0.0,0.0,0.0,0.0,0.0,0.0,2.0,0.0,0.0,1.0,0.0,1.0,0.0,1.0,0.0,0.0,0.9130434782608695,-0.8511617207269382,-0.8486186757346419,0.38558518353229965,0.0,0.0,0.0
0.0,0.0,0.0,1.0,1.0,0.0,0.0,0.0,0.0,1.0,0.0,0.0,0.0,1.0,0.0,1.0,0.0,0.0,0.0,0.0,1.0,-0.34782608695652173,0.20979986197377512,0.15725203619788325,2.174272007140467,0.0,1.0,0.0
0.0,0.0,0.0,1.0,0.0,0.0,0.0,0.0,0.0,0.0,0.0,0.0,0.0,0.0,1.0,1.0,0.0,0.0,0.0,1.0,0.0,-0.5652173913043478,-0.9256958822176213,-0.8931695915177794,-0.04819814794153736,0.0,0.0,0.0
1.0,1.0,0.0,1.0,0.0,0.0,0.0,0.0,0.0,0.0,0.0,2.0,0.0,0.0,1.0,1.0,0.0,0.0,0.0,0.0,1.0,0.021739130434782608,-0.9468599033816426,-0.9066146679512092,-0.17137119268102177,0.0,0.0,0.0
1.0,1.0,0.0,1.0,1.0,0.0,1.0,0.0,0.0,0.0,0.0,0.0,0.0,1.0,0.0,1.0,0.0,0.0,0.0,1.0,0.0,-0.1956521739130435,0.05797101449275373,0.04752635985532365,1.732455651009707,1.0,1.0,1.0
0.0,0.0,0.0,1.0,1.0,1.0,1.0,1.0,1.0,1.0,1.0,2.0,1.0,0.0,0.0,0.0,1.0,0.0,1.0,0.0,0.0,0.7608695652173914,0.29261559696342315,0.2654106761603089,-0.8897531120001273,0.0,6.0,0.0
0.0,1.0,0.0,1.0,0.0,0.0,0.0,0.0,0.0,0.0,0.0,2.0,0.0,0.0,1.0,1.0,0.0,1.0,0.0,0.0,0.0,0.6521739130434783,-0.9588221762134806,-0.9676597065016471,-0.24099073970768717,0.0,0.0,0.0
0.0,0.0,0.0,1.0,1.0,1.0,0.0,1.0,0.0,0.0,0.0,0.0,1.0,0.0,0.0,1.0,0.0,0.0,0.0,1.0,0.0,-0.6086956521739131,-0.2705314009661836,-0.27175592219138317,-0.2195693406225595,1.0,2.0,1.0
1.0,0.0,0.0,1.0,0.0,1.0,0.0,0.0,1.0,0.0,1.0,2.0,0.0,1.0,0.0,0.0,1.0,0.0,0.0,1.0,0.0,0.6086956521739131,0.4278812974465149,0.5164598703014562,0.2985607497489681,1.0,3.0,0.0
1.0,1.0,1.0,0.0,0.0,0.0,0.0,0.0,1.0,1.0,1.0,2.0,1.0,0.0,0.0,1.0,0.0,1.0,0.0,0.0,0.0,0.8043478260869565,-0.36714975845410636,-0.3603642380940335,-0.8581948008479303,0.0,3.0,0.0
1.0,0.0,1.0,0.0,1.0,1.0,0.0,0.0,0.0,1.0,0.0,1.0,1.0,0.0,0.0,1.0,0.0,0.0,1.0,0.0,0.0,-0.08695652173913043,-0.549344375431332,-0.5837429486425479,-0.7604596675220351,0.0,2.0,0.0
1.0,0.0,0.0,0.0,0.0,0.0,0.0,1.0,0.0,0.0,0.0,0.0,1.0,0.0,0.0,1.0,0.0,0.0,0.0,0.0,1.0,-0.41304347826086957,-0.7545433632390154,-0.8280880711965083,-0.6319312730112684,0.0,1.0,0.0
0.0,0.0,0.0,1.0,0.0,0.0,0.0,0.0,0.0,0.0,0.0,0.0,0.0,0.0,1.0,1.0,0.0,0.0,0.0,0.0,1.0,-0.5434782608695652,-0.9229353577179664,-0.9411002170720333,-0.03213209862769132,0.0,0.0,0.0
0.0,1.0,0.0,1.0,0.0,1.0,1.0,1.0,1.0,1.0,1.0,2.0,1.0,0.0,0.0,0.0,1.0,1.0,0.0,0.0,0.0,0.9347826086956522,0.39567517828387394,0.35527262339802473,-0.8040675156596164,0.0,6.0,0.0
1.0,1.0,0.0,1.0,1.0,1.0,1.0,1.0,1.0,1.0,1.0,2.0,0.0,1.0,0.0,0.0,1.0,1.0,0.0,0.0,0.0,0.9130434782608695,0.8198757763975155,0.7776924898000948,-0.4513794807223344,1.0,6.0,0.0
0.0,0.0,0.0,1.0,1.0,0.0,0.0,0.0,0.0,0.0,0.0,1.0,0.0,0.0,1.0,1.0,0.0,0.0,0.0,0.0,1.0,0.2608695652173913,-0.9339774557165862,-0.935464176086966,-0.09639629588307472,0.0,0.0,0.0
1.0,1.0,1.0,1.0,0.0,0.0,0.0,0.0,0.0,0.0,0.0,2.0,0.0,0.0,1.0,1.0,0.0,0.0,0.0,0.0,1.0,-0.43478260869565216,-0.9367379802162411,-0.8940883894517268,-0.11246234519692037,0.0,0.0,0.0
1.0,0.0,0.0,1.0,0.0,0.0,0.0,1.0,0.0,0.0,0.0,0.0,1.0,0.0,0.0,1.0,0.0,0.0,0.0,0.0,1.0,-0.6086956521739131,-0.36070853462157815,-0.36179811971822423,0.514113578043066,0.0,1.0,0.0
0.0,0.0,1.0,1.0,1.0,1.0,0.0,0.0,0.0,0.0,0.0,0.0,0.0,1.0,0.0,1.0,0.0,0.0,0.0,0.0,1.0,-0.6086956521739131,0.05705083965953521,0.05533614229387614,1.7297779761240655,0.0,1.0,0.0
0.0,1.0,1.0,1.0,0.0,1.0,0.0,1.0,1.0,1.0,1.0,2.0,0.0,1.0,0.0,0.0,1.0,0.0,0.0,1.0,0.0,0.782608695652174,0.7140556705774097,0.7772427466727304,-0.26062702220238765,0.0,5.0,0.0
0.0,0.0,0.0,1.0,0.0,0.0,0.0,0.0,0.0,0.0,0.0,0.0,0.0,1.0,0.0,0.0,1.0,0.0,0.0,1.0,0.0,-0.5434782608695652,0.08925695882217612,0.256093490861374,5.8587526497824385,0.0,0.0,0.0
0.0,0.0,0.0,1.0,0.0,0.0,1.0,0.0,0.0,0.0,0.0,0.0,0.0,1.0,0.0,1.0,0.0,0.0,0.0,1.0,0.0,-0.6086956521739131,0.07085346215780988,0.0691181113030865,1.76994309940868,0.0,1.0,0.0
1.0,0.0,0.0,1.0,1.0,0.0,0.0,0.0,0.0,0.0,0.0,0.0,1.0,0.0,0.0,1.0,0.0,0.0,0.0,1.0,0.0,-0.6086956521739131,-0.507936507936508,-0.5088057891498015,2.383130648220462,0.0,0.0,0.0
0.0,0.0,0.0,1.0,0.0,0.0,0.0,0.0,0.0,0.0,0.0,0.0,0.0,0.0,1.0,1.0,0.0,0.0,0.0,0.0,1.0,-0.4782608695652174,-0.9174143087186566,-0.8878755653269399,0.0,0.0,0.0,0.0
1.0,0.0,0.0,1.0,0.0,0.0,0.0,0.0,0.0,0.0,0.0,0.0,0.0,0.0,1.0,1.0,0.0,0.0,0.0,0.0,1.0,-0.5217391304347826,-0.9229353577179664,-0.9562603829821648,-0.03213209862769132,0.0,0.0,0.0
1.0,1.0,1.0,1.0,0.0,0.0,0.0,0.0,0.0,0.0,1.0,1.0,1.0,0.0,0.0,1.0,0.0,0.0,1.0,0.0,0.0,-0.3695652173913043,-0.310098918794571,-0.23079284763623006,0.6613856967533193,0.0,1.0,0.0
0.0,0.0,0.0,1.0,1.0,0.0,0.0,1.0,0.0,1.0,1.0,1.0,0.0,1.0,0.0,0.0,1.0,0.0,0.0,1.0,0.0,0.5652173913043478,0.5429031515988038,0.5435686589765216,0.4659154301015287,1.0,3.0,1.0
1.0,0.0,0.0,0.0,0.0,1.0,0.0,0.0,1.0,1.0,0.0,2.0,1.0,0.0,0.0,1.0,0.0,0.0,1.0,0.0,0.0,0.5434782608695652,-0.4656084656084656,-0.45982024744916355,-1.0014504072297221,0.0,3.0,0.0
0.0,1.0,0.0,1.0,1.0,0.0,0.0,0.0,0.0,0.0,0.0,0.0,0.0,1.0,0.0,1.0,0.0,0.0,0.0,1.0,0.0,-0.5869565217391305,-0.022084195997239528,0.11597680593440196,5.210755327457325,1.0,0.0,1.0
1.0,1.0,1.0,1.0,0.0,0.0,0.0,0.0,0.0,0.0,0.0,2.0,0.0,0.0,1.0,1.0,0.0,0.0,1.0,0.0,0.0,-0.13043478260869565,-0.9367379802162411,-0.9562603829821648,-0.11246234519692037,0.0,0.0,0.0
1.0,0.0,0.0,1.0,0.0,0.0,1.0,0.0,1.0,0.0,1.0,0.0,0.0,1.0,0.0,0.0,1.0,0.0,0.0,1.0,0.0,-0.30434782608695654,0.46376811594202905,0.4805558261247133,0.3507754100189671,0.0,3.0,0.0
0.0,0.0,0.0,1.0,1.0,0.0,1.0,0.0,0.0,0.0,0.0,0.0,1.0,0.0,0.0,1.0,0.0,0.0,0.0,0.0,1.0,-0.5869565217391305,-0.38463308028525417,-0.24327318623901503,0.444494031016401,0.0,1.0,0.0
1.0,0.0,0.0,1.0,0.0,0.0,1.0,0.0,0.0,1.0,1.0,0.0,0.0,1.0,0.0,0.0,1.0,0.0,0.0,1.0,0.0,0.5869565217391305,0.5171382562686909,0.5342431582579735,0.42842798170255497,0.0,3.0,0.0
0.0,1.0,0.0,1.0,1.0,1.0,0.0,1.0,0.0,1.0,1.0,0.0,0.0,1.0,0.0,0.0,1.0,0.0,0.0,1.0,0.0,0.782608695652174,0.6358408097538532,0.657770744553914,0.03855851835322989,0.0,4.0,0.0
1.0,1.0,1.0,1.0,0.0,0.0,1.0,1.0,1.0,1.0,0.0,1.0,0.0,1.0,0.0,1.0,0.0,1.0,0.0,0.0,0.0,-0.021739130434782608,0.41223832528180365,0.5196900552684851,-0.22171148053107184,0.0,4.0,0.0
0.0,0.0,0.0,0.0,0.0,0.0,0.0,0.0,0.0,0.0,0.0,0.0,1.0,0.0,0.0,1.0,0.0,0.0,0.0,0.0,1.0,-0.6086956521739131,-0.8336783988957902,-0.8340602577671661,0.48733682918665633,0.0,0.0,0.0
0.0,0.0,1.0,0.0,1.0,1.0,0.0,0.0,0.0,0.0,1.0,0.0,1.0,0.0,0.0,1.0,0.0,0.0,0.0,1.0,0.0,-0.45652173913043476,-0.5889118932597194,-0.5372885251021695,-0.8372196809104093,0.0,2.0,0.0
0.0,1.0,0.0,1.0,1.0,1.0,0.0,1.0,1.0,0.0,1.0,1.0,1.0,0.0,0.0,1.0,0.0,1.0,0.0,0.0,0.0,-0.13043478260869565,-0.032206119162640906,0.052659643964551375,-0.7390382684369071,0.0,4.0,0.0
1.0,0.0,0.0,1.0,0.0,1.0,0.0,0.0,0.0,0.0,1.0,0.0,1.0,0.0,0.0,0.0,1.0,1.0,0.0,0.0,0.0,-0.2608695652173913,-0.0874166091557396,-0.09599528212098252,0.135668860872476,0.0,2.0,0.0
1.0,0.0,0.0,1.0,0.0,1.0,1.0,0.0,1.0,1.0,0.0,1.0,1.0,0.0,0.0,1.0,0.0,0.0,0.0,1.0,0.0,0.021739130434782608,-0.0018403496664365184,-0.04465969951739457,-0.7036929599464462,0.0,4.0,0.0
0.0,1.0,0.0,1.0,1.0,1.0,1.0,0.0,0.0,1.0,1.0,1.0,0.0,1.0,0.0,0.0,1.0,0.0,0.0,1.0,0.0,0.8260869565217391,0.6459627329192545,0.6535010240976048,0.05034028785005009,1.0,4.0,1.0
1.0,1.0,1.0,1.0,1.0,0.0,0.0,0.0,0.0,0.0,1.0,0.0,0.0,1.0,0.0,1.0,0.0,0.0,0.0,1.0,0.0,-0.6086956521739131,0.19415688980906368,0.1922370344520325,2.12875153408457,0.0,1.0,0.0
0.0,1.0,0.0,0.0,1.0,0.0,0.0,0.0,1.0,1.0,1.0,0.0,1.0,0.0,0.0,1.0,0.0,0.0,0.0,1.0,0.0,-0.2826086956521739,-0.37819185645272596,-0.3666218088714478,-0.874260850161776,0.0,3.0,0.0
0.0,0.0,0.0,1.0,0.0,0.0,0.0,0.0,0.0,0.0,0.0,0.0,0.0,0.0,1.0,1.0,0.0,0.0,0.0,0.0,1.0,-0.6086956521739131,-0.9321371060501495,-0.9323716366995334,-0.08568559634051069,0.0,0.0,0.0
0.0,1.0,0.0,1.0,1.0,1.0,1.0,1.0,1.0,0.0,1.0,1.0,0.0,1.0,0.0,0.0,1.0,0.0,1.0,0.0,0.0,0.6521739130434783,0.6717276282493674,0.6190420340400874,-0.3016847037822158,0.0,5.0,0.0
0.0,1.0,0.0,1.0,0.0,0.0,0.0,1.0,0.0,1.0,0.0,0.0,0.0,1.0,0.0,0.0,1.0,0.0,0.0,1.0,0.0,-0.1956521739130435,0.3735909822866344,0.4954403526546606,1.0300122726765593,1.0,2.0,1.0
0.0,0.0,0.0,1.0,1.0,1.0,0.0,0.0,0.0,1.0,1.0,0.0,1.0,0.0,0.0,1.0,0.0,0.0,0.0,1.0,0.0,-0.34782608695652173,0.026685070163331086,0.00876015471916019,-0.28517237532076295,0.0,3.0,0.0
0.0,0.0,0.0,1.0,1.0,0.0,1.0,0.0,0.0,0.0,1.0,0.0,0.0,1.0,0.0,0.0,1.0,0.0,0.0,1.0,0.0,-0.021739130434782608,0.35794801012192323,0.42597266600585554,0.9996652906392952,0.0,2.0,0.0
0.0,1.0,0.0,1.0,1.0,0.0,0.0,0.0,1.0,0.0,1.0,1.0,0.0,1.0,0.0,0.0,1.0,0.0,0.0,1.0,0.0,0.5217391304347826,0.3800322061191628,0.3887731132663947,1.0425080888095508,0.0,2.0,0.0
0.0,0.0,0.0,1.0,0.0,0.0,0.0,0.0,0.0,0.0,0.0,0.0,0.0,0.0,1.0,1.0,0.0,1.0,0.0,0.0,0.0,-0.4782608695652174,-0.9293765815504946,-0.9359155715876162,-0.06961954702666504,0.0,0.0,0.0
0.0,1.0,1.0,1.0,1.0,0.0,0.0,0.0,0.0,0.0,0.0,2.0,0.0,0.0,1.0,0.0,1.0,0.0,0.0,0.0,1.0,0.2391304347826087,-0.8410397975615368,-0.8263882950187057,0.444494031016401,0.0,0.0,0.0
1.0,0.0,0.0,1.0,1.0,0.0,0.0,0.0,0.0,0.0,0.0,2.0,0.0,0.0,1.0,0.0,1.0,1.0,0.0,0.0,0.0,0.8478260869565217,-0.8530020703933748,-0.8920931566834001,0.3748744839897356,0.0,0.0,0.0
1.0,1.0,1.0,1.0,1.0,0.0,0.0,0.0,0.0,0.0,0.0,0.0,0.0,1.0,0.0,1.0,0.0,0.0,0.0,0.0,1.0,-0.6086956521739131,0.002760524499655039,0.0011270641909822338,5.355349771281938,0.0,0.0,0.0
0.0,1.0,1.0,1.0,1.0,0.0,1.0,0.0,1.0,1.0,1.0,1.0,0.0,1.0,0.0,0.0,1.0,0.0,1.0,0.0,0.0,0.717391304347826,0.6542443064182194,0.6896920190769502,0.05997991743835794,0.0,4.0,0.0
1.0,0.0,0.0,1.0,1.0,0.0,1.0,0.0,1.0,1.0,0.0,1.0,0.0,1.0,0.0,1.0,0.0,1.0,0.0,0.0,0.0,-0.021739130434782608,0.38187255578559925,0.33284593255790507,0.23161887760794395,0.0,3.0,0.0
1.0,1.0,0.0,1.0,1.0,1.0,1.0,1.0,0.0,0.0,0.0,0.0,0.0,1.0,0.0,0.0,1.0,0.0,0.0,1.0,0.0,0.717391304347826,0.3423050379572118,0.3680534649093142,0.17404886756666296,1.0,3.0,1.0
1.0,0.0,1.0,1.0,0.0,0.0,0.0,0.0,0.0,0.0,0.0,0.0,1.0,0.0,0.0,1.0,0.0,0.0,0.0,0.0,1.0,-0.17391304347826086,-0.45732689210950084,-0.43517069758630605,2.6776748856409687,0.0,0.0,0.0
0.0,0.0,0.0,1.0,1.0,0.0,0.0,1.0,1.0,1.0,1.0,1.0,0.0,1.0,0.0,1.0,0.0,1.0,0.0,0.0,0.0,0.2608695652173913,0.5631469979296065,0.5029027846547696,-0.04605600803302463,1.0,4.0,0.0
1.0,1.0,1.0,1.0,1.0,0.0,0.0,0.0,0.0,0.0,0.0,0.0,0.0,1.0,0.0,1.0,0.0,0.0,0.0,1.0,0.0,-0.5,-0.012882447665056413,-0.13990841866993728,5.264308825170144,0.0,0.0,0.0
1.0,1.0,0.0,1.0,0.0,0.0,1.0,0.0,0.0,0.0,1.0,0.0,0.0,1.0,0.0,0.0,1.0,0.0,1.0,0.0,0.0,0.43478260869565216,0.35978835978835977,0.40817329990790574,1.0032355238201496,1.0,2.0,1.0
0.0,1.0,1.0,1.0,1.0,1.0,0.0,1.0,1.0,1.0,1.0,1.0,0.0,1.0,0.0,0.0,1.0,0.0,0.0,1.0,0.0,0.8260869565217391,0.7158960202438465,0.699975743472942,-0.25884190561196,0.0,5.0,0.0
0.0,0.0,0.0,1.0,1.0,1.0,1.0,0.0,0.0,1.0,1.0,1.0,0.0,1.0,0.0,1.0,0.0,0.0,0.0,1.0,0.0,0.34782608695652173,0.5484242005981136,0.5339073594892564,-0.06319312730112685,0.0,4.0,0.0
1.0,1.0,1.0,1.0,0.0,0.0,0.0,0.0,0.0,0.0,0.0,2.0,0.0,0.0,1.0,1.0,0.0,0.0,1.0,0.0,0.0,0.6521739130434783,-0.942259029215551,-0.9256597399278162,-0.14459444382461206,0.0,0.0,0.0
0.0,0.0,0.0,1.0,0.0,0.0,1.0,0.0,1.0,1.0,0.0,0.0,0.0,1.0,0.0,1.0,0.0,0.0,0.0,1.0,0.0,-0.6086956521739131,0.3901541292845641,0.3879409943828198,0.24366841459332836,0.0,3.0,0.0
1.0,1.0,1.0,1.0,1.0,1.0,1.0,1.0,1.0,0.0,1.0,1.0,0.0,1.0,0.0,0.0,1.0,0.0,1.0,0.0,0.0,0.9347826086956522,0.6330802852541985,0.626598757725646,-0.3391721521811891,0.0,5.0,0.0
1.0,1.0,1.0,1.0,1.0,0.0,0.0,0.0,0.0,0.0,0.0,2.0,0.0,0.0,1.0,1.0,0.0,0.0,0.0,0.0,1.0,0.8260869565217391,-0.9146537842190017,-0.9098953708228212,0.01606604931384604,0.0,0.0,0.0
0.0,1.0,1.0,1.0,0.0,0.0,0.0,0.0,0.0,0.0,0.0,0.0,0.0,0.0,1.0,1.0,0.0,0.0,0.0,0.0,1.0,0.32608695652173914,-0.9367379802162411,-0.9712743764937135,-0.11246234519692037,0.0,0.0,0.0
0.0,0.0,0.0,1.0,1.0,0.0,0.0,0.0,0.0,0.0,0.0,0.0,1.0,0.0,0.0,1.0,0.0,0.0,0.0,0.0,1.0,-0.6086956521739131,-0.4876926616057051,-0.4885922346029596,2.5009483431886648,0.0,0.0,0.0
0.0,0.0,0.0,1.0,1.0,0.0,1.0,1.0,0.0,1.0,1.0,1.0,0.0,1.0,0.0,0.0,1.0,0.0,0.0,1.0,0.0,0.9130434782608695,0.6514837819185646,0.649668997398106,0.05676670757558865,1.0,4.0,1.0
1.0,0.0,0.0,1.0,1.0,0.0,0.0,0.0,0.0,0.0,0.0,0.0,0.0,1.0,0.0,1.0,0.0,0.0,0.0,0.0,1.0,-0.5217391304347826,0.01748332183114797,0.06856683254271832,5.441035367622448,1.0,0.0,1.0
0.0,1.0,1.0,1.0,1.0,1.0,1.0,0.0,1.0,1.0,1.0,1.0,0.0,1.0,0.0,0.0,1.0,0.0,1.0,0.0,0.0,0.8043478260869565,0.7379802162410857,0.7105365174640642,-0.23742050652683236,1.0,5.0,0.0
1.0,1.0,0.0,1.0,1.0,0.0,1.0,1.0,0.0,0.0,1.0,0.0,0.0,1.0,0.0,0.0,1.0,0.0,0.0,1.0,0.0,0.06521739130434782,0.4232804232804233,0.40884364738012224,0.2918665625348657,1.0,3.0,1.0
1.0,0.0,0.0,1.0,1.0,1.0,1.0,0.0,0.0,1.0,0.0,2.0,1.0,0.0,0.0,1.0,0.0,0.0,1.0,0.0,0.0,0.5,-0.13342535081665516,-0.11596666481419379,-0.5181300903715272,0.0,3.0,0.0
1.0,0.0,0.0,1.0,0.0,0.0,0.0,0.0,0.0,0.0,0.0,0.0,1.0,0.0,0.0,1.0,0.0,0.0,0.0,0.0,1.0,-0.6086956521739131,-0.48033126293995865,-0.48124185113138074,2.5437911413589203,0.0,0.0,0.0
1.0,0.0,0.0,1.0,0.0,0.0,0.0,0.0,0.0,0.0,0.0,0.0,0.0,0.0,1.0,1.0,0.0,0.0,0.0,0.0,1.0,-0.2391304347826087,-0.9284564067172764,-0.9311465727876035,-0.06426419725538302,0.0,0.0,0.0
1.0,0.0,0.0,1.0,1.0,1.0,1.0,0.0,0.0,0.0,0.0,1.0,1.0,0.0,0.0,1.0,0.0,0.0,0.0,0.0,1.0,0.8043478260869565,-0.28893489763054986,-0.3322016893004654,-0.2552716724311056,0.0,2.0,0.0
1.0,1.0,0.0,1.0,1.0,1.0,1.0,0.0,0.0,0.0,0.0,0.0,0.0,1.0,0.0,1.0,0.0,0.0,0.0,1.0,0.0,0.1956521739130435,0.16471129514607782,0.15990985451288478,0.6247908066495595,0.0,2.0,0.0
1.0,1.0,1.0,1.0,0.0,1.0,0.0,0.0,1.0,1.0,1.0,1.0,0.0,1.0,0.0,1.0,0.0,0.0,0.0,1.0,0.0,-0.30434782608695654,0.5778697952610997,0.745353390688342,-0.028918888764922036,0.0,4.0,0.0
0.0,1.0,1.0,1.0,0.0,1.0,0.0,1.0,1.0,0.0,1.0,2.0,0.0,1.0,0.0,0.0,1.0,0.0,0.0,0.0,1.0,0.3695652173913043,0.5364619277662757,0.5525256677681727,-0.07711703670645978,0.0,4.0,0.0
0.0,1.0,0.0,1.0,1.0,1.0,1.0,0.0,1.0,1.0,0.0,1.0,0.0,1.0,0.0,0.0,1.0,1.0,0.0,0.0,0.0,0.782608695652174,0.5456636760984588,0.5810299140400649,-0.06640633716389574,0.0,4.0,0.0
0.0,1.0,0.0,1.0,0.0,0.0,0.0,0.0,0.0,0.0,0.0,2.0,0.0,0.0,1.0,0.0,1.0,0.0,1.0,0.0,0.0,0.8478260869565217,-0.8226363008971705,-0.7805808133177008,0.5516010264420398,0.0,0.0,0.0
1.0,1.0,1.0,1.0,0.0,0.0,0.0,1.0,0.0,1.0,1.0,0.0,0.0,1.0,0.0,1.0,0.0,0.0,0.0,1.0,0.0,-0.34782608695652173,0.4876926616057051,0.5891577419172912,0.38558518353229965,0.0,3.0,0.0
0.0,0.0,0.0,1.0,1.0,0.0,0.0,0.0,1.0,1.0,1.0,0.0,0.0,1.0,0.0,0.0,1.0,0.0,0.0,1.0,0.0,-0.41304347826086957,0.5152979066022545,0.6475014107229484,0.42575030681691417,0.0,3.0,0.0
1.0,0.0,0.0,1.0,1.0,0.0,0.0,0.0,0.0,0.0,0.0,1.0,0.0,0.0,1.0,1.0,0.0,1.0,0.0,0.0,0.0,-0.08695652173913043,-0.9385783298826778,-0.9176341178390177,-0.1231730447394844,0.0,0.0,0.0
1.0,0.0,0.0,1.0,0.0,0.0,0.0,0.0,0.0,0.0,0.0,2.0,0.0,0.0,1.0,0.0,1.0,1.0,0.0,0.0,0.0,-0.41304347826086957,-0.8244766505636071,-0.834795296114324,0.5408903268994757,0.0,0.0,0.0
1.0,1.0,0.0,1.0,0.0,0.0,0.0,0.0,0.0,0.0,0.0,2.0,0.0,0.0,1.0,0.0,1.0,0.0,1.0,0.0,0.0,0.9347826086956522,-0.8217161260639522,-0.8193084464943446,0.5569563762133217,0.0,0.0,0.0
1.0,0.0,0.0,1.0,1.0,0.0,0.0,0.0,1.0,0.0,0.0,0.0,1.0,0.0,0.0,1.0,0.0,0.0,0.0,0.0,1.0,-0.5652173913043478,-0.3726708074534162,-0.3642482475420837,0.47930380452973353,0.0,1.0,0.0
1.0,0.0,0.0,1.0,1.0,0.0,1.0,0.0,0.0,0.0,0.0,0.0,1.0,0.0,0.0,0.0,1.0,0.0,0.0,0.0,1.0,-0.5869565217391305,-0.29629629629629634,-0.24878597384269924,0.7015508200379338,0.0,1.0,0.0
1.0,1.0,1.0,1.0,0.0,1.0,0.0,1.0,1.0,1.0,1.0,2.0,1.0,0.0,0.0,1.0,0.0,0.0,1.0,0.0,0.0,0.1956521739130435,0.1932367149758454,0.19465492375189403,-0.7658150172933168,0.0,5.0,0.0
1.0,1.0,0.0,1.0,1.0,0.0,0.0,1.0,1.0,1.0,1.0,2.0,0.0,1.0,0.0,0.0,1.0,1.0,0.0,0.0,0.0,0.717391304347826,0.682769726247987,0.7516960602968813,0.09318308602030581,0.0,4.0,0.0
1.0,1.0,1.0,1.0,1.0,0.0,0.0,0.0,0.0,0.0,0.0,0.0,0.0,1.0,0.0,0.0,1.0,0.0,1.0,0.0,0.0,-0.391304347826087,0.08649643432252134,-0.001963437950477122,5.842686600468594,1.0,0.0,1.0
0.0,0.0,0.0,1.0,0.0,0.0,0.0,1.0,1.0,0.0,0.0,0.0,0.0,1.0,0.0,1.0,0.0,0.0,1.0,0.0,0.0,-0.5652173913043478,0.1766735679779157,0.0354288537250168,0.6479973223251144,0.0,2.0,0.0
1.0,1.0,1.0,0.0,1.0,0.0,1.0,0.0,0.0,1.0,1.0,1.0,1.0,0.0,0.0,1.0,0.0,1.0,0.0,0.0,0.0,0.43478260869565216,-0.34414538762364855,-0.34411594723429845,-0.8247238647774182,0.0,3.0,0.0
1.0,0.0,0.0,1.0,0.0,0.0,0.0,0.0,0.0,0.0,0.0,2.0,0.0,0.0,1.0,1.0,0.0,0.0,1.0,0.0,0.0,-0.2608695652173913,-0.939498504715896,-0.898213972331608,-0.12852839451076642,0.0,0.0,0.0
0.0,0.0,0.0,1.0,1.0,0.0,0.0,0.0,0.0,0.0,0.0,0.0,0.0,0.0,1.0,1.0,0.0,0.0,0.0,0.0,1.0,-0.45652173913043476,-0.9164941338854382,-0.9810679271987433,0.005355349771282014,0.0,0.0,0.0
1.0,0.0,0.0,1.0,1.0,0.0,0.0,0.0,1.0,0.0,0.0,0.0,1.0,0.0,0.0,1.0,0.0,0.0,1.0,0.0,0.0,-0.5869565217391305,-0.3735909822866344,-0.29334767363914604,0.47662612964409273,0.0,1.0,0.0
1.0,0.0,0.0,1.0,1.0,0.0,0.0,1.0,1.0,1.0,0.0,0.0,0.0,1.0,0.0,1.0,0.0,0.0,0.0,0.0,1.0,-0.5652173913043478,0.3285024154589371,0.3080055741293998,0.1539663059243557,0.0,3.0,0.0
0.0,0.0,0.0,1.0,1.0,0.0,0.0,0.0,0.0,0.0,1.0,0.0,0.0,1.0,0.0,0.0,1.0,0.0,0.0,1.0,0.0,-0.43478260869565216,0.256728778467909,0.2597176382674997,2.310833426308156,1.0,1.0,1.0
1.0,1.0,0.0,1.0,0.0,0.0,0.0,0.0,0.0,0.0,0.0,2.0,0.0,0.0,1.0,0.0,1.0,1.0,0.0,0.0,0.0,0.8913043478260869,-0.8511617207269382,-0.8445214285293953,0.38558518353229965,0.0,0.0,0.0
1.0,1.0,1.0,1.0,0.0,1.0,1.0,1.0,0.0,0.0,1.0,1.0,0.0,1.0,0.0,1.0,0.0,0.0,0.0,0.0,1.0,0.06521739130434782,0.44720496894409933,0.5011541273063959,-0.18101082226932924,0.0,4.0,0.0
1.0,1.0,1.0,1.0,0.0,1.0,0.0,0.0,0.0,0.0,0.0,0.0,0.0,1.0,0.0,1.0,0.0,1.0,0.0,0.0,0.0,-0.15217391304347827,0.08281573498964803,0.017540136374678175,1.804752872922013,0.0,1.0,0.0
0.0,1.0,1.0,1.0,1.0,0.0,0.0,0.0,0.0,0.0,0.0,1.0,0.0,0.0,1.0,1.0,0.0,0.0,0.0,0.0,1.0,-0.32608695652173914,-0.9385783298826778,-0.9401157907142326,-0.1231730447394844,0.0,0.0,0.0
1.0,1.0,1.0,1.0,0.0,0.0,0.0,1.0,1.0,0.0,1.0,0.0,0.0,1.0,0.0,1.0,0.0,0.0,1.0,0.0,0.0,-0.5869565217391305,0.3588681849551415,0.44904105699031915,0.19814794153743182,0.0,3.0,0.0
1.0,1.0,0.0,1.0,0.0,0.0,0.0,0.0,0.0,0.0,0.0,2.0,0.0,0.0,1.0,0.0,1.0,1.0,0.0,0.0,0.0,0.8478260869565217,-0.8327582240625719,-0.8301148313449216,0.4926921789579384,0.0,0.0,0.0
1.0,0.0,0.0,1.0,0.0,0.0,0.0,0.0,0.0,0.0,0.0,1.0,0.0,0.0,1.0,1.0,0.0,1.0,0.0,0.0,0.0,-0.32608695652173914,-0.9220151828847482,-0.9352592873490823,-0.026776748856409686,0.0,0.0,0.0
0.0,0.0,0.0,1.0,1.0,1.0,1.0,0.0,0.0,1.0,0.0,0.0,0.0,1.0,0.0,1.0,0.0,0.0,0.0,1.0,0.0,-0.5869565217391305,0.3800322061191628,0.25104010222466344,0.22894120272230312,0.0,3.0,0.0
0.0,0.0,0.0,1.0,1.0,0.0,0.0,0.0,0.0,1.0,0.0,0.0,0.0,1.0,0.0,1.0,0.0,0.0,0.0,1.0,0.0,-0.5869565217391305,0.17023234414538763,0.21428818486676915,2.059131987057905,0.0,1.0,0.0
0.0,1.0,0.0,1.0,1.0,0.0,1.0,1.0,0.0,1.0,1.0,1.0,0.0,1.0,0.0,1.0,0.0,0.0,0.0,1.0,0.0,0.41304347826086957,0.48861283643892334,0.49947923523930415,-0.13281267432779187,0.0,4.0,0.0
0.0,1.0,0.0,1.0,1.0,0.0,0.0,0.0,1.0,0.0,0.0,0.0,1.0,0.0,0.0,1.0,0.0,0.0,0.0,1.0,0.0,-0.5,-0.392914653784219,-0.4677661481001528,0.4203949570456321,0.0,1.0,0.0
1.0,1.0,0.0,1.0,1.0,0.0,1.0,1.0,0.0,1.0,1.0,0.0,0.0,1.0,0.0,0.0,1.0,0.0,0.0,1.0,0.0,0.30434782608695654,0.5981136415919025,0.5893073136739801,-0.005355349771281633,1.0,4.0,1.0
0.0,0.0,0.0,1.0,1.0,1.0,1.0,1.0,1.0,0.0,1.0,1.0,1.0,0.0,0.0,1.0,0.0,0.0,0.0,0.0,1.0,0.15217391304347827,0.09293765815504941,0.07093018500614962,-0.8631038714716054,0.0,5.0,0.0
1.0,0.0,0.0,1.0,0.0,0.0,1.0,1.0,0.0,1.0,1.0,0.0,0.0,1.0,0.0,1.0,0.0,0.0,0.0,1.0,0.0,0.8043478260869565,0.5337014032666206,0.5712272610245002,-0.08033024656922906,0.0,4.0,0.0
1.0,1.0,1.0,1.0,1.0,0.0,1.0,0.0,0.0,1.0,1.0,0.0,0.0,1.0,0.0,1.0,0.0,0.0,0.0,1.0,0.0,0.6304347826086957,0.41131815044858516,0.3836479902431693,0.2744616757781993,0.0,3.0,0.0
0.0,0.0,0.0,1.0,1.0,1.0,0.0,0.0,0.0,1.0,0.0,0.0,0.0,1.0,0.0,0.0,1.0,1.0,0.0,0.0,0.0,-0.13043478260869565,0.35978835978835977,0.436437546200737,1.0032355238201496,0.0,2.0,0.0
1.0,0.0,0.0,1.0,1.0,0.0,0.0,1.0,0.0,1.0,1.0,0.0,0.0,1.0,0.0,0.0,1.0,0.0,0.0,1.0,0.0,-0.6086956521739131,0.5695882217621349,0.5671065915025546,0.5047417159433228,0.0,3.0,0.0
0.0,0.0,0.0,1.0,0.0,0.0,0.0,0.0,0.0,0.0,0.0,1.0,0.0,0.0,1.0,1.0,0.0,0.0,1.0,0.0,0.0,-0.30434782608695654,-0.927536231884058,-0.9266138363134634,-0.058908847484101,0.0,0.0,0.0
1.0,1.0,1.0,1.0,0.0,1.0,1.0,1.0,1.0,1.0,0.0,2.0,0.0,1.0,0.0,1.0,0.0,0.0,1.0,0.0,0.0,0.9130434782608695,0.546583850931677,0.5686724302350566,-0.423072631931273,0.0,5.0,0.0
0.0,0.0,0.0,1.0,1.0,0.0,1.0,0.0,0.0,0.0,1.0,0.0,0.0,1.0,0.0,0.0,1.0,0.0,0.0,1.0,0.0,-0.3695652173913043,0.3432252127904303,0.32232350860007924,0.9711034251924583,0.0,2.0,0.0
1.0,0.0,0.0,1.0,0.0,0.0,0.0,0.0,0.0,0.0,0.0,0.0,1.0,0.0,0.0,1.0,0.0,0.0,0.0,0.0,1.0,-0.6086956521739131,-0.4683689901081206,-0.4692974779900651,2.613410688385585,0.0,0.0,0.0
1.0,0.0,0.0,1.0,0.0,0.0,0.0,0.0,1.0,0.0,0.0,0.0,1.0,0.0,0.0,1.0,0.0,0.0,0.0,0.0,1.0,-0.43478260869565216,-0.39199447895100065,-0.382624206221031,0.4230726319312733,1.0,1.0,0.0
1.0,1.0,1.0,1.0,0.0,0.0,0.0,0.0,0.0,0.0,0.0,2.0,0.0,0.0,1.0,1.0,0.0,0.0,0.0,0.0,1.0,0.021739130434782608,-0.9063722107200368,-0.8610729170252184,0.0642641972553834,0.0,0.0,0.0
1.0,0.0,0.0,1.0,1.0,0.0,0.0,1.0,0.0,1.0,1.0,0.0,0.0,1.0,0.0,0.0,1.0,0.0,0.0,1.0,0.0,0.13043478260869565,0.5686680469289166,0.538518850072021,0.5034028785005024,1.0,3.0,1.0
0.0,1.0,0.0,1.0,1.0,0.0,0.0,0.0,0.0,0.0,0.0,0.0,1.0,0.0,0.0,0.0,1.0,0.0,1.0,0.0,0.0,0.43478260869565216,-0.33770416379112034,-0.32817761572704846,3.3738703559076204,0.0,0.0,0.0
0.0,1.0,1.0,0.0,1.0,0.0,1.0,1.0,1.0,1.0,1.0,2.0,1.0,0.0,0.0,1.0,0.0,1.0,0.0,0.0,0.0,0.6956521739130435,-0.16655164481251433,-0.16711839354987013,-1.1148053107218563,0.0,5.0,0.0
0.0,1.0,0.0,0.0,0.0,1.0,1.0,1.0,1.0,1.0,1.0,2.0,1.0,0.0,0.0,1.0,0.0,1.0,0.0,0.0,0.0,0.8913043478260869,-0.10950080515297912,-0.11453647000821955,-1.2240799477215856,0.0,6.0,0.0
0.0,0.0,0.0,1.0,1.0,0.0,0.0,1.0,0.0,1.0,1.0,0.0,0.0,1.0,0.0,0.0,1.0,0.0,0.0,1.0,0.0,-0.41304347826086957,0.5539452495974234,0.651084722665343,0.48198147941537434,0.0,3.0,0.0
1.0,1.0,1.0,1.0,0.0,0.0,0.0,0.0,0.0,0.0,0.0,2.0,0.0,0.0,1.0,0.0,1.0,0.0,0.0,0.0,1.0,0.9347826086956522,-0.8171152518978606,-0.8246042956969578,0.5837331250697314,0.0,0.0,0.0
0.0,1.0,1.0,1.0,0.0,1.0,0.0,1.0,0.0,0.0,0.0,1.0,1.0,0.0,0.0,1.0,0.0,0.0,1.0,0.0,0.0,0.717391304347826,-0.2898550724637681,-0.28190715742935,-0.25705678902153284,0.0,2.0,0.0
0.0,1.0,1.0,1.0,1.0,0.0,0.0,0.0,0.0,0.0,0.0,0.0,1.0,0.0,0.0,1.0,0.0,0.0,0.0,1.0,0.0,-0.45652173913043476,-0.461007591442374,-0.351346793219573,2.6562534865558414,0.0,0.0,0.0
1.0,0.0,0.0,1.0,1.0,0.0,0.0,0.0,0.0,1.0,0.0,0.0,0.0,1.0,0.0,1.0,0.0,0.0,0.0,1.0,0.0,-0.5869565217391305,0.17391304347826092,0.30570857929453116,2.069842686600469,0.0,1.0,0.0
1.0,0.0,0.0,1.0,1.0,0.0,1.0,1.0,0.0,1.0,1.0,0.0,0.0,1.0,0.0,0.0,1.0,1.0,0.0,0.0,0.0,0.43478260869565216,0.6109960892569589,0.5915766181107444,0.009639629588307852,0.0,4.0,0.0
1.0,0.0,0.0,1.0,0.0,0.0,0.0,0.0,0.0,0.0,0.0,0.0,0.0,0.0,1.0,1.0,0.0,0.0,0.0,0.0,1.0,-0.6086956521739131,-0.939498504715896,-0.9397220201711122,-0.12852839451076642,0.0,0.0,0.0
1.0,1.0,0.0,1.0,1.0,0.0,0.0,0.0,1.0,1.0,1.0,0.0,0.0,1.0,0.0,1.0,0.0,0.0,1.0,0.0,0.0,-0.08695652173913043,0.46376811594202905,0.42164250260000896,0.3507754100189671,0.0,3.0,0.0
1.0,0.0,0.0,1.0,1.0,1.0,1.0,1.0,1.0,1.0,0.0,2.0,1.0,0.0,0.0,1.0,0.0,1.0,0.0,0.0,0.0,0.9347826086956522,0.08465608465608455,0.0648176265289164,-0.8711368961285284,0.0,5.0,0.0
0.0,0.0,0.0,0.0,1.0,0.0,0.0,1.0,0.0,1.0,1.0,0.0,1.0,0.0,0.0,1.0,0.0,0.0,1.0,0.0,0.0,0.21739130434782608,-0.3653094087876697,-0.39935104040314956,-0.8555171259622893,0.0,3.0,0.0
0.0,1.0,1.0,1.0,1.0,0.0,1.0,1.0,0.0,1.0,0.0,0.0,1.0,0.0,0.0,0.0,1.0,1.0,0.0,0.0,0.0,-0.5652173913043478,-0.024844720496894308,0.14231568004089268,-0.36014727211870995,0.0,3.0,0.0
0.0,1.0,1.0,1.0,1.0,0.0,1.0,1.0,0.0,1.0,1.0,0.0,0.0,1.0,0.0,0.0,1.0,0.0,0.0,1.0,0.0,0.8695652173913043,0.6155969634230505,0.6861108978168662,0.014994979359589485,0.0,4.0,0.0
1.0,0.0,0.0,1.0,0.0,0.0,0.0,0.0,0.0,0.0,0.0,0.0,0.0,0.0,1.0,1.0,0.0,0.0,1.0,0.0,0.0,-0.2826086956521739,-0.9339774557165862,-0.9584425280752897,-0.09639629588307472,0.0,0.0,0.0
0.0,0.0,0.0,0.0,1.0,1.0,0.0,0.0,1.0,0.0,0.0,1.0,1.0,0.0,0.0,1.0,0.0,0.0,0.0,0.0,1.0,-0.3695652173913043,-0.6790890269151139,-0.6303168159143395,-1.0121611067722858,0.0,2.0,0.0
1.0,1.0,1.0,1.0,1.0,1.0,1.0,0.0,1.0,0.0,0.0,1.0,1.0,0.0,0.0,0.0,1.0,0.0,1.0,0.0,0.0,0.9130434782608695,-0.06717276282493684,-0.0680933604383758,-0.42173379448845255,0.0,3.0,0.0
0.0,1.0,1.0,1.0,0.0,0.0,0.0,0.0,0.0,0.0,0.0,0.0,0.0,0.0,1.0,1.0,0.0,1.0,0.0,0.0,0.0,-0.3695652173913043,-0.9404186795491144,-0.9937779652850152,-0.13388374428204844,0.0,0.0,0.0
1.0,0.0,0.0,1.0,1.0,0.0,1.0,0.0,1.0,1.0,1.0,2.0,0.0,1.0,0.0,0.0,1.0,0.0,0.0,1.0,0.0,0.9130434782608695,0.6680469289164941,0.6758741497395622,0.0760459667522036,1.0,4.0,0.0
1.0,1.0,1.0,1.0,0.0,1.0,0.0,1.0,1.0,0.0,0.0,1.0,1.0,0.0,0.0,1.0,0.0,0.0,0.0,0.0,1.0,0.3695652173913043,-0.25028755463538077,-0.27443242052070793,-0.6881624456097288,0.0,3.0,0.0
0.0,1.0,1.0,1.0,0.0,1.0,1.0,1.0,1.0,1.0,1.0,2.0,1.0,0.0,0.0,0.0,1.0,1.0,0.0,0.0,0.0,0.9347826086956522,0.4076374511157121,0.4212729416532433,-0.7941218660843785,0.0,6.0,0.0
0.0,0.0,0.0,1.0,1.0,0.0,0.0,0.0,0.0,0.0,0.0,1.0,0.0,1.0,0.0,0.0,1.0,0.0,1.0,0.0,0.0,-0.15217391304347827,0.10121923165401427,0.1926546698765539,5.9283721968091045,0.0,0.0,0.0
1.0,1.0,0.0,1.0,0.0,1.0,0.0,1.0,0.0,0.0,0.0,0.0,1.0,0.0,0.0,1.0,0.0,0.0,0.0,0.0,1.0,-0.6086956521739131,-0.27237175063262015,-0.2735935180592778,-0.22313957380341393,0.0,2.0,0.0
0.0,1.0,1.0,1.0,1.0,1.0,1.0,1.0,1.0,1.0,1.0,2.0,0.0,1.0,0.0,0.0,1.0,0.0,1.0,0.0,0.0,0.9347826086956522,0.8447204968944101,0.883287930522189,-0.4307231316045326,0.0,6.0,0.0
1.0,0.0,0.0,1.0,1.0,0.0,0.0,0.0,0.0,0.0,0.0,0.0,0.0,0.0,1.0,0.0,1.0,1.0,0.0,0.0,0.0,0.2608695652173913,-0.8327582240625719,-0.8505313914611005,0.4926921789579384,0.0,0.0,0.0
0.0,1.0,0.0,1.0,1.0,0.0,0.0,1.0,0.0,1.0,1.0,1.0,0.0,1.0,0.0,1.0,0.0,1.0,0.0,0.0,0.0,0.5217391304347826,0.4481251437773176,0.43651593421150836,0.32801517349101866,0.0,3.0,0.0
0.0,1.0,1.0,1.0,1.0,1.0,0.0,0.0,0.0,1.0,1.0,2.0,0.0,1.0,0.0,0.0,1.0,1.0,0.0,0.0,0.0,0.717391304347826,0.564067172762825,0.670382443142541,0.4967086912864,0.0,3.0,0.0
0.0,0.0,0.0,1.0,1.0,0.0,0.0,0.0,0.0,1.0,1.0,0.0,0.0,1.0,0.0,0.0,1.0,0.0,0.0,1.0,0.0,-0.5869565217391305,0.4692891649413389,0.3089243720633471,1.2156643980809998,0.0,2.0,0.0
0.0,1.0,1.0,1.0,1.0,0.0,1.0,0.0,1.0,0.0,1.0,2.0,0.0,1.0,0.0,0.0,1.0,1.0,0.0,0.0,0.0,0.8695652173913043,0.41959972394755,0.4067830099847837,0.2865112127635837,0.0,3.0,0.0
0.0,0.0,0.0,1.0,1.0,0.0,0.0,0.0,0.0,0.0,0.0,0.0,1.0,0.0,0.0,1.0,0.0,0.0,0.0,0.0,1.0,-0.5434782608695652,-0.46376811594202905,-0.3923481510219739,2.6401874372419947,0.0,0.0,0.0
0.0,0.0,0.0,1.0,1.0,0.0,0.0,0.0,1.0,1.0,0.0,0.0,1.0,0.0,0.0,1.0,0.0,1.0,0.0,0.0,0.0,-0.43478260869565216,-0.20243846330802853,-0.21489253894597454,-0.08747071293093828,0.0,2.0,0.0
1.0,0.0,0.0,1.0,0.0,1.0,1.0,1.0,1.0,0.0,0.0,1.0,1.0,0.0,0.0,0.0,1.0,0.0,0.0,1.0,0.0,0.7391304347826086,0.01840349666436623,0.037689388324411106,-0.6801294209528058,0.0,4.0,0.0
1.0,0.0,0.0,1.0,0.0,0.0,0.0,0.0,0.0,0.0,0.0,0.0,1.0,0.0,0.0,0.0,1.0,0.0,0.0,1.0,0.0,-0.5217391304347826,-0.4297216471129515,-0.4770153806352228,2.8383353787794268,0.0,0.0,0.0
0.0,0.0,0.0,1.0,0.0,0.0,0.0,0.0,0.0,0.0,0.0,2.0,0.0,0.0,1.0,1.0,0.0,0.0,0.0,0.0,1.0,0.2608695652173913,-0.9174143087186566,-0.9228251020687633,0.0,0.0,0.0,0.0
0.0,0.0,0.0,1.0,1.0,0.0,0.0,0.0,0.0,1.0,1.0,0.0,0.0,1.0,0.0,0.0,1.0,0.0,0.0,0.0,1.0,-0.5217391304347826,0.4306418219461699,0.4921326800924502,1.140689501283053,0.0,2.0,0.0
1.0,1.0,0.0,1.0,1.0,0.0,0.0,1.0,0.0,1.0,1.0,0.0,0.0,1.0,0.0,1.0,0.0,0.0,1.0,0.0,0.0,-0.5869565217391305,0.46008741660915575,0.37186203053874106,0.3454200602476851,1.0,3.0,1.0
1.0,1.0,0.0,1.0,1.0,1.0,1.0,0.0,1.0,0.0,0.0,2.0,1.0,0.0,0.0,1.0,0.0,0.0,0.0,0.0,1.0,0.08695652173913043,-0.17391304347826092,-0.1731939620043028,-0.5770389378556287,0.0,3.0,0.0
1.0,0.0,0.0,1.0,0.0,0.0,0.0,0.0,0.0,0.0,0.0,0.0,0.0,0.0,1.0,1.0,0.0,0.0,0.0,0.0,1.0,-0.6086956521739131,-0.9440993788819876,-0.944316009840849,-0.1553051433671761,0.0,0.0,0.0
0.0,1.0,0.0,1.0,0.0,0.0,0.0,0.0,0.0,0.0,0.0,2.0,0.0,0.0,1.0,0.0,1.0,0.0,0.0,0.0,1.0,0.4782608695652174,-0.8281573498964804,-0.8354834937824964,0.5194689278143481,0.0,0.0,0.0
0.0,0.0,0.0,1.0,0.0,0.0,0.0,1.0,0.0,1.0,1.0,0.0,0.0,1.0,0.0,0.0,1.0,0.0,0.0,1.0,0.0,-0.45652173913043476,0.5677478720956981,0.49567005213814747,0.5020640410576817,1.0,3.0,1.0
1.0,0.0,0.0,1.0,0.0,0.0,0.0,0.0,0.0,0.0,0.0,0.0,0.0,1.0,0.0,0.0,1.0,0.0,0.0,0.0,1.0,-0.4782608695652174,0.05981136415919025,0.13395899407022854,5.687381457101417,1.0,0.0,1.0
1.0,0.0,0.0,1.0,0.0,0.0,1.0,1.0,0.0,1.0,1.0,0.0,0.0,1.0,0.0,0.0,1.0,0.0,0.0,0.0,1.0,-0.5217391304347826,0.6183574879227052,0.6944519851476583,0.01820818922235877,0.0,4.0,0.0
0.0,0.0,0.0,1.0,0.0,0.0,0.0,0.0,0.0,0.0,1.0,0.0,0.0,1.0,0.0,1.0,0.0,0.0,1.0,0.0,0.0,-0.6086956521739131,0.17759374281113421,0.17569867164098021,2.080553386143033,0.0,1.0,0.0
0.0,0.0,0.0,0.0,1.0,0.0,0.0,0.0,0.0,1.0,1.0,1.0,1.0,0.0,0.0,1.0,0.0,0.0,1.0,0.0,0.0,-0.21739130434782608,-0.4720496894409938,-0.4329324229201486,-0.6105098739261405,0.0,2.0,0.0
0.0,0.0,0.0,1.0,1.0,0.0,1.0,0.0,0.0,1.0,1.0,0.0,0.0,1.0,0.0,0.0,1.0,0.0,0.0,1.0,0.0,0.15217391304347827,0.5272601794340926,0.548424366845625,0.4431551935735806,0.0,3.0,0.0
0.0,0.0,0.0,1.0,1.0,1.0,0.0,1.0,0.0,0.0,0.0,1.0,1.0,0.0,0.0,1.0,0.0,0.0,1.0,0.0,0.0,0.8478260869565217,-0.29537612146307796,-0.3040354554884455,-0.2677674885640965,0.0,2.0,0.0
0.0,0.0,0.0,1.0,1.0,0.0,0.0,1.0,0.0,1.0,1.0,0.0,0.0,1.0,0.0,0.0,1.0,0.0,0.0,1.0,0.0,0.21739130434782608,0.5383022774327122,0.6045417175805633,0.4592212428874263,1.0,3.0,1.0
1.0,0.0,0.0,1.0,1.0,0.0,1.0,0.0,0.0,0.0,0.0,0.0,0.0,1.0,0.0,0.0,1.0,0.0,0.0,1.0,0.0,-0.30434782608695654,0.17851391764435248,0.19407463031992736,2.0832310610286737,1.0,1.0,1.0
1.0,1.0,1.0,1.0,0.0,0.0,0.0,0.0,0.0,0.0,0.0,2.0,0.0,0.0,1.0,1.0,0.0,1.0,0.0,0.0,0.0,0.9347826086956522,-0.9109730848861284,-0.9158970793005606,0.037487448398973715,0.0,0.0,0.0
1.0,1.0,0.0,0.0,0.0,1.0,1.0,0.0,0.0,0.0,0.0,0.0,1.0,0.0,0.0,1.0,0.0,0.0,0.0,0.0,1.0,-0.4782608695652174,-0.6680469289164941,-0.6235242740455144,-0.9907397076871581,0.0,2.0,0.0
1.0,1.0,0.0,1.0,0.0,0.0,0.0,0.0,0.0,0.0,0.0,2.0,0.0,0.0,1.0,0.0,1.0,1.0,0.0,0.0,0.0,0.9130434782608695,-0.8474810213940649,-0.849213953269312,0.4070065826174273,0.0,0.0,0.0
1.0,1.0,1.0,1.0,1.0,1.0,1.0,0.0,0.0,1.0,0.0,0.0,1.0,0.0,0.0,1.0,0.0,0.0,0.0,1.0,0.0,-0.32608695652173914,-0.09293765815504941,-0.06647021237800198,-0.4592212428874259,0.0,3.0,0.0
1.0,1.0,0.0,1.0,1.0,0.0,0.0,0.0,0.0,0.0,0.0,0.0,0.0,0.0,1.0,1.0,0.0,1.0,0.0,0.0,0.0,-0.15217391304347827,-0.9210950080515298,-0.903262447610383,-0.021421399085127673,0.0,0.0,0.0
0.0,0.0,0.0,1.0,1.0,1.0,1.0,1.0,1.0,1.0,1.0,2.0,0.0,1.0,0.0,0.0,1.0,0.0,1.0,0.0,0.0,0.9347826086956522,0.8622038187255577,0.855979214152087,-0.4161871822253392,1.0,6.0,0.0
1.0,1.0,0.0,1.0,1.0,1.0,0.0,1.0,1.0,0.0,0.0,2.0,0.0,1.0,0.0,0.0,1.0,0.0,1.0,0.0,0.0,0.5,0.38831377961812735,0.33825522918551265,0.24099073970768717,0.0,3.0,0.0
0.0,0.0,0.0,1.0,1.0,0.0,0.0,1.0,0.0,0.0,1.0,0.0,1.0,0.0,0.0,1.0,0.0,0.0,0.0,1.0,0.0,0.13043478260869565,-0.1545893719806763,-0.1966245025640307,0.005355349771282014,0.0,2.0,0.0
0.0,1.0,1.0,1.0,0.0,0.0,0.0,0.0,0.0,0.0,0.0,2.0,0.0,0.0,1.0,1.0,0.0,1.0,0.0,0.0,0.0,0.45652173913043476,-0.9266160570508397,-0.9550108177919964,-0.05355349771281937,0.0,0.0,0.0
0.0,1.0,0.0,1.0,1.0,1.0,0.0,0.0,0.0,1.0,1.0,0.0,0.0,1.0,0.0,0.0,1.0,0.0,0.0,1.0,0.0,0.6086956521739131,0.5364619277662757,0.4750333669638298,0.45654356800178547,0.0,3.0,0.0
0.0,1.0,1.0,1.0,1.0,0.0,1.0,1.0,1.0,1.0,1.0,1.0,0.0,1.0,0.0,0.0,1.0,0.0,1.0,0.0,0.0,0.8260869565217391,0.7701863354037266,0.7292812835452629,-0.20618096619435466,0.0,5.0,0.0
1.0,0.0,0.0,1.0,1.0,1.0,0.0,1.0,0.0,0.0,0.0,0.0,0.0,1.0,0.0,1.0,0.0,1.0,0.0,0.0,0.0,-0.391304347826087,0.16563146997929606,0.03203208560557501,0.6265759232399868,0.0,2.0,0.0
1.0,1.0,0.0,1.0,1.0,0.0,1.0,0.0,1.0,1.0,0.0,1.0,1.0,0.0,0.0,0.0,1.0,0.0,0.0,1.0,0.0,0.13043478260869565,-0.027605244996549344,-0.015175036294198124,-0.36416378444717157,0.0,3.0,0.0
1.0,1.0,0.0,1.0,1.0,0.0,0.0,0.0,0.0,0.0,0.0,0.0,0.0,1.0,0.0,0.0,1.0,0.0,0.0,1.0,0.0,-0.6086956521739131,0.05613066482631695,0.05441734435992883,5.66596005801629,1.0,0.0,1.0
0.0,0.0,0.0,1.0,1.0,0.0,0.0,0.0,0.0,0.0,0.0,0.0,0.0,1.0,0.0,0.0,1.0,0.0,0.0,1.0,0.0,0.0,0.0680929376581551,-0.03410408417279249,5.735579605042955,0.0,0.0,0.0
0.0,0.0,0.0,1.0,0.0,0.0,0.0,0.0,0.0,0.0,0.0,1.0,0.0,0.0,1.0,1.0,0.0,1.0,0.0,0.0,0.0,0.06521739130434782,-0.9192546583850932,-0.9212599241858576,-0.010710699542563646,0.0,0.0,0.0
1.0,0.0,0.0,1.0,1.0,0.0,1.0,0.0,0.0,0.0,0.0,0.0,1.0,0.0,0.0,1.0,0.0,0.0,0.0,0.0,1.0,-0.1956521739130435,-0.34414538762364855,-0.35642315180463213,0.5623117259846034,0.0,1.0,0.0
0.0,1.0,1.0,1.0,0.0,0.0,0.0,0.0,0.0,0.0,0.0,0.0,0.0,0.0,1.0,1.0,0.0,1.0,0.0,0.0,0.0,-0.15217391304347827,-0.9468599033816426,-0.9178796874686364,-0.17137119268102177,0.0,0.0,0.0
0.0,0.0,0.0,1.0,1.0,0.0,0.0,0.0,0.0,0.0,0.0,0.0,0.0,1.0,0.0,0.0,1.0,1.0,0.0,0.0,0.0,-0.06521739130434782,0.08189556015642978,-0.000251132709938855,5.815909851612184,0.0,0.0,0.0
1.0,0.0,0.0,0.0,0.0,0.0,0.0,1.0,1.0,1.0,1.0,2.0,1.0,0.0,0.0,1.0,0.0,1.0,0.0,0.0,0.0,-0.15217391304347827,-0.2530480791350357,-0.20723124910280744,-0.9960950574584402,0.0,4.0,0.0
1.0,1.0,0.0,1.0,0.0,0.0,0.0,0.0,0.0,0.0,0.0,2.0,0.0,0.0,1.0,0.0,1.0,1.0,0.0,0.0,0.0,0.8913043478260869,-0.8345985737290086,-0.7876347107332832,0.48198147941537434,0.0,0.0,0.0
0.0,1.0,1.0,1.0,0.0,0.0,1.0,1.0,1.0,1.0,1.0,2.0,1.0,0.0,0.0,0.0,1.0,1.0,0.0,0.0,0.0,0.8478260869565217,0.27237175063262015,0.20537044021375067,-0.6890550039049425,0.0,5.0,0.0
1.0,0.0,0.0,1.0,1.0,0.0,1.0,1.0,0.0,0.0,1.0,0.0,0.0,1.0,0.0,1.0,0.0,0.0,1.0,0.0,0.0,-0.2608695652173913,0.3763515067862895,0.4455550295350486,0.2235858529510211,0.0,3.0,0.0
0.0,0.0,0.0,0.0,1.0,0.0,0.0,0.0,1.0,0.0,0.0,0.0,1.0,0.0,0.0,1.0,0.0,0.0,0.0,1.0,0.0,-0.5869565217391305,-0.7287784679089028,-0.7545842364807197,-0.5569563762133214,0.0,1.0,0.0
0.0,1.0,0.0,1.0,0.0,0.0,0.0,0.0,0.0,0.0,0.0,1.0,0.0,0.0,1.0,1.0,0.0,0.0,0.0,1.0,0.0,0.5652173913043478,-0.9348976305498045,-0.9162342038960216,-0.10175164565435672,0.0,0.0,0.0
1.0,0.0,0.0,1.0,1.0,1.0,1.0,0.0,0.0,1.0,1.0,1.0,0.0,1.0,0.0,0.0,1.0,0.0,0.0,1.0,0.0,0.1956521739130435,0.6321601104209799,0.582653619700664,0.03427423853620443,0.0,4.0,0.0
0.0,1.0,1.0,0.0,0.0,1.0,0.0,0.0,1.0,0.0,0.0,0.0,1.0,0.0,0.0,1.0,0.0,0.0,0.0,0.0,1.0,-0.4782608695652174,-0.6597653554175293,-0.6497756435868675,-0.9746736583733125,0.0,2.0,0.0
0.0,1.0,1.0,1.0,1.0,0.0,0.0,0.0,1.0,1.0,0.0,0.0,0.0,1.0,0.0,1.0,0.0,0.0,0.0,1.0,0.0,-0.5217391304347826,0.280653324131585,0.4336971314933981,0.8497154970434008,0.0,2.0,0.0
0.0,0.0,0.0,1.0,1.0,0.0,1.0,0.0,1.0,1.0,1.0,2.0,0.0,1.0,0.0,1.0,0.0,1.0,0.0,0.0,0.0,0.2608695652173913,0.5208189556015642,0.4773333104441858,-0.09532522592881854,0.0,4.0,0.0
0.0,0.0,0.0,1.0,1.0,0.0,0.0,0.0,0.0,1.0,1.0,0.0,1.0,0.0,0.0,1.0,0.0,0.0,0.0,1.0,0.0,-0.391304347826087,-0.10305958132045079,-0.10085950647717443,0.10532187883521191,0.0,2.0,0.0
0.0,1.0,0.0,1.0,1.0,0.0,1.0,1.0,1.0,1.0,1.0,2.0,1.0,0.0,0.0,0.0,1.0,0.0,1.0,0.0,0.0,0.9130434782608695,0.2355647573038877,0.22845837835511212,-0.7247573357134888,0.0,5.0,0.0
0.0,0.0,0.0,1.0,1.0,1.0,0.0,0.0,0.0,0.0,0.0,0.0,0.0,1.0,0.0,1.0,0.0,0.0,1.0,0.0,0.0,0.043478260869565216,0.05613066482631695,-0.05548274399738719,1.7271003012384247,1.0,1.0,1.0
1.0,1.0,0.0,1.0,1.0,1.0,1.0,1.0,1.0,1.0,1.0,2.0,1.0,0.0,0.0,0.0,1.0,0.0,1.0,0.0,0.0,0.8478260869565217,0.3735909822866344,0.4061142770469253,-0.8224287148754402,0.0,6.0,0.0
0.0,1.0,0.0,1.0,1.0,1.0,0.0,1.0,1.0,1.0,0.0,2.0,0.0,1.0,0.0,0.0,1.0,1.0,0.0,0.0,0.0,0.9347826086956522,0.5097768576029447,0.4934751459626066,-0.10817806537989491,0.0,4.0,0.0
0.0,1.0,1.0,1.0,0.0,1.0,1.0,1.0,0.0,0.0,0.0,2.0,1.0,0.0,0.0,0.0,1.0,0.0,0.0,1.0,0.0,-0.10869565217391304,-0.11318150448585242,-0.10373075002075992,-0.48867566662947676,0.0,3.0,0.0
0.0,0.0,0.0,1.0,1.0,0.0,0.0,1.0,0.0,1.0,1.0,0.0,0.0,1.0,0.0,0.0,1.0,0.0,0.0,1.0,0.0,-0.391304347826087,0.5567057740970784,0.5901600669361425,0.48599799174383596,0.0,3.0,0.0
0.0,1.0,0.0,1.0,1.0,1.0,0.0,0.0,0.0,0.0,1.0,0.0,1.0,0.0,0.0,1.0,0.0,0.0,0.0,0.0,1.0,-0.5869565217391305,-0.15366919714745805,-0.2579739531821728,0.007140466361709224,0.0,2.0,0.0
1.0,1.0,1.0,1.0,1.0,1.0,1.0,1.0,0.0,1.0,1.0,2.0,0.0,1.0,0.0,0.0,1.0,0.0,1.0,0.0,0.0,0.9347826086956522,0.6974925235794802,0.6852359314268701,-0.2766930715162333,0.0,5.0,0.0
0.0,0.0,0.0,1.0,0.0,0.0,0.0,0.0,0.0,0.0,0.0,0.0,0.0,0.0,1.0,1.0,0.0,0.0,0.0,0.0,1.0,-0.3695652173913043,-0.9348976305498045,-0.9597058752344674,-0.10175164565435672,0.0,0.0,0.0
1.0,0.0,1.0,1.0,0.0,0.0,1.0,1.0,1.0,1.0,1.0,1.0,1.0,0.0,0.0,0.0,1.0,0.0,1.0,0.0,0.0,0.06521739130434782,0.2429261559696343,0.21503470818810147,-0.7176168693517793,0.0,5.0,0.0
0.0,0.0,0.0,1.0,1.0,0.0,1.0,0.0,0.0,0.0,0.0,0.0,0.0,1.0,0.0,1.0,0.0,0.0,0.0,1.0,0.0,-0.6086956521739131,0.04600874166091558,0.04431056708650795,1.6976458774963743,1.0,1.0,1.0
1.0,1.0,1.0,1.0,1.0,0.0,0.0,0.0,0.0,0.0,0.0,0.0,0.0,0.0,1.0,1.0,0.0,0.0,0.0,1.0,0.0,-0.3695652173913043,-0.9082125603864735,-0.8284709036689865,0.05355349771281937,0.0,0.0,0.0
1.0,0.0,0.0,1.0,1.0,0.0,1.0,0.0,0.0,1.0,1.0,0.0,0.0,1.0,0.0,0.0,1.0,0.0,0.0,1.0,0.0,0.30434782608695654,0.5686680469289166,0.6378967672041268,0.5034028785005024,0.0,3.0,0.0
1.0,1.0,1.0,1.0,0.0,0.0,0.0,0.0,0.0,0.0,0.0,2.0,0.0,0.0,1.0,1.0,0.0,1.0,0.0,0.0,0.0,-0.3695652173913043,-0.9100529100529101,-0.8958494188251259,0.04284279817025573,0.0,0.0,0.0
1.0,0.0,0.0,0.0,0.0,1.0,0.0,0.0,1.0,1.0,1.0,1.0,1.0,0.0,0.0,1.0,0.0,0.0,1.0,0.0,0.0,-0.06521739130434782,-0.2935357717966414,-0.3339161362611295,-1.0432221354457212,0.0,4.0,0.0
0.0,0.0,0.0,1.0,1.0,0.0,0.0,0.0,0.0,0.0,0.0,0.0,0.0,1.0,0.0,1.0,0.0,0.0,0.0,1.0,0.0,-0.6086956521739131,-0.004600874166091558,-0.006223319280596733,5.312506973111682,0.0,0.0,0.0
1.0,0.0,0.0,1.0,0.0,0.0,0.0,0.0,0.0,0.0,0.0,0.0,0.0,0.0,1.0,0.0,1.0,0.0,1.0,0.0,0.0,-0.391304347826087,-0.871405567057741,-0.8875175921059215,0.2677674885640969,0.0,0.0,0.0
1.0,0.0,0.0,0.0,1.0,0.0,0.0,0.0,1.0,0.0,0.0,0.0,1.0,0.0,0.0,1.0,0.0,0.0,1.0,0.0,0.0,-0.021739130434782608,-0.7435012652403956,-0.7649863416614808,-0.5997991743835768,0.0,1.0,0.0
0.0,1.0,0.0,1.0,1.0,0.0,1.0,1.0,0.0,1.0,1.0,2.0,1.0,0.0,0.0,0.0,1.0,1.0,0.0,0.0,0.0,0.8043478260869565,0.18495514147688055,0.16879376595555767,-0.4862657592323998,1.0,4.0,1.0
1.0,1.0,1.0,1.0,0.0,0.0,1.0,0.0,1.0,1.0,0.0,0.0,0.0,1.0,0.0,0.0,1.0,0.0,0.0,0.0,1.0,-0.1956521739130435,0.4840119622728318,0.3812337694650039,0.3802298337610176,0.0,3.0,0.0
0.0,1.0,0.0,1.0,1.0,1.0,0.0,1.0,1.0,1.0,1.0,1.0,0.0,1.0,0.0,1.0,0.0,0.0,0.0,1.0,0.0,0.717391304347826,0.6220381872555786,0.6630616983139925,-0.3498828517237531,0.0,5.0,0.0
0.0,0.0,0.0,1.0,1.0,0.0,0.0,0.0,0.0,0.0,0.0,0.0,0.0,1.0,0.0,0.0,1.0,0.0,0.0,1.0,0.0,-0.6086956521739131,0.0680929376581551,0.06636171750124459,5.735579605042955,1.0,0.0,1.0
1.0,0.0,1.0,1.0,0.0,1.0,0.0,0.0,0.0,0.0,0.0,0.0,0.0,1.0,0.0,0.0,1.0,0.0,0.0,1.0,0.0,-0.17391304347826086,0.18127444214400726,0.231745345611769,2.091264085685596,0.0,1.0,0.0
1.0,0.0,0.0,0.0,1.0,0.0,0.0,0.0,0.0,0.0,0.0,0.0,1.0,0.0,0.0,1.0,0.0,0.0,0.0,0.0,1.0,-0.6086956521739131,-0.8474810213940649,-0.8478422267763764,0.4070065826174273,0.0,0.0,0.0
1.0,1.0,1.0,1.0,1.0,0.0,0.0,1.0,1.0,1.0,0.0,2.0,0.0,1.0,0.0,0.0,1.0,1.0,0.0,0.0,0.0,0.1956521739130435,0.4490453186105361,0.4516040196481721,0.3293540109338394,0.0,3.0,0.0
1.0,1.0,1.0,1.0,0.0,1.0,0.0,1.0,1.0,1.0,1.0,0.0,1.0,0.0,0.0,1.0,0.0,0.0,0.0,1.0,0.0,-0.2391304347826087,0.23464458247066944,0.34766701827812735,-0.7256498940087023,0.0,5.0,0.0
1.0,1.0,0.0,1.0,1.0,0.0,0.0,0.0,0.0,0.0,0.0,2.0,0.0,0.0,1.0,1.0,0.0,1.0,0.0,0.0,0.0,0.6739130434782609,-0.9201748332183115,-0.9299827620712702,-0.01606604931384566,0.0,0.0,0.0
0.0,0.0,0.0,1.0,1.0,0.0,1.0,1.0,1.0,0.0,0.0,1.0,0.0,1.0,0.0,0.0,1.0,1.0,0.0,0.0,0.0,0.8913043478260869,0.36346905912123306,0.3792649167494029,0.20484212875153424,0.0,3.0,0.0
0.0,1.0,1.0,1.0,1.0,0.0,0.0,1.0,1.0,0.0,1.0,2.0,1.0,0.0,0.0,0.0,1.0,1.0,0.0,0.0,0.0,0.8260869565217391,-0.011042097998619634,-0.03114057071316919,-0.3400647104764027,0.0,3.0,0.0
1.0,1.0,1.0,1.0,1.0,0.0,0.0,0.0,0.0,0.0,0.0,0.0,0.0,0.0,1.0,0.0,1.0,1.0,0.0,0.0,0.0,-0.5217391304347826,-0.8207959512307339,-0.8009835321450612,0.5623117259846034,0.0,0.0,0.0
1.0,1.0,0.0,1.0,0.0,1.0,1.0,1.0,1.0,1.0,1.0,1.0,0.0,1.0,0.0,0.0,1.0,1.0,0.0,0.0,0.0,0.8043478260869565,0.8336783988957902,0.914147708099125,-0.4399037312124449,0.0,6.0,0.0
1.0,1.0,0.0,1.0,0.0,0.0,0.0,0.0,0.0,0.0,0.0,2.0,0.0,0.0,1.0,0.0,1.0,0.0,0.0,0.0,1.0,0.9347826086956522,-0.829997699562917,-0.8384755922830798,0.5087582282717841,0.0,0.0,0.0
0.0,1.0,0.0,1.0,1.0,1.0,1.0,1.0,0.0,1.0,1.0,2.0,1.0,0.0,0.0,0.0,1.0,0.0,1.0,0.0,0.0,0.9347826086956522,0.2502875546353806,0.2672849601401493,-0.7104764029900703,1.0,5.0,1.0
1.0,0.0,1.0,1.0,1.0,0.0,0.0,0.0,0.0,0.0,0.0,0.0,0.0,0.0,1.0,1.0,0.0,0.0,0.0,0.0,1.0,-0.5652173913043478,-0.9284564067172764,-0.8349790557011135,-0.06426419725538302,0.0,0.0,0.0
1.0,1.0,0.0,1.0,1.0,0.0,0.0,0.0,0.0,0.0,0.0,2.0,0.0,0.0,1.0,1.0,0.0,0.0,0.0,0.0,1.0,0.41304347826086957,-0.9284564067172764,-0.9005199749893584,-0.06426419725538302,0.0,0.0,0.0
0.0,0.0,0.0,1.0,1.0,0.0,0.0,0.0,0.0,0.0,0.0,0.0,0.0,1.0,0.0,0.0,1.0,0.0,0.0,1.0,0.0,-0.4782608695652174,0.08097538532321151,0.12345844625368735,5.810554501840903,0.0,0.0,0.0
0.0,1.0,0.0,1.0,0.0,1.0,1.0,0.0,0.0,1.0,0.0,0.0,0.0,1.0,0.0,1.0,0.0,0.0,0.0,1.0,0.0,-0.5869565217391305,0.36530940878766954,0.45317564769308216,0.20751980363717507,0.0,3.0,0.0
1.0,0.0,0.0,1.0,1.0,0.0,1.0,1.0,0.0,1.0,1.0,0.0,0.0,1.0,0.0,0.0,1.0,0.0,0.0,1.0,0.0,0.5,0.5990338164251208,0.5986991050775139,-0.004284279817025459,0.0,4.0,0.0
0.0,1.0,1.0,1.0,1.0,0.0,0.0,0.0,0.0,0.0,0.0,2.0,0.0,0.0,1.0,1.0,0.0,0.0,0.0,0.0,1.0,0.1956521739130435,-0.9256958822176213,-0.9363611540443049,-0.04819814794153736,0.0,0.0,0.0
1.0,1.0,1.0,1.0,0.0,0.0,0.0,0.0,0.0,0.0,0.0,2.0,0.0,0.0,1.0,1.0,0.0,0.0,0.0,1.0,0.0,0.9347826086956522,-0.9229353577179664,-0.9514622159937728,-0.03213209862769132,0.0,0.0,0.0
0.0,0.0,0.0,1.0,1.0,0.0,0.0,0.0,0.0,0.0,0.0,0.0,0.0,1.0,0.0,0.0,1.0,0.0,0.0,1.0,0.0,-0.43478260869565216,0.07453416149068318,-0.025313898574836326,5.773067053441928,1.0,0.0,1.0
0.0,1.0,1.0,1.0,0.0,0.0,0.0,0.0,0.0,0.0,0.0,2.0,0.0,0.0,1.0,1.0,0.0,1.0,0.0,0.0,0.0,0.6086956521739131,-0.9385783298826778,-0.9207174102742011,-0.1231730447394844,0.0,0.0,0.0
1.0,0.0,1.0,1.0,0.0,0.0,0.0,0.0,0.0,0.0,0.0,0.0,1.0,0.0,0.0,1.0,0.0,0.0,0.0,0.0,1.0,-0.34782608695652173,-0.4876926616057051,-0.3651199276332647,2.5009483431886648,0.0,0.0,0.0
1.0,1.0,0.0,1.0,1.0,0.0,1.0,1.0,0.0,1.0,1.0,1.0,0.0,1.0,0.0,0.0,1.0,1.0,0.0,0.0,0.0,0.2391304347826087,0.6533241315850011,0.6225330768679289,0.058908847484101384,0.0,4.0,0.0
0.0,1.0,1.0,1.0,1.0,0.0,0.0,0.0,0.0,0.0,0.0,2.0,0.0,0.0,1.0,1.0,0.0,1.0,0.0,0.0,0.0,0.21739130434782608,-0.9321371060501495,-0.894371096508326,-0.08568559634051069,0.0,0.0,0.0
0.0,0.0,0.0,1.0,1.0,0.0,1.0,1.0,1.0,1.0,1.0,0.0,0.0,1.0,0.0,0.0,1.0,0.0,0.0,1.0,0.0,0.08695652173913043,0.735219691741431,0.7383928002796497,-0.2400981814124732,1.0,5.0,0.0
0.0,0.0,0.0,1.0,0.0,0.0,0.0,0.0,0.0,0.0,0.0,2.0,0.0,0.0,1.0,0.0,1.0,0.0,1.0,0.0,0.0,0.41304347826086957,-0.8557625948930297,-0.8442244599114588,0.35880843467588996,0.0,0.0,0.0
0.0,0.0,0.0,0.0,1.0,0.0,0.0,0.0,1.0,0.0,0.0,0.0,1.0,0.0,0.0,1.0,0.0,0.0,0.0,1.0,0.0,-0.41304347826086957,-0.7517828387393605,-0.7616589805721143,-0.6238982483543456,1.0,1.0,0.0
0.0,0.0,0.0,1.0,0.0,1.0,0.0,0.0,0.0,0.0,0.0,0.0,0.0,1.0,0.0,1.0,0.0,0.0,0.0,1.0,0.0,-0.391304347826087,0.10858063031976087,0.10394890570818198,1.8797277697199604,0.0,1.0,0.0
0.0,1.0,0.0,1.0,0.0,0.0,0.0,0.0,0.0,0.0,0.0,1.0,0.0,0.0,1.0,0.0,1.0,0.0,0.0,1.0,0.0,0.391304347826087,-0.8023924545663677,-0.8080797800178887,0.6694187214102422,0.0,0.0,0.0
1.0,0.0,0.0,1.0,1.0,0.0,0.0,0.0,0.0,1.0,0.0,0.0,0.0,1.0,0.0,1.0,0.0,0.0,0.0,1.0,0.0,-0.6086956521739131,0.1555095468138947,0.1536475212262436,2.0162891888876495,0.0,1.0,0.0
1.0,0.0,0.0,1.0,1.0,1.0,1.0,1.0,1.0,1.0,1.0,2.0,1.0,0.0,0.0,0.0,1.0,0.0,0.0,0.0,1.0,0.5,0.3450655624568668,0.3469484711759375,-0.846145263862546,0.0,6.0,0.0
1.0,1.0,0.0,1.0,0.0,1.0,1.0,0.0,1.0,1.0,1.0,2.0,1.0,0.0,0.0,0.0,1.0,0.0,0.0,1.0,0.0,0.8043478260869565,0.2714515757994019,0.24487301912256237,-0.689947562200156,0.0,5.0,0.0
0.0,1.0,1.0,1.0,1.0,0.0,0.0,1.0,0.0,0.0,0.0,0.0,0.0,1.0,0.0,0.0,1.0,0.0,1.0,0.0,0.0,-0.391304347826087,0.13986657464918326,0.14763357111313358,1.9707687158317526,1.0,1.0,1.0
1.0,1.0,1.0,1.0,1.0,0.0,1.0,0.0,0.0,0.0,0.0,0.0,0.0,1.0,0.0,0.0,1.0,1.0,0.0,0.0,0.0,0.3695652173913043,0.1748332183114792,0.20877539726308506,2.07252036148611,0.0,1.0,0.0
0.0,1.0,0.0,1.0,1.0,0.0,0.0,0.0,0.0,1.0,1.0,0.0,0.0,1.0,0.0,0.0,1.0,0.0,0.0,1.0,0.0,0.32608695652173914,0.4711295146077754,0.5254683396777586,1.2192346312618543,0.0,2.0,0.0
1.0,1.0,1.0,1.0,1.0,1.0,1.0,0.0,0.0,1.0,1.0,0.0,0.0,1.0,0.0,0.0,1.0,0.0,1.0,0.0,0.0,0.9130434782608695,0.6367609845870714,0.6564370441509857,0.03962958830748644,1.0,4.0,1.0
0.0,1.0,1.0,1.0,0.0,0.0,1.0,0.0,1.0,0.0,0.0,0.0,1.0,0.0,0.0,1.0,0.0,0.0,0.0,1.0,0.0,-0.15217391304347827,-0.28249367379802165,-0.2897560089882608,-0.24277585629811438,0.0,2.0,0.0
0.0,1.0,1.0,1.0,1.0,1.0,0.0,1.0,1.0,1.0,0.0,2.0,1.0,0.0,0.0,0.0,1.0,1.0,0.0,0.0,0.0,-0.13043478260869565,0.12238325281803554,0.10854652699030584,-0.5590985161218339,0.0,4.0,0.0
1.0,1.0,0.0,1.0,1.0,1.0,0.0,1.0,0.0,1.0,1.0,0.0,0.0,1.0,0.0,0.0,1.0,0.0,0.0,1.0,0.0,0.5,0.620197837589142,0.6706303817909691,0.020350329130871498,1.0,4.0,1.0
1.0,1.0,1.0,1.0,0.0,0.0,0.0,0.0,0.0,0.0,0.0,2.0,0.0,0.0,1.0,1.0,0.0,0.0,1.0,0.0,0.0,0.9347826086956522,-0.9404186795491144,-0.9492035044061523,-0.13388374428204844,0.0,0.0,0.0
0.0,1.0,1.0,1.0,1.0,0.0,0.0,1.0,1.0,0.0,0.0,0.0,0.0,1.0,0.0,0.0,1.0,0.0,0.0,1.0,0.0,0.2391304347826087,0.2640901771336553,0.22028334138577568,0.817583398415709,0.0,2.0,0.0
0.0,1.0,0.0,1.0,1.0,0.0,1.0,0.0,0.0,1.0,1.0,1.0,0.0,1.0,0.0,1.0,0.0,0.0,1.0,0.0,0.0,0.8695652173913043,0.4628479411088108,0.49896906935750196,0.3494365725761467,0.0,3.0,0.0
0.0,0.0,0.0,1.0,0.0,0.0,0.0,0.0,1.0,1.0,1.0,0.0,0.0,1.0,0.0,0.0,1.0,0.0,0.0,1.0,0.0,0.0,0.5180584311019095,0.5168578493218474,0.42976681914537573,1.0,3.0,0.0
1.0,0.0,0.0,1.0,0.0,1.0,1.0,1.0,1.0,1.0,1.0,2.0,0.0,1.0,0.0,0.0,1.0,1.0,0.0,0.0,0.0,0.9347826086956522,0.7968714055670577,0.7052835919023042,-0.47050572990548445,1.0,6.0,0.0
0.0,1.0,0.0,1.0,1.0,1.0,1.0,0.0,0.0,1.0,0.0,0.0,0.0,1.0,0.0,0.0,1.0,0.0,0.0,1.0,0.0,0.30434782608695654,0.4416839199447895,0.479265235538425,0.3186433113912754,1.0,3.0,1.0
1.0,1.0,1.0,1.0,0.0,0.0,0.0,0.0,0.0,0.0,0.0,2.0,0.0,0.0,1.0,0.0,1.0,0.0,0.0,0.0,1.0,0.8260869565217391,-0.8134345525649874,-0.8339231237471739,0.6051545241548592,0.0,0.0,0.0
0.0,1.0,1.0,1.0,0.0,0.0,0.0,0.0,0.0,0.0,0.0,2.0,0.0,0.0,1.0,1.0,0.0,0.0,0.0,0.0,1.0,0.5652173913043478,-0.9109730848861284,-0.8927630930379119,0.037487448398973715,0.0,0.0,0.0
1.0,1.0,0.0,1.0,1.0,0.0,0.0,0.0,0.0,0.0,0.0,2.0,0.0,0.0,1.0,0.0,1.0,0.0,0.0,1.0,0.0,0.9130434782608695,-0.8465608465608466,-0.8270722171427777,0.41236193238870933,0.0,0.0,0.0
0.0,0.0,1.0,1.0,0.0,0.0,0.0,0.0,0.0,0.0,0.0,0.0,0.0,0.0,1.0,1.0,0.0,0.0,1.0,0.0,0.0,-0.08695652173913043,-0.9284564067172764,-0.9504168281222596,-0.06426419725538302,0.0,0.0,0.0
0.0,0.0,0.0,1.0,0.0,0.0,0.0,0.0,0.0,0.0,0.0,0.0,0.0,0.0,1.0,1.0,0.0,0.0,0.0,0.0,1.0,-0.6086956521739131,-0.9118932597193466,-0.9121580821526915,0.0321320986276917,0.0,0.0,0.0
1.0,0.0,0.0,1.0,0.0,0.0,1.0,1.0,1.0,1.0,1.0,2.0,0.0,1.0,0.0,0.0,1.0,1.0,0.0,0.0,0.0,0.9347826086956522,0.7122153209109732,0.7135782954726623,-0.26241213879281483,0.0,5.0,0.0
1.0,1.0,0.0,1.0,1.0,1.0,1.0,0.0,0.0,1.0,1.0,1.0,1.0,0.0,0.0,1.0,0.0,0.0,0.0,0.0,1.0,0.5,0.09017713365539463,0.0688530734375247,-0.5965859645208075,0.0,4.0,0.0
0.0,0.0,0.0,1.0,1.0,0.0,0.0,0.0,0.0,0.0,0.0,1.0,0.0,0.0,1.0,1.0,0.0,0.0,0.0,0.0,1.0,-0.15217391304347827,-0.9431792040487693,-0.9525434277039232,-0.14994979359589408,0.0,0.0,0.0
1.0,0.0,0.0,1.0,0.0,1.0,1.0,1.0,0.0,0.0,1.0,1.0,1.0,0.0,0.0,0.0,1.0,0.0,1.0,0.0,0.0,0.8478260869565217,0.11502185415228894,0.11707125641454492,-0.5676670757558853,0.0,4.0,0.0
1.0,1.0,0.0,1.0,1.0,0.0,0.0,0.0,0.0,0.0,0.0,0.0,0.0,1.0,0.0,1.0,0.0,0.0,0.0,1.0,0.0,-0.41304347826086957,-0.007361398665746597,-0.08496430221988524,5.296440923797835,0.0,0.0,0.0
0.0,1.0,1.0,1.0,1.0,1.0,0.0,0.0,0.0,1.0,1.0,0.0,0.0,1.0,0.0,0.0,1.0,0.0,0.0,1.0,0.0,-0.41304347826086957,0.5475040257648953,0.6592620242774746,0.4726096173156311,0.0,3.0,0.0
0.0,1.0,1.0,1.0,1.0,0.0,1.0,1.0,1.0,1.0,1.0,1.0,0.0,1.0,0.0,1.0,0.0,1.0,0.0,0.0,0.0,0.5652173913043478,0.6109960892569589,0.5928329336530804,-0.36059355126631676,0.0,5.0,0.0
1.0,0.0,0.0,1.0,0.0,0.0,0.0,0.0,0.0,0.0,0.0,1.0,0.0,0.0,1.0,0.0,1.0,0.0,0.0,1.0,0.0,0.5869565217391305,-0.8391994478951001,-0.8593928293745718,0.45520473055896465,0.0,0.0,0.0
0.0,1.0,1.0,1.0,1.0,1.0,1.0,0.0,1.0,1.0,1.0,0.0,0.0,1.0,0.0,0.0,1.0,0.0,0.0,1.0,0.0,0.3695652173913043,0.7306188175753394,0.6891069780362604,-0.2445609728885416,1.0,5.0,0.0
1.0,0.0,0.0,1.0,1.0,1.0,0.0,0.0,0.0,0.0,1.0,0.0,0.0,1.0,0.0,1.0,0.0,0.0,0.0,0.0,1.0,-0.6086956521739131,0.25948930296756373,0.25747168776229484,0.8086578154635726,0.0,2.0,0.0
1.0,0.0,0.0,1.0,1.0,0.0,0.0,0.0,0.0,0.0,0.0,0.0,0.0,1.0,0.0,0.0,1.0,0.0,1.0,0.0,0.0,0.30434782608695654,0.08925695882217612,0.05388315951461072,5.8587526497824385,0.0,0.0,0.0
1.0,1.0,0.0,1.0,1.0,0.0,1.0,1.0,0.0,1.0,1.0,0.0,0.0,1.0,0.0,0.0,1.0,0.0,0.0,1.0,0.0,0.21739130434782608,0.6468829077524731,0.7217709103836932,0.05141135780430702,1.0,4.0,1.0
1.0,1.0,0.0,0.0,1.0,1.0,0.0,0.0,1.0,1.0,0.0,1.0,1.0,0.0,0.0,1.0,0.0,1.0,0.0,0.0,0.0,0.45652173913043476,-0.47941108810674027,-0.4928370810577964,-1.0215329688720294,0.0,3.0,0.0
0.0,0.0,0.0,1.0,0.0,0.0,0.0,0.0,0.0,0.0,0.0,0.0,0.0,0.0,1.0,1.0,0.0,0.0,1.0,0.0,0.0,-0.5,-0.9348976305498045,-0.9003668420003671,-0.10175164565435672,0.0,0.0,0.0
1.0,1.0,1.0,1.0,0.0,0.0,0.0,0.0,0.0,0.0,0.0,2.0,0.0,0.0,1.0,0.0,1.0,0.0,0.0,0.0,1.0,0.34782608695652173,-0.8474810213940649,-0.8527424824240957,0.4070065826174273,0.0,0.0,0.0
0.0,0.0,0.0,0.0,1.0,0.0,0.0,1.0,0.0,1.0,1.0,0.0,1.0,0.0,0.0,1.0,0.0,0.0,0.0,1.0,0.0,-0.15217391304347827,-0.366229583620888,-0.40063821419872625,-0.8568559634051097,0.0,3.0,0.0
0.0,1.0,1.0,1.0,0.0,0.0,0.0,0.0,0.0,0.0,0.0,2.0,0.0,0.0,1.0,0.0,1.0,1.0,0.0,0.0,0.0,0.9347826086956522,-0.8355187485622269,-0.8229708771477181,0.47662612964409273,0.0,0.0,0.0
0.0,0.0,0.0,1.0,1.0,0.0,0.0,1.0,1.0,1.0,1.0,0.0,0.0,1.0,0.0,1.0,0.0,0.0,0.0,1.0,0.0,-0.4782608695652174,0.5502645502645503,0.5798385057301108,-0.061050987392613734,0.0,4.0,0.0
1.0,0.0,0.0,1.0,1.0,0.0,0.0,0.0,0.0,0.0,0.0,0.0,0.0,0.0,1.0,1.0,0.0,0.0,0.0,0.0,1.0,-0.6086956521739131,-0.9339774557165862,-0.9342092325674282,-0.09639629588307472,0.0,0.0,0.0
0.0,0.0,0.0,1.0,1.0,1.0,1.0,1.0,1.0,1.0,1.0,2.0,0.0,1.0,0.0,0.0,1.0,1.0,0.0,0.0,0.0,0.9347826086956522,0.8456406717276284,0.7480970234077682,-0.4299580816372068,0.0,6.0,0.0
1.0,1.0,0.0,1.0,1.0,0.0,1.0,1.0,1.0,1.0,0.0,0.0,0.0,1.0,0.0,1.0,0.0,0.0,0.0,0.0,1.0,-0.41304347826086957,0.40487692661605706,0.41936388372381933,-0.23028004016512316,1.0,4.0,0.0
1.0,1.0,0.0,0.0,0.0,0.0,1.0,0.0,0.0,1.0,0.0,0.0,1.0,0.0,0.0,1.0,0.0,0.0,0.0,1.0,0.0,-0.6086956521739131,-0.5576259489302967,-0.5584208775829587,-0.7765257168358807,1.0,2.0,1.0
0.0,1.0,0.0,1.0,1.0,0.0,0.0,1.0,1.0,0.0,1.0,1.0,1.0,0.0,0.0,0.0,1.0,0.0,0.0,0.0,1.0,0.41304347826086957,-0.01748332183114797,0.0181248259690083,-0.3494365725761463,0.0,3.0,0.0
1.0,0.0,0.0,1.0,1.0,0.0,0.0,0.0,0.0,0.0,0.0,1.0,0.0,0.0,1.0,1.0,0.0,1.0,0.0,0.0,0.0,-0.06521739130434782,-0.9367379802162411,-0.9636461048358184,-0.11246234519692037,0.0,0.0,0.0
0.0,1.0,0.0,1.0,0.0,0.0,1.0,1.0,1.0,0.0,0.0,2.0,0.0,1.0,0.0,0.0,1.0,0.0,1.0,0.0,0.0,0.8478260869565217,0.3625488842880148,0.404709056677359,0.20350329130871384,0.0,3.0,0.0
0.0,1.0,0.0,1.0,0.0,0.0,0.0,1.0,0.0,1.0,1.0,1.0,1.0,0.0,0.0,0.0,1.0,1.0,0.0,0.0,0.0,0.45652173913043476,0.09569818265470445,0.1274434041500649,-0.1847595671092266,0.0,3.0,0.0
0.0,1.0,0.0,1.0,1.0,1.0,1.0,1.0,1.0,1.0,1.0,2.0,0.0,1.0,0.0,0.0,1.0,0.0,1.0,0.0,0.0,0.9347826086956522,0.8290775247296986,0.8243700130078148,-0.4437289810490747,0.0,6.0,0.0
0.0,0.0,0.0,1.0,0.0,0.0,0.0,0.0,0.0,0.0,0.0,1.0,0.0,0.0,1.0,1.0,0.0,0.0,0.0,0.0,1.0,-0.2608695652173913,-0.9174143087186566,-0.9397760671084032,0.0,1.0,0.0,1.0
1.0,1.0,0.0,1.0,1.0,0.0,1.0,1.0,1.0,1.0,1.0,1.0,0.0,1.0,0.0,0.0,1.0,1.0,0.0,0.0,0.0,0.8043478260869565,0.6781688520818955,0.6662950048264172,-0.2954367957157201,1.0,5.0,0.0
1.0,1.0,0.0,1.0,0.0,1.0,1.0,1.0,0.0,0.0,0.0,0.0,0.0,1.0,0.0,0.0,1.0,0.0,1.0,0.0,0.0,-0.2608695652173913,0.3625488842880148,0.27471266075813083,0.20350329130871384,0.0,3.0,0.0
1.0,1.0,0.0,1.0,1.0,1.0,0.0,0.0,1.0,0.0,1.0,1.0,1.0,0.0,0.0,1.0,0.0,0.0,0.0,0.0,1.0,-0.1956521739130435,-0.11686220381872546,-0.12617238955742435,-0.4940310164007584,0.0,3.0,0.0
0.0,0.0,0.0,1.0,1.0,0.0,0.0,1.0,1.0,1.0,1.0,0.0,0.0,1.0,0.0,0.0,1.0,0.0,0.0,1.0,0.0,-0.021739130434782608,0.6036346905912123,0.5999536176411725,0.0010710699542565549,1.0,4.0,0.0
1.0,0.0,0.0,1.0,1.0,1.0,0.0,0.0,0.0,0.0,0.0,0.0,1.0,0.0,0.0,1.0,0.0,1.0,0.0,0.0,0.0,0.34782608695652173,-0.36070853462157815,-0.3585108648878792,0.514113578043066,0.0,1.0,0.0
1.0,1.0,1.0,1.0,0.0,1.0,1.0,0.0,0.0,0.0,0.0,0.0,1.0,0.0,0.0,1.0,0.0,0.0,0.0,0.0,1.0,0.2826086956521739,-0.2944559466298597,-0.29032876614189035,-0.26598237197366925,0.0,2.0,0.0
0.0,0.0,0.0,1.0,1.0,0.0,0.0,0.0,0.0,0.0,0.0,0.0,1.0,0.0,0.0,1.0,0.0,0.0,0.0,1.0,0.0,-0.6086956521739131,-0.46376811594202905,-0.4647034883203283,2.6401874372419947,0.0,0.0,0.0
0.0,1.0,0.0,1.0,1.0,0.0,0.0,0.0,0.0,0.0,0.0,0.0,0.0,1.0,0.0,0.0,1.0,0.0,1.0,0.0,0.0,-0.10869565217391304,0.09017713365539463,0.04113305756494002,5.864107999553722,0.0,0.0,0.0
1.0,1.0,1.0,1.0,1.0,0.0,0.0,0.0,0.0,0.0,0.0,1.0,1.0,0.0,0.0,1.0,0.0,0.0,0.0,0.0,1.0,-0.45652173913043476,-0.49781458477110646,-0.5035227010296042,2.442039495704564,0.0,0.0,0.0
0.0,1.0,1.0,0.0,0.0,1.0,0.0,0.0,1.0,0.0,0.0,1.0,1.0,0.0,0.0,1.0,0.0,0.0,1.0,0.0,0.0,-0.3695652173913043,-0.6873706004140787,-0.6160754479381555,-1.0282271560861318,0.0,2.0,0.0
1.0,0.0,0.0,1.0,0.0,0.0,0.0,0.0,0.0,0.0,0.0,0.0,0.0,0.0,1.0,1.0,0.0,0.0,1.0,0.0,0.0,-0.43478260869565216,-0.9348976305498045,-0.9281860016671066,-0.10175164565435672,0.0,0.0,0.0
0.0,1.0,0.0,1.0,0.0,0.0,1.0,0.0,0.0,0.0,0.0,0.0,0.0,1.0,0.0,0.0,1.0,0.0,0.0,1.0,0.0,0.30434782608695654,0.18311479181044404,0.15537828012507457,2.0966194354568786,0.0,1.0,0.0
0.0,1.0,1.0,1.0,1.0,0.0,0.0,0.0,0.0,0.0,0.0,1.0,0.0,0.0,1.0,1.0,0.0,0.0,0.0,1.0,0.0,0.5,-0.9220151828847482,-0.9117163523767553,-0.026776748856409686,0.0,0.0,0.0
0.0,1.0,0.0,1.0,1.0,1.0,0.0,0.0,0.0,0.0,0.0,0.0,0.0,1.0,0.0,1.0,0.0,1.0,0.0,0.0,0.0,0.06521739130434782,0.09201748332183116,0.037821556678004624,1.8315296217784227,0.0,1.0,0.0
1.0,0.0,0.0,1.0,0.0,0.0,0.0,0.0,0.0,0.0,0.0,0.0,0.0,1.0,0.0,1.0,0.0,0.0,0.0,1.0,0.0,-0.6086956521739131,-0.025764895330112825,-0.027355671761386067,5.189333928372196,1.0,0.0,1.0
0.0,1.0,1.0,1.0,1.0,1.0,1.0,1.0,1.0,1.0,1.0,2.0,0.0,1.0,0.0,0.0,1.0,1.0,0.0,0.0,0.0,0.9347826086956522,0.8668046928916493,0.823476737238699,-0.41236193238870894,0.0,6.0,0.0
1.0,0.0,0.0,1.0,1.0,0.0,1.0,0.0,0.0,1.0,0.0,0.0,0.0,1.0,0.0,1.0,0.0,0.0,0.0,1.0,0.0,-0.5,0.2732919254658384,0.20188441275847985,0.8354345643199823,0.0,2.0,0.0
0.0,1.0,1.0,0.0,0.0,1.0,1.0,0.0,1.0,1.0,0.0,2.0,1.0,0.0,0.0,1.0,0.0,1.0,0.0,0.0,0.0,0.717391304347826,-0.40119622728318377,-0.4054410215807236,-1.1685373200937186,0.0,4.0,0.0
0.0,0.0,0.0,1.0,1.0,0.0,0.0,0.0,0.0,0.0,0.0,1.0,0.0,0.0,1.0,1.0,0.0,0.0,1.0,0.0,0.0,-0.1956521739130435,-0.9413388543823327,-0.898605812626968,-0.13923909405333007,0.0,0.0,0.0
1.0,1.0,1.0,1.0,1.0,0.0,0.0,1.0,0.0,0.0,1.0,0.0,0.0,1.0,0.0,0.0,1.0,0.0,1.0,0.0,0.0,0.10869565217391304,0.35978835978835977,0.3766992314262872,1.0032355238201496,0.0,2.0,0.0
1.0,1.0,1.0,1.0,1.0,0.0,0.0,0.0,0.0,0.0,0.0,0.0,0.0,1.0,0.0,1.0,0.0,0.0,0.0,1.0,0.0,-0.1956521739130435,-0.0009201748332182592,0.05437140446323151,5.33392837219681,0.0,0.0,0.0
0.0,1.0,0.0,0.0,1.0,0.0,1.0,0.0,0.0,1.0,1.0,0.0,1.0,0.0,0.0,1.0,0.0,0.0,0.0,1.0,0.0,0.4782608695652174,-0.3837129054520359,-0.3771294342631106,-0.882293874818699,0.0,3.0,0.0
0.0,0.0,0.0,1.0,0.0,0.0,0.0,0.0,0.0,0.0,0.0,2.0,0.0,0.0,1.0,1.0,0.0,0.0,1.0,0.0,0.0,0.9347826086956522,-0.9247757073844031,-0.8972276157260469,-0.042842798170255346,0.0,0.0,0.0
0.0,0.0,0.0,1.0,1.0,0.0,1.0,0.0,0.0,0.0,0.0,0.0,0.0,1.0,0.0,0.0,1.0,1.0,0.0,0.0,0.0,-0.4782608695652174,0.1481481481481481,0.0756809536884251,1.9948677898025216,0.0,1.0,0.0
1.0,0.0,0.0,1.0,0.0,0.0,0.0,0.0,0.0,0.0,0.0,0.0,0.0,0.0,1.0,1.0,0.0,0.0,0.0,0.0,1.0,-0.6086956521739131,-0.9256958822176213,-0.9259400511619018,-0.04819814794153736,0.0,0.0,0.0
0.0,1.0,1.0,1.0,0.0,1.0,1.0,0.0,0.0,0.0,0.0,0.0,1.0,0.0,0.0,1.0,0.0,0.0,0.0,0.0,1.0,-0.45652173913043476,-0.2916954221302048,-0.1894086573613512,-0.26062702220238765,0.0,2.0,0.0
1.0,0.0,0.0,1.0,1.0,0.0,0.0,1.0,0.0,0.0,0.0,0.0,1.0,0.0,0.0,1.0,0.0,0.0,0.0,1.0,0.0,-0.5652173913043478,-0.392914653784219,-0.26164914491796215,0.4203949570456321,0.0,1.0,0.0
1.0,0.0,0.0,1.0,1.0,0.0,1.0,0.0,0.0,0.0,0.0,0.0,0.0,1.0,0.0,0.0,1.0,0.0,0.0,1.0,0.0,0.043478260869565216,0.18311479181044404,0.14277013923402807,2.0966194354568786,0.0,1.0,0.0
0.0,0.0,0.0,1.0,1.0,0.0,0.0,0.0,0.0,0.0,0.0,0.0,0.0,1.0,0.0,0.0,1.0,0.0,0.0,1.0,0.0,-0.43478260869565216,0.07821486082355648,0.14558251713937242,5.794488452527056,0.0,0.0,0.0
0.0,0.0,0.0,1.0,1.0,0.0,0.0,1.0,0.0,0.0,1.0,0.0,0.0,1.0,0.0,1.0,0.0,0.0,0.0,1.0,0.0,-0.2391304347826087,0.2659305268000921,0.1766685139045913,0.8211536315965638,1.0,2.0,1.0
1.0,0.0,0.0,1.0,1.0,0.0,1.0,0.0,0.0,0.0,1.0,0.0,0.0,1.0,0.0,1.0,0.0,0.0,0.0,1.0,0.0,0.5,0.2732919254658384,0.23605662822490678,0.8354345643199823,0.0,2.0,0.0
1.0,1.0,0.0,1.0,0.0,0.0,0.0,0.0,0.0,0.0,0.0,1.0,0.0,0.0,1.0,1.0,0.0,0.0,1.0,0.0,0.0,-0.43478260869565216,-0.9321371060501495,-0.9231836573600598,-0.08568559634051069,1.0,0.0,1.0
1.0,0.0,0.0,1.0,1.0,0.0,0.0,0.0,0.0,0.0,0.0,2.0,0.0,0.0,1.0,1.0,0.0,1.0,0.0,0.0,0.0,0.8695652173913043,-0.942259029215551,-0.9115322342846404,-0.14459444382461206,0.0,0.0,0.0
0.0,0.0,0.0,1.0,0.0,1.0,0.0,0.0,0.0,0.0,0.0,0.0,1.0,0.0,0.0,1.0,0.0,0.0,0.0,1.0,0.0,-0.6086956521739131,-0.37451115711985283,-0.3755800887274346,0.4739484547584515,0.0,1.0,0.0
0.0,1.0,1.0,1.0,1.0,0.0,0.0,0.0,0.0,0.0,0.0,2.0,0.0,0.0,1.0,0.0,1.0,0.0,0.0,0.0,1.0,0.08695652173913043,-0.8465608465608466,-0.8849004101122532,0.41236193238870933,0.0,0.0,0.0
1.0,0.0,0.0,1.0,1.0,0.0,0.0,0.0,0.0,0.0,0.0,0.0,0.0,0.0,1.0,1.0,0.0,0.0,1.0,0.0,0.0,-0.2826086956521739,-0.9183344835518749,-0.9178431443689908,-0.005355349771281633,0.0,0.0,0.0
0.0,1.0,0.0,1.0,1.0,1.0,0.0,1.0,0.0,0.0,0.0,0.0,1.0,0.0,0.0,1.0,0.0,0.0,0.0,0.0,1.0,0.782608695652174,-0.28249367379802165,-0.2587089915293307,-0.24277585629811438,0.0,2.0,0.0
1.0,1.0,1.0,1.0,0.0,0.0,0.0,0.0,0.0,0.0,0.0,1.0,0.0,0.0,1.0,1.0,0.0,0.0,0.0,0.0,1.0,-0.5869565217391305,-0.9256958822176213,-0.9778521344299276,-0.04819814794153736,0.0,0.0,0.0
0.0,0.0,0.0,1.0,1.0,0.0,0.0,1.0,0.0,1.0,1.0,0.0,0.0,1.0,0.0,1.0,0.0,0.0,0.0,1.0,0.0,-0.34782608695652173,0.48493213710605004,0.4493591024289928,0.38156867120383803,1.0,3.0,1.0
0.0,1.0,0.0,1.0,0.0,0.0,0.0,1.0,1.0,1.0,1.0,2.0,0.0,1.0,0.0,0.0,1.0,1.0,0.0,0.0,0.0,0.8695652173913043,0.641361858753163,0.6311827604613179,0.04498493807876845,0.0,4.0,0.0
1.0,1.0,0.0,1.0,1.0,0.0,1.0,1.0,0.0,0.0,0.0,0.0,0.0,1.0,0.0,1.0,0.0,0.0,0.0,1.0,0.0,-0.43478260869565216,0.17299286864504268,0.21724875598726617,0.6408568559634056,0.0,2.0,0.0
0.0,1.0,0.0,1.0,0.0,0.0,1.0,0.0,1.0,0.0,1.0,1.0,1.0,0.0,0.0,0.0,1.0,0.0,0.0,0.0,1.0,0.17391304347826086,0.029445594662985863,0.02315338222912554,-0.2811558629923017,0.0,3.0,0.0
1.0,1.0,0.0,1.0,1.0,1.0,0.0,0.0,0.0,0.0,0.0,0.0,1.0,0.0,0.0,0.0,1.0,0.0,0.0,0.0,1.0,0.17391304347826086,-0.2843340234644583,-0.2885674411449604,0.7363605935512664,0.0,1.0,0.0
1.0,1.0,1.0,1.0,1.0,0.0,1.0,0.0,1.0,0.0,0.0,2.0,0.0,1.0,0.0,1.0,0.0,1.0,0.0,0.0,0.0,0.5434782608695652,0.17391304347826092,0.18725170492154056,0.6426419725538328,0.0,2.0,0.0
0.0,0.0,1.0,1.0,0.0,0.0,0.0,0.0,0.0,0.0,0.0,0.0,1.0,0.0,0.0,0.0,1.0,0.0,0.0,0.0,1.0,0.13043478260869565,-0.37451115711985283,-0.4280303250710581,3.159656365056343,0.0,0.0,0.0
1.0,1.0,1.0,1.0,0.0,0.0,0.0,0.0,0.0,0.0,0.0,0.0,0.0,0.0,1.0,1.0,0.0,0.0,1.0,0.0,0.0,-0.45652173913043476,-0.9358178053830228,-0.9072195432577245,-0.10710699542563874,0.0,0.0,0.0
0.0,0.0,0.0,1.0,1.0,0.0,0.0,0.0,0.0,0.0,0.0,2.0,0.0,0.0,1.0,1.0,0.0,0.0,0.0,0.0,1.0,0.5434782608695652,-0.9201748332183115,-0.9446903349250498,-0.01606604931384566,0.0,0.0,0.0
1.0,0.0,0.0,1.0,1.0,0.0,0.0,0.0,0.0,0.0,0.0,0.0,0.0,1.0,0.0,0.0,1.0,1.0,0.0,0.0,0.0,-0.2826086956521739,0.07269381182424667,0.15152280100399015,5.7623563538993645,1.0,0.0,1.0
0.0,0.0,0.0,1.0,0.0,0.0,0.0,1.0,1.0,0.0,1.0,1.0,1.0,0.0,0.0,1.0,0.0,0.0,1.0,0.0,0.0,-0.391304347826087,-0.10305958132045079,-0.13234921748609774,-0.47394845475845115,0.0,3.0,0.0
1.0,1.0,1.0,0.0,0.0,1.0,0.0,0.0,0.0,0.0,0.0,1.0,1.0,0.0,0.0,1.0,0.0,1.0,0.0,0.0,0.0,0.10869565217391304,-0.7379802162410859,-0.7898228395944653,-0.5837331250697311,0.0,1.0,0.0
1.0,0.0,0.0,1.0,0.0,0.0,0.0,0.0,0.0,0.0,0.0,0.0,1.0,0.0,0.0,1.0,0.0,0.0,0.0,0.0,1.0,-0.43478260869565216,-0.47020933977455714,-0.4171301730737207,2.602699988843022,0.0,0.0,0.0
0.0,1.0,0.0,1.0,0.0,0.0,0.0,0.0,0.0,0.0,0.0,2.0,0.0,0.0,1.0,0.0,1.0,0.0,1.0,0.0,0.0,0.9347826086956522,-0.8373590982286635,-0.825178544405675,0.4659154301015287,0.0,0.0,0.0
1.0,0.0,0.0,1.0,0.0,0.0,0.0,0.0,1.0,0.0,0.0,0.0,1.0,0.0,0.0,1.0,0.0,0.0,0.0,0.0,1.0,-0.2608695652173913,-0.3496664366229584,-0.3237490758653453,0.5462456766707577,0.0,1.0,0.0
1.0,0.0,0.0,1.0,0.0,0.0,0.0,0.0,0.0,0.0,0.0,0.0,1.0,0.0,0.0,1.0,0.0,1.0,0.0,0.0,0.0,-0.5869565217391305,-0.4711295146077755,-0.2768093108280936,2.5973446390717396,0.0,0.0,0.0
1.0,0.0,0.0,1.0,1.0,0.0,1.0,0.0,0.0,1.0,0.0,0.0,0.0,1.0,0.0,0.0,1.0,0.0,0.0,1.0,0.0,0.2608695652173913,0.34414538762364855,0.3368692750787703,0.9728885417828855,0.0,2.0,0.0
0.0,0.0,0.0,1.0,1.0,0.0,0.0,0.0,0.0,1.0,1.0,0.0,1.0,0.0,0.0,1.0,0.0,0.0,0.0,1.0,0.0,0.17391304347826086,-0.10582010582010583,-0.13239662475050296,0.09996652906392951,0.0,2.0,0.0
0.0,0.0,0.0,1.0,1.0,0.0,1.0,1.0,0.0,0.0,1.0,1.0,0.0,1.0,0.0,1.0,0.0,1.0,0.0,0.0,0.0,0.43478260869565216,0.3561076604554865,0.3106494620617787,0.19413142920897022,1.0,3.0,1.0
0.0,1.0,0.0,1.0,0.0,1.0,1.0,1.0,0.0,0.0,1.0,1.0,1.0,0.0,0.0,0.0,1.0,1.0,0.0,0.0,0.0,0.5217391304347826,0.06625258799171832,0.032158164224298534,-0.6244337833314739,0.0,4.0,0.0
0.0,1.0,1.0,0.0,0.0,0.0,0.0,0.0,1.0,0.0,0.0,0.0,1.0,0.0,0.0,1.0,0.0,1.0,0.0,0.0,0.0,-0.5869565217391305,-0.7628249367379802,-0.8859723410351918,-0.6560303469820371,0.0,1.0,0.0
0.0,0.0,0.0,1.0,1.0,0.0,1.0,0.0,0.0,0.0,0.0,0.0,0.0,1.0,0.0,0.0,1.0,0.0,0.0,1.0,0.0,0.5434782608695652,0.16563146997929606,0.19004212827649167,2.0457436126297,1.0,1.0,1.0
0.0,0.0,1.0,1.0,0.0,1.0,0.0,0.0,0.0,0.0,0.0,0.0,1.0,0.0,0.0,1.0,0.0,0.0,0.0,0.0,1.0,-0.6086956521739131,-0.37911203128594434,-0.3801740783971714,0.46056008033024665,0.0,1.0,0.0
1.0,0.0,1.0,1.0,0.0,0.0,0.0,0.0,0.0,0.0,0.0,1.0,0.0,0.0,1.0,1.0,0.0,0.0,1.0,0.0,0.0,-0.043478260869565216,-0.9284564067172764,-0.9208356181955277,-0.06426419725538302,0.0,0.0,0.0
0.0,0.0,0.0,1.0,0.0,0.0,0.0,0.0,0.0,0.0,0.0,0.0,0.0,0.0,1.0,1.0,0.0,0.0,0.0,0.0,1.0,-0.3695652173913043,-0.9220151828847482,-0.8888818678260251,-0.026776748856409686,0.0,0.0,0.0
1.0,1.0,0.0,1.0,1.0,0.0,0.0,0.0,0.0,0.0,0.0,0.0,0.0,1.0,0.0,1.0,0.0,0.0,0.0,1.0,0.0,-0.391304347826087,-0.005521048999309817,0.09726673891583762,5.3071516233404,1.0,0.0,1.0
0.0,0.0,1.0,0.0,0.0,1.0,0.0,0.0,1.0,0.0,0.0,2.0,1.0,0.0,0.0,1.0,0.0,1.0,0.0,0.0,0.0,-0.08695652173913043,-0.6524039567517829,-0.6764312842191574,-0.9603927256498941,0.0,2.0,0.0
1.0,0.0,0.0,1.0,1.0,0.0,0.0,0.0,0.0,0.0,0.0,1.0,0.0,0.0,1.0,1.0,0.0,0.0,0.0,0.0,1.0,-0.5652173913043478,-0.939498504715896,-0.8729560369709377,-0.12852839451076642,0.0,0.0,0.0
1.0,0.0,0.0,1.0,1.0,0.0,0.0,0.0,0.0,0.0,1.0,0.0,0.0,1.0,0.0,1.0,0.0,0.0,0.0,1.0,0.0,-0.5869565217391305,0.17851391764435248,0.3668086419020305,2.0832310610286737,0.0,1.0,0.0
0.0,1.0,1.0,1.0,0.0,0.0,0.0,0.0,0.0,0.0,0.0,2.0,0.0,0.0,1.0,1.0,0.0,0.0,0.0,0.0,1.0,-0.34782608695652173,-0.9376581550494595,-0.9221235058978129,-0.1178176949682024,0.0,0.0,0.0
0.0,1.0,0.0,1.0,1.0,0.0,1.0,1.0,0.0,1.0,1.0,0.0,0.0,1.0,0.0,1.0,0.0,0.0,0.0,1.0,0.0,-0.08695652173913043,0.5152979066022545,0.5511195074518704,-0.10175164565435672,1.0,4.0,1.0
1.0,0.0,0.0,1.0,1.0,0.0,1.0,0.0,0.0,0.0,0.0,0.0,0.0,1.0,0.0,0.0,1.0,1.0,0.0,0.0,0.0,-0.41304347826086957,0.1877156659765356,0.15236120411871715,2.1100078098850834,0.0,1.0,0.0
1.0,1.0,0.0,1.0,0.0,1.0,1.0,1.0,0.0,1.0,1.0,1.0,0.0,1.0,0.0,0.0,1.0,0.0,1.0,0.0,0.0,0.8260869565217391,0.7250977685760296,0.7139085599041435,-0.2499163226598236,0.0,5.0,0.0
0.0,1.0,1.0,1.0,0.0,1.0,1.0,1.0,1.0,1.0,1.0,2.0,1.0,0.0,0.0,0.0,1.0,0.0,1.0,0.0,0.0,0.9347826086956522,0.3763515067862895,0.40071483788117107,-0.8201335649734621,0.0,6.0,0.0
0.0,0.0,0.0,1.0,0.0,0.0,0.0,0.0,0.0,0.0,0.0,0.0,0.0,0.0,1.0,1.0,0.0,1.0,0.0,0.0,0.0,-0.43478260869565216,-0.9266160570508397,-0.8108861320998273,-0.05355349771281937,0.0,0.0,0.0
1.0,0.0,0.0,1.0,1.0,1.0,1.0,0.0,0.0,1.0,0.0,0.0,1.0,0.0,0.0,0.0,1.0,1.0,0.0,0.0,0.0,0.45652173913043476,-0.002760524499655039,-0.02750267943081756,-0.32801517349101866,1.0,3.0,1.0
0.0,1.0,0.0,1.0,1.0,0.0,1.0,0.0,0.0,1.0,1.0,0.0,0.0,1.0,0.0,0.0,1.0,0.0,0.0,1.0,0.0,-0.2826086956521739,0.5429031515988038,0.4655219949304998,0.4659154301015287,0.0,3.0,0.0
0.0,0.0,0.0,1.0,1.0,1.0,0.0,0.0,0.0,1.0,0.0,1.0,0.0,1.0,0.0,1.0,0.0,0.0,1.0,0.0,0.0,-0.3695652173913043,0.2696112261329654,0.2021141122419665,0.8282940979582735,0.0,2.0,0.0
0.0,0.0,0.0,1.0,1.0,0.0,0.0,0.0,0.0,0.0,0.0,0.0,0.0,1.0,0.0,0.0,1.0,0.0,1.0,0.0,0.0,-0.43478260869565216,0.08649643432252134,-0.00295648218211725,5.842686600468594,0.0,0.0,0.0
1.0,0.0,0.0,1.0,0.0,0.0,0.0,0.0,0.0,0.0,0.0,2.0,0.0,0.0,1.0,1.0,0.0,0.0,0.0,0.0,1.0,0.13043478260869565,-0.9431792040487693,-0.9412183482349694,-0.14994979359589408,0.0,0.0,0.0
0.0,1.0,1.0,1.0,0.0,1.0,0.0,0.0,0.0,1.0,1.0,1.0,1.0,0.0,0.0,0.0,1.0,1.0,0.0,0.0,0.0,-0.1956521739130435,0.10121923165401427,0.16260580108223027,-0.17672654245230376,0.0,3.0,0.0
1.0,1.0,0.0,0.0,1.0,1.0,0.0,0.0,1.0,1.0,1.0,0.0,1.0,0.0,0.0,1.0,0.0,0.0,0.0,1.0,0.0,-0.34782608695652173,-0.29537612146307796,-0.29797700169095775,-1.0453642753542338,0.0,4.0,0.0
1.0,1.0,1.0,1.0,0.0,0.0,0.0,1.0,1.0,1.0,1.0,0.0,0.0,1.0,0.0,1.0,0.0,0.0,0.0,1.0,0.0,-0.43478260869565216,0.599953991258339,0.6843043724105065,-0.003213209862769284,0.0,4.0,0.0
1.0,1.0,1.0,1.0,0.0,0.0,0.0,0.0,0.0,0.0,0.0,2.0,0.0,0.0,1.0,1.0,0.0,0.0,0.0,0.0,1.0,0.782608695652174,-0.9312169312169313,-0.9317072751165253,-0.08033024656922906,0.0,0.0,0.0
0.0,0.0,0.0,1.0,1.0,0.0,0.0,0.0,0.0,0.0,0.0,1.0,0.0,0.0,1.0,0.0,1.0,0.0,0.0,0.0,1.0,0.2608695652173913,-0.8401196227283184,-0.8658596301640271,0.449849380787683,0.0,0.0,0.0
0.0,1.0,0.0,1.0,1.0,0.0,0.0,1.0,1.0,1.0,1.0,0.0,0.0,1.0,0.0,0.0,1.0,0.0,1.0,0.0,0.0,0.6304347826086957,0.5815504945939728,0.5675184664384618,-0.024634608947896958,0.0,4.0,0.0
1.0,0.0,0.0,1.0,0.0,0.0,0.0,1.0,0.0,1.0,1.0,0.0,1.0,0.0,0.0,0.0,1.0,1.0,0.0,0.0,0.0,-0.3695652173913043,0.07821486082355648,-0.03064803102469731,-0.21019747852281587,0.0,3.0,0.0
0.0,1.0,1.0,1.0,1.0,0.0,0.0,0.0,0.0,0.0,0.0,0.0,1.0,0.0,0.0,1.0,0.0,0.0,0.0,1.0,0.0,-0.17391304347826086,-0.47020933977455714,-0.48662338188735826,2.602699988843022,0.0,0.0,0.0
0.0,0.0,0.0,1.0,1.0,0.0,1.0,0.0,0.0,0.0,0.0,0.0,0.0,1.0,0.0,0.0,1.0,0.0,0.0,0.0,1.0,-0.6086956521739131,0.17851391764435248,0.17661746957492752,2.0832310610286737,0.0,1.0,0.0
1.0,0.0,0.0,1.0,1.0,0.0,0.0,0.0,0.0,0.0,0.0,0.0,0.0,0.0,1.0,1.0,0.0,0.0,0.0,0.0,1.0,-0.6086956521739131,-0.9284564067172764,-0.928696444963744,-0.06426419725538302,0.0,0.0,0.0
1.0,0.0,0.0,1.0,0.0,0.0,0.0,0.0,0.0,0.0,0.0,2.0,0.0,0.0,1.0,1.0,0.0,0.0,1.0,0.0,0.0,-0.34782608695652173,-0.9293765815504946,-0.9176708697563757,-0.06961954702666504,0.0,0.0,0.0
1.0,0.0,0.0,1.0,1.0,0.0,0.0,0.0,0.0,0.0,0.0,0.0,1.0,0.0,0.0,1.0,0.0,1.0,0.0,0.0,0.0,-0.6086956521739131,-0.48677248677248686,-0.48767343666901225,2.5063036929599463,0.0,0.0,0.0
1.0,1.0,1.0,1.0,1.0,1.0,0.0,0.0,0.0,1.0,0.0,0.0,1.0,0.0,0.0,0.0,1.0,1.0,0.0,0.0,0.0,-0.391304347826087,-0.09845870715435923,-0.08874807916605021,0.11424746178734835,0.0,2.0,0.0
1.0,1.0,1.0,1.0,1.0,1.0,1.0,1.0,0.0,1.0,1.0,1.0,0.0,1.0,0.0,1.0,0.0,1.0,0.0,0.0,0.0,0.8043478260869565,0.6008741660915575,0.6605455571488373,-0.3704116925136672,0.0,5.0,0.0
0.0,1.0,0.0,1.0,1.0,1.0,1.0,1.0,0.0,1.0,1.0,1.0,0.0,1.0,0.0,0.0,1.0,0.0,1.0,0.0,0.0,0.6304347826086957,0.7389003910743043,0.7706836992466491,-0.23652794823161877,0.0,5.0,0.0
1.0,0.0,1.0,1.0,1.0,0.0,0.0,0.0,0.0,1.0,1.0,0.0,0.0,1.0,0.0,1.0,0.0,0.0,0.0,1.0,0.0,-0.6086956521739131,0.37451115711985267,0.37232142950571456,1.0317973892669865,0.0,2.0,0.0
0.0,1.0,1.0,1.0,0.0,0.0,0.0,0.0,0.0,0.0,0.0,2.0,0.0,0.0,1.0,1.0,0.0,0.0,0.0,0.0,1.0,0.043478260869565216,-0.9109730848861284,-0.8835567916282012,0.037487448398973715,0.0,0.0,0.0
0.0,0.0,0.0,1.0,0.0,0.0,0.0,0.0,0.0,0.0,0.0,0.0,0.0,0.0,1.0,1.0,0.0,0.0,0.0,0.0,1.0,-0.6086956521739131,-0.9312169312169313,-0.931452838765586,-0.08033024656922906,0.0,0.0,0.0
0.0,1.0,1.0,1.0,0.0,0.0,0.0,0.0,0.0,0.0,0.0,0.0,0.0,0.0,1.0,1.0,0.0,0.0,0.0,0.0,1.0,-0.30434782608695654,-0.9284564067172764,-0.9488487463149894,-0.06426419725538302,0.0,0.0,0.0
0.0,1.0,1.0,1.0,1.0,0.0,0.0,0.0,1.0,0.0,0.0,0.0,1.0,0.0,0.0,1.0,0.0,0.0,0.0,0.0,1.0,-0.5,-0.39935587761674723,-0.38645253094581156,0.4016512328461453,0.0,1.0,0.0
1.0,0.0,0.0,1.0,0.0,0.0,0.0,0.0,0.0,0.0,0.0,2.0,0.0,0.0,1.0,0.0,1.0,0.0,0.0,0.0,1.0,0.7391304347826086,-0.8327582240625719,-0.8423148550785027,0.4926921789579384,0.0,0.0,0.0
0.0,1.0,1.0,1.0,0.0,1.0,1.0,0.0,0.0,1.0,0.0,1.0,1.0,0.0,0.0,0.0,1.0,0.0,0.0,1.0,0.0,0.9130434782608695,-0.023924545663676047,-0.007582104957561021,-0.3588084346758896,1.0,3.0,1.0
1.0,0.0,0.0,1.0,1.0,0.0,0.0,0.0,0.0,0.0,0.0,0.0,1.0,0.0,0.0,1.0,0.0,0.0,0.0,0.0,1.0,-0.6086956521739131,-0.4683689901081206,-0.4692974779900651,2.613410688385585,0.0,0.0,0.0
1.0,1.0,0.0,1.0,1.0,0.0,0.0,0.0,0.0,0.0,0.0,0.0,0.0,1.0,0.0,1.0,0.0,1.0,0.0,0.0,0.0,-0.2608695652173913,-0.0018403496664365184,0.01517926788664746,5.3285730224255285,0.0,0.0,0.0
1.0,0.0,0.0,1.0,0.0,0.0,0.0,0.0,0.0,0.0,0.0,0.0,1.0,0.0,0.0,1.0,0.0,0.0,0.0,0.0,1.0,-0.5652173913043478,-0.461007591442374,-0.42917663487436386,2.6562534865558414,0.0,0.0,0.0
1.0,0.0,0.0,1.0,1.0,0.0,0.0,0.0,0.0,0.0,0.0,0.0,0.0,0.0,1.0,1.0,0.0,0.0,0.0,0.0,1.0,-0.6086956521739131,-0.9247757073844031,-0.9250212532279545,-0.042842798170255346,0.0,0.0,0.0
1.0,0.0,1.0,1.0,1.0,0.0,0.0,0.0,0.0,0.0,0.0,2.0,0.0,0.0,1.0,0.0,1.0,0.0,0.0,0.0,1.0,0.717391304347826,-0.8484011962272833,-0.8783403904548227,0.4016512328461453,0.0,0.0,0.0
0.0,0.0,0.0,1.0,0.0,1.0,1.0,1.0,1.0,0.0,1.0,2.0,0.0,1.0,0.0,1.0,0.0,0.0,0.0,0.0,1.0,0.5217391304347826,0.5337014032666206,0.5835409394531602,-0.4355684480642642,0.0,5.0,0.0
0.0,1.0,1.0,1.0,0.0,0.0,1.0,0.0,0.0,0.0,0.0,0.0,0.0,1.0,0.0,1.0,0.0,1.0,0.0,0.0,0.0,-0.2826086956521739,0.05060961582700713,0.07618137042030693,1.7110342519245791,0.0,1.0,0.0
1.0,1.0,0.0,0.0,1.0,1.0,1.0,1.0,1.0,1.0,1.0,2.0,1.0,0.0,0.0,1.0,0.0,0.0,1.0,0.0,0.0,0.9347826086956522,-0.10213940648723252,-0.13689680321977657,-1.2179595479829775,1.0,6.0,0.0
0.0,0.0,0.0,0.0,0.0,0.0,1.0,0.0,1.0,0.0,0.0,0.0,1.0,0.0,0.0,1.0,0.0,0.0,0.0,1.0,0.0,-0.41304347826086957,-0.6303197607545434,-0.6098735618840109,-0.9175499274796384,0.0,2.0,0.0
1.0,1.0,1.0,1.0,0.0,0.0,0.0,0.0,0.0,0.0,0.0,2.0,0.0,0.0,1.0,1.0,0.0,0.0,0.0,0.0,1.0,-0.21739130434782608,-0.9256958822176213,-0.9224582905701013,-0.04819814794153736,0.0,0.0,0.0
0.0,1.0,1.0,1.0,1.0,0.0,0.0,0.0,0.0,0.0,0.0,2.0,0.0,0.0,1.0,1.0,0.0,0.0,0.0,0.0,1.0,0.13043478260869565,-0.9321371060501495,-0.9089554150686464,-0.08568559634051069,0.0,0.0,0.0
0.0,0.0,0.0,1.0,1.0,0.0,0.0,0.0,0.0,1.0,1.0,0.0,0.0,1.0,0.0,0.0,1.0,0.0,0.0,1.0,0.0,-0.34782608695652173,0.4518058431101909,0.526326098588122,1.181747182862881,1.0,2.0,1.0
0.0,0.0,0.0,0.0,0.0,0.0,0.0,0.0,0.0,0.0,0.0,0.0,1.0,0.0,0.0,1.0,0.0,0.0,0.0,1.0,0.0,-0.5869565217391305,-0.8493213710605015,-0.9126174811196652,0.39629588307486363,1.0,0.0,1.0
0.0,0.0,0.0,1.0,0.0,0.0,1.0,0.0,0.0,1.0,0.0,0.0,0.0,1.0,0.0,0.0,1.0,0.0,1.0,0.0,0.0,-0.30434782608695654,0.34046468829077525,0.28111542126254035,0.9657480754211762,1.0,2.0,1.0
0.0,1.0,0.0,1.0,1.0,0.0,0.0,0.0,0.0,0.0,0.0,0.0,0.0,0.0,1.0,1.0,0.0,0.0,0.0,0.0,1.0,-0.41304347826086957,-0.9192546583850932,-0.8326820608662451,-0.010710699542563646,0.0,0.0,0.0
0.0,1.0,0.0,1.0,0.0,0.0,0.0,0.0,0.0,0.0,0.0,0.0,1.0,0.0,0.0,1.0,0.0,1.0,0.0,0.0,0.0,-0.3695652173913043,-0.4527260179434093,-0.522358058675525,2.7044516344973784,0.0,0.0,0.0
0.0,1.0,0.0,1.0,1.0,0.0,0.0,1.0,0.0,1.0,0.0,1.0,0.0,1.0,0.0,0.0,1.0,0.0,0.0,1.0,0.0,0.043478260869565216,0.3717506326201979,0.38367302978641943,1.0264420394957048,1.0,2.0,1.0
1.0,1.0,0.0,1.0,0.0,0.0,1.0,0.0,0.0,0.0,1.0,1.0,0.0,1.0,0.0,0.0,1.0,0.0,0.0,0.0,1.0,0.32608695652173914,0.32942259029215565,0.33703123613364583,0.9443266763360486,1.0,2.0,1.0
0.0,0.0,0.0,1.0,1.0,0.0,0.0,0.0,0.0,1.0,0.0,0.0,0.0,1.0,0.0,0.0,1.0,0.0,0.0,1.0,0.0,-0.2391304347826087,0.2705314009661836,0.28922126081314264,2.3509985495927705,0.0,1.0,0.0
0.0,1.0,1.0,1.0,0.0,1.0,0.0,1.0,0.0,1.0,1.0,2.0,1.0,0.0,0.0,1.0,0.0,1.0,0.0,0.0,0.0,0.30434782608695654,0.08649643432252134,0.0936051446124742,-0.6008702443378331,0.0,4.0,0.0
0.0,0.0,0.0,1.0,1.0,0.0,1.0,1.0,0.0,1.0,1.0,0.0,0.0,1.0,0.0,1.0,0.0,0.0,0.0,1.0,0.0,-0.30434782608695654,0.5659075224292616,0.48808996918308184,-0.042842798170255346,0.0,4.0,0.0
0.0,1.0,0.0,1.0,0.0,0.0,1.0,0.0,0.0,0.0,0.0,0.0,0.0,1.0,0.0,1.0,0.0,1.0,0.0,0.0,0.0,-0.30434782608695654,0.08925695882217612,0.06826056656473563,1.8234965971214994,0.0,1.0,0.0
0.0,1.0,0.0,0.0,1.0,0.0,0.0,0.0,0.0,0.0,0.0,0.0,1.0,0.0,0.0,1.0,0.0,0.0,0.0,1.0,0.0,-0.6086956521739131,-0.8410397975615368,-0.841410641238745,0.444494031016401,1.0,0.0,1.0
0.0,1.0,1.0,1.0,1.0,0.0,0.0,0.0,0.0,0.0,0.0,1.0,0.0,0.0,1.0,0.0,1.0,0.0,1.0,0.0,0.0,0.34782608695652173,-0.8207959512307339,-0.8003301647253652,0.5623117259846034,0.0,0.0,0.0
1.0,1.0,0.0,1.0,0.0,0.0,0.0,0.0,0.0,0.0,0.0,2.0,0.0,0.0,1.0,1.0,0.0,0.0,0.0,0.0,1.0,0.391304347826087,-0.9358178053830228,-0.9166738762535817,-0.10710699542563874,0.0,0.0,0.0
1.0,0.0,0.0,1.0,1.0,1.0,1.0,0.0,1.0,0.0,0.0,1.0,1.0,0.0,0.0,1.0,0.0,0.0,0.0,1.0,0.0,0.0,-0.2162410858063032,-0.2223309298824907,-0.6386254602253708,0.0,3.0,0.0
0.0,1.0,1.0,1.0,0.0,0.0,1.0,0.0,1.0,1.0,1.0,2.0,1.0,0.0,0.0,0.0,1.0,0.0,0.0,1.0,0.0,0.41304347826086957,0.16839199447895112,0.1845421017552236,-0.5055450184090146,0.0,4.0,0.0
0.0,0.0,0.0,1.0,0.0,0.0,0.0,0.0,0.0,0.0,0.0,2.0,0.0,0.0,1.0,1.0,0.0,0.0,0.0,0.0,1.0,-0.45652173913043476,-0.9293765815504946,-0.9718799478592697,-0.06961954702666504,0.0,0.0,0.0
1.0,1.0,1.0,1.0,1.0,1.0,1.0,0.0,0.0,1.0,1.0,0.0,0.0,1.0,0.0,0.0,1.0,0.0,0.0,1.0,0.0,0.717391304347826,0.644122383252818,0.6255836342018491,0.04819814794153774,0.0,4.0,0.0
1.0,0.0,1.0,1.0,1.0,0.0,0.0,0.0,0.0,0.0,0.0,2.0,0.0,0.0,1.0,0.0,1.0,0.0,1.0,0.0,0.0,0.8043478260869565,-0.8318380492293537,-0.8311089674338806,0.49804752872922037,0.0,0.0,0.0
0.0,0.0,0.0,1.0,0.0,0.0,0.0,0.0,0.0,0.0,0.0,0.0,0.0,0.0,1.0,1.0,0.0,0.0,0.0,0.0,1.0,-0.5652173913043478,-0.9293765815504946,-0.9075640924829547,-0.06961954702666504,0.0,0.0,0.0
0.0,0.0,0.0,1.0,1.0,1.0,0.0,1.0,1.0,1.0,1.0,1.0,0.0,1.0,0.0,0.0,1.0,1.0,0.0,0.0,0.0,0.06521739130434782,0.7186565447435013,0.7747549245746574,-0.2561642307263192,0.0,5.0,0.0
1.0,0.0,0.0,0.0,1.0,0.0,1.0,0.0,0.0,1.0,0.0,0.0,1.0,0.0,0.0,1.0,0.0,0.0,0.0,0.0,1.0,-0.2826086956521739,-0.5797101449275363,-0.5163284472339954,-0.8193685150061363,1.0,2.0,1.0
0.0,0.0,0.0,1.0,1.0,0.0,0.0,1.0,1.0,1.0,1.0,1.0,0.0,1.0,0.0,0.0,1.0,0.0,1.0,0.0,0.0,0.2391304347826087,0.6524039567517829,0.6944519851476583,0.05783777752984521,0.0,4.0,0.0
0.0,0.0,0.0,1.0,0.0,0.0,0.0,0.0,0.0,0.0,0.0,2.0,0.0,0.0,1.0,1.0,0.0,0.0,0.0,0.0,1.0,-0.45652173913043476,-0.9247757073844031,-0.8959642685668694,-0.042842798170255346,0.0,0.0,0.0
0.0,1.0,1.0,1.0,1.0,0.0,1.0,0.0,1.0,0.0,0.0,0.0,1.0,0.0,0.0,0.0,1.0,0.0,0.0,0.0,1.0,-0.5434782608695652,-0.22084195997239475,-0.26417583923631743,-0.1231730447394844,0.0,2.0,0.0
1.0,1.0,1.0,1.0,1.0,1.0,1.0,1.0,1.0,1.0,0.0,2.0,1.0,0.0,0.0,0.0,1.0,1.0,0.0,0.0,0.0,0.8913043478260869,0.1610305958132045,0.20755470857941208,-0.7970545576257948,0.0,5.0,0.0
1.0,0.0,1.0,0.0,1.0,0.0,0.0,0.0,0.0,0.0,0.0,0.0,1.0,0.0,0.0,1.0,0.0,0.0,0.0,1.0,0.0,-0.6086956521739131,-0.8318380492293537,-0.8322226618992714,0.49804752872922037,0.0,0.0,0.0
1.0,1.0,0.0,1.0,1.0,1.0,1.0,0.0,1.0,1.0,1.0,0.0,0.0,1.0,0.0,0.0,1.0,0.0,0.0,1.0,0.0,0.8478260869565217,0.6846100759144238,0.6812266995925454,-0.2891888876492245,0.0,5.0,0.0
1.0,1.0,1.0,0.0,1.0,0.0,0.0,1.0,1.0,1.0,1.0,1.0,1.0,0.0,0.0,1.0,0.0,0.0,0.0,1.0,0.0,0.32608695652173914,-0.298136645962733,-0.329431374317806,-1.0485774852170031,0.0,4.0,0.0
0.0,0.0,0.0,1.0,0.0,0.0,0.0,1.0,1.0,0.0,1.0,0.0,1.0,0.0,0.0,1.0,0.0,1.0,0.0,0.0,0.0,-0.4782608695652174,-0.14170692431562001,-0.19903962856183505,-0.5301796273569117,0.0,3.0,0.0
0.0,0.0,0.0,1.0,0.0,1.0,1.0,1.0,1.0,1.0,1.0,2.0,1.0,0.0,0.0,0.0,1.0,0.0,0.0,0.0,1.0,0.9130434782608695,0.3561076604554865,0.3317131489884356,-0.836964664254634,1.0,6.0,0.0
1.0,0.0,0.0,1.0,1.0,0.0,1.0,0.0,0.0,0.0,0.0,0.0,0.0,1.0,0.0,0.0,1.0,0.0,0.0,1.0,0.0,0.30434782608695654,0.1352657004830917,0.14125443281486055,1.9573803414035478,0.0,1.0,0.0
0.0,0.0,1.0,1.0,1.0,0.0,1.0,1.0,0.0,1.0,1.0,1.0,0.0,1.0,0.0,0.0,1.0,0.0,1.0,0.0,0.0,-0.34782608695652173,0.6192776627559238,0.5391892696633851,0.019279259176615323,0.0,4.0,0.0
1.0,1.0,1.0,1.0,0.0,0.0,0.0,0.0,0.0,0.0,0.0,2.0,0.0,0.0,1.0,0.0,1.0,1.0,0.0,0.0,0.0,0.8260869565217391,-0.8438003220611917,-0.8526967710840982,0.42842798170255497,0.0,0.0,0.0
1.0,0.0,1.0,1.0,0.0,0.0,0.0,0.0,0.0,0.0,0.0,0.0,0.0,0.0,1.0,1.0,0.0,0.0,0.0,0.0,1.0,-0.6086956521739131,-0.9339774557165862,-0.9342092325674282,-0.09639629588307472,0.0,0.0,0.0
1.0,1.0,1.0,1.0,1.0,0.0,0.0,0.0,0.0,0.0,0.0,1.0,0.0,0.0,1.0,1.0,0.0,1.0,0.0,0.0,0.0,0.3695652173913043,-0.9256958822176213,-0.9593363586740754,-0.04819814794153736,0.0,0.0,0.0
0.0,1.0,1.0,1.0,1.0,0.0,1.0,1.0,0.0,1.0,1.0,1.0,0.0,1.0,0.0,0.0,1.0,0.0,1.0,0.0,0.0,0.8043478260869565,0.5879917184265011,0.5446795692057483,-0.017137119268101835,0.0,4.0,0.0
1.0,1.0,1.0,1.0,1.0,0.0,0.0,1.0,0.0,1.0,1.0,0.0,1.0,0.0,0.0,0.0,1.0,0.0,0.0,1.0,0.0,0.2391304347826087,0.07453416149068318,0.08829801817423764,-0.2155528282940979,0.0,3.0,0.0
0.0,1.0,1.0,1.0,1.0,1.0,0.0,0.0,1.0,0.0,1.0,1.0,0.0,1.0,0.0,0.0,1.0,0.0,1.0,0.0,0.0,0.8260869565217391,0.4389233954451345,0.44212264568171544,0.3146267990628138,0.0,3.0,0.0
0.0,1.0,1.0,1.0,1.0,0.0,0.0,0.0,0.0,0.0,0.0,0.0,0.0,0.0,1.0,0.0,1.0,0.0,0.0,1.0,0.0,0.13043478260869565,-0.8235564757303888,-0.8337714927022113,0.5462456766707577,0.0,0.0,0.0
1.0,1.0,1.0,1.0,0.0,1.0,0.0,1.0,1.0,1.0,1.0,1.0,1.0,0.0,0.0,1.0,0.0,0.0,1.0,0.0,0.0,0.21739130434782608,0.1748332183114792,0.20260295986066945,-0.78366618319759,0.0,5.0,0.0
1.0,0.0,0.0,1.0,0.0,0.0,0.0,0.0,0.0,0.0,0.0,0.0,0.0,1.0,0.0,1.0,0.0,0.0,0.0,1.0,0.0,-0.6086956521739131,-0.0018403496664365184,-0.003466925478754555,5.3285730224255285,0.0,0.0,0.0
1.0,1.0,1.0,1.0,1.0,0.0,0.0,0.0,0.0,0.0,0.0,2.0,0.0,0.0,1.0,1.0,0.0,0.0,0.0,0.0,1.0,0.7391304347826086,-0.945019553715206,-0.953810255158305,-0.16066049313845812,0.0,0.0,0.0
1.0,0.0,1.0,1.0,0.0,0.0,0.0,1.0,0.0,0.0,0.0,0.0,1.0,0.0,0.0,1.0,0.0,0.0,0.0,1.0,0.0,-0.6086956521739131,-0.3965953531170922,-0.3976312391421711,0.40968425750306847,0.0,1.0,0.0
0.0,0.0,0.0,1.0,1.0,0.0,0.0,0.0,0.0,0.0,1.0,0.0,0.0,1.0,0.0,0.0,1.0,0.0,0.0,1.0,0.0,-0.6086956521739131,0.2668507016333103,0.2648220712338738,2.3402878500502067,0.0,1.0,0.0
1.0,0.0,0.0,1.0,0.0,0.0,0.0,0.0,0.0,0.0,0.0,0.0,0.0,0.0,1.0,1.0,0.0,0.0,0.0,1.0,0.0,-0.41304347826086957,-0.9293765815504946,-0.9564441425689542,-0.06961954702666504,0.0,0.0,0.0
1.0,0.0,0.0,1.0,1.0,0.0,0.0,0.0,0.0,0.0,0.0,0.0,0.0,1.0,0.0,0.0,1.0,0.0,0.0,1.0,0.0,-0.6086956521739131,0.08189556015642978,0.08014368651045495,5.815909851612184,0.0,0.0,0.0
0.0,1.0,1.0,1.0,1.0,0.0,1.0,1.0,0.0,0.0,1.0,1.0,0.0,1.0,0.0,0.0,1.0,0.0,0.0,1.0,0.0,0.7608695652173914,0.41131815044858516,0.4200845658532594,0.2744616757781993,0.0,3.0,0.0
0.0,0.0,0.0,1.0,0.0,0.0,0.0,0.0,0.0,0.0,0.0,1.0,0.0,0.0,1.0,1.0,0.0,1.0,0.0,0.0,0.0,-0.2826086956521739,-0.927536231884058,-0.9312231392820992,-0.058908847484101,0.0,0.0,0.0
0.0,1.0,0.0,1.0,1.0,0.0,0.0,1.0,1.0,1.0,1.0,2.0,1.0,0.0,0.0,0.0,1.0,1.0,0.0,0.0,0.0,0.9130434782608695,0.18311479181044404,0.16834828816940126,-0.48840789914091254,0.0,4.0,0.0
1.0,0.0,1.0,1.0,0.0,0.0,0.0,0.0,0.0,1.0,1.0,0.0,0.0,1.0,0.0,0.0,1.0,0.0,0.0,1.0,0.0,-0.41304347826086957,0.4545663676098459,0.4125647790126091,1.1871025326341629,0.0,2.0,0.0
1.0,1.0,0.0,1.0,1.0,0.0,1.0,1.0,0.0,1.0,1.0,0.0,0.0,1.0,0.0,0.0,1.0,0.0,0.0,1.0,0.0,-0.13043478260869565,0.6247987117552336,0.44846181481456965,0.02570567890215351,1.0,4.0,1.0
0.0,0.0,0.0,1.0,1.0,0.0,0.0,0.0,0.0,0.0,1.0,0.0,0.0,1.0,0.0,0.0,1.0,0.0,0.0,0.0,1.0,-0.6086956521739131,0.2751322751322752,0.2730912526394001,2.3643869240209754,0.0,1.0,0.0
1.0,0.0,0.0,1.0,1.0,0.0,0.0,0.0,0.0,0.0,0.0,1.0,1.0,0.0,0.0,0.0,1.0,0.0,1.0,0.0,0.0,-0.06521739130434782,-0.3487462617897401,-0.38158761368016725,3.309606158652237,0.0,0.0,0.0
1.0,0.0,0.0,1.0,0.0,1.0,0.0,1.0,1.0,0.0,0.0,1.0,0.0,1.0,0.0,1.0,0.0,0.0,0.0,1.0,0.0,0.5434782608695652,0.2558086036346907,0.22876775971471736,0.04819814794153774,0.0,3.0,0.0
0.0,0.0,0.0,1.0,1.0,1.0,0.0,0.0,0.0,0.0,0.0,0.0,0.0,1.0,0.0,0.0,1.0,0.0,0.0,0.0,1.0,-0.4782608695652174,0.16839199447895112,0.2902858996889863,2.0537766372866235,0.0,1.0,0.0
1.0,0.0,0.0,1.0,1.0,0.0,0.0,0.0,0.0,0.0,0.0,0.0,0.0,0.0,1.0,1.0,0.0,0.0,0.0,0.0,1.0,-0.5217391304347826,-0.9431792040487693,-0.9808841676119538,-0.14994979359589408,0.0,0.0,0.0
0.0,1.0,1.0,1.0,1.0,0.0,1.0,1.0,0.0,1.0,0.0,0.0,0.0,1.0,0.0,0.0,1.0,1.0,0.0,0.0,0.0,0.15217391304347827,0.49413388543823317,0.4679274589659036,0.39495704563204287,0.0,3.0,0.0
0.0,0.0,0.0,1.0,0.0,0.0,0.0,0.0,0.0,0.0,1.0,0.0,0.0,1.0,0.0,0.0,1.0,0.0,0.0,1.0,0.0,-0.41304347826086957,0.2935357717966414,0.22963211036369016,2.4179404217337948,0.0,1.0,0.0
1.0,1.0,0.0,1.0,1.0,0.0,0.0,0.0,0.0,0.0,0.0,0.0,0.0,0.0,1.0,0.0,1.0,0.0,0.0,0.0,1.0,-0.5652173913043478,-0.8631239935587761,-0.7516747096898863,0.3159656365056346,0.0,0.0,0.0
0.0,1.0,0.0,1.0,0.0,0.0,0.0,1.0,1.0,1.0,0.0,0.0,1.0,0.0,0.0,0.0,1.0,1.0,0.0,0.0,0.0,-0.5217391304347826,-0.04692891649413383,-0.00971475142959665,-0.3922793707464017,0.0,3.0,0.0
1.0,1.0,0.0,1.0,1.0,1.0,0.0,1.0,0.0,1.0,0.0,0.0,0.0,1.0,0.0,0.0,1.0,1.0,0.0,0.0,0.0,0.4782608695652174,0.4288014722797331,0.4146942283418752,0.29989958719178855,1.0,3.0,1.0
0.0,0.0,0.0,1.0,0.0,0.0,0.0,0.0,0.0,0.0,0.0,0.0,0.0,0.0,1.0,1.0,0.0,0.0,0.0,0.0,1.0,-0.3695652173913043,-0.939498504715896,-0.9200444310857397,-0.12852839451076642,0.0,0.0,0.0
0.0,0.0,0.0,1.0,1.0,0.0,1.0,0.0,1.0,0.0,0.0,1.0,0.0,1.0,0.0,1.0,0.0,1.0,0.0,0.0,0.0,0.08695652173913043,0.17391304347826092,0.1979168762255253,0.6426419725538328,0.0,2.0,0.0
0.0,0.0,0.0,1.0,1.0,1.0,0.0,0.0,0.0,0.0,0.0,0.0,1.0,0.0,0.0,1.0,0.0,0.0,0.0,0.0,1.0,0.021739130434782608,-0.39935587761674723,-0.35582593314756633,0.4016512328461453,0.0,1.0,0.0
0.0,1.0,0.0,1.0,1.0,1.0,1.0,1.0,1.0,1.0,1.0,2.0,0.0,1.0,0.0,0.0,1.0,0.0,1.0,0.0,0.0,0.9130434782608695,0.8217161260639523,0.7936096934445346,-0.44984938078768266,0.0,6.0,0.0
0.0,0.0,0.0,1.0,1.0,0.0,0.0,0.0,0.0,0.0,0.0,0.0,0.0,1.0,0.0,1.0,0.0,0.0,0.0,1.0,0.0,-0.6086956521739131,-0.02300437083045779,-0.024599277959543888,5.205399977686043,1.0,0.0,1.0
0.0,1.0,1.0,1.0,0.0,0.0,0.0,0.0,0.0,0.0,0.0,0.0,0.0,1.0,0.0,1.0,0.0,0.0,0.0,1.0,0.0,-0.5869565217391305,-0.0018403496664365184,0.054876743326902615,5.3285730224255285,0.0,0.0,0.0
1.0,0.0,0.0,1.0,0.0,0.0,0.0,0.0,0.0,0.0,0.0,2.0,0.0,0.0,1.0,1.0,0.0,0.0,0.0,0.0,1.0,-0.34782608695652173,-0.9302967563837129,-0.9527265447746749,-0.07497489679794704,0.0,0.0,0.0
1.0,1.0,1.0,1.0,1.0,0.0,0.0,0.0,1.0,0.0,1.0,0.0,0.0,1.0,0.0,1.0,0.0,0.0,0.0,1.0,0.0,-0.2391304347826087,0.27789279963193,0.33781546265302514,0.8443601472721187,0.0,2.0,0.0
0.0,1.0,0.0,0.0,0.0,0.0,1.0,1.0,0.0,1.0,0.0,1.0,1.0,0.0,0.0,1.0,0.0,1.0,0.0,0.0,0.0,0.8043478260869565,-0.4591672417759375,-0.4542765238881075,-0.9920785451299787,1.0,3.0,1.0
0.0,1.0,0.0,1.0,1.0,0.0,0.0,0.0,0.0,0.0,0.0,2.0,0.0,0.0,1.0,0.0,1.0,0.0,1.0,0.0,0.0,0.8260869565217391,-0.8327582240625719,-0.8217867629778692,0.4926921789579384,0.0,0.0,0.0
1.0,0.0,0.0,0.0,1.0,0.0,0.0,0.0,0.0,0.0,0.0,0.0,1.0,0.0,0.0,1.0,0.0,0.0,1.0,0.0,0.0,-0.45652173913043476,-0.8327582240625719,-0.8692042787406525,0.4926921789579384,0.0,0.0,0.0
0.0,1.0,1.0,1.0,1.0,0.0,0.0,0.0,0.0,0.0,1.0,0.0,0.0,1.0,0.0,1.0,0.0,0.0,0.0,1.0,0.0,-0.5652173913043478,0.180354267310789,0.23450173941361116,2.0885864107999557,0.0,1.0,0.0
0.0,1.0,1.0,1.0,1.0,0.0,0.0,0.0,0.0,0.0,0.0,2.0,0.0,0.0,1.0,0.0,1.0,1.0,0.0,0.0,0.0,0.17391304347826086,-0.8539222452265931,-0.8690987411401316,0.36951913421845395,0.0,0.0,0.0
1.0,1.0,0.0,1.0,1.0,0.0,1.0,1.0,1.0,1.0,1.0,2.0,0.0,1.0,0.0,0.0,1.0,0.0,0.0,1.0,0.0,0.8695652173913043,0.7260179434092479,0.7360056204038341,-0.24902376436461,1.0,5.0,0.0
1.0,1.0,1.0,1.0,1.0,0.0,0.0,0.0,0.0,0.0,0.0,1.0,0.0,0.0,1.0,0.0,1.0,0.0,0.0,0.0,1.0,0.4782608695652174,-0.8566827697262479,-0.8588678019837448,0.3534530849046079,0.0,0.0,0.0
1.0,0.0,0.0,1.0,0.0,0.0,0.0,0.0,0.0,0.0,0.0,0.0,0.0,0.0,1.0,1.0,0.0,0.0,0.0,0.0,1.0,-0.5,-0.9487002530480791,-0.9597824417289629,-0.18208189222358578,0.0,0.0,0.0
1.0,1.0,0.0,1.0,0.0,0.0,0.0,0.0,0.0,0.0,0.0,1.0,0.0,0.0,1.0,1.0,0.0,0.0,1.0,0.0,0.0,0.021739130434782608,-0.9164941338854382,-0.9375169051296386,0.005355349771282014,0.0,0.0,0.0
0.0,1.0,1.0,1.0,0.0,0.0,0.0,0.0,0.0,0.0,0.0,2.0,0.0,0.0,1.0,0.0,1.0,0.0,0.0,0.0,1.0,0.8913043478260869,-0.8548424200598115,-0.8338633724956059,0.36416378444717196,0.0,0.0,0.0
1.0,1.0,1.0,1.0,1.0,1.0,1.0,1.0,1.0,1.0,1.0,2.0,1.0,0.0,0.0,1.0,0.0,0.0,0.0,1.0,0.0,0.6521739130434783,0.29905682079595125,0.3180812057101443,-0.8843977622288455,0.0,6.0,0.0
1.0,0.0,0.0,1.0,1.0,0.0,1.0,0.0,0.0,0.0,0.0,0.0,0.0,1.0,0.0,0.0,1.0,1.0,0.0,0.0,0.0,0.2826086956521739,0.16287094547964104,0.16598566491067937,2.037710587972777,1.0,1.0,1.0
0.0,0.0,0.0,1.0,0.0,0.0,0.0,0.0,0.0,0.0,0.0,0.0,0.0,0.0,1.0,1.0,0.0,0.0,0.0,0.0,1.0,-0.6086956521739131,-0.9358178053830228,-0.9360468284353228,-0.10710699542563874,0.0,0.0,0.0
0.0,0.0,0.0,1.0,0.0,0.0,0.0,0.0,0.0,0.0,0.0,0.0,0.0,0.0,1.0,1.0,0.0,0.0,0.0,0.0,1.0,-0.5652173913043478,-0.9514607775477342,-0.9541165211362874,-0.19814794153743145,0.0,0.0,0.0
1.0,0.0,0.0,1.0,0.0,0.0,1.0,0.0,0.0,1.0,1.0,0.0,0.0,1.0,0.0,1.0,0.0,0.0,0.0,1.0,0.0,-0.5869565217391305,0.4628479411088108,0.24001452701729525,0.3494365725761467,0.0,3.0,0.0
0.0,1.0,1.0,1.0,1.0,0.0,0.0,0.0,0.0,0.0,0.0,2.0,0.0,0.0,1.0,1.0,0.0,1.0,0.0,0.0,0.0,-0.34782608695652173,-0.9339774557165862,-0.9484152621615374,-0.09639629588307472,0.0,0.0,0.0
0.0,0.0,0.0,1.0,1.0,1.0,0.0,0.0,0.0,0.0,0.0,0.0,1.0,0.0,0.0,1.0,0.0,0.0,0.0,1.0,0.0,-0.15217391304347827,-0.38095238095238104,-0.42089353228802023,0.45520473055896465,0.0,1.0,0.0
0.0,1.0,0.0,1.0,1.0,0.0,1.0,1.0,1.0,1.0,1.0,1.0,0.0,1.0,0.0,0.0,1.0,1.0,0.0,0.0,0.0,0.5217391304347826,0.7600644122383252,0.717200035127389,-0.2159991074417047,0.0,5.0,0.0
0.0,1.0,1.0,1.0,0.0,0.0,1.0,1.0,0.0,0.0,1.0,1.0,0.0,1.0,0.0,0.0,1.0,0.0,0.0,1.0,0.0,0.32608695652173914,0.439843570278353,0.49675590424190375,0.3159656365056346,0.0,3.0,0.0
1.0,1.0,0.0,1.0,1.0,1.0,1.0,1.0,1.0,1.0,1.0,2.0,0.0,1.0,0.0,0.0,1.0,1.0,0.0,0.0,0.0,0.9347826086956522,0.8336783988957902,0.8530824484436696,-0.4399037312124449,0.0,6.0,0.0
1.0,1.0,0.0,1.0,0.0,1.0,1.0,1.0,1.0,1.0,1.0,2.0,0.0,1.0,0.0,0.0,1.0,0.0,1.0,0.0,0.0,0.8913043478260869,0.8060731538992408,0.8671072426211376,-0.46285523023222436,0.0,6.0,0.0
1.0,0.0,0.0,1.0,0.0,0.0,0.0,0.0,0.0,0.0,0.0,0.0,0.0,0.0,1.0,1.0,0.0,1.0,0.0,0.0,0.0,-0.6086956521739131,-0.9339774557165862,-0.9342092325674282,-0.09639629588307472,0.0,0.0,0.0
0.0,0.0,0.0,1.0,0.0,1.0,1.0,1.0,0.0,0.0,0.0,0.0,1.0,0.0,0.0,1.0,0.0,0.0,0.0,1.0,0.0,-0.4782608695652174,-0.1674718196457327,-0.1449618073066477,-0.5676670757558853,0.0,3.0,0.0
0.0,1.0,0.0,1.0,1.0,1.0,1.0,1.0,0.0,1.0,1.0,2.0,0.0,1.0,0.0,0.0,1.0,0.0,0.0,1.0,0.0,0.9347826086956522,0.7711065102369451,0.7565959042967811,-0.20528840789914066,1.0,5.0,1.0
0.0,1.0,1.0,1.0,1.0,0.0,0.0,0.0,0.0,1.0,0.0,0.0,0.0,1.0,0.0,1.0,0.0,0.0,0.0,0.0,1.0,-0.5434782608695652,0.15458937198067643,0.07991398702696806,2.013611514002009,0.0,1.0,0.0
0.0,1.0,0.0,1.0,1.0,0.0,0.0,1.0,0.0,1.0,1.0,0.0,0.0,1.0,0.0,0.0,1.0,0.0,0.0,1.0,0.0,-0.391304347826087,0.5346215780998389,0.5925823523983678,0.4538658931161442,1.0,3.0,1.0
0.0,1.0,1.0,1.0,0.0,0.0,1.0,0.0,0.0,0.0,1.0,0.0,0.0,1.0,0.0,1.0,0.0,0.0,0.0,1.0,0.0,-0.15217391304347827,0.2355647573038877,0.2446920437719363,0.7622447841124624,0.0,2.0,0.0
0.0,1.0,0.0,1.0,1.0,0.0,0.0,1.0,0.0,1.0,1.0,1.0,0.0,1.0,0.0,0.0,1.0,0.0,1.0,0.0,0.0,0.6739130434782609,0.5521048999309869,0.549343164779572,0.47930380452973353,1.0,3.0,1.0
0.0,0.0,0.0,1.0,1.0,1.0,0.0,1.0,1.0,0.0,0.0,1.0,0.0,1.0,0.0,1.0,0.0,0.0,1.0,0.0,0.0,-0.06521739130434782,0.30641821946169784,0.3101258770538934,0.12183420729666437,0.0,3.0,0.0
1.0,0.0,0.0,1.0,0.0,0.0,0.0,0.0,1.0,1.0,1.0,0.0,0.0,1.0,0.0,0.0,1.0,1.0,0.0,0.0,0.0,0.17391304347826086,0.5208189556015642,0.428988912891333,0.43378333147383696,0.0,3.0,0.0
0.0,0.0,0.0,1.0,1.0,0.0,1.0,1.0,1.0,1.0,1.0,0.0,0.0,1.0,0.0,0.0,1.0,0.0,1.0,0.0,0.0,-0.5,0.7250977685760296,0.7531631731268945,-0.2499163226598236,0.0,5.0,0.0
1.0,0.0,0.0,1.0,1.0,0.0,0.0,0.0,0.0,0.0,1.0,0.0,0.0,1.0,0.0,0.0,1.0,0.0,0.0,1.0,0.0,0.15217391304347827,0.26224982746721875,0.2597942047619953,2.326899475622002,0.0,1.0,0.0
1.0,0.0,0.0,1.0,0.0,1.0,1.0,1.0,1.0,0.0,0.0,2.0,1.0,0.0,0.0,0.0,1.0,1.0,0.0,0.0,0.0,0.9347826086956522,-0.01564297216471119,-0.04444276111632369,-0.719759009260292,0.0,4.0,0.0
1.0,1.0,0.0,1.0,1.0,1.0,1.0,1.0,1.0,1.0,1.0,2.0,0.0,1.0,0.0,1.0,0.0,0.0,1.0,0.0,0.0,0.7391304347826086,0.7287784679089027,0.6587967916728249,-0.5271194274876078,0.0,6.0,0.0
1.0,0.0,1.0,1.0,0.0,0.0,0.0,0.0,0.0,0.0,0.0,2.0,0.0,0.0,1.0,1.0,0.0,0.0,1.0,0.0,0.0,-0.043478260869565216,-0.9348976305498045,-0.9505093885067163,-0.10175164565435672,0.0,0.0,0.0
0.0,0.0,0.0,1.0,1.0,0.0,1.0,0.0,1.0,0.0,0.0,0.0,1.0,0.0,0.0,1.0,0.0,0.0,1.0,0.0,0.0,-0.5869565217391305,-0.2843340234644583,-0.3530695393457243,-0.2463460894789692,0.0,2.0,0.0
0.0,0.0,0.0,0.0,1.0,0.0,0.0,1.0,1.0,0.0,0.0,0.0,1.0,0.0,0.0,1.0,0.0,0.0,0.0,0.0,1.0,0.13043478260869565,-0.6818495514147688,-0.6797809589726341,-1.017516456543568,0.0,2.0,0.0
0.0,0.0,1.0,1.0,0.0,0.0,0.0,0.0,0.0,0.0,0.0,1.0,0.0,0.0,1.0,1.0,0.0,0.0,0.0,0.0,1.0,-0.30434782608695654,-0.9358178053830228,-0.9656321219084276,-0.10710699542563874,0.0,0.0,0.0
0.0,0.0,0.0,1.0,1.0,0.0,0.0,1.0,0.0,0.0,0.0,0.0,0.0,1.0,0.0,1.0,0.0,0.0,0.0,1.0,0.0,-0.34782608695652173,0.06993328732459163,0.0320834868885932,1.7672654245230393,1.0,1.0,1.0
0.0,1.0,0.0,1.0,0.0,1.0,1.0,1.0,0.0,0.0,1.0,0.0,0.0,1.0,0.0,1.0,0.0,0.0,0.0,1.0,0.0,0.782608695652174,0.439843570278353,0.4347714183084749,-0.18957938190338014,1.0,4.0,1.0
0.0,0.0,0.0,1.0,1.0,1.0,1.0,0.0,0.0,1.0,1.0,0.0,1.0,0.0,0.0,1.0,0.0,0.0,0.0,1.0,0.0,-0.43478260869565216,0.07637451115711996,0.13935510892039565,-0.6126520138346533,0.0,4.0,0.0
1.0,0.0,0.0,1.0,0.0,1.0,1.0,0.0,0.0,1.0,1.0,0.0,0.0,1.0,0.0,1.0,0.0,0.0,0.0,1.0,0.0,-0.5869565217391305,0.546583850931677,0.5266794824088707,-0.06533526720963957,0.0,4.0,0.0
0.0,0.0,0.0,1.0,1.0,0.0,1.0,0.0,0.0,0.0,0.0,0.0,0.0,1.0,0.0,0.0,1.0,0.0,1.0,0.0,0.0,-0.41304347826086957,0.1932367149758454,0.20611088325463753,2.126073859198929,0.0,1.0,0.0
1.0,1.0,1.0,1.0,0.0,0.0,0.0,0.0,0.0,0.0,0.0,2.0,0.0,0.0,1.0,1.0,0.0,0.0,0.0,0.0,1.0,-0.391304347826087,-0.9358178053830228,-0.920009628133696,-0.10710699542563874,0.0,0.0,0.0
0.0,0.0,0.0,1.0,1.0,0.0,0.0,0.0,0.0,0.0,0.0,1.0,0.0,0.0,1.0,1.0,0.0,1.0,0.0,0.0,0.0,0.15217391304347827,-0.9431792040487693,-0.9501350634225156,-0.14994979359589408,0.0,0.0,0.0
0.0,1.0,0.0,1.0,0.0,0.0,1.0,1.0,1.0,1.0,1.0,0.0,1.0,0.0,0.0,0.0,1.0,0.0,0.0,1.0,0.0,-0.043478260869565216,0.24568668046928907,0.2751670553790588,-0.7149391944661385,1.0,5.0,0.0
0.0,1.0,1.0,1.0,1.0,1.0,1.0,1.0,0.0,1.0,1.0,2.0,1.0,0.0,0.0,0.0,1.0,0.0,1.0,0.0,0.0,0.9347826086956522,0.2410858063031975,0.22380795234905718,-0.719401985942207,0.0,5.0,0.0
1.0,1.0,0.0,1.0,1.0,1.0,0.0,1.0,0.0,0.0,1.0,2.0,1.0,0.0,0.0,0.0,1.0,0.0,0.0,0.0,1.0,0.6956521739130435,-0.011042097998619634,-0.023861227160143505,-0.3400647104764027,0.0,3.0,0.0
0.0,1.0,0.0,1.0,1.0,1.0,1.0,0.0,1.0,1.0,1.0,1.0,0.0,1.0,0.0,1.0,0.0,0.0,1.0,0.0,0.0,0.6304347826086957,0.644122383252818,0.668934748733824,-0.3284614526386255,1.0,5.0,0.0
1.0,1.0,0.0,1.0,1.0,0.0,0.0,1.0,0.0,1.0,0.0,0.0,0.0,1.0,0.0,1.0,0.0,1.0,0.0,0.0,0.0,-0.15217391304347827,0.3036576949620428,0.24865958030489083,0.8943434118040836,0.0,2.0,0.0
0.0,0.0,0.0,1.0,1.0,0.0,1.0,0.0,0.0,1.0,0.0,0.0,0.0,1.0,0.0,0.0,1.0,0.0,0.0,1.0,0.0,-0.5217391304347826,0.3735909822866344,0.37691541917545135,1.0300122726765593,0.0,2.0,0.0
0.0,0.0,0.0,1.0,1.0,1.0,1.0,0.0,0.0,0.0,1.0,0.0,0.0,1.0,0.0,0.0,1.0,0.0,0.0,1.0,0.0,-0.06521739130434782,0.45088566827697263,0.46780573787209,0.3320316858194802,1.0,3.0,1.0
1.0,1.0,1.0,1.0,0.0,0.0,1.0,0.0,0.0,1.0,1.0,1.0,0.0,1.0,0.0,0.0,1.0,0.0,0.0,1.0,0.0,0.6956521739130435,0.5244996549344375,0.5010887006092548,0.439138681245119,1.0,3.0,1.0
1.0,1.0,0.0,1.0,0.0,1.0,0.0,0.0,0.0,1.0,1.0,0.0,0.0,1.0,0.0,0.0,1.0,0.0,0.0,1.0,0.0,0.2391304347826087,0.5769496204278812,0.5801075822679096,0.5154524154858865,1.0,3.0,1.0
1.0,0.0,0.0,1.0,1.0,0.0,1.0,1.0,0.0,1.0,1.0,0.0,0.0,1.0,0.0,1.0,0.0,1.0,0.0,0.0,0.0,0.782608695652174,0.526340004600874,0.539373029250174,-0.08889880620327997,1.0,4.0,1.0
1.0,0.0,0.0,1.0,1.0,0.0,1.0,1.0,1.0,1.0,1.0,0.0,0.0,1.0,0.0,1.0,0.0,0.0,0.0,1.0,0.0,-0.5652173913043478,0.6892109500805154,0.6543923952275535,-0.28472609617315614,0.0,5.0,0.0
1.0,1.0,0.0,1.0,0.0,1.0,0.0,0.0,0.0,0.0,0.0,1.0,1.0,0.0,0.0,1.0,0.0,0.0,1.0,0.0,0.0,-0.043478260869565216,-0.40119622728318377,-0.3295040738176301,0.39629588307486363,0.0,1.0,0.0
1.0,0.0,1.0,1.0,1.0,1.0,1.0,1.0,1.0,1.0,0.0,2.0,1.0,0.0,0.0,0.0,1.0,0.0,1.0,0.0,0.0,0.8695652173913043,0.16471129514607782,0.1682950245210565,-0.7934843244449401,0.0,5.0,0.0
0.0,1.0,1.0,1.0,1.0,0.0,1.0,1.0,0.0,0.0,0.0,2.0,1.0,0.0,0.0,0.0,1.0,1.0,0.0,0.0,0.0,0.5434782608695652,-0.1969174143087187,-0.19238198956426425,-0.07676001338837425,0.0,2.0,0.0
0.0,0.0,0.0,1.0,0.0,1.0,1.0,0.0,1.0,0.0,0.0,0.0,1.0,0.0,0.0,0.0,1.0,0.0,0.0,0.0,1.0,0.0,-0.05613066482631695,-0.15586065176450628,-0.4056677451746065,0.0,3.0,0.0
0.0,0.0,0.0,1.0,1.0,0.0,0.0,0.0,0.0,1.0,1.0,0.0,0.0,1.0,0.0,1.0,0.0,0.0,0.0,1.0,0.0,-0.5,0.34690591212330335,0.4418438065077313,0.9782438915541671,1.0,2.0,1.0
1.0,0.0,0.0,1.0,0.0,0.0,0.0,0.0,0.0,0.0,0.0,0.0,0.0,0.0,1.0,1.0,0.0,0.0,0.0,0.0,1.0,-0.2391304347826087,-0.9431792040487693,-0.9588636437950155,-0.14994979359589408,0.0,0.0,0.0
1.0,0.0,0.0,1.0,1.0,0.0,0.0,0.0,0.0,0.0,0.0,0.0,0.0,1.0,0.0,1.0,0.0,0.0,1.0,0.0,0.0,-0.5869565217391305,-0.012882447665056413,-0.05951359944954359,5.264308825170144,0.0,0.0,0.0
0.0,0.0,0.0,1.0,1.0,0.0,0.0,0.0,0.0,0.0,0.0,0.0,0.0,0.0,1.0,1.0,0.0,0.0,0.0,0.0,1.0,-0.15217391304347827,-0.9284564067172764,-0.9043900632565911,-0.06426419725538302,0.0,0.0,0.0
0.0,1.0,1.0,1.0,0.0,0.0,0.0,0.0,0.0,0.0,0.0,2.0,0.0,0.0,1.0,1.0,0.0,0.0,1.0,0.0,0.0,-0.06521739130434782,-0.9358178053830228,-0.9473551106992902,-0.10710699542563874,0.0,0.0,0.0
1.0,0.0,1.0,1.0,0.0,0.0,0.0,0.0,0.0,0.0,1.0,0.0,0.0,1.0,0.0,0.0,1.0,0.0,0.0,1.0,0.0,-0.391304347826087,0.28893489763054986,0.19499342825387467,2.40455204730559,0.0,1.0,0.0
1.0,1.0,1.0,1.0,1.0,0.0,0.0,0.0,0.0,0.0,0.0,0.0,0.0,1.0,0.0,0.0,1.0,0.0,0.0,1.0,0.0,0.6086956521739131,0.06993328732459163,-0.001677687396857253,5.746290304585519,0.0,0.0,0.0
1.0,0.0,0.0,1.0,1.0,0.0,0.0,0.0,0.0,0.0,0.0,0.0,0.0,0.0,1.0,1.0,0.0,0.0,0.0,0.0,1.0,-0.5434782608695652,-0.9358178053830228,-0.9868104142859143,-0.10710699542563874,0.0,0.0,0.0
1.0,0.0,0.0,1.0,1.0,0.0,0.0,0.0,0.0,0.0,1.0,0.0,0.0,1.0,0.0,0.0,1.0,0.0,0.0,1.0,0.0,0.15217391304347827,0.26501035196687384,0.26849726296966303,2.334932500278925,0.0,1.0,0.0
1.0,0.0,0.0,1.0,1.0,0.0,0.0,0.0,0.0,0.0,0.0,1.0,0.0,0.0,1.0,1.0,0.0,0.0,0.0,0.0,1.0,0.8260869565217391,-0.939498504715896,-0.9691235540574277,-0.12852839451076642,0.0,0.0,0.0
0.0,0.0,0.0,1.0,1.0,1.0,0.0,0.0,0.0,0.0,0.0,0.0,1.0,0.0,0.0,1.0,0.0,0.0,1.0,0.0,0.0,0.5652173913043478,-0.36714975845410636,-0.35068901742595154,0.4953698538435792,0.0,1.0,0.0
0.0,1.0,0.0,1.0,0.0,0.0,0.0,0.0,0.0,1.0,1.0,0.0,0.0,1.0,0.0,0.0,1.0,0.0,1.0,0.0,0.0,-0.043478260869565216,0.45088566827697263,0.3788551037026738,1.1799620662724537,0.0,2.0,0.0
1.0,0.0,0.0,1.0,1.0,0.0,0.0,0.0,0.0,0.0,0.0,0.0,1.0,0.0,0.0,1.0,0.0,0.0,0.0,0.0,1.0,-0.6086956521739131,-0.45640671727628246,-0.45735310484874936,2.683030235412251,0.0,0.0,0.0
0.0,0.0,1.0,1.0,0.0,0.0,0.0,0.0,0.0,0.0,0.0,2.0,0.0,0.0,1.0,1.0,0.0,0.0,1.0,0.0,0.0,0.45652173913043476,-0.9266160570508397,-0.9403284268075175,-0.05355349771281937,0.0,0.0,0.0
0.0,1.0,1.0,1.0,1.0,1.0,1.0,1.0,1.0,1.0,1.0,2.0,1.0,0.0,0.0,0.0,1.0,1.0,0.0,0.0,0.0,0.9347826086956522,0.41867954911433175,0.4100304280448042,-0.7849412664764667,0.0,6.0,0.0
0.0,0.0,0.0,1.0,1.0,0.0,0.0,0.0,0.0,0.0,1.0,0.0,1.0,0.0,0.0,1.0,0.0,0.0,0.0,1.0,0.0,-0.5652173913043478,-0.27973314929836673,-0.09565298485147276,0.7497489679794712,0.0,1.0,0.0
0.0,0.0,0.0,0.0,1.0,1.0,0.0,1.0,1.0,1.0,1.0,2.0,1.0,0.0,0.0,1.0,0.0,1.0,0.0,0.0,0.0,0.8913043478260869,-0.22360248447204967,-0.19083607558016225,-1.1701439250251031,0.0,5.0,0.0
0.0,0.0,0.0,1.0,1.0,0.0,1.0,1.0,1.0,1.0,1.0,2.0,0.0,1.0,0.0,0.0,1.0,0.0,0.0,1.0,0.0,0.9130434782608695,0.7499424890729238,0.7692939002348574,-0.22581724868905473,0.0,5.0,0.0
0.0,1.0,1.0,1.0,0.0,0.0,0.0,0.0,0.0,0.0,0.0,0.0,0.0,0.0,1.0,1.0,0.0,0.0,0.0,0.0,1.0,-0.5434782608695652,-0.9229353577179664,-0.9463833051922306,-0.03213209862769132,0.0,0.0,0.0
0.0,0.0,0.0,1.0,1.0,0.0,0.0,0.0,0.0,0.0,0.0,0.0,0.0,1.0,0.0,0.0,1.0,0.0,1.0,0.0,0.0,-0.45652173913043476,0.07545433632390144,-0.036313951617372754,5.778422403213209,0.0,0.0,0.0
0.0,0.0,0.0,1.0,0.0,0.0,0.0,0.0,0.0,0.0,0.0,0.0,0.0,0.0,1.0,1.0,0.0,1.0,0.0,0.0,0.0,0.06521739130434782,-0.9312169312169313,-0.9516951057478638,-0.08033024656922906,0.0,0.0,0.0
0.0,0.0,0.0,1.0,1.0,0.0,0.0,0.0,1.0,1.0,1.0,1.0,1.0,0.0,0.0,0.0,1.0,0.0,0.0,0.0,1.0,-0.3695652173913043,0.09845870715435923,0.011310407958898662,-0.18074305478076538,0.0,3.0,0.0
0.0,1.0,1.0,1.0,0.0,0.0,0.0,0.0,0.0,0.0,1.0,0.0,0.0,1.0,0.0,0.0,1.0,0.0,0.0,1.0,0.0,-0.41304347826086957,0.2843340234644583,0.28062539569776834,2.391163672877385,0.0,1.0,0.0
0.0,1.0,1.0,1.0,1.0,0.0,0.0,0.0,0.0,0.0,1.0,1.0,0.0,1.0,0.0,0.0,1.0,0.0,0.0,0.0,1.0,0.41304347826086957,0.2125603864734299,0.24566130598634656,2.1823050317973895,0.0,1.0,0.0
0.0,0.0,0.0,1.0,1.0,0.0,0.0,1.0,0.0,1.0,1.0,2.0,0.0,1.0,0.0,1.0,0.0,0.0,0.0,1.0,0.0,0.6086956521739131,0.4554865424430642,0.4645880851884286,0.3387258730335827,0.0,3.0,0.0
0.0,0.0,0.0,1.0,0.0,0.0,1.0,1.0,0.0,0.0,0.0,0.0,0.0,1.0,0.0,1.0,0.0,0.0,0.0,1.0,0.0,-0.43478260869565216,0.18495514147688055,0.03798107020820385,0.6640633716389601,0.0,2.0,0.0
1.0,0.0,0.0,1.0,1.0,0.0,1.0,1.0,1.0,0.0,0.0,0.0,0.0,1.0,0.0,1.0,0.0,0.0,0.0,0.0,1.0,-0.3695652173913043,0.2447665056360708,0.2797525376605184,0.0321320986276917,1.0,3.0,0.0
1.0,1.0,1.0,1.0,1.0,0.0,0.0,0.0,0.0,0.0,0.0,0.0,1.0,0.0,0.0,1.0,0.0,0.0,0.0,0.0,1.0,-0.6086956521739131,-0.45364619277662754,-0.4545967110469073,2.6990962847260964,0.0,0.0,0.0
0.0,0.0,0.0,1.0,0.0,0.0,1.0,1.0,1.0,0.0,0.0,0.0,0.0,1.0,0.0,1.0,0.0,1.0,0.0,0.0,0.0,-0.13043478260869565,0.23372440763745117,0.32658127148963956,0.01606604931384604,0.0,3.0,0.0
0.0,1.0,1.0,1.0,0.0,1.0,0.0,1.0,1.0,1.0,1.0,2.0,1.0,0.0,0.0,0.0,1.0,0.0,1.0,0.0,0.0,0.9347826086956522,0.26132965263400054,0.20711645654901328,-0.6997657034475062,0.0,5.0,0.0
0.0,0.0,0.0,1.0,1.0,0.0,0.0,0.0,0.0,0.0,0.0,0.0,1.0,0.0,0.0,1.0,0.0,0.0,0.0,1.0,0.0,-0.6086956521739131,-0.45732689210950084,-0.4582719027826968,2.6776748856409687,0.0,0.0,0.0
1.0,0.0,1.0,1.0,0.0,0.0,0.0,0.0,0.0,0.0,0.0,0.0,0.0,0.0,1.0,1.0,0.0,0.0,0.0,0.0,1.0,-0.45652173913043476,-0.9229353577179664,-0.8866614394856523,-0.03213209862769132,0.0,0.0,0.0
0.0,0.0,0.0,1.0,0.0,0.0,0.0,0.0,0.0,0.0,0.0,0.0,0.0,0.0,1.0,1.0,0.0,0.0,0.0,0.0,1.0,-0.5652173913043478,-0.9321371060501495,-0.9467661376647087,-0.08568559634051069,0.0,0.0,0.0
1.0,0.0,0.0,1.0,0.0,0.0,0.0,0.0,0.0,0.0,0.0,1.0,0.0,0.0,1.0,1.0,0.0,0.0,0.0,0.0,1.0,-0.2391304347826087,-0.9358178053830228,-0.8772948049923557,-0.10710699542563874,0.0,0.0,0.0
1.0,0.0,0.0,1.0,1.0,1.0,0.0,0.0,0.0,1.0,1.0,0.0,0.0,1.0,0.0,0.0,1.0,0.0,0.0,1.0,0.0,-0.15217391304347827,0.5567057740970784,0.4527580122685605,0.48599799174383596,0.0,3.0,0.0
0.0,1.0,1.0,1.0,0.0,0.0,0.0,0.0,0.0,0.0,0.0,2.0,0.0,0.0,1.0,1.0,0.0,0.0,0.0,0.0,1.0,-0.043478260869565216,-0.9312169312169313,-0.9227412731696407,-0.08033024656922906,0.0,0.0,0.0
0.0,0.0,0.0,1.0,1.0,0.0,0.0,0.0,1.0,1.0,1.0,0.0,0.0,1.0,0.0,0.0,1.0,0.0,0.0,1.0,0.0,0.1956521739130435,0.5346215780998389,0.5086662071249028,0.4538658931161442,1.0,3.0,0.0
1.0,1.0,1.0,1.0,1.0,1.0,1.0,1.0,0.0,1.0,1.0,2.0,0.0,1.0,0.0,0.0,1.0,1.0,0.0,0.0,0.0,0.9347826086956522,0.732459167241776,0.7361909335137,-0.24277585629811438,0.0,5.0,0.0
1.0,1.0,1.0,1.0,1.0,1.0,1.0,1.0,0.0,0.0,0.0,2.0,1.0,0.0,0.0,1.0,0.0,1.0,0.0,0.0,0.0,0.8695652173913043,-0.19783758914193697,-0.21324580448464847,-0.6118487113689611,0.0,3.0,0.0
0.0,0.0,0.0,1.0,1.0,1.0,0.0,0.0,0.0,0.0,0.0,0.0,0.0,1.0,0.0,0.0,1.0,1.0,0.0,0.0,0.0,-0.391304347826087,0.15642972164711297,0.25529998355478306,2.0189668637732905,0.0,1.0,0.0
1.0,0.0,1.0,1.0,0.0,0.0,0.0,0.0,0.0,0.0,0.0,0.0,0.0,0.0,1.0,1.0,0.0,0.0,0.0,0.0,1.0,-0.32608695652173914,-0.9302967563837129,-0.9448410372316761,-0.07497489679794704,0.0,0.0,0.0
0.0,1.0,1.0,1.0,1.0,1.0,0.0,1.0,1.0,1.0,1.0,2.0,1.0,0.0,0.0,0.0,1.0,0.0,0.0,1.0,0.0,0.6086956521739131,0.25764895330112725,0.26495102532986636,-0.7033359366283609,0.0,5.0,0.0
0.0,0.0,1.0,1.0,1.0,0.0,0.0,0.0,0.0,0.0,0.0,1.0,0.0,0.0,1.0,1.0,0.0,0.0,1.0,0.0,0.0,0.13043478260869565,-0.927536231884058,-0.9587542630885934,-0.058908847484101,0.0,0.0,0.0
1.0,0.0,1.0,1.0,0.0,1.0,1.0,0.0,0.0,0.0,0.0,0.0,1.0,0.0,0.0,0.0,1.0,1.0,0.0,0.0,0.0,-0.5869565217391305,-0.17575339314469746,-0.0604323973834909,-0.03570233180854612,0.0,2.0,0.0
1.0,0.0,0.0,1.0,1.0,0.0,1.0,1.0,0.0,1.0,1.0,0.0,0.0,1.0,0.0,0.0,1.0,0.0,0.0,1.0,0.0,-0.13043478260869565,0.6606855302507477,0.6870696434870727,0.06747740711815269,1.0,4.0,1.0
1.0,0.0,0.0,1.0,0.0,0.0,0.0,0.0,0.0,0.0,0.0,2.0,0.0,0.0,1.0,1.0,0.0,1.0,0.0,0.0,0.0,0.3695652173913043,-0.9284564067172764,-0.9368058354242357,-0.06426419725538302,0.0,0.0,0.0
0.0,0.0,0.0,1.0,0.0,0.0,0.0,0.0,0.0,0.0,0.0,0.0,0.0,0.0,1.0,1.0,0.0,1.0,0.0,0.0,0.0,-0.3695652173913043,-0.939498504715896,-0.9488334330160902,-0.12852839451076642,0.0,0.0,0.0
0.0,0.0,0.0,1.0,1.0,0.0,1.0,0.0,0.0,0.0,0.0,0.0,1.0,0.0,0.0,1.0,0.0,0.0,0.0,0.0,1.0,-0.4782608695652174,-0.35334713595583167,-0.196283234759993,0.5355349771281938,1.0,1.0,1.0
1.0,1.0,1.0,1.0,0.0,0.0,0.0,0.0,0.0,0.0,0.0,2.0,0.0,0.0,1.0,0.0,1.0,0.0,0.0,0.0,1.0,-0.5,-0.829997699562917,-0.8276286722295346,0.5087582282717841,0.0,0.0,0.0
0.0,0.0,0.0,1.0,1.0,0.0,0.0,0.0,0.0,0.0,0.0,0.0,0.0,1.0,0.0,0.0,1.0,0.0,0.0,0.0,1.0,-0.6086956521739131,0.0837359098228663,0.08198128237834956,5.826620551154748,0.0,0.0,0.0
0.0,1.0,0.0,1.0,1.0,0.0,1.0,1.0,1.0,1.0,1.0,2.0,0.0,1.0,0.0,0.0,1.0,1.0,0.0,0.0,0.0,0.7391304347826086,0.7131354957441914,0.6983780233035093,-0.2615195804976012,0.0,5.0,0.0
0.0,1.0,1.0,1.0,0.0,1.0,1.0,0.0,0.0,0.0,0.0,0.0,1.0,0.0,0.0,0.0,1.0,0.0,0.0,1.0,0.0,0.6956521739130435,-0.1969174143087187,-0.20014993238833828,-0.07676001338837425,0.0,2.0,0.0
0.0,0.0,0.0,1.0,0.0,1.0,0.0,1.0,1.0,0.0,0.0,0.0,0.0,1.0,0.0,1.0,0.0,0.0,0.0,1.0,0.0,0.043478260869565216,0.3146997929606624,0.31772704904342325,0.13388374428204844,0.0,3.0,0.0
1.0,0.0,0.0,1.0,1.0,0.0,0.0,0.0,1.0,0.0,0.0,0.0,0.0,1.0,0.0,0.0,1.0,0.0,0.0,1.0,0.0,-0.06521739130434782,0.1840349666436623,0.17916183308432027,2.0992971103425195,0.0,1.0,0.0
1.0,0.0,0.0,1.0,1.0,0.0,1.0,0.0,0.0,0.0,0.0,0.0,1.0,0.0,0.0,0.0,1.0,1.0,0.0,0.0,0.0,0.08695652173913043,-0.2916954221302048,-0.369872404592307,0.7149391944661386,0.0,1.0,0.0
1.0,1.0,1.0,0.0,1.0,1.0,1.0,1.0,1.0,1.0,1.0,2.0,1.0,0.0,0.0,1.0,0.0,1.0,0.0,0.0,0.0,0.9347826086956522,-0.08925695882217612,-0.10665303789400919,-1.2072488484404136,0.0,6.0,0.0
0.0,1.0,1.0,1.0,1.0,1.0,0.0,0.0,1.0,1.0,1.0,1.0,1.0,0.0,0.0,1.0,0.0,0.0,1.0,0.0,0.0,0.2608695652173913,0.07729468599033822,0.13155155140009492,-0.611580943880397,0.0,4.0,0.0
1.0,1.0,1.0,1.0,0.0,1.0,1.0,1.0,1.0,1.0,1.0,1.0,1.0,0.0,0.0,1.0,0.0,1.0,0.0,0.0,0.0,0.6956521739130435,0.26501035196687384,0.28877106656135404,-0.912704611019907,0.0,6.0,0.0
1.0,1.0,0.0,1.0,0.0,0.0,0.0,0.0,0.0,0.0,0.0,1.0,0.0,0.0,1.0,1.0,0.0,0.0,0.0,0.0,1.0,-0.30434782608695654,-0.9514607775477342,-0.935801815652937,-0.19814794153743145,0.0,0.0,0.0
1.0,0.0,0.0,0.0,1.0,0.0,0.0,1.0,0.0,1.0,1.0,1.0,1.0,0.0,0.0,1.0,0.0,1.0,0.0,0.0,0.0,0.5652173913043478,-0.3763515067862895,-0.38052489215376956,-0.8715831752761352,1.0,3.0,1.0
1.0,1.0,1.0,1.0,1.0,0.0,0.0,1.0,1.0,1.0,1.0,0.0,0.0,1.0,0.0,0.0,1.0,1.0,0.0,0.0,0.0,0.391304347826087,0.6781688520818955,0.7042616192594621,0.0878277362490238,0.0,4.0,0.0
0.0,1.0,0.0,1.0,1.0,0.0,1.0,0.0,0.0,1.0,1.0,1.0,0.0,1.0,0.0,0.0,1.0,0.0,1.0,0.0,0.0,0.5434782608695652,0.5705083965953531,0.5313075016317165,0.5060805533861432,1.0,3.0,1.0
1.0,0.0,0.0,1.0,0.0,0.0,0.0,0.0,0.0,0.0,0.0,0.0,0.0,0.0,1.0,1.0,0.0,0.0,0.0,0.0,1.0,-0.6086956521739131,-0.9238555325511848,-0.9241024552940073,-0.03748744839897333,0.0,0.0,0.0
0.0,0.0,0.0,1.0,1.0,0.0,1.0,1.0,0.0,1.0,1.0,0.0,0.0,1.0,0.0,0.0,1.0,0.0,0.0,1.0,0.0,0.391304347826087,0.6597653554175292,0.5987562479932093,0.06640633716389613,0.0,4.0,0.0
0.0,0.0,0.0,1.0,1.0,1.0,1.0,1.0,1.0,1.0,1.0,1.0,0.0,1.0,0.0,0.0,1.0,0.0,1.0,0.0,0.0,0.717391304347826,0.8198757763975155,0.8171233647868427,-0.4513794807223344,0.0,6.0,0.0
0.0,1.0,0.0,1.0,1.0,0.0,0.0,0.0,0.0,0.0,0.0,1.0,0.0,0.0,1.0,1.0,0.0,1.0,0.0,0.0,0.0,0.8260869565217391,-0.9137336093857833,-0.9330710202014932,0.021421399085128055,0.0,0.0,0.0
1.0,0.0,0.0,1.0,0.0,1.0,1.0,1.0,1.0,0.0,0.0,2.0,1.0,0.0,0.0,1.0,0.0,1.0,0.0,0.0,0.0,0.17391304347826086,-0.09017713365539463,-0.1479913572510146,-0.8065156755550597,0.0,4.0,0.0
0.0,0.0,0.0,1.0,1.0,0.0,1.0,0.0,0.0,0.0,0.0,0.0,0.0,1.0,0.0,1.0,0.0,0.0,1.0,0.0,0.0,0.5217391304347826,0.060731538992408504,0.09106524685737619,1.7404886756666296,1.0,1.0,1.0
0.0,1.0,0.0,1.0,0.0,1.0,0.0,1.0,1.0,1.0,1.0,2.0,1.0,0.0,0.0,1.0,0.0,0.0,0.0,0.0,1.0,0.717391304347826,0.1932367149758454,0.18061868638405287,-0.7658150172933168,0.0,5.0,0.0
1.0,0.0,0.0,1.0,1.0,0.0,0.0,0.0,0.0,0.0,0.0,0.0,0.0,0.0,1.0,1.0,0.0,0.0,0.0,1.0,0.0,-0.32608695652173914,-0.9284564067172764,-0.9042826712902855,-0.06426419725538302,0.0,0.0,0.0
1.0,0.0,1.0,1.0,0.0,0.0,0.0,0.0,0.0,0.0,0.0,0.0,0.0,0.0,1.0,1.0,0.0,0.0,0.0,0.0,1.0,-0.5,-0.9348976305498045,-0.9551884520592261,-0.10175164565435672,0.0,0.0,0.0
0.0,1.0,0.0,1.0,1.0,1.0,0.0,0.0,1.0,1.0,1.0,1.0,0.0,1.0,0.0,1.0,0.0,0.0,1.0,0.0,0.0,-0.043478260869565216,0.5778697952610997,0.527632309895927,-0.028918888764922036,0.0,4.0,0.0
1.0,0.0,0.0,1.0,0.0,0.0,0.0,0.0,0.0,0.0,0.0,2.0,0.0,0.0,1.0,1.0,0.0,0.0,1.0,0.0,0.0,0.6304347826086957,-0.9238555325511848,-0.9386448088002773,-0.03748744839897333,0.0,0.0,0.0
1.0,1.0,0.0,1.0,1.0,0.0,1.0,0.0,0.0,1.0,1.0,0.0,0.0,1.0,0.0,0.0,1.0,1.0,0.0,0.0,0.0,0.43478260869565216,0.5254198297676558,0.5231167965425443,0.4404775186879394,0.0,3.0,0.0
0.0,1.0,1.0,1.0,0.0,1.0,1.0,0.0,1.0,1.0,0.0,1.0,1.0,0.0,0.0,0.0,1.0,0.0,1.0,0.0,0.0,0.8695652173913043,0.05889118932597199,0.004056564849944919,-0.6330023429655248,0.0,4.0,0.0
0.0,1.0,1.0,1.0,1.0,0.0,1.0,1.0,1.0,1.0,1.0,2.0,1.0,0.0,0.0,1.0,0.0,1.0,0.0,0.0,0.0,0.8913043478260869,0.18219461697722578,0.20387951684362285,-0.7765257168358807,0.0,5.0,0.0
0.0,0.0,0.0,1.0,0.0,0.0,0.0,0.0,0.0,0.0,0.0,0.0,0.0,0.0,1.0,1.0,0.0,0.0,0.0,0.0,1.0,-0.6086956521739131,-0.912813434552565,-0.9130768800866389,0.026776748856409686,0.0,0.0,0.0
0.0,0.0,0.0,1.0,0.0,1.0,0.0,0.0,1.0,0.0,0.0,1.0,1.0,0.0,0.0,1.0,0.0,0.0,0.0,0.0,1.0,-0.34782608695652173,-0.28249367379802165,-0.24701905473895444,-0.24277585629811438,0.0,2.0,0.0
0.0,0.0,0.0,0.0,1.0,0.0,0.0,0.0,0.0,0.0,0.0,0.0,1.0,0.0,0.0,1.0,0.0,0.0,0.0,0.0,1.0,-0.6086956521739131,-0.8391994478951001,-0.8395730453708503,0.45520473055896465,0.0,0.0,0.0
0.0,0.0,0.0,1.0,0.0,0.0,0.0,1.0,0.0,0.0,0.0,0.0,0.0,1.0,0.0,1.0,0.0,0.0,1.0,0.0,0.0,-0.43478260869565216,0.09201748332183116,0.004291812630134151,1.8315296217784227,1.0,1.0,1.0
1.0,0.0,0.0,1.0,1.0,1.0,1.0,0.0,0.0,0.0,0.0,1.0,0.0,1.0,0.0,0.0,1.0,0.0,1.0,0.0,0.0,0.7608695652173914,0.2539682539682539,0.22148064994345085,0.7979471159210085,0.0,2.0,0.0
1.0,0.0,0.0,1.0,1.0,0.0,0.0,0.0,1.0,1.0,0.0,0.0,1.0,0.0,0.0,0.0,1.0,0.0,0.0,0.0,1.0,-0.5652173913043478,-0.0966183574879227,-0.011429840906298392,0.11781769496820277,0.0,2.0,0.0
1.0,0.0,1.0,1.0,1.0,0.0,1.0,0.0,1.0,0.0,0.0,0.0,1.0,0.0,0.0,1.0,0.0,0.0,0.0,1.0,0.0,-0.391304347826087,-0.2935357717966414,-0.2927212205023638,-0.26419725538324207,1.0,2.0,0.0
1.0,0.0,0.0,0.0,1.0,1.0,0.0,0.0,1.0,0.0,1.0,0.0,1.0,0.0,0.0,1.0,0.0,0.0,1.0,0.0,0.0,0.4782608695652174,-0.47941108810674027,-0.5110937761617879,-1.0215329688720294,0.0,3.0,0.0
1.0,1.0,0.0,1.0,1.0,1.0,0.0,0.0,0.0,1.0,0.0,1.0,1.0,0.0,0.0,0.0,1.0,0.0,1.0,0.0,0.0,0.7608695652173914,-0.08005521048999299,-0.03594068995670659,0.14994979359589447,0.0,2.0,0.0
0.0,0.0,0.0,1.0,1.0,0.0,0.0,0.0,0.0,0.0,0.0,0.0,0.0,0.0,1.0,1.0,0.0,0.0,0.0,0.0,1.0,-0.34782608695652173,-0.9238555325511848,-0.9078467995395539,-0.03748744839897333,0.0,0.0,0.0
0.0,0.0,0.0,1.0,1.0,0.0,0.0,0.0,0.0,0.0,0.0,0.0,0.0,1.0,0.0,1.0,0.0,0.0,0.0,1.0,0.0,-0.2608695652173913,-0.009201748332183115,-0.0600000218851626,5.285730224255272,0.0,0.0,0.0
1.0,1.0,1.0,1.0,1.0,1.0,0.0,1.0,0.0,1.0,0.0,1.0,1.0,0.0,0.0,0.0,1.0,1.0,0.0,0.0,0.0,-0.2608695652173913,-0.002760524499655039,0.001775627438474419,-0.32801517349101866,0.0,3.0,0.0
0.0,0.0,0.0,0.0,0.0,1.0,0.0,0.0,0.0,0.0,0.0,1.0,1.0,0.0,0.0,1.0,0.0,0.0,0.0,0.0,1.0,0.06521739130434782,-0.7425810904071775,-0.7644326018352179,-0.5971214994979359,0.0,1.0,0.0
1.0,1.0,0.0,1.0,0.0,1.0,1.0,0.0,1.0,0.0,1.0,2.0,1.0,0.0,0.0,1.0,0.0,0.0,0.0,0.0,1.0,0.8913043478260869,-0.04692891649413383,-0.07273116401361493,-0.7561753877050094,0.0,4.0,0.0
1.0,0.0,0.0,1.0,1.0,0.0,0.0,0.0,0.0,1.0,0.0,0.0,0.0,1.0,0.0,1.0,0.0,0.0,0.0,1.0,0.0,-0.6086956521739131,0.16655164481251433,0.16467309643361178,2.048421287515341,0.0,1.0,0.0
1.0,1.0,1.0,1.0,1.0,0.0,1.0,1.0,0.0,0.0,1.0,1.0,0.0,1.0,0.0,0.0,1.0,0.0,1.0,0.0,0.0,0.34782608695652173,0.45088566827697263,0.486905740734883,0.3320316858194802,0.0,3.0,0.0
0.0,0.0,0.0,1.0,1.0,0.0,1.0,1.0,0.0,0.0,0.0,0.0,0.0,1.0,0.0,0.0,1.0,1.0,0.0,0.0,0.0,0.32608695652173914,0.263170002300437,0.31600329250898707,0.8157982818252818,0.0,2.0,0.0
0.0,1.0,1.0,1.0,0.0,0.0,0.0,0.0,0.0,0.0,0.0,2.0,0.0,0.0,1.0,0.0,1.0,0.0,1.0,0.0,0.0,-0.3695652173913043,-0.8327582240625719,-0.8764780957177358,0.4926921789579384,0.0,0.0,0.0
0.0,1.0,0.0,1.0,0.0,0.0,0.0,0.0,0.0,0.0,0.0,2.0,0.0,0.0,1.0,1.0,0.0,0.0,1.0,0.0,0.0,0.9130434782608695,-0.9321371060501495,-0.9400714222023316,-0.08568559634051069,0.0,0.0,0.0
1.0,1.0,0.0,1.0,0.0,0.0,0.0,1.0,0.0,0.0,0.0,0.0,0.0,1.0,0.0,1.0,0.0,0.0,0.0,1.0,0.0,-0.5869565217391305,0.10858063031976087,0.0976008472554548,1.8797277697199604,0.0,1.0,0.0
0.0,1.0,1.0,1.0,0.0,1.0,1.0,1.0,1.0,0.0,0.0,0.0,1.0,0.0,0.0,1.0,0.0,0.0,0.0,0.0,1.0,-0.43478260869565216,-0.10121923165401427,0.05666329486513344,-0.8193685150061363,0.0,4.0,0.0
0.0,0.0,0.0,0.0,0.0,0.0,0.0,0.0,0.0,0.0,0.0,0.0,1.0,0.0,0.0,1.0,0.0,1.0,0.0,0.0,0.0,-0.4782608695652174,-0.8364389233954452,-0.7984896520386326,0.4712707798728107,0.0,0.0,0.0
1.0,0.0,0.0,1.0,1.0,0.0,0.0,0.0,1.0,0.0,0.0,0.0,0.0,1.0,0.0,1.0,0.0,1.0,0.0,0.0,0.0,-0.2391304347826087,0.09937888198757774,0.1045939204193873,1.8529510208635507,0.0,1.0,0.0
1.0,0.0,0.0,1.0,1.0,0.0,0.0,0.0,0.0,0.0,0.0,0.0,0.0,1.0,0.0,0.0,1.0,1.0,0.0,0.0,0.0,-0.5434782608695652,0.031285944329422645,0.10655912711144148,5.521365614191677,0.0,0.0,0.0
0.0,0.0,0.0,1.0,0.0,0.0,0.0,0.0,0.0,0.0,0.0,0.0,0.0,0.0,1.0,1.0,0.0,0.0,0.0,0.0,1.0,-0.30434782608695654,-0.9367379802162411,-0.9303502812448492,-0.11246234519692037,0.0,0.0,0.0
0.0,1.0,0.0,1.0,0.0,1.0,0.0,0.0,0.0,1.0,1.0,2.0,0.0,1.0,0.0,0.0,1.0,1.0,0.0,0.0,0.0,0.8695652173913043,0.5272601794340926,0.5338967067595876,0.4431551935735806,0.0,3.0,0.0
0.0,0.0,0.0,1.0,1.0,0.0,0.0,0.0,0.0,0.0,0.0,0.0,1.0,0.0,0.0,1.0,0.0,0.0,0.0,0.0,1.0,-0.6086956521739131,-0.47941108810674027,-0.4803230531974333,2.5491464911302026,0.0,0.0,0.0
1.0,0.0,0.0,1.0,1.0,0.0,0.0,0.0,0.0,1.0,0.0,0.0,0.0,1.0,0.0,0.0,1.0,0.0,0.0,0.0,1.0,-0.6086956521739131,0.2604094778007823,0.2583904856962424,2.3215441258507203,0.0,1.0,0.0
1.0,0.0,0.0,0.0,1.0,0.0,0.0,0.0,0.0,0.0,0.0,1.0,1.0,0.0,0.0,1.0,0.0,0.0,1.0,0.0,0.0,-0.4782608695652174,-0.8493213710605015,-0.9011325069453233,0.39629588307486363,0.0,0.0,0.0
0.0,1.0,1.0,0.0,0.0,1.0,0.0,1.0,1.0,1.0,1.0,2.0,1.0,0.0,0.0,1.0,0.0,0.0,0.0,0.0,1.0,0.6304347826086957,-0.19783758914193697,-0.14884293651039096,-1.1451522927591207,0.0,5.0,0.0
0.0,0.0,0.0,1.0,1.0,1.0,1.0,1.0,1.0,1.0,1.0,0.0,0.0,1.0,0.0,0.0,1.0,0.0,0.0,1.0,0.0,0.34782608695652173,0.8309178743961354,0.7958872770554467,-0.44219888111442257,0.0,6.0,0.0
0.0,0.0,0.0,1.0,1.0,1.0,1.0,1.0,1.0,1.0,0.0,1.0,1.0,0.0,0.0,1.0,0.0,0.0,0.0,0.0,1.0,0.15217391304347827,0.10766045548654234,0.03325946971430774,-0.8488229387481869,0.0,5.0,0.0
1.0,1.0,0.0,1.0,1.0,0.0,1.0,1.0,1.0,1.0,1.0,0.0,1.0,0.0,0.0,0.0,1.0,1.0,0.0,0.0,0.0,-0.043478260869565216,0.263170002300437,0.27472467118863986,-0.6979805868570791,1.0,5.0,0.0
1.0,1.0,0.0,1.0,1.0,0.0,1.0,1.0,0.0,1.0,1.0,0.0,0.0,1.0,0.0,0.0,1.0,0.0,0.0,1.0,0.0,0.782608695652174,0.6229583620887967,0.562668090713947,0.0235635389936404,1.0,4.0,1.0
1.0,1.0,0.0,1.0,1.0,1.0,1.0,1.0,1.0,1.0,1.0,2.0,0.0,1.0,0.0,0.0,1.0,1.0,0.0,0.0,0.0,0.9347826086956522,0.8382792730618818,0.8479780154772953,-0.4360784813758147,1.0,6.0,0.0
0.0,1.0,0.0,1.0,0.0,0.0,0.0,0.0,0.0,0.0,0.0,2.0,0.0,0.0,1.0,0.0,1.0,0.0,0.0,0.0,1.0,-0.30434782608695654,-0.8336783988957902,-0.821932125039061,0.48733682918665633,0.0,0.0,0.0
1.0,0.0,0.0,1.0,0.0,0.0,0.0,0.0,1.0,1.0,1.0,0.0,1.0,0.0,0.0,1.0,0.0,0.0,0.0,1.0,0.0,-0.5869565217391305,-0.0036806993328732983,-0.08064595193033267,-0.32935401093383904,0.0,3.0,0.0
0.0,0.0,0.0,1.0,1.0,0.0,0.0,1.0,0.0,1.0,1.0,1.0,0.0,1.0,0.0,0.0,1.0,0.0,1.0,0.0,0.0,0.7608695652173914,0.543823326432022,0.4985987205526046,0.46725426754434907,0.0,3.0,0.0
0.0,0.0,0.0,1.0,1.0,1.0,0.0,0.0,0.0,1.0,1.0,0.0,0.0,1.0,0.0,0.0,1.0,0.0,0.0,1.0,0.0,-0.34782608695652173,0.5493443754313319,0.6236480028223921,0.4752872922012719,0.0,3.0,0.0
1.0,1.0,1.0,1.0,1.0,1.0,1.0,1.0,0.0,1.0,1.0,2.0,1.0,0.0,0.0,1.0,0.0,0.0,1.0,0.0,0.0,0.8913043478260869,0.17759374281113421,0.17298165489345008,-0.7809885083119489,0.0,5.0,0.0
1.0,0.0,0.0,1.0,0.0,0.0,0.0,1.0,0.0,0.0,0.0,0.0,1.0,0.0,0.0,0.0,1.0,0.0,0.0,1.0,0.0,-0.6086956521739131,-0.2972164711295146,-0.2984010622758565,0.698873145152293,0.0,1.0,0.0
1.0,0.0,0.0,1.0,1.0,0.0,0.0,1.0,0.0,1.0,0.0,0.0,0.0,1.0,0.0,0.0,1.0,0.0,1.0,0.0,0.0,-0.1956521739130435,0.3717506326201979,0.3395662831604913,1.0264420394957048,0.0,2.0,0.0
0.0,0.0,0.0,1.0,0.0,0.0,0.0,0.0,0.0,0.0,0.0,2.0,0.0,0.0,1.0,0.0,1.0,0.0,0.0,1.0,0.0,0.6521739130434783,-0.8474810213940649,-0.8320980791285667,0.4070065826174273,0.0,0.0,0.0
1.0,1.0,0.0,1.0,0.0,1.0,0.0,0.0,0.0,1.0,0.0,0.0,0.0,1.0,0.0,0.0,1.0,0.0,0.0,1.0,0.0,0.043478260869565216,0.3487462617897401,0.3671643056183974,0.9818141247350219,1.0,2.0,1.0
1.0,0.0,0.0,1.0,1.0,0.0,1.0,0.0,1.0,0.0,1.0,1.0,1.0,0.0,0.0,1.0,0.0,0.0,0.0,0.0,1.0,0.15217391304347827,-0.09385783298826766,-0.021842884157701713,-0.4605600803302463,0.0,3.0,0.0
1.0,0.0,0.0,1.0,1.0,0.0,0.0,0.0,0.0,1.0,1.0,0.0,0.0,1.0,0.0,1.0,0.0,0.0,0.0,1.0,0.0,-0.6086956521739131,0.3423050379572118,0.34016350181755706,0.9693183086020307,0.0,2.0,0.0
1.0,0.0,0.0,1.0,0.0,0.0,0.0,0.0,0.0,0.0,0.0,0.0,0.0,0.0,1.0,1.0,0.0,0.0,0.0,0.0,1.0,-0.6086956521739131,-0.927536231884058,-0.9277776470297966,-0.058908847484101,0.0,0.0,0.0
0.0,0.0,0.0,1.0,0.0,0.0,0.0,0.0,0.0,0.0,0.0,0.0,0.0,0.0,1.0,1.0,0.0,0.0,0.0,0.0,1.0,-0.43478260869565216,-0.9468599033816426,-0.9752488736170768,-0.17137119268102177,0.0,0.0,0.0
0.0,1.0,1.0,1.0,1.0,0.0,0.0,0.0,0.0,0.0,0.0,1.0,0.0,0.0,1.0,0.0,1.0,1.0,0.0,0.0,0.0,0.5434782608695652,-0.8419599723947551,-0.8404067694220247,0.439138681245119,0.0,0.0,0.0
0.0,1.0,1.0,1.0,1.0,0.0,0.0,0.0,0.0,0.0,0.0,0.0,0.0,0.0,1.0,1.0,0.0,0.0,0.0,0.0,1.0,0.6956521739130435,-0.9404186795491144,-0.9408968765456679,-0.13388374428204844,0.0,0.0,0.0
1.0,0.0,0.0,1.0,1.0,0.0,0.0,0.0,0.0,0.0,0.0,0.0,0.0,1.0,0.0,0.0,1.0,1.0,0.0,0.0,0.0,-0.5217391304347826,0.09937888198757774,0.01766542700203452,5.917661497266542,0.0,0.0,0.0
1.0,1.0,1.0,1.0,1.0,1.0,1.0,1.0,0.0,1.0,0.0,0.0,1.0,0.0,0.0,0.0,1.0,0.0,1.0,0.0,0.0,0.2608695652173913,0.07453416149068318,0.05800289727289426,-0.6147941537431663,0.0,4.0,0.0
1.0,1.0,0.0,1.0,0.0,1.0,1.0,1.0,1.0,1.0,1.0,2.0,1.0,0.0,0.0,1.0,0.0,0.0,0.0,0.0,1.0,0.9347826086956522,0.256728778467909,0.24264330999497785,-0.9195900607258409,0.0,6.0,0.0
1.0,0.0,0.0,1.0,1.0,0.0,0.0,0.0,0.0,0.0,0.0,0.0,0.0,1.0,0.0,1.0,0.0,0.0,0.0,0.0,1.0,-0.043478260869565216,-0.026685070163331086,-0.07666449421656074,5.183978578600915,0.0,0.0,0.0
1.0,0.0,0.0,1.0,0.0,0.0,0.0,0.0,0.0,1.0,0.0,0.0,1.0,0.0,0.0,1.0,0.0,0.0,0.0,0.0,1.0,0.13043478260869565,-0.28525419829767656,-0.24154059584928578,0.7336829186656255,0.0,1.0,0.0
0.0,0.0,0.0,1.0,1.0,0.0,0.0,0.0,0.0,1.0,1.0,0.0,0.0,1.0,0.0,0.0,1.0,0.0,0.0,1.0,0.0,-0.2826086956521739,0.4720496894409939,0.45914783426374006,1.2210197478522822,1.0,2.0,1.0
1.0,0.0,0.0,1.0,0.0,0.0,0.0,0.0,0.0,0.0,0.0,1.0,0.0,0.0,1.0,1.0,0.0,0.0,0.0,0.0,1.0,-0.2608695652173913,-0.9302967563837129,-0.9613948420248116,-0.07497489679794704,0.0,0.0,0.0
1.0,1.0,1.0,1.0,0.0,0.0,0.0,0.0,0.0,0.0,0.0,1.0,0.0,0.0,1.0,0.0,1.0,1.0,0.0,0.0,0.0,0.717391304347826,-0.8410397975615368,-0.8595939487379934,0.444494031016401,0.0,0.0,0.0
0.0,0.0,0.0,1.0,1.0,0.0,0.0,0.0,0.0,0.0,0.0,0.0,0.0,1.0,0.0,0.0,1.0,0.0,0.0,1.0,0.0,-0.6086956521739131,0.029445594662985863,0.0277722042754554,5.510654914649113,1.0,0.0,1.0
0.0,0.0,0.0,1.0,1.0,0.0,1.0,0.0,0.0,0.0,0.0,1.0,0.0,1.0,0.0,1.0,0.0,0.0,0.0,0.0,1.0,-0.34782608695652173,0.07637451115711996,0.06869405071818789,1.7860091487225265,0.0,1.0,0.0
0.0,0.0,0.0,1.0,1.0,0.0,0.0,0.0,0.0,0.0,0.0,0.0,0.0,1.0,0.0,0.0,1.0,0.0,0.0,1.0,0.0,-0.41304347826086957,0.07821486082355648,0.17229911928537495,5.794488452527056,0.0,0.0,0.0
0.0,1.0,1.0,1.0,0.0,0.0,0.0,0.0,0.0,0.0,0.0,0.0,1.0,0.0,0.0,0.0,1.0,0.0,0.0,0.0,1.0,-0.5434782608695652,-0.3616287094547964,-0.19664419109118658,3.2346312618542905,0.0,0.0,0.0
1.0,0.0,0.0,1.0,0.0,0.0,0.0,0.0,0.0,0.0,0.0,1.0,0.0,0.0,1.0,1.0,0.0,0.0,0.0,0.0,1.0,-0.41304347826086957,-0.9229353577179664,-0.973166264966796,-0.03213209862769132,0.0,0.0,0.0
0.0,1.0,1.0,1.0,1.0,0.0,0.0,0.0,0.0,1.0,1.0,0.0,0.0,1.0,0.0,0.0,1.0,0.0,0.0,1.0,0.0,0.2826086956521739,0.43616287094547973,0.5344673887061389,1.1514002008256168,0.0,2.0,0.0
0.0,0.0,0.0,1.0,0.0,0.0,0.0,0.0,0.0,0.0,0.0,0.0,0.0,0.0,1.0,1.0,0.0,0.0,1.0,0.0,0.0,-0.6086956521739131,-0.9302967563837129,-0.9305340408316386,-0.07497489679794704,0.0,0.0,0.0
1.0,1.0,1.0,1.0,0.0,0.0,1.0,1.0,0.0,0.0,0.0,1.0,0.0,1.0,0.0,0.0,1.0,0.0,0.0,1.0,0.0,0.8260869565217391,0.3110190936277894,0.3262032585823571,0.9086243445275025,0.0,2.0,0.0
1.0,1.0,1.0,1.0,0.0,0.0,0.0,0.0,0.0,0.0,0.0,2.0,0.0,0.0,1.0,1.0,0.0,0.0,1.0,0.0,0.0,0.717391304347826,-0.9284564067172764,-0.9225316072133875,-0.06426419725538302,0.0,0.0,0.0
1.0,0.0,0.0,1.0,0.0,0.0,0.0,1.0,1.0,1.0,0.0,0.0,0.0,1.0,0.0,0.0,1.0,1.0,0.0,0.0,0.0,-0.2391304347826087,0.4306418219461699,0.48318971353536266,0.30257726207742974,1.0,3.0,0.0
0.0,0.0,0.0,1.0,1.0,0.0,1.0,0.0,0.0,0.0,1.0,0.0,0.0,1.0,0.0,1.0,0.0,0.0,0.0,1.0,0.0,-0.3695652173913043,0.25948930296756373,0.26076404702560635,0.8086578154635726,0.0,2.0,0.0
1.0,0.0,1.0,1.0,1.0,0.0,1.0,0.0,0.0,0.0,0.0,0.0,1.0,0.0,0.0,1.0,0.0,0.0,0.0,1.0,0.0,-0.43478260869565216,-0.37543133195307105,-0.30881410552725996,0.4712707798728107,0.0,1.0,0.0
1.0,1.0,0.0,1.0,0.0,0.0,0.0,0.0,0.0,0.0,0.0,2.0,0.0,0.0,1.0,0.0,1.0,0.0,1.0,0.0,0.0,0.9347826086956522,-0.8235564757303888,-0.8213502196808944,0.5462456766707577,0.0,0.0,0.0
1.0,0.0,0.0,1.0,1.0,0.0,0.0,0.0,0.0,0.0,0.0,2.0,0.0,0.0,1.0,1.0,0.0,1.0,0.0,0.0,0.0,0.6521739130434783,-0.9256958822176213,-0.925784322698521,-0.04819814794153736,0.0,0.0,0.0
0.0,0.0,0.0,1.0,1.0,1.0,0.0,1.0,0.0,1.0,1.0,1.0,1.0,0.0,0.0,0.0,1.0,0.0,1.0,0.0,0.0,0.021739130434782608,0.16195077064642277,0.189541893845787,-0.5130425080888095,0.0,4.0,0.0
0.0,0.0,0.0,1.0,0.0,0.0,1.0,0.0,0.0,1.0,1.0,1.0,0.0,1.0,0.0,0.0,1.0,0.0,0.0,1.0,0.0,0.8913043478260869,0.5226593052680011,0.4980917409783375,0.43646100635947815,0.0,3.0,0.0
0.0,1.0,1.0,1.0,0.0,0.0,0.0,0.0,0.0,0.0,0.0,2.0,0.0,0.0,1.0,1.0,0.0,1.0,0.0,0.0,0.0,0.8695652173913043,-0.9266160570508397,-0.940933768170956,-0.05355349771281937,0.0,0.0,0.0
0.0,1.0,1.0,1.0,0.0,0.0,0.0,0.0,0.0,0.0,0.0,2.0,0.0,0.0,1.0,1.0,0.0,0.0,1.0,0.0,0.0,0.391304347826087,-0.9284564067172764,-0.8996272422450264,-0.06426419725538302,0.0,0.0,0.0
1.0,0.0,0.0,1.0,1.0,0.0,0.0,0.0,1.0,1.0,0.0,1.0,1.0,0.0,0.0,1.0,0.0,0.0,0.0,1.0,0.0,-0.3695652173913043,-0.1969174143087187,-0.18263252259848944,-0.07676001338837425,0.0,2.0,0.0
0.0,1.0,0.0,1.0,1.0,0.0,0.0,1.0,1.0,0.0,0.0,0.0,0.0,1.0,0.0,0.0,1.0,0.0,0.0,1.0,0.0,0.2826086956521739,0.2539682539682539,0.27287249122655555,0.7979471159210085,0.0,2.0,0.0
1.0,1.0,0.0,1.0,1.0,0.0,0.0,1.0,0.0,1.0,1.0,1.0,0.0,1.0,0.0,0.0,1.0,1.0,0.0,0.0,0.0,0.6521739130434783,0.5337014032666206,0.5594914696432284,0.45252705567332385,0.0,3.0,0.0
0.0,0.0,0.0,1.0,1.0,0.0,0.0,1.0,0.0,1.0,1.0,1.0,0.0,1.0,0.0,0.0,1.0,1.0,0.0,0.0,0.0,0.34782608695652173,0.5824706694271913,0.6365677153089748,0.5234854401428096,1.0,3.0,1.0
1.0,1.0,0.0,1.0,1.0,0.0,0.0,0.0,0.0,0.0,0.0,0.0,0.0,1.0,0.0,1.0,0.0,0.0,0.0,1.0,0.0,-0.41304347826086957,-0.0036806993328732983,0.05937885320324475,5.317862322882964,0.0,0.0,0.0
0.0,1.0,1.0,1.0,0.0,0.0,1.0,1.0,0.0,1.0,1.0,1.0,1.0,0.0,0.0,1.0,0.0,0.0,1.0,0.0,0.0,0.43478260869565216,0.13802622498274672,0.13701540352397193,-0.5408903268994756,0.0,4.0,0.0
0.0,1.0,1.0,1.0,0.0,0.0,0.0,0.0,0.0,0.0,0.0,2.0,0.0,0.0,1.0,0.0,1.0,0.0,1.0,0.0,0.0,0.6304347826086957,-0.8345985737290086,-0.8187575197638359,0.48198147941537434,0.0,0.0,0.0
1.0,0.0,0.0,1.0,1.0,0.0,0.0,1.0,0.0,1.0,0.0,0.0,1.0,0.0,0.0,1.0,0.0,1.0,0.0,0.0,0.0,-0.17391304347826086,-0.19231654014262717,-0.21544673452518065,-0.06783443043623782,1.0,2.0,1.0
0.0,0.0,0.0,1.0,1.0,0.0,0.0,0.0,0.0,0.0,0.0,0.0,0.0,1.0,0.0,0.0,1.0,0.0,0.0,1.0,0.0,-0.4782608695652174,0.08925695882217612,0.18514916467586717,5.8587526497824385,0.0,0.0,0.0
1.0,0.0,1.0,1.0,1.0,0.0,1.0,0.0,1.0,0.0,0.0,1.0,1.0,0.0,0.0,1.0,0.0,0.0,1.0,0.0,0.0,-0.021739130434782608,-0.29629629629629634,-0.3018137403162325,-0.26955260515452406,0.0,2.0,0.0
1.0,1.0,0.0,1.0,1.0,0.0,0.0,1.0,1.0,1.0,1.0,0.0,0.0,1.0,0.0,0.0,1.0,0.0,0.0,1.0,0.0,0.06521739130434782,0.6330802852541985,0.6274888432241575,0.03534530849046098,1.0,4.0,0.0
0.0,0.0,0.0,1.0,1.0,0.0,0.0,1.0,0.0,1.0,1.0,1.0,0.0,1.0,0.0,0.0,1.0,0.0,0.0,1.0,0.0,0.3695652173913043,0.5631469979296065,0.5701825671944651,0.4953698538435792,0.0,3.0,0.0
1.0,0.0,0.0,1.0,1.0,0.0,0.0,0.0,0.0,1.0,1.0,0.0,0.0,1.0,0.0,0.0,1.0,0.0,0.0,1.0,0.0,-0.3695652173913043,0.47020933977455714,0.4609854301316347,1.217449514671427,0.0,2.0,0.0
0.0,1.0,0.0,1.0,0.0,0.0,0.0,0.0,0.0,1.0,1.0,0.0,0.0,1.0,0.0,1.0,0.0,0.0,0.0,1.0,0.0,-0.43478260869565216,0.3487462617897401,0.44470228896890074,0.9818141247350219,0.0,2.0,0.0
1.0,0.0,0.0,1.0,1.0,0.0,0.0,0.0,1.0,0.0,0.0,0.0,0.0,1.0,0.0,1.0,0.0,0.0,0.0,1.0,0.0,-0.391304347826087,0.061651713825626765,0.2502048313756204,1.7431663505522703,0.0,1.0,0.0
1.0,0.0,0.0,1.0,0.0,0.0,0.0,0.0,0.0,0.0,0.0,0.0,0.0,0.0,1.0,1.0,0.0,0.0,0.0,0.0,1.0,-0.5869565217391305,-0.9229353577179664,-0.9920935024061116,-0.03213209862769132,0.0,0.0,0.0
1.0,0.0,0.0,1.0,1.0,0.0,0.0,1.0,0.0,0.0,1.0,0.0,0.0,1.0,0.0,1.0,0.0,0.0,0.0,1.0,0.0,-0.5869565217391305,0.28249367379802154,0.24001452701729525,0.8532857302242551,0.0,2.0,0.0
0.0,1.0,0.0,1.0,0.0,0.0,1.0,1.0,1.0,1.0,1.0,1.0,0.0,1.0,0.0,0.0,1.0,0.0,0.0,1.0,0.0,0.5434782608695652,0.7333793420749941,0.7082781925759104,-0.2418832980029008,0.0,5.0,0.0
0.0,0.0,0.0,1.0,1.0,1.0,0.0,0.0,0.0,1.0,1.0,0.0,0.0,1.0,0.0,1.0,0.0,0.0,0.0,1.0,0.0,-0.10869565217391304,0.44352426961122604,0.4509935025999571,0.32132098627691624,0.0,3.0,0.0
0.0,0.0,0.0,1.0,1.0,0.0,0.0,0.0,0.0,0.0,0.0,0.0,0.0,1.0,0.0,1.0,0.0,0.0,0.0,1.0,0.0,-0.5652173913043478,-0.011962272831838153,-0.07298930248077153,5.2696641749414255,0.0,0.0,0.0
1.0,0.0,0.0,1.0,0.0,0.0,0.0,0.0,0.0,0.0,0.0,0.0,1.0,0.0,0.0,1.0,0.0,0.0,0.0,1.0,0.0,-0.6086956521739131,-0.4554865424430642,-0.4564343069148021,2.6883855851835325,0.0,0.0,0.0
1.0,1.0,1.0,1.0,0.0,0.0,1.0,1.0,0.0,1.0,0.0,1.0,1.0,0.0,0.0,0.0,1.0,1.0,0.0,0.0,0.0,0.2608695652173913,-0.03680699332873246,-0.02428554207965945,-0.3775521588753764,0.0,3.0,0.0
0.0,1.0,0.0,0.0,0.0,1.0,0.0,1.0,0.0,1.0,1.0,0.0,1.0,0.0,0.0,1.0,0.0,0.0,0.0,1.0,0.0,0.21739130434782608,-0.26869105129974696,-0.26791581800591074,-1.0143032466807989,0.0,4.0,0.0
1.0,1.0,1.0,1.0,0.0,0.0,0.0,0.0,0.0,0.0,0.0,1.0,0.0,0.0,1.0,1.0,0.0,0.0,0.0,0.0,1.0,-0.5,-0.939498504715896,-0.9495225314665506,-0.12852839451076642,0.0,0.0,0.0
0.0,1.0,1.0,1.0,0.0,0.0,0.0,0.0,0.0,0.0,0.0,2.0,0.0,0.0,1.0,0.0,1.0,0.0,0.0,1.0,0.0,0.2826086956521739,-0.8750862663906142,-0.8533768905213449,0.2463460894789692,0.0,0.0,0.0
0.0,1.0,1.0,1.0,1.0,0.0,1.0,0.0,0.0,1.0,1.0,0.0,0.0,1.0,0.0,0.0,1.0,0.0,0.0,1.0,0.0,0.06521739130434782,0.5502645502645503,0.550596941126938,0.47662612964409273,1.0,3.0,1.0
0.0,0.0,1.0,1.0,0.0,0.0,1.0,0.0,0.0,0.0,0.0,0.0,1.0,0.0,0.0,1.0,0.0,0.0,0.0,0.0,1.0,-0.5869565217391305,-0.3487462617897401,-0.32137101062454043,0.5489233515563986,0.0,1.0,0.0
1.0,1.0,0.0,0.0,1.0,1.0,0.0,1.0,1.0,1.0,1.0,2.0,1.0,0.0,0.0,1.0,0.0,0.0,1.0,0.0,0.0,0.6521739130434783,-0.11870255348516223,-0.08654806069246927,-1.0683922793707463,1.0,5.0,0.0
1.0,0.0,0.0,1.0,1.0,0.0,0.0,0.0,0.0,0.0,1.0,0.0,0.0,1.0,0.0,1.0,0.0,0.0,0.0,1.0,0.0,-0.6086956521739131,0.18955601564297211,0.1876430447822957,2.1153631596563653,0.0,1.0,0.0
0.0,1.0,1.0,1.0,0.0,0.0,0.0,0.0,0.0,0.0,0.0,0.0,0.0,0.0,1.0,1.0,0.0,0.0,0.0,0.0,1.0,-0.30434782608695654,-0.9330572808833679,-0.9627532217153927,-0.0910409461117927,0.0,0.0,0.0
0.0,0.0,0.0,1.0,1.0,0.0,0.0,0.0,0.0,0.0,0.0,0.0,0.0,0.0,1.0,1.0,0.0,0.0,0.0,1.0,0.0,-0.41304347826086957,-0.9072923855532551,-0.887993696489876,0.058908847484101384,0.0,0.0,0.0
0.0,0.0,0.0,1.0,1.0,0.0,0.0,0.0,0.0,0.0,0.0,0.0,0.0,1.0,0.0,1.0,0.0,1.0,0.0,0.0,0.0,-0.4782608695652174,-0.011962272831838153,0.05599242653241007,5.2696641749414255,0.0,0.0,0.0
0.0,0.0,0.0,1.0,1.0,0.0,0.0,1.0,0.0,0.0,0.0,0.0,0.0,1.0,0.0,0.0,1.0,0.0,0.0,0.0,1.0,-0.13043478260869565,0.16287094547964104,0.1691871906308314,2.037710587972777,1.0,1.0,1.0
1.0,0.0,0.0,1.0,0.0,0.0,0.0,0.0,0.0,0.0,0.0,2.0,0.0,0.0,1.0,1.0,0.0,0.0,1.0,0.0,0.0,0.8695652173913043,-0.9302967563837129,-0.9244619849203344,-0.07497489679794704,0.0,0.0,0.0
0.0,0.0,0.0,1.0,1.0,1.0,0.0,0.0,0.0,0.0,0.0,0.0,0.0,1.0,0.0,1.0,0.0,1.0,0.0,0.0,0.0,-0.13043478260869565,0.09017713365539463,0.01598762207917422,1.826174272007141,1.0,1.0,1.0
0.0,0.0,0.0,1.0,1.0,0.0,0.0,1.0,1.0,1.0,1.0,1.0,1.0,0.0,0.0,0.0,1.0,0.0,0.0,0.0,1.0,0.2391304347826087,0.18863584080975385,0.1769160789034604,-0.48198147941537434,0.0,4.0,0.0
1.0,0.0,0.0,1.0,1.0,1.0,0.0,1.0,1.0,1.0,1.0,2.0,1.0,0.0,0.0,1.0,0.0,0.0,0.0,0.0,1.0,-0.5,0.17943409247757075,0.2139819188887867,-0.7792033917215218,0.0,5.0,0.0
1.0,0.0,0.0,1.0,1.0,1.0,1.0,0.0,0.0,0.0,1.0,0.0,0.0,1.0,0.0,0.0,1.0,0.0,0.0,1.0,0.0,0.3695652173913043,0.4269611226132966,0.36261412959488,0.29722191230614775,0.0,3.0,0.0
0.0,1.0,1.0,1.0,1.0,0.0,0.0,0.0,0.0,0.0,0.0,2.0,0.0,0.0,1.0,1.0,0.0,1.0,0.0,0.0,0.0,0.8478260869565217,-0.9413388543823327,-0.9478155490304425,-0.13923909405333007,0.0,0.0,0.0
0.0,1.0,1.0,1.0,1.0,0.0,1.0,1.0,1.0,1.0,1.0,1.0,0.0,1.0,0.0,0.0,1.0,1.0,0.0,0.0,0.0,0.2608695652173913,0.7103749712445364,0.6992342163453258,-0.26419725538324207,0.0,5.0,0.0
0.0,0.0,0.0,0.0,0.0,1.0,1.0,0.0,1.0,0.0,0.0,1.0,1.0,0.0,0.0,1.0,0.0,1.0,0.0,0.0,0.0,0.21739130434782608,-0.5401426270991488,-0.4957070288607058,-1.1098962400981813,0.0,3.0,0.0
1.0,1.0,0.0,1.0,0.0,0.0,0.0,0.0,0.0,1.0,0.0,0.0,1.0,0.0,0.0,1.0,0.0,1.0,0.0,0.0,0.0,-0.17391304347826086,-0.29261559696342304,-0.3125330495456182,0.7122615195804979,0.0,1.0,0.0
1.0,0.0,0.0,1.0,1.0,0.0,0.0,0.0,0.0,0.0,0.0,0.0,0.0,1.0,0.0,1.0,0.0,0.0,0.0,0.0,1.0,0.17391304347826086,-0.002760524499655039,-0.02924293238246708,5.323217672654245,0.0,0.0,0.0
0.0,0.0,0.0,1.0,1.0,0.0,1.0,1.0,0.0,1.0,1.0,2.0,0.0,1.0,0.0,1.0,0.0,0.0,0.0,1.0,0.0,0.6739130434782609,0.5364619277662757,0.5224070720160156,-0.07711703670645978,0.0,4.0,0.0
0.0,1.0,1.0,1.0,1.0,1.0,1.0,1.0,1.0,1.0,1.0,2.0,1.0,0.0,0.0,0.0,1.0,0.0,1.0,0.0,0.0,0.15217391304347827,0.41223832528180365,0.4277810936853705,-0.7902966162477485,0.0,6.0,0.0
0.0,1.0,1.0,1.0,1.0,1.0,0.0,1.0,1.0,1.0,1.0,0.0,0.0,1.0,0.0,1.0,0.0,0.0,0.0,1.0,0.0,0.13043478260869565,0.6698872785829308,0.6751047257956809,-0.303469820372643,0.0,5.0,0.0
0.0,1.0,1.0,1.0,0.0,1.0,1.0,0.0,1.0,1.0,0.0,2.0,0.0,1.0,0.0,0.0,1.0,1.0,0.0,0.0,0.0,0.9347826086956522,0.5410628019323672,0.5536564106361587,-0.07176168693517776,0.0,4.0,0.0
1.0,1.0,0.0,1.0,1.0,1.0,1.0,1.0,1.0,1.0,1.0,2.0,1.0,0.0,0.0,0.0,1.0,1.0,0.0,0.0,0.0,0.9347826086956522,0.3413848631239935,0.2991366218503244,-0.8492054637318499,0.0,6.0,0.0
1.0,1.0,0.0,1.0,1.0,0.0,0.0,0.0,0.0,0.0,0.0,0.0,0.0,1.0,0.0,1.0,0.0,0.0,0.0,1.0,0.0,-0.4782608695652174,-0.02116402116402127,-0.11293513646619686,5.216110677228606,0.0,0.0,0.0
0.0,0.0,0.0,1.0,1.0,0.0,0.0,0.0,0.0,0.0,0.0,0.0,0.0,1.0,0.0,1.0,0.0,0.0,0.0,0.0,1.0,-0.6086956521739131,0.0018403496664365184,0.0002082662570346672,5.3499944215106545,1.0,0.0,1.0
1.0,0.0,0.0,1.0,0.0,0.0,0.0,0.0,0.0,0.0,0.0,2.0,0.0,0.0,1.0,1.0,0.0,1.0,0.0,0.0,0.0,0.8043478260869565,-0.9348976305498045,-0.948046886299908,-0.10175164565435672,0.0,0.0,0.0
1.0,0.0,0.0,1.0,0.0,0.0,0.0,1.0,1.0,1.0,1.0,2.0,0.0,1.0,0.0,1.0,0.0,1.0,0.0,0.0,0.0,0.043478260869565216,0.5327812284334024,0.5463299027381322,-0.08140131652348523,0.0,4.0,0.0
1.0,0.0,0.0,1.0,1.0,0.0,0.0,0.0,0.0,1.0,1.0,0.0,0.0,1.0,0.0,0.0,1.0,0.0,0.0,1.0,0.0,-0.4782608695652174,0.42972164711295135,0.3714026315717673,1.1389043846926252,0.0,2.0,0.0
0.0,0.0,0.0,1.0,1.0,0.0,0.0,0.0,0.0,0.0,0.0,0.0,0.0,1.0,0.0,1.0,0.0,1.0,0.0,0.0,0.0,-0.5869565217391305,-0.005521048999309817,-0.23178821206467304,5.3071516233404,1.0,0.0,1.0
0.0,0.0,0.0,1.0,1.0,0.0,1.0,1.0,0.0,1.0,0.0,1.0,0.0,1.0,0.0,0.0,1.0,1.0,0.0,0.0,0.0,0.5434782608695652,0.44628479411088107,0.44577421989183996,0.3253374986053778,0.0,3.0,0.0
1.0,0.0,0.0,1.0,1.0,0.0,0.0,0.0,0.0,0.0,0.0,0.0,0.0,0.0,1.0,0.0,1.0,0.0,0.0,0.0,1.0,-0.6086956521739131,-0.8548424200598115,-0.8551926102479553,0.36416378444717196,0.0,0.0,0.0
1.0,1.0,1.0,1.0,1.0,0.0,1.0,0.0,1.0,1.0,1.0,2.0,1.0,0.0,0.0,1.0,0.0,0.0,1.0,0.0,0.0,0.9130434782608695,0.05244996549344365,0.036934301982986924,-0.6404998326453197,0.0,4.0,0.0
1.0,0.0,0.0,1.0,0.0,0.0,0.0,0.0,0.0,0.0,0.0,0.0,0.0,0.0,1.0,1.0,0.0,0.0,0.0,0.0,1.0,-0.5434782608695652,-0.9164941338854382,-0.9615434711023619,0.005355349771282014,0.0,0.0,0.0
0.0,0.0,0.0,1.0,1.0,0.0,0.0,0.0,0.0,1.0,0.0,0.0,0.0,1.0,0.0,1.0,0.0,0.0,0.0,1.0,0.0,-0.5652173913043478,0.16379112031285956,0.20142501379150607,2.0403882628584187,0.0,1.0,0.0
0.0,0.0,1.0,1.0,1.0,0.0,0.0,0.0,0.0,1.0,1.0,0.0,1.0,0.0,0.0,1.0,0.0,0.0,0.0,0.0,1.0,-0.2608695652173913,-0.10674028065332408,-0.11556027342033236,0.0981814124735023,0.0,2.0,0.0
1.0,0.0,0.0,1.0,1.0,1.0,0.0,0.0,1.0,1.0,1.0,2.0,1.0,0.0,0.0,0.0,1.0,0.0,1.0,0.0,0.0,0.5,0.17023234414538763,0.19336786267842923,-0.503402878500502,0.0,4.0,0.0
0.0,1.0,1.0,1.0,0.0,0.0,0.0,0.0,0.0,0.0,0.0,1.0,0.0,0.0,1.0,1.0,0.0,0.0,0.0,0.0,1.0,-0.5869565217391305,-0.9238555325511848,-1.0040378755474273,-0.03748744839897333,0.0,0.0,0.0
0.0,1.0,0.0,1.0,0.0,1.0,1.0,0.0,1.0,1.0,1.0,1.0,0.0,1.0,0.0,1.0,0.0,0.0,0.0,0.0,1.0,-0.32608695652173914,0.6524039567517829,0.4733892022399239,-0.32042842798170224,0.0,5.0,0.0
0.0,1.0,1.0,1.0,0.0,1.0,1.0,0.0,0.0,1.0,0.0,1.0,1.0,0.0,0.0,0.0,1.0,0.0,0.0,1.0,0.0,-0.41304347826086957,-0.0036806993328732983,-0.054643970399622585,-0.32935401093383904,0.0,3.0,0.0
1.0,0.0,0.0,1.0,0.0,0.0,0.0,0.0,0.0,0.0,0.0,0.0,0.0,0.0,1.0,1.0,0.0,0.0,0.0,0.0,1.0,-0.5869565217391305,-0.9247757073844031,-0.9590167767840068,-0.042842798170255346,0.0,0.0,0.0
1.0,1.0,1.0,1.0,0.0,1.0,1.0,0.0,1.0,0.0,0.0,1.0,1.0,0.0,0.0,1.0,0.0,0.0,0.0,0.0,1.0,0.6086956521739131,-0.20059811364159189,-0.1657556552854564,-0.6158652236974226,0.0,3.0,0.0
1.0,1.0,0.0,1.0,0.0,0.0,0.0,0.0,0.0,0.0,0.0,0.0,0.0,1.0,0.0,1.0,0.0,1.0,0.0,0.0,0.0,-0.34782608695652173,-0.0009201748332182592,-0.09690160768478595,5.33392837219681,1.0,0.0,1.0
1.0,0.0,0.0,1.0,0.0,0.0,0.0,1.0,1.0,1.0,1.0,1.0,0.0,1.0,0.0,0.0,1.0,0.0,0.0,1.0,0.0,0.7608695652173914,0.5815504945939728,0.6231819779087793,-0.024634608947896958,1.0,4.0,0.0
0.0,0.0,0.0,0.0,1.0,1.0,0.0,1.0,1.0,0.0,0.0,1.0,1.0,0.0,0.0,1.0,0.0,0.0,1.0,0.0,0.0,0.6086956521739131,-0.5410628019323671,-0.5691079482883464,-1.1112350775410018,0.0,3.0,0.0
0.0,1.0,1.0,1.0,0.0,0.0,0.0,1.0,0.0,0.0,0.0,2.0,0.0,1.0,0.0,1.0,0.0,0.0,0.0,1.0,0.0,0.9130434782608695,0.10213940648723252,0.10990756324396087,1.8609840455204731,0.0,1.0,0.0
1.0,0.0,0.0,1.0,1.0,0.0,0.0,0.0,0.0,0.0,0.0,0.0,0.0,1.0,0.0,1.0,0.0,0.0,0.0,0.0,1.0,-0.6086956521739131,0.0018403496664365184,0.0002082662570346672,5.3499944215106545,0.0,0.0,0.0
0.0,0.0,0.0,1.0,1.0,0.0,0.0,0.0,0.0,0.0,0.0,0.0,0.0,1.0,0.0,0.0,1.0,0.0,0.0,1.0,0.0,-0.6086956521739131,0.08465608465608455,0.08290008031229687,5.831975900926029,0.0,0.0,0.0
1.0,0.0,0.0,1.0,0.0,0.0,0.0,0.0,0.0,0.0,0.0,0.0,1.0,0.0,0.0,1.0,0.0,0.0,0.0,0.0,1.0,-0.6086956521739131,-0.47665056360708535,-0.47756665939559123,2.565212540444048,0.0,0.0,0.0
0.0,1.0,0.0,1.0,1.0,0.0,0.0,0.0,0.0,1.0,1.0,1.0,0.0,1.0,0.0,0.0,1.0,0.0,1.0,0.0,0.0,0.5217391304347826,0.46652864044168385,0.4420807292454156,1.2103090483097179,1.0,2.0,1.0
0.0,0.0,0.0,1.0,1.0,0.0,0.0,0.0,0.0,0.0,1.0,0.0,1.0,0.0,0.0,0.0,1.0,0.0,0.0,1.0,0.0,-0.6086956521739131,-0.19047619047619052,-0.19182050193796304,1.0094834318866452,0.0,1.0,0.0
1.0,1.0,0.0,1.0,1.0,0.0,1.0,1.0,0.0,1.0,1.0,1.0,0.0,1.0,0.0,1.0,0.0,0.0,0.0,1.0,0.0,0.6739130434782609,0.5051759834368531,0.49972807634641464,-0.11353341515117693,1.0,4.0,1.0
0.0,1.0,0.0,1.0,1.0,0.0,0.0,0.0,0.0,0.0,0.0,0.0,1.0,0.0,0.0,1.0,0.0,0.0,0.0,1.0,0.0,-0.6086956521739131,-0.4692891649413389,-0.47021627592401244,2.6080553386143035,0.0,0.0,0.0
0.0,0.0,1.0,1.0,1.0,0.0,0.0,0.0,0.0,1.0,0.0,0.0,0.0,1.0,0.0,1.0,0.0,0.0,0.0,1.0,0.0,-0.2826086956521739,0.1932367149758454,0.20986646980964757,2.126073859198929,0.0,1.0,0.0
0.0,0.0,0.0,1.0,0.0,0.0,0.0,0.0,0.0,0.0,0.0,1.0,0.0,0.0,1.0,1.0,0.0,1.0,0.0,0.0,0.0,0.8913043478260869,-0.9348976305498045,-0.9449722940793829,-0.10175164565435672,0.0,0.0,0.0
0.0,1.0,0.0,1.0,0.0,1.0,1.0,0.0,1.0,0.0,0.0,1.0,0.0,1.0,0.0,0.0,1.0,0.0,0.0,1.0,0.0,0.8043478260869565,0.34046468829077525,0.3451751269118155,0.17137119268102213,0.0,3.0,0.0
0.0,0.0,0.0,1.0,1.0,1.0,1.0,0.0,0.0,0.0,0.0,0.0,0.0,1.0,0.0,1.0,0.0,1.0,0.0,0.0,0.0,-0.08695652173913043,0.17207269381182413,0.1842251164680114,0.6390717393729777,0.0,2.0,0.0
0.0,0.0,0.0,1.0,0.0,0.0,0.0,0.0,0.0,0.0,0.0,0.0,0.0,0.0,1.0,1.0,0.0,0.0,0.0,0.0,1.0,-0.6086956521739131,-0.945019553715206,-0.9452348077747964,-0.16066049313845812,0.0,0.0,0.0
1.0,0.0,0.0,1.0,0.0,1.0,1.0,1.0,1.0,0.0,0.0,1.0,1.0,0.0,0.0,0.0,1.0,0.0,0.0,1.0,0.0,0.17391304347826086,-0.05613066482631695,-0.08367550187469967,-0.7668860872475732,0.0,4.0,0.0
1.0,0.0,1.0,1.0,1.0,0.0,0.0,0.0,0.0,0.0,0.0,0.0,0.0,0.0,1.0,1.0,0.0,0.0,0.0,0.0,1.0,-0.6086956521739131,-0.939498504715896,-0.9397220201711122,-0.12852839451076642,0.0,0.0,0.0
0.0,0.0,0.0,1.0,1.0,0.0,0.0,0.0,0.0,0.0,1.0,0.0,0.0,1.0,0.0,1.0,0.0,0.0,0.0,1.0,0.0,-0.5434782608695652,0.159190246146768,0.16030880624736188,2.026999888430214,0.0,1.0,0.0
0.0,0.0,0.0,1.0,0.0,0.0,0.0,0.0,0.0,0.0,0.0,0.0,1.0,0.0,0.0,1.0,0.0,0.0,0.0,1.0,0.0,-0.5652173913043478,-0.47665056360708535,-0.5455577065076957,2.565212540444048,0.0,0.0,0.0
0.0,0.0,0.0,1.0,1.0,1.0,0.0,0.0,0.0,0.0,1.0,0.0,1.0,0.0,0.0,0.0,1.0,0.0,0.0,1.0,0.0,0.0,-0.08097538532321151,-0.08549340309908947,0.14816467700546687,0.0,2.0,0.0
1.0,1.0,0.0,1.0,0.0,1.0,0.0,1.0,1.0,0.0,1.0,2.0,1.0,0.0,0.0,0.0,1.0,0.0,1.0,0.0,0.0,0.6956521739130435,0.08925695882217612,0.12754462254541118,-0.5976570344750642,0.0,4.0,0.0
0.0,1.0,0.0,1.0,1.0,1.0,1.0,1.0,1.0,1.0,1.0,2.0,0.0,1.0,0.0,0.0,1.0,0.0,1.0,0.0,0.0,0.9347826086956522,0.8511617207269382,0.8153479277397481,-0.425367781833251,1.0,6.0,0.0
1.0,1.0,1.0,1.0,1.0,1.0,1.0,1.0,0.0,1.0,1.0,2.0,0.0,1.0,0.0,1.0,0.0,0.0,1.0,0.0,0.0,0.8478260869565217,0.6027145157579941,0.614613849381362,-0.36862657592324,0.0,5.0,0.0
1.0,0.0,0.0,1.0,0.0,0.0,0.0,0.0,0.0,0.0,0.0,0.0,0.0,0.0,1.0,1.0,0.0,0.0,0.0,0.0,1.0,-0.6086956521739131,-0.9266160570508397,-0.9268588490958493,-0.05355349771281937,0.0,0.0,0.0
1.0,1.0,1.0,1.0,0.0,0.0,0.0,0.0,0.0,0.0,0.0,2.0,0.0,0.0,1.0,1.0,0.0,0.0,1.0,0.0,0.0,0.4782608695652174,-0.9376581550494595,-0.9055643558031868,-0.1178176949682024,0.0,0.0,0.0
0.0,0.0,0.0,1.0,1.0,1.0,0.0,0.0,1.0,1.0,1.0,0.0,0.0,1.0,0.0,0.0,1.0,1.0,0.0,0.0,0.0,-0.45652173913043476,0.6045548654244306,0.6491093071073561,0.0021421399085127294,0.0,4.0,0.0
1.0,0.0,0.0,1.0,1.0,1.0,1.0,1.0,0.0,1.0,1.0,2.0,0.0,1.0,0.0,0.0,1.0,0.0,1.0,0.0,0.0,0.8695652173913043,0.7278582930756844,0.681809858213026,-0.24723864777418278,0.0,5.0,0.0
1.0,0.0,0.0,1.0,0.0,0.0,0.0,0.0,0.0,0.0,0.0,1.0,0.0,0.0,1.0,1.0,0.0,0.0,0.0,0.0,1.0,-0.32608695652173914,-0.9413388543823327,-0.8708121751250604,-0.13923909405333007,0.0,0.0,0.0
0.0,1.0,0.0,1.0,1.0,0.0,0.0,1.0,0.0,1.0,1.0,0.0,0.0,1.0,0.0,0.0,1.0,0.0,0.0,1.0,0.0,0.717391304347826,0.5677478720956981,0.5299990104282933,0.5020640410576817,0.0,3.0,0.0
0.0,0.0,0.0,1.0,1.0,1.0,1.0,0.0,0.0,0.0,0.0,0.0,0.0,1.0,0.0,0.0,1.0,0.0,0.0,1.0,0.0,0.45652173913043476,0.23740510697032446,0.2147292078750639,0.7658150172933172,1.0,2.0,1.0
0.0,1.0,0.0,1.0,1.0,1.0,1.0,1.0,1.0,1.0,1.0,1.0,1.0,0.0,0.0,1.0,0.0,1.0,0.0,0.0,0.0,0.9130434782608695,0.263170002300437,0.26769493237945574,-0.9142347109545591,0.0,6.0,0.0
1.0,0.0,0.0,1.0,1.0,0.0,0.0,1.0,1.0,0.0,1.0,1.0,1.0,0.0,0.0,1.0,0.0,0.0,0.0,0.0,1.0,0.1956521739130435,-0.15090867264780314,-0.15840527181387742,-0.5435680017851166,0.0,3.0,0.0
1.0,1.0,0.0,1.0,1.0,0.0,0.0,1.0,0.0,1.0,1.0,0.0,0.0,1.0,0.0,0.0,1.0,0.0,0.0,1.0,0.0,0.6304347826086957,0.5189786059351278,0.5444534700276459,0.43110565658819616,1.0,3.0,1.0
0.0,0.0,0.0,1.0,0.0,0.0,0.0,0.0,0.0,0.0,0.0,1.0,0.0,0.0,1.0,0.0,1.0,1.0,0.0,0.0,0.0,0.41304347826086957,-0.8493213710605015,-0.8631172424282513,0.39629588307486363,0.0,0.0,0.0
1.0,0.0,0.0,0.0,1.0,0.0,1.0,1.0,1.0,0.0,0.0,0.0,1.0,0.0,0.0,1.0,0.0,0.0,1.0,0.0,0.0,-0.5869565217391305,-0.5539452495974235,-0.5882818104362478,-1.1299788017404886,0.0,3.0,0.0
1.0,1.0,1.0,1.0,1.0,1.0,0.0,0.0,0.0,0.0,1.0,0.0,1.0,0.0,0.0,1.0,0.0,0.0,0.0,0.0,1.0,0.0,-0.18955601564297211,-0.1349183954079817,-0.062479080664955805,0.0,2.0,0.0
0.0,1.0,1.0,1.0,1.0,1.0,1.0,0.0,1.0,0.0,0.0,2.0,1.0,0.0,0.0,1.0,0.0,0.0,1.0,0.0,0.0,0.8043478260869565,-0.22636300897170458,-0.23611769929887952,-0.6533526720963961,0.0,3.0,0.0
1.0,1.0,0.0,1.0,1.0,0.0,1.0,0.0,1.0,1.0,1.0,1.0,0.0,1.0,0.0,0.0,1.0,0.0,0.0,1.0,0.0,0.8043478260869565,0.617437313089487,0.6212043001589098,0.017137119268102213,0.0,4.0,0.0
1.0,1.0,1.0,0.0,0.0,0.0,0.0,1.0,1.0,0.0,1.0,2.0,1.0,0.0,0.0,1.0,0.0,0.0,1.0,0.0,0.0,0.5434782608695652,-0.45088566827697263,-0.47224103433400744,-0.9800290081445944,0.0,3.0,0.0
0.0,1.0,1.0,1.0,1.0,1.0,0.0,0.0,0.0,1.0,0.0,2.0,1.0,0.0,0.0,1.0,0.0,0.0,0.0,1.0,0.0,0.8043478260869565,-0.19783758914193697,-0.18433090665821023,-0.07854512997880146,0.0,2.0,0.0
1.0,0.0,0.0,1.0,0.0,0.0,0.0,0.0,0.0,0.0,0.0,1.0,0.0,0.0,1.0,1.0,0.0,0.0,0.0,0.0,1.0,-0.2391304347826087,-0.927536231884058,-0.8868911389691392,-0.058908847484101,0.0,0.0,0.0
0.0,0.0,0.0,0.0,1.0,0.0,0.0,0.0,0.0,0.0,1.0,0.0,1.0,0.0,0.0,1.0,0.0,0.0,0.0,1.0,0.0,-0.5869565217391305,-0.658845180584311,-0.7251827025944042,-0.35345308490460753,0.0,1.0,0.0
1.0,0.0,0.0,1.0,0.0,0.0,0.0,0.0,0.0,0.0,0.0,1.0,0.0,0.0,1.0,1.0,0.0,0.0,0.0,0.0,1.0,-0.5652173913043478,-0.9367379802162411,-0.921346061492165,-0.11246234519692037,0.0,0.0,0.0
1.0,0.0,0.0,0.0,1.0,0.0,0.0,0.0,0.0,0.0,0.0,0.0,1.0,0.0,0.0,1.0,0.0,0.0,0.0,1.0,0.0,-0.6086956521739131,-0.8355187485622269,-0.8358978536350608,0.47662612964409273,1.0,0.0,1.0
0.0,1.0,1.0,1.0,1.0,0.0,0.0,0.0,0.0,0.0,0.0,0.0,0.0,0.0,1.0,1.0,0.0,0.0,0.0,0.0,1.0,-0.6086956521739131,-0.9477800782148609,-0.9479912015766385,-0.17672654245230376,0.0,0.0,0.0
1.0,1.0,0.0,1.0,1.0,0.0,1.0,0.0,0.0,1.0,0.0,0.0,0.0,1.0,0.0,1.0,0.0,0.0,1.0,0.0,0.0,0.43478260869565216,0.27237175063262015,0.31468092238420087,0.8336494477295551,0.0,2.0,0.0
0.0,1.0,1.0,1.0,1.0,1.0,0.0,1.0,1.0,1.0,1.0,2.0,1.0,0.0,0.0,0.0,1.0,0.0,1.0,0.0,0.0,0.9347826086956522,0.28341384863124003,0.2624612709869256,-0.6783443043623784,0.0,5.0,0.0
1.0,1.0,1.0,1.0,1.0,0.0,0.0,0.0,0.0,0.0,0.0,0.0,1.0,0.0,0.0,1.0,0.0,0.0,0.0,1.0,0.0,-0.5869565217391305,-0.478490913273522,-0.46975687695703877,2.554501840901484,0.0,0.0,0.0
1.0,1.0,0.0,1.0,1.0,0.0,0.0,0.0,0.0,0.0,0.0,1.0,0.0,0.0,1.0,1.0,0.0,0.0,0.0,0.0,1.0,-0.391304347826087,-0.9192546583850932,-0.9881677294156094,-0.010710699542563646,0.0,0.0,0.0
0.0,1.0,1.0,1.0,0.0,0.0,0.0,0.0,0.0,0.0,0.0,0.0,0.0,0.0,1.0,1.0,0.0,0.0,0.0,0.0,1.0,-0.5652173913043478,-0.942259029215551,-0.9620794365638313,-0.14459444382461206,0.0,0.0,0.0
0.0,1.0,1.0,1.0,0.0,0.0,1.0,1.0,1.0,0.0,0.0,0.0,0.0,1.0,0.0,0.0,1.0,0.0,1.0,0.0,0.0,0.08695652173913043,0.33310328962502866,0.31143018461047606,0.16066049313845812,0.0,3.0,0.0
1.0,0.0,1.0,0.0,0.0,0.0,0.0,0.0,0.0,0.0,0.0,0.0,1.0,0.0,0.0,1.0,0.0,0.0,0.0,0.0,1.0,-0.45652173913043476,-0.8281573498964804,-0.802821128012956,0.5194689278143481,0.0,0.0,0.0
0.0,0.0,0.0,1.0,0.0,1.0,1.0,1.0,0.0,1.0,0.0,2.0,0.0,1.0,0.0,0.0,1.0,0.0,1.0,0.0,0.0,0.7391304347826086,0.5060961582700714,0.5166747937947774,-0.11246234519692037,0.0,4.0,0.0
0.0,0.0,1.0,1.0,0.0,0.0,0.0,0.0,0.0,0.0,0.0,0.0,0.0,0.0,1.0,1.0,0.0,0.0,1.0,0.0,0.0,-0.391304347826087,-0.927536231884058,-0.927360011605275,-0.058908847484101,0.0,0.0,0.0
0.0,1.0,1.0,0.0,0.0,1.0,0.0,1.0,1.0,0.0,0.0,2.0,1.0,0.0,0.0,1.0,0.0,0.0,1.0,0.0,0.0,0.15217391304347827,-0.549344375431332,-0.5072999814247209,-1.1232846145263862,0.0,3.0,0.0
1.0,1.0,1.0,1.0,1.0,0.0,0.0,1.0,0.0,1.0,1.0,0.0,0.0,1.0,0.0,1.0,0.0,0.0,0.0,1.0,0.0,-0.45652173913043476,0.44628479411088107,0.4475480103476545,0.3253374986053778,0.0,3.0,0.0
0.0,0.0,0.0,0.0,1.0,0.0,0.0,0.0,0.0,0.0,1.0,0.0,1.0,0.0,0.0,1.0,0.0,0.0,0.0,1.0,0.0,-0.41304347826086957,-0.658845180584311,-0.6910952992449572,-0.35345308490460753,1.0,1.0,1.0
0.0,0.0,0.0,1.0,1.0,0.0,0.0,0.0,0.0,0.0,0.0,0.0,0.0,1.0,0.0,0.0,1.0,0.0,1.0,0.0,0.0,-0.5652173913043478,0.08465608465608455,0.3609895883203637,5.831975900926029,0.0,0.0,0.0
0.0,0.0,0.0,1.0,1.0,1.0,1.0,1.0,0.0,0.0,1.0,0.0,1.0,0.0,0.0,1.0,0.0,1.0,0.0,0.0,0.0,0.0,-0.030365769496204384,-0.04851970692955264,-0.7368961285283945,0.0,4.0,0.0
0.0,1.0,1.0,1.0,1.0,0.0,1.0,0.0,0.0,0.0,0.0,1.0,1.0,0.0,0.0,0.0,1.0,1.0,0.0,0.0,0.0,0.7608695652173914,-0.3064182194616977,-0.3209546803107206,0.6720963962958834,0.0,1.0,0.0
1.0,1.0,1.0,1.0,1.0,1.0,1.0,1.0,0.0,1.0,1.0,1.0,0.0,1.0,0.0,0.0,1.0,0.0,0.0,1.0,0.0,0.45652173913043476,0.6947319990798252,0.6990092229000372,-0.2793707464018741,0.0,5.0,0.0
1.0,0.0,0.0,1.0,1.0,0.0,0.0,0.0,0.0,0.0,0.0,0.0,0.0,1.0,0.0,1.0,0.0,0.0,0.0,1.0,0.0,-0.6086956521739131,-0.013802622498274672,-0.015411298620070311,5.2589534753988625,1.0,0.0,1.0
0.0,1.0,0.0,1.0,1.0,0.0,0.0,1.0,0.0,0.0,0.0,0.0,0.0,1.0,0.0,1.0,0.0,1.0,0.0,0.0,0.0,-0.4782608695652174,0.08557625948930307,0.007296136033200006,1.8127858975789362,0.0,1.0,0.0
0.0,0.0,0.0,1.0,0.0,0.0,1.0,0.0,0.0,0.0,0.0,1.0,1.0,0.0,0.0,1.0,0.0,0.0,1.0,0.0,0.0,-0.32608695652173914,-0.35058661145617664,-0.3417814504429425,0.5435680017851169,0.0,1.0,0.0
1.0,0.0,0.0,1.0,0.0,0.0,0.0,0.0,0.0,0.0,0.0,0.0,0.0,1.0,0.0,1.0,0.0,0.0,0.0,0.0,1.0,-0.6086956521739131,0.0018403496664365184,0.0002082662570346672,5.3499944215106545,0.0,0.0,0.0
0.0,0.0,0.0,1.0,1.0,0.0,0.0,0.0,0.0,0.0,0.0,0.0,0.0,1.0,0.0,1.0,0.0,0.0,0.0,1.0,0.0,-0.5652173913043478,-0.0036806993328732983,0.1453783398207173,5.317862322882964,1.0,0.0,1.0
0.0,0.0,0.0,1.0,0.0,0.0,0.0,0.0,1.0,1.0,0.0,0.0,1.0,0.0,0.0,0.0,1.0,0.0,0.0,1.0,0.0,-0.5652173913043478,-0.10858063031976087,-0.23010374918576965,0.09461117929264751,0.0,2.0,0.0
0.0,0.0,0.0,1.0,1.0,0.0,0.0,0.0,0.0,0.0,0.0,0.0,0.0,1.0,0.0,0.0,1.0,0.0,0.0,1.0,0.0,-0.5869565217391305,0.09937888198757774,0.019962421836902913,5.917661497266542,0.0,0.0,0.0
1.0,1.0,0.0,0.0,0.0,1.0,0.0,1.0,0.0,0.0,0.0,1.0,1.0,0.0,0.0,1.0,0.0,0.0,0.0,0.0,1.0,0.15217391304347827,-0.6468829077524729,-0.6243956736733454,-0.94968202610733,0.0,2.0,0.0
0.0,1.0,1.0,1.0,1.0,0.0,1.0,0.0,1.0,1.0,1.0,2.0,0.0,1.0,0.0,0.0,1.0,0.0,1.0,0.0,0.0,0.8478260869565217,0.6119162640901772,0.605169147089756,0.010710699542564027,0.0,4.0,0.0
1.0,0.0,0.0,1.0,1.0,0.0,1.0,1.0,0.0,0.0,0.0,0.0,0.0,1.0,0.0,0.0,1.0,0.0,1.0,0.0,0.0,0.08695652173913043,0.24568668046928907,0.21542972169379465,0.781881066607163,1.0,2.0,1.0
0.0,0.0,0.0,1.0,0.0,0.0,0.0,1.0,0.0,1.0,1.0,0.0,0.0,1.0,0.0,0.0,1.0,0.0,1.0,0.0,0.0,-0.43478260869565216,0.5116172072693811,0.5884431213019988,0.4203949570456321,0.0,3.0,0.0
1.0,1.0,0.0,1.0,1.0,0.0,0.0,0.0,0.0,0.0,1.0,0.0,0.0,1.0,0.0,0.0,1.0,0.0,0.0,1.0,0.0,0.06521739130434782,0.2668507016333103,0.22005938438937608,2.3402878500502067,1.0,1.0,1.0
1.0,1.0,0.0,1.0,1.0,1.0,0.0,0.0,1.0,0.0,0.0,0.0,1.0,0.0,0.0,1.0,0.0,0.0,0.0,1.0,0.0,-0.15217391304347827,-0.2999769956291695,-0.33431770878470773,-0.2766930715162333,0.0,2.0,0.0
0.0,1.0,0.0,1.0,1.0,0.0,1.0,0.0,0.0,0.0,1.0,0.0,0.0,1.0,0.0,0.0,1.0,0.0,0.0,1.0,0.0,-0.21739130434782608,0.3423050379572118,0.2704315744095523,0.9693183086020307,0.0,2.0,0.0
1.0,1.0,1.0,1.0,1.0,1.0,0.0,1.0,1.0,0.0,0.0,2.0,1.0,0.0,0.0,1.0,0.0,1.0,0.0,0.0,0.0,0.8260869565217391,-0.18587531631009896,-0.21276086679076325,-0.594443824612295,0.0,3.0,0.0
0.0,1.0,1.0,1.0,0.0,0.0,0.0,0.0,0.0,0.0,0.0,2.0,0.0,0.0,1.0,1.0,0.0,1.0,0.0,0.0,0.0,0.2608695652173913,-0.9348976305498045,-0.9366743001950917,-0.10175164565435672,0.0,0.0,0.0
0.0,0.0,0.0,1.0,0.0,0.0,0.0,0.0,1.0,0.0,1.0,0.0,0.0,1.0,0.0,1.0,0.0,0.0,0.0,1.0,0.0,-0.5652173913043478,0.28157349896480327,0.3701775676598373,0.8515006136338279,0.0,2.0,0.0
1.0,0.0,0.0,1.0,0.0,0.0,0.0,0.0,0.0,0.0,0.0,2.0,0.0,0.0,1.0,1.0,0.0,0.0,0.0,0.0,1.0,0.5,-0.9358178053830228,-0.9348983310178887,-0.10710699542563874,0.0,0.0,0.0
0.0,0.0,0.0,1.0,1.0,0.0,0.0,0.0,0.0,0.0,1.0,0.0,0.0,1.0,0.0,1.0,0.0,0.0,0.0,1.0,0.0,-0.6086956521739131,0.2107200368069934,0.20877539726308506,2.1769496820261076,0.0,1.0,0.0
0.0,1.0,1.0,1.0,0.0,0.0,0.0,0.0,0.0,1.0,1.0,0.0,1.0,0.0,0.0,1.0,0.0,0.0,0.0,0.0,1.0,-0.5869565217391305,-0.08833678398895785,-0.06272939221835928,0.1338837442820488,0.0,2.0,0.0
0.0,0.0,0.0,1.0,1.0,0.0,1.0,0.0,0.0,1.0,0.0,0.0,0.0,1.0,0.0,1.0,0.0,1.0,0.0,0.0,0.0,-0.5869565217391305,0.30641821946169784,0.3911567871516355,0.8996987615753657,0.0,2.0,0.0
1.0,1.0,1.0,1.0,1.0,0.0,0.0,0.0,0.0,0.0,0.0,0.0,0.0,0.0,1.0,1.0,0.0,0.0,0.0,0.0,1.0,-0.45652173913043476,-0.9413388543823327,-0.9466130046757174,-0.13923909405333007,0.0,0.0,0.0
0.0,1.0,0.0,1.0,1.0,0.0,1.0,1.0,0.0,1.0,0.0,0.0,0.0,1.0,0.0,0.0,1.0,0.0,0.0,1.0,0.0,0.2826086956521739,0.461007591442374,0.42259280217740564,0.3467588976905055,1.0,3.0,1.0
0.0,1.0,0.0,1.0,1.0,0.0,0.0,0.0,0.0,0.0,0.0,0.0,0.0,1.0,0.0,1.0,0.0,0.0,0.0,1.0,0.0,-0.34782608695652173,-0.006441223832528076,-0.0012759457901108798,5.301796273569119,1.0,0.0,1.0
0.0,0.0,0.0,1.0,0.0,1.0,0.0,0.0,1.0,0.0,1.0,0.0,1.0,0.0,0.0,0.0,1.0,0.0,0.0,1.0,0.0,-0.45652173913043476,0.011962272831838153,-0.002433277803063934,-0.3065937744058906,0.0,3.0,0.0
0.0,1.0,0.0,1.0,0.0,0.0,0.0,0.0,0.0,0.0,0.0,1.0,0.0,0.0,1.0,1.0,0.0,0.0,1.0,0.0,0.0,0.5217391304347826,-0.9468599033816426,-0.9537293547112907,-0.17137119268102177,0.0,0.0,0.0
0.0,0.0,0.0,1.0,1.0,0.0,1.0,0.0,0.0,1.0,0.0,0.0,0.0,1.0,0.0,1.0,0.0,1.0,0.0,0.0,0.0,-0.30434782608695654,0.23372440763745117,0.08718780400405123,0.758674550931608,0.0,2.0,0.0
0.0,0.0,0.0,0.0,1.0,0.0,0.0,1.0,0.0,1.0,1.0,0.0,1.0,0.0,0.0,1.0,0.0,0.0,0.0,1.0,0.0,0.21739130434782608,-0.36346905912123306,-0.3494061270706264,-0.8528394510766484,0.0,3.0,0.0
1.0,1.0,0.0,0.0,0.0,0.0,0.0,0.0,0.0,0.0,1.0,0.0,1.0,0.0,0.0,1.0,0.0,1.0,0.0,0.0,0.0,-0.043478260869565216,-0.6257188865884519,-0.5947644403035431,-0.25705678902153284,1.0,1.0,1.0
0.0,0.0,0.0,1.0,1.0,0.0,1.0,0.0,0.0,1.0,1.0,0.0,0.0,1.0,0.0,0.0,1.0,0.0,1.0,0.0,0.0,-0.6086956521739131,0.5475040257648953,0.5450554410878179,0.4726096173156311,0.0,3.0,0.0
0.0,0.0,0.0,1.0,1.0,0.0,0.0,0.0,0.0,0.0,0.0,2.0,0.0,0.0,1.0,1.0,0.0,0.0,0.0,1.0,0.0,0.3695652173913043,-0.9091327352196917,-0.922784179997474,0.04819814794153774,0.0,0.0,0.0
1.0,1.0,0.0,1.0,1.0,0.0,1.0,0.0,0.0,0.0,0.0,0.0,0.0,1.0,0.0,0.0,1.0,1.0,0.0,0.0,0.0,-0.2608695652173913,0.1840349666436623,0.1479725928106863,2.0992971103425195,0.0,1.0,0.0
1.0,1.0,1.0,1.0,0.0,0.0,0.0,0.0,0.0,0.0,0.0,1.0,0.0,0.0,1.0,1.0,0.0,0.0,0.0,0.0,1.0,0.4782608695652174,-0.9404186795491144,-0.9376322052625261,-0.13388374428204844,0.0,0.0,0.0
0.0,0.0,0.0,1.0,1.0,0.0,0.0,1.0,0.0,0.0,1.0,0.0,0.0,1.0,0.0,1.0,0.0,0.0,1.0,0.0,0.0,-0.43478260869565216,0.27237175063262015,0.2983071514932886,0.8336494477295551,0.0,2.0,0.0
0.0,0.0,0.0,1.0,1.0,0.0,0.0,1.0,0.0,1.0,1.0,1.0,0.0,1.0,0.0,0.0,1.0,1.0,0.0,0.0,0.0,0.34782608695652173,0.5456636760984588,0.524045594998222,0.4699319424299903,1.0,3.0,1.0
1.0,1.0,1.0,1.0,1.0,0.0,1.0,1.0,0.0,1.0,1.0,2.0,0.0,1.0,0.0,0.0,1.0,0.0,0.0,1.0,0.0,0.8695652173913043,0.6349206349206349,0.6463895320637514,0.037487448398973715,0.0,4.0,0.0
0.0,1.0,1.0,1.0,0.0,0.0,0.0,0.0,0.0,0.0,0.0,2.0,0.0,0.0,1.0,1.0,0.0,1.0,0.0,0.0,0.0,0.6086956521739131,-0.9339774557165862,-0.8870442719581305,-0.09639629588307472,0.0,0.0,0.0
0.0,0.0,1.0,0.0,1.0,0.0,0.0,1.0,0.0,1.0,1.0,1.0,1.0,0.0,0.0,1.0,0.0,0.0,1.0,0.0,0.0,-0.15217391304347827,-0.3873936047849091,-0.43563606277363004,-0.8876492245899809,0.0,3.0,0.0
1.0,0.0,0.0,1.0,1.0,0.0,0.0,0.0,0.0,1.0,0.0,0.0,0.0,1.0,0.0,1.0,0.0,0.0,0.0,1.0,0.0,-0.6086956521739131,0.18495514147688055,0.18304905511255892,2.1019747852281605,0.0,1.0,0.0
1.0,0.0,0.0,1.0,1.0,1.0,0.0,0.0,0.0,0.0,0.0,0.0,1.0,0.0,0.0,1.0,0.0,0.0,0.0,0.0,1.0,-0.41304347826086957,-0.34690591212330346,-0.33331538376585607,0.5542787013276805,0.0,1.0,0.0
1.0,0.0,0.0,1.0,1.0,0.0,0.0,0.0,0.0,0.0,0.0,2.0,0.0,0.0,1.0,1.0,0.0,1.0,0.0,0.0,0.0,0.06521739130434782,-0.9284564067172764,-0.9442872974054132,-0.06426419725538302,0.0,0.0,0.0
0.0,1.0,1.0,1.0,1.0,0.0,1.0,0.0,0.0,0.0,0.0,0.0,0.0,1.0,0.0,0.0,1.0,0.0,1.0,0.0,0.0,-0.2826086956521739,0.17391304347826092,0.159102883959056,2.069842686600469,0.0,1.0,0.0
0.0,1.0,1.0,1.0,1.0,0.0,1.0,0.0,0.0,1.0,1.0,1.0,0.0,1.0,0.0,1.0,0.0,0.0,0.0,1.0,0.0,0.6086956521739131,0.45088566827697263,0.4875257950131143,0.3320316858194802,0.0,3.0,0.0
0.0,0.0,0.0,1.0,0.0,0.0,0.0,0.0,0.0,0.0,0.0,0.0,0.0,0.0,1.0,1.0,0.0,0.0,0.0,0.0,1.0,-0.2391304347826087,-0.9358178053830228,-0.8972531378908789,-0.10710699542563874,0.0,0.0,0.0
0.0,1.0,1.0,1.0,1.0,0.0,1.0,0.0,1.0,0.0,1.0,1.0,1.0,0.0,0.0,1.0,0.0,1.0,0.0,0.0,0.0,0.2608695652173913,-0.07361398665746492,-0.07419195668699526,-0.4311056565881958,0.0,3.0,0.0
1.0,0.0,0.0,1.0,0.0,0.0,0.0,1.0,0.0,0.0,0.0,0.0,0.0,1.0,0.0,1.0,0.0,0.0,0.0,1.0,0.0,-0.32608695652173914,0.10950080515297912,0.16972648507032234,1.882405444605601,0.0,1.0,0.0
0.0,0.0,0.0,1.0,1.0,0.0,0.0,0.0,0.0,1.0,1.0,0.0,0.0,1.0,0.0,0.0,1.0,0.0,0.0,1.0,0.0,-0.43478260869565216,0.44628479411088107,0.5198395422339294,1.1710364833203168,0.0,2.0,0.0
0.0,0.0,0.0,1.0,1.0,1.0,0.0,0.0,0.0,1.0,1.0,0.0,0.0,1.0,0.0,0.0,1.0,0.0,0.0,1.0,0.0,-0.34782608695652173,0.5576259489302967,0.5519110872103482,0.48733682918665633,1.0,3.0,1.0
1.0,0.0,0.0,1.0,1.0,0.0,0.0,0.0,0.0,0.0,0.0,0.0,0.0,1.0,0.0,0.0,1.0,0.0,0.0,1.0,0.0,-0.6086956521739131,0.08465608465608455,0.08290008031229687,5.831975900926029,0.0,0.0,0.0
1.0,1.0,0.0,1.0,1.0,0.0,1.0,0.0,1.0,1.0,1.0,1.0,0.0,1.0,0.0,1.0,0.0,0.0,0.0,1.0,0.0,0.8478260869565217,0.5484242005981136,0.5281252379814056,-0.06319312730112685,0.0,4.0,0.0
0.0,1.0,1.0,1.0,0.0,0.0,0.0,0.0,0.0,0.0,0.0,2.0,0.0,0.0,1.0,1.0,0.0,1.0,0.0,0.0,0.0,0.41304347826086957,-0.9256958822176213,-0.9038697591235413,-0.04819814794153736,0.0,0.0,0.0
1.0,0.0,0.0,1.0,1.0,0.0,1.0,1.0,0.0,1.0,1.0,0.0,0.0,1.0,0.0,0.0,1.0,0.0,0.0,1.0,0.0,-0.34782608695652173,0.6698872785829308,0.6313517701147195,0.07818810666071671,1.0,4.0,1.0
1.0,0.0,0.0,1.0,1.0,1.0,0.0,1.0,0.0,0.0,0.0,0.0,1.0,0.0,0.0,1.0,0.0,0.0,0.0,0.0,1.0,-0.5869565217391305,-0.2834138486312399,-0.2556769583473044,-0.2445609728885416,0.0,2.0,0.0
0.0,0.0,0.0,1.0,0.0,1.0,0.0,0.0,0.0,1.0,1.0,1.0,1.0,0.0,0.0,0.0,1.0,0.0,0.0,0.0,1.0,0.06521739130434782,0.07821486082355648,0.01384667308906576,-0.21019747852281587,0.0,3.0,0.0
0.0,1.0,0.0,1.0,1.0,1.0,1.0,0.0,1.0,0.0,0.0,1.0,1.0,0.0,0.0,1.0,0.0,1.0,0.0,0.0,0.0,0.4782608695652174,-0.1840349666436623,-0.16389625100426877,-0.5917661497266539,0.0,3.0,0.0
0.0,0.0,0.0,1.0,0.0,0.0,0.0,0.0,0.0,0.0,0.0,0.0,0.0,1.0,0.0,1.0,0.0,0.0,0.0,0.0,1.0,-0.6086956521739131,-0.01748332183114797,-0.019086490355859794,5.237532076313735,0.0,0.0,0.0
0.0,0.0,0.0,1.0,0.0,0.0,0.0,0.0,0.0,0.0,0.0,1.0,0.0,0.0,1.0,1.0,0.0,0.0,1.0,0.0,0.0,-0.08695652173913043,-0.9312169312169313,-0.9094016883508494,-0.08033024656922906,0.0,0.0,0.0
0.0,1.0,1.0,1.0,0.0,0.0,0.0,0.0,0.0,0.0,0.0,2.0,0.0,0.0,1.0,1.0,0.0,0.0,0.0,0.0,1.0,-0.32608695652173914,-0.9514607775477342,-0.9617075421619954,-0.19814794153743145,0.0,0.0,0.0
0.0,1.0,0.0,1.0,0.0,0.0,1.0,1.0,1.0,0.0,1.0,1.0,1.0,0.0,0.0,1.0,0.0,1.0,0.0,0.0,0.0,0.021739130434782608,-0.004600874166091558,0.049762101494595604,-0.7069061698092155,0.0,4.0,0.0
0.0,1.0,1.0,1.0,0.0,1.0,1.0,1.0,1.0,1.0,1.0,2.0,0.0,1.0,0.0,0.0,1.0,0.0,1.0,0.0,0.0,0.9347826086956522,0.8649643432252128,0.9156627966114175,-0.4138920323233611,0.0,6.0,0.0
0.0,1.0,0.0,1.0,1.0,0.0,0.0,0.0,0.0,1.0,0.0,0.0,0.0,1.0,0.0,0.0,1.0,1.0,0.0,0.0,0.0,0.5869565217391305,0.27789279963193,0.311680765865189,2.372419948677898,0.0,1.0,0.0
1.0,1.0,0.0,1.0,1.0,1.0,1.0,1.0,0.0,1.0,0.0,2.0,0.0,1.0,0.0,0.0,1.0,0.0,1.0,0.0,0.0,0.9347826086956522,0.5051759834368531,0.5185761950747514,-0.11353341515117693,0.0,4.0,0.0
1.0,1.0,1.0,1.0,1.0,0.0,0.0,0.0,0.0,0.0,0.0,2.0,0.0,0.0,1.0,1.0,0.0,0.0,0.0,0.0,1.0,0.5217391304347826,-0.9404186795491144,-0.9121580821526915,-0.13388374428204844,0.0,0.0,0.0
1.0,0.0,1.0,1.0,0.0,1.0,0.0,1.0,0.0,0.0,0.0,0.0,1.0,0.0,0.0,1.0,0.0,0.0,0.0,0.0,1.0,-0.5652173913043478,-0.26869105129974696,-0.3320903198539262,-0.2159991074417047,0.0,2.0,0.0
1.0,0.0,0.0,1.0,0.0,0.0,0.0,0.0,0.0,0.0,0.0,0.0,0.0,1.0,0.0,0.0,1.0,0.0,0.0,1.0,0.0,0.21739130434782608,0.0874166091557396,0.12471716576759348,5.8480419502398755,0.0,0.0,0.0
1.0,1.0,0.0,1.0,1.0,0.0,1.0,0.0,0.0,1.0,1.0,0.0,0.0,1.0,0.0,0.0,1.0,0.0,0.0,1.0,0.0,0.2391304347826087,0.5668276972624798,0.5924194745828043,0.5007252036148612,0.0,3.0,0.0
1.0,0.0,1.0,1.0,0.0,0.0,0.0,0.0,0.0,0.0,0.0,2.0,0.0,0.0,1.0,1.0,0.0,0.0,0.0,0.0,1.0,0.6739130434782609,-0.9302967563837129,-0.9327085292753141,-0.07497489679794704,0.0,0.0,0.0
0.0,0.0,0.0,1.0,1.0,0.0,1.0,1.0,0.0,1.0,1.0,2.0,1.0,0.0,0.0,0.0,1.0,0.0,0.0,1.0,0.0,0.8478260869565217,0.18679549114331734,0.1432705092663673,-0.4841236193238867,0.0,4.0,0.0
1.0,1.0,1.0,1.0,0.0,1.0,1.0,1.0,0.0,1.0,1.0,2.0,1.0,0.0,0.0,1.0,0.0,0.0,0.0,1.0,0.0,0.5,0.16011042097998626,0.12216102279750901,-0.7979471159210083,0.0,5.0,0.0
1.0,0.0,1.0,0.0,0.0,1.0,1.0,0.0,1.0,0.0,0.0,1.0,1.0,0.0,0.0,1.0,0.0,1.0,0.0,0.0,0.0,-0.13043478260869565,-0.549344375431332,-0.540204709849046,-1.1232846145263862,0.0,3.0,0.0
1.0,1.0,0.0,1.0,1.0,1.0,1.0,0.0,1.0,1.0,1.0,2.0,1.0,0.0,0.0,1.0,0.0,0.0,0.0,0.0,1.0,0.6956521739130435,0.19415688980906368,0.13307247241030745,-0.7649224589981033,0.0,5.0,0.0
0.0,1.0,1.0,1.0,1.0,0.0,0.0,0.0,0.0,0.0,0.0,2.0,0.0,0.0,1.0,1.0,0.0,1.0,0.0,0.0,0.0,0.8260869565217391,-0.9431792040487693,-0.9205918243822082,-0.14994979359589408,0.0,0.0,0.0
1.0,1.0,0.0,1.0,1.0,1.0,1.0,1.0,1.0,1.0,1.0,2.0,1.0,0.0,0.0,1.0,0.0,1.0,0.0,0.0,0.0,0.8043478260869565,0.28341384863124003,0.2607292440735629,-0.8974036116733872,0.0,6.0,0.0
1.0,1.0,1.0,1.0,0.0,0.0,0.0,0.0,0.0,0.0,0.0,1.0,0.0,0.0,1.0,0.0,1.0,0.0,0.0,0.0,1.0,-0.45652173913043476,-0.8484011962272833,-0.8286623199052254,0.4016512328461453,0.0,0.0,0.0
0.0,1.0,1.0,1.0,1.0,1.0,1.0,0.0,0.0,0.0,0.0,0.0,1.0,0.0,0.0,0.0,1.0,0.0,1.0,0.0,0.0,0.13043478260869565,-0.2033586381412468,-0.17520338501828642,-0.08925582952136549,0.0,2.0,0.0
1.0,1.0,0.0,0.0,1.0,1.0,1.0,0.0,1.0,0.0,0.0,2.0,1.0,0.0,0.0,1.0,0.0,0.0,1.0,0.0,0.0,0.717391304347826,-0.5870715435932827,-0.6019452248733359,-1.178176949682026,0.0,3.0,0.0
0.0,0.0,0.0,1.0,1.0,1.0,1.0,0.0,1.0,0.0,0.0,0.0,0.0,1.0,0.0,1.0,0.0,0.0,0.0,0.0,1.0,-0.6086956521739131,0.23740510697032446,0.23542053734755847,0.021421399085128055,0.0,3.0,0.0
1.0,0.0,0.0,1.0,1.0,0.0,0.0,0.0,0.0,0.0,0.0,0.0,0.0,0.0,1.0,1.0,0.0,0.0,0.0,0.0,1.0,-0.6086956521739131,-0.9210950080515298,-0.921346061492165,-0.021421399085127673,0.0,0.0,0.0
0.0,1.0,1.0,1.0,0.0,0.0,0.0,0.0,0.0,0.0,0.0,2.0,0.0,0.0,1.0,1.0,0.0,1.0,0.0,0.0,0.0,0.2608695652173913,-0.942259029215551,-0.9509492827298348,-0.14459444382461206,0.0,0.0,0.0
1.0,1.0,0.0,1.0,0.0,0.0,1.0,0.0,0.0,1.0,1.0,2.0,0.0,1.0,0.0,0.0,1.0,1.0,0.0,0.0,0.0,0.9347826086956522,0.5125373821025994,0.471398473383038,0.42173379448845255,1.0,3.0,1.0
1.0,0.0,0.0,1.0,1.0,0.0,0.0,1.0,0.0,1.0,0.0,0.0,0.0,1.0,0.0,0.0,1.0,0.0,0.0,1.0,0.0,-0.5217391304347826,0.40487692661605706,0.36662488231524115,1.0907062367510878,0.0,2.0,0.0
0.0,1.0,1.0,1.0,0.0,1.0,1.0,1.0,1.0,1.0,1.0,2.0,0.0,1.0,0.0,0.0,1.0,1.0,0.0,0.0,0.0,0.9130434782608695,0.8115942028985507,0.7993424749197274,-0.4582649304282686,0.0,6.0,0.0
1.0,0.0,0.0,1.0,1.0,0.0,0.0,0.0,0.0,0.0,0.0,0.0,0.0,1.0,0.0,0.0,1.0,0.0,0.0,1.0,0.0,-0.6086956521739131,0.05797101449275373,0.0562549402278237,5.676670757558854,1.0,0.0,1.0
1.0,0.0,0.0,1.0,1.0,0.0,0.0,0.0,0.0,0.0,0.0,0.0,1.0,0.0,0.0,1.0,0.0,1.0,0.0,0.0,0.0,-0.6086956521739131,-0.49045318610536,-0.49134862840480165,2.484882293874819,0.0,0.0,0.0
0.0,0.0,1.0,1.0,0.0,0.0,0.0,0.0,0.0,0.0,0.0,2.0,0.0,0.0,1.0,0.0,1.0,1.0,0.0,0.0,0.0,0.717391304347826,-0.8189556015642973,-0.8114459731348489,0.5730224255271674,0.0,0.0,0.0
0.0,1.0,1.0,1.0,1.0,0.0,0.0,0.0,0.0,0.0,0.0,2.0,0.0,0.0,1.0,1.0,0.0,1.0,0.0,0.0,0.0,0.391304347826087,-0.9054520358868186,-0.8898136983547803,0.06961954702666541,0.0,0.0,0.0
0.0,0.0,0.0,1.0,1.0,0.0,0.0,0.0,1.0,1.0,1.0,0.0,0.0,1.0,0.0,1.0,0.0,0.0,0.0,1.0,0.0,-0.2826086956521739,0.44076374511157124,0.43847488074992447,0.317304473948455,1.0,3.0,0.0
0.0,1.0,0.0,1.0,0.0,0.0,0.0,0.0,1.0,1.0,1.0,1.0,0.0,1.0,0.0,0.0,1.0,1.0,0.0,0.0,0.0,0.6956521739130435,0.564067172762825,0.6259849705812467,0.4967086912864,0.0,3.0,0.0
1.0,1.0,0.0,1.0,0.0,0.0,0.0,0.0,0.0,0.0,0.0,1.0,0.0,0.0,1.0,1.0,0.0,0.0,1.0,0.0,0.0,-0.13043478260869565,-0.942259029215551,-0.908682629098195,-0.14459444382461206,0.0,0.0,0.0
0.0,0.0,0.0,1.0,1.0,0.0,0.0,1.0,1.0,0.0,1.0,0.0,0.0,1.0,0.0,1.0,0.0,0.0,0.0,1.0,0.0,-0.3695652173913043,0.34782608695652184,0.38066717740573663,0.18208189222358617,0.0,3.0,0.0
1.0,1.0,0.0,1.0,0.0,1.0,0.0,0.0,1.0,1.0,1.0,1.0,1.0,0.0,0.0,0.0,1.0,0.0,0.0,0.0,1.0,-0.043478260869565216,0.19047619047619038,0.2031264914469642,-0.47983933950686164,0.0,4.0,0.0
0.0,1.0,0.0,1.0,1.0,0.0,0.0,0.0,0.0,0.0,0.0,1.0,0.0,0.0,1.0,1.0,0.0,0.0,1.0,0.0,0.0,0.1956521739130435,-0.9247757073844031,-0.9031393550642084,-0.042842798170255346,0.0,0.0,0.0
0.0,0.0,0.0,1.0,0.0,0.0,0.0,0.0,0.0,0.0,0.0,1.0,0.0,0.0,1.0,1.0,0.0,0.0,0.0,0.0,1.0,0.0,-0.9293765815504946,-0.9173857255699783,-0.06961954702666504,0.0,0.0,0.0
0.0,1.0,0.0,1.0,0.0,0.0,0.0,0.0,0.0,0.0,0.0,2.0,0.0,0.0,1.0,0.0,1.0,0.0,0.0,0.0,1.0,0.7608695652173914,-0.8272371750632621,-0.8047305049694403,0.5248242775856301,0.0,0.0,0.0
0.0,0.0,0.0,1.0,0.0,0.0,0.0,0.0,0.0,0.0,0.0,2.0,0.0,0.0,1.0,1.0,0.0,1.0,0.0,0.0,0.0,0.4782608695652174,-0.9174143087186566,-0.9293450082112362,0.0,0.0,0.0,0.0
1.0,0.0,0.0,1.0,0.0,1.0,0.0,0.0,1.0,0.0,0.0,1.0,1.0,0.0,0.0,0.0,1.0,0.0,1.0,0.0,0.0,0.4782608695652174,-0.19507706464228206,-0.20048602755029002,-0.07318978020751983,0.0,2.0,0.0
1.0,0.0,0.0,1.0,0.0,0.0,0.0,0.0,0.0,0.0,0.0,0.0,1.0,0.0,0.0,0.0,1.0,0.0,0.0,0.0,1.0,-0.043478260869565216,-0.39567517828387394,-0.418253148326323,3.0364833203168584,0.0,0.0,0.0
1.0,0.0,0.0,1.0,1.0,0.0,0.0,1.0,1.0,1.0,0.0,0.0,1.0,0.0,0.0,1.0,0.0,0.0,1.0,0.0,0.0,-0.5217391304347826,-0.12054290315159875,-0.1280559253220163,-0.4993863661720404,0.0,3.0,0.0
0.0,1.0,1.0,1.0,1.0,1.0,1.0,0.0,0.0,1.0,0.0,2.0,0.0,1.0,0.0,0.0,1.0,0.0,0.0,1.0,0.0,0.9347826086956522,0.45272601794340916,0.44938560621554935,0.3347093607051211,0.0,3.0,0.0
0.0,1.0,0.0,1.0,1.0,0.0,1.0,0.0,1.0,1.0,1.0,1.0,1.0,0.0,0.0,0.0,1.0,0.0,1.0,0.0,0.0,0.4782608695652174,0.14998849781458487,0.12640786483156893,-0.5269664174941424,0.0,4.0,0.0
0.0,0.0,0.0,1.0,1.0,0.0,0.0,0.0,0.0,1.0,1.0,0.0,0.0,1.0,0.0,1.0,0.0,0.0,0.0,0.0,1.0,-0.32608695652173914,0.3551874856222682,0.18488665098045354,0.9943099408680132,0.0,2.0,0.0
1.0,0.0,0.0,1.0,0.0,1.0,0.0,0.0,1.0,0.0,0.0,0.0,1.0,0.0,0.0,1.0,0.0,0.0,0.0,0.0,1.0,-0.15217391304347827,-0.2834138486312399,-0.250414751998333,-0.2445609728885416,0.0,2.0,0.0
1.0,1.0,1.0,1.0,1.0,0.0,0.0,1.0,1.0,1.0,1.0,1.0,0.0,1.0,0.0,0.0,1.0,0.0,0.0,1.0,0.0,0.2608695652173913,0.5907522429261559,0.5912642542536585,-0.01392390940533293,0.0,4.0,0.0
0.0,0.0,0.0,1.0,1.0,0.0,0.0,0.0,0.0,0.0,0.0,2.0,0.0,0.0,1.0,1.0,0.0,1.0,0.0,0.0,0.0,0.2826086956521739,-0.9155739590522199,-0.9276682663233743,0.010710699542564027,0.0,0.0,0.0
0.0,0.0,0.0,1.0,1.0,0.0,0.0,0.0,0.0,0.0,0.0,0.0,0.0,1.0,0.0,1.0,0.0,0.0,0.0,1.0,0.0,-0.5434782608695652,-0.006441223832528076,-0.06433728860276701,5.301796273569119,0.0,0.0,0.0
0.0,1.0,1.0,1.0,1.0,1.0,1.0,0.0,1.0,0.0,0.0,2.0,0.0,1.0,0.0,0.0,1.0,1.0,0.0,0.0,0.0,0.9347826086956522,0.36530940878766954,0.37798735009838974,0.20751980363717507,0.0,3.0,0.0
0.0,0.0,1.0,1.0,1.0,0.0,0.0,0.0,0.0,0.0,0.0,0.0,0.0,0.0,1.0,1.0,0.0,1.0,0.0,0.0,0.0,-0.5434782608695652,-0.9284564067172764,-0.904348299714139,-0.06426419725538302,0.0,0.0,0.0
0.0,1.0,0.0,1.0,1.0,0.0,1.0,0.0,0.0,0.0,1.0,0.0,1.0,0.0,0.0,1.0,0.0,0.0,0.0,1.0,0.0,-0.1956521739130435,-0.1932367149758454,-0.14004623836002938,-0.06961954702666504,1.0,2.0,1.0
0.0,0.0,0.0,1.0,0.0,0.0,1.0,1.0,0.0,1.0,0.0,1.0,1.0,0.0,0.0,1.0,0.0,1.0,0.0,0.0,0.0,-0.15217391304347827,-0.0966183574879227,-0.09284090632636137,-0.4645765926587079,0.0,3.0,0.0
1.0,0.0,0.0,1.0,1.0,0.0,1.0,0.0,1.0,1.0,1.0,1.0,0.0,1.0,0.0,0.0,1.0,0.0,1.0,0.0,0.0,0.17391304347826086,0.6257188865884519,0.5791999589034296,0.026776748856409686,0.0,4.0,0.0
0.0,0.0,0.0,1.0,0.0,1.0,0.0,0.0,0.0,0.0,0.0,0.0,1.0,0.0,0.0,1.0,0.0,1.0,0.0,0.0,0.0,-0.6086956521739131,-0.38555325511847255,-0.3866056639348029,0.4418163561307598,0.0,1.0,0.0
1.0,0.0,0.0,1.0,1.0,0.0,0.0,1.0,0.0,1.0,1.0,0.0,0.0,1.0,0.0,0.0,1.0,0.0,0.0,1.0,0.0,-0.1956521739130435,0.5162180814354727,0.39602641620155654,0.42708914425973454,1.0,3.0,1.0
0.0,1.0,0.0,1.0,1.0,0.0,0.0,1.0,0.0,0.0,0.0,0.0,0.0,1.0,0.0,1.0,0.0,0.0,0.0,1.0,0.0,-0.08695652173913043,0.07545433632390144,0.024280772126455484,1.7833314738368848,0.0,1.0,0.0
1.0,0.0,0.0,1.0,0.0,0.0,1.0,0.0,0.0,0.0,0.0,0.0,0.0,1.0,0.0,0.0,1.0,0.0,0.0,1.0,0.0,-0.5434782608695652,0.14630779848171158,0.21911187401999282,1.9895124400312398,0.0,1.0,0.0
1.0,1.0,1.0,1.0,0.0,0.0,0.0,0.0,0.0,0.0,0.0,2.0,0.0,0.0,1.0,0.0,1.0,0.0,1.0,0.0,0.0,0.9347826086956522,-0.8272371750632621,-0.8204569439117788,0.5248242775856301,0.0,0.0,0.0
0.0,1.0,0.0,1.0,0.0,0.0,0.0,0.0,0.0,0.0,0.0,0.0,0.0,0.0,1.0,1.0,0.0,1.0,0.0,0.0,0.0,0.06521739130434782,-0.9404186795491144,-0.9289548568826667,-0.13388374428204844,0.0,0.0,0.0
0.0,1.0,1.0,1.0,0.0,0.0,0.0,0.0,0.0,0.0,0.0,2.0,0.0,0.0,1.0,1.0,0.0,0.0,1.0,0.0,0.0,0.6521739130434783,-0.9385783298826778,-0.9163316049712997,-0.1231730447394844,0.0,0.0,0.0
0.0,0.0,0.0,1.0,0.0,0.0,0.0,0.0,0.0,0.0,0.0,0.0,0.0,0.0,1.0,1.0,0.0,1.0,0.0,0.0,0.0,0.13043478260869565,-0.9431792040487693,-0.9728512485322999,-0.14994979359589408,0.0,0.0,0.0
1.0,0.0,1.0,1.0,0.0,1.0,1.0,0.0,1.0,0.0,0.0,1.0,1.0,0.0,0.0,1.0,0.0,0.0,1.0,0.0,0.0,0.5217391304347826,-0.14078674948240164,-0.1115383654830532,-0.5288407899140911,0.0,3.0,0.0
1.0,0.0,0.0,1.0,1.0,0.0,1.0,0.0,0.0,0.0,0.0,1.0,0.0,1.0,0.0,0.0,1.0,0.0,1.0,0.0,0.0,0.9130434782608695,0.1573498964803312,0.13994319711285963,2.0216445386589315,0.0,1.0,0.0
0.0,0.0,0.0,1.0,1.0,0.0,0.0,1.0,0.0,1.0,1.0,0.0,0.0,1.0,0.0,0.0,1.0,1.0,0.0,0.0,0.0,-0.391304347826087,0.5033356337704162,0.5494823765877462,0.4083454200602477,0.0,3.0,0.0
0.0,1.0,1.0,1.0,0.0,0.0,0.0,0.0,0.0,0.0,0.0,2.0,0.0,0.0,1.0,1.0,0.0,0.0,0.0,0.0,1.0,0.5,-0.9321371060501495,-0.9188370363648474,-0.08568559634051069,0.0,0.0,0.0
1.0,0.0,0.0,0.0,1.0,1.0,0.0,1.0,0.0,0.0,0.0,1.0,1.0,0.0,0.0,1.0,0.0,0.0,1.0,0.0,0.0,0.30434782608695654,-0.6496434322521278,-0.6716253300027983,-0.9550373758786118,0.0,2.0,0.0
0.0,1.0,1.0,1.0,1.0,0.0,0.0,0.0,0.0,0.0,0.0,2.0,0.0,0.0,1.0,0.0,1.0,0.0,1.0,0.0,0.0,-0.13043478260869565,-0.8263170002300437,-0.8858724716945455,0.530179627356912,0.0,0.0,0.0
0.0,1.0,1.0,0.0,0.0,1.0,0.0,0.0,0.0,1.0,1.0,0.0,1.0,0.0,0.0,1.0,0.0,0.0,0.0,1.0,0.0,-0.391304347826087,-0.36714975845410636,-0.3526936674636549,-0.8581948008479303,0.0,3.0,0.0
1.0,0.0,0.0,1.0,1.0,0.0,1.0,1.0,0.0,1.0,1.0,0.0,0.0,1.0,0.0,0.0,1.0,0.0,0.0,1.0,0.0,-0.021739130434782608,0.6478030825856913,0.6582644722349029,0.052482427758563197,0.0,4.0,0.0
0.0,1.0,1.0,1.0,1.0,1.0,0.0,0.0,0.0,1.0,1.0,1.0,0.0,1.0,0.0,0.0,1.0,0.0,1.0,0.0,0.0,0.7391304347826086,0.5364619277662757,0.5437282885165606,0.45654356800178547,0.0,3.0,0.0
1.0,0.0,0.0,1.0,1.0,0.0,1.0,0.0,0.0,1.0,0.0,0.0,1.0,0.0,0.0,1.0,0.0,0.0,0.0,1.0,0.0,-0.34782608695652173,-0.19507706464228206,-0.18277387612678894,-0.07318978020751983,1.0,2.0,1.0
0.0,0.0,0.0,1.0,1.0,1.0,1.0,0.0,0.0,1.0,0.0,0.0,0.0,1.0,0.0,0.0,1.0,0.0,0.0,1.0,0.0,-0.2608695652173913,0.439843570278353,0.45128400488789633,0.3159656365056346,0.0,3.0,0.0
1.0,0.0,0.0,1.0,1.0,1.0,0.0,0.0,0.0,0.0,1.0,0.0,0.0,1.0,0.0,1.0,0.0,0.0,0.0,0.0,1.0,-0.5652173913043478,0.28617437313089483,0.20265007770343582,0.8604261965859648,0.0,2.0,0.0
0.0,0.0,0.0,1.0,0.0,0.0,0.0,0.0,0.0,0.0,0.0,0.0,1.0,0.0,0.0,1.0,0.0,0.0,0.0,0.0,1.0,-0.5434782608695652,-0.45732689210950084,-0.41945269007342084,2.6776748856409687,0.0,0.0,0.0
1.0,1.0,1.0,1.0,0.0,0.0,1.0,0.0,0.0,1.0,0.0,0.0,0.0,1.0,0.0,0.0,1.0,0.0,0.0,1.0,0.0,0.391304347826087,0.3073383942949161,0.27359952383690267,0.9014838781657929,0.0,2.0,0.0
0.0,1.0,1.0,1.0,0.0,0.0,1.0,1.0,1.0,0.0,0.0,1.0,1.0,0.0,0.0,1.0,0.0,1.0,0.0,0.0,0.0,0.8695652173913043,-0.209799861973775,-0.19598838242094166,-0.6292535981256274,0.0,3.0,0.0
0.0,0.0,0.0,1.0,1.0,1.0,1.0,0.0,0.0,0.0,0.0,0.0,0.0,1.0,0.0,1.0,0.0,0.0,0.0,1.0,0.0,-0.5652173913043478,0.15827007131354948,0.21275685497685695,0.612294990516568,0.0,2.0,0.0
0.0,1.0,1.0,1.0,0.0,0.0,0.0,0.0,0.0,0.0,0.0,2.0,0.0,0.0,1.0,0.0,1.0,0.0,0.0,0.0,1.0,-0.391304347826087,-0.8373590982286635,-0.7948025278621426,0.4659154301015287,0.0,0.0,0.0
0.0,0.0,0.0,1.0,1.0,0.0,0.0,1.0,0.0,1.0,1.0,0.0,0.0,1.0,0.0,1.0,0.0,0.0,1.0,0.0,0.0,-0.45652173913043476,0.44076374511157124,0.40941789608883933,0.317304473948455,1.0,3.0,1.0
1.0,0.0,0.0,1.0,0.0,0.0,0.0,0.0,0.0,0.0,0.0,0.0,0.0,0.0,1.0,1.0,0.0,0.0,0.0,0.0,1.0,-0.5434782608695652,-0.9477800782148609,-0.9346686315344017,-0.17672654245230376,0.0,0.0,0.0
0.0,0.0,0.0,0.0,1.0,1.0,1.0,1.0,1.0,1.0,0.0,1.0,1.0,0.0,0.0,1.0,0.0,0.0,0.0,1.0,0.0,0.5217391304347826,-0.3110190936277893,-0.29886912914786756,-1.2549369630704004,0.0,5.0,0.0
0.0,1.0,1.0,1.0,0.0,0.0,0.0,0.0,0.0,0.0,0.0,0.0,0.0,0.0,1.0,1.0,0.0,0.0,0.0,1.0,0.0,-0.1956521739130435,-0.9293765815504946,-0.9133984593635205,-0.06961954702666504,0.0,0.0,0.0
1.0,0.0,0.0,0.0,0.0,0.0,0.0,1.0,1.0,1.0,0.0,0.0,1.0,0.0,0.0,1.0,0.0,0.0,1.0,0.0,0.0,-0.5217391304347826,-0.4619277662755924,-0.507886991215854,-0.9960950574584402,1.0,3.0,0.0
0.0,0.0,0.0,1.0,1.0,0.0,0.0,0.0,0.0,0.0,0.0,0.0,0.0,1.0,0.0,1.0,0.0,0.0,1.0,0.0,0.0,-0.5434782608695652,-0.008281573498964856,-0.07099857362388556,5.291085574026554,0.0,0.0,0.0
0.0,0.0,0.0,1.0,1.0,1.0,0.0,0.0,1.0,0.0,1.0,2.0,1.0,0.0,0.0,1.0,0.0,0.0,0.0,0.0,1.0,0.717391304347826,-0.09937888198757774,-0.15700991569857034,-0.4685931049871695,0.0,3.0,0.0
0.0,0.0,0.0,1.0,0.0,0.0,1.0,1.0,0.0,0.0,1.0,1.0,0.0,1.0,0.0,1.0,0.0,0.0,1.0,0.0,0.0,0.32608695652173914,0.3432252127904303,0.3695441539326466,0.17538770500948375,1.0,3.0,1.0
1.0,0.0,0.0,1.0,1.0,0.0,0.0,0.0,0.0,0.0,0.0,0.0,0.0,0.0,1.0,1.0,0.0,0.0,0.0,0.0,1.0,-0.5652173913043478,-0.9330572808833679,-0.9409470840830421,-0.0910409461117927,0.0,0.0,0.0
0.0,1.0,1.0,1.0,1.0,1.0,0.0,1.0,1.0,1.0,1.0,2.0,1.0,0.0,0.0,0.0,1.0,1.0,0.0,0.0,0.0,0.9347826086956522,0.2521279043018174,0.2307627422657419,-0.7086912863996429,0.0,5.0,0.0
1.0,1.0,1.0,1.0,0.0,0.0,0.0,0.0,0.0,0.0,0.0,2.0,0.0,0.0,1.0,1.0,0.0,0.0,0.0,0.0,1.0,-0.3695652173913043,-0.9348976305498045,-0.9015153394178013,-0.10175164565435672,0.0,0.0,0.0
1.0,1.0,1.0,1.0,0.0,1.0,0.0,0.0,0.0,1.0,1.0,0.0,0.0,1.0,0.0,1.0,0.0,0.0,0.0,1.0,0.0,-0.5869565217391305,0.4895330112721416,0.394831978887425,0.38826285841794045,0.0,3.0,0.0
1.0,1.0,0.0,1.0,0.0,0.0,0.0,0.0,0.0,0.0,0.0,2.0,0.0,0.0,1.0,1.0,0.0,0.0,0.0,0.0,1.0,0.41304347826086957,-0.9431792040487693,-0.9697743692606404,-0.14994979359589408,0.0,0.0,0.0
1.0,0.0,0.0,1.0,1.0,0.0,0.0,0.0,0.0,1.0,0.0,0.0,1.0,0.0,0.0,1.0,0.0,0.0,0.0,1.0,0.0,-0.5434782608695652,-0.2594893029675639,-0.21823594253894957,0.8086578154635726,0.0,1.0,0.0
0.0,0.0,0.0,1.0,0.0,0.0,0.0,0.0,0.0,1.0,0.0,0.0,0.0,1.0,0.0,0.0,1.0,0.0,0.0,1.0,0.0,0.10869565217391304,0.2732919254658384,0.2683891690950811,2.359031574249693,0.0,1.0,0.0
1.0,0.0,0.0,1.0,1.0,1.0,1.0,0.0,0.0,1.0,1.0,1.0,1.0,0.0,0.0,1.0,0.0,0.0,1.0,0.0,0.0,0.717391304347826,0.06993328732459163,0.09530385242058641,-0.6201495035144482,0.0,4.0,0.0
1.0,0.0,0.0,1.0,1.0,0.0,0.0,0.0,0.0,0.0,1.0,0.0,0.0,1.0,0.0,1.0,0.0,0.0,0.0,0.0,1.0,-0.6086956521739131,0.19047619047619038,0.18856184271624302,2.118040834542006,0.0,1.0,0.0
1.0,1.0,0.0,1.0,0.0,1.0,0.0,1.0,1.0,1.0,0.0,1.0,1.0,0.0,0.0,0.0,1.0,1.0,0.0,0.0,0.0,0.5217391304347826,0.1269841269841271,0.1438007811039397,-0.5537431663505521,0.0,4.0,0.0
1.0,1.0,0.0,1.0,1.0,0.0,0.0,0.0,0.0,1.0,1.0,0.0,0.0,1.0,0.0,1.0,0.0,1.0,0.0,0.0,0.0,-0.15217391304347827,0.35426731078904994,0.3223722327329403,0.9925248242775859,1.0,2.0,1.0
0.0,0.0,0.0,1.0,1.0,1.0,1.0,1.0,1.0,0.0,1.0,2.0,1.0,0.0,0.0,1.0,0.0,0.0,1.0,0.0,0.0,0.9347826086956522,0.04600874166091558,0.046658606251040124,-0.908624344527502,0.0,5.0,0.0
0.0,0.0,0.0,1.0,0.0,0.0,1.0,0.0,0.0,1.0,1.0,0.0,0.0,1.0,0.0,1.0,0.0,0.0,0.0,1.0,0.0,-0.5652173913043478,0.4582470669427192,0.49850301243448464,0.34274238536204427,0.0,3.0,0.0
1.0,1.0,1.0,1.0,0.0,0.0,0.0,0.0,0.0,0.0,0.0,1.0,0.0,0.0,1.0,1.0,0.0,0.0,1.0,0.0,0.0,-0.6086956521739131,-0.9321371060501495,-0.9323716366995334,-0.08568559634051069,0.0,0.0,0.0
0.0,0.0,1.0,1.0,1.0,0.0,1.0,0.0,1.0,1.0,1.0,2.0,0.0,1.0,0.0,0.0,1.0,0.0,0.0,1.0,0.0,0.8260869565217391,0.6165171382562687,0.6334520303747535,0.01606604931384604,0.0,4.0,0.0
0.0,0.0,0.0,1.0,1.0,0.0,0.0,0.0,1.0,1.0,0.0,0.0,1.0,0.0,0.0,0.0,1.0,0.0,0.0,0.0,1.0,-0.5434782608695652,-0.1122613296526339,-0.13485503003322682,0.08747071293093867,0.0,2.0,0.0
1.0,1.0,1.0,1.0,1.0,0.0,0.0,0.0,0.0,0.0,0.0,1.0,0.0,0.0,1.0,1.0,0.0,1.0,0.0,0.0,0.0,-0.06521739130434782,-0.9284564067172764,-0.9395806666428127,-0.06426419725538302,0.0,0.0,0.0
1.0,0.0,0.0,1.0,1.0,0.0,0.0,0.0,0.0,0.0,1.0,0.0,0.0,1.0,0.0,0.0,1.0,0.0,0.0,1.0,0.0,-0.5869565217391305,0.28525419829767656,0.22301676523926894,2.393841347763026,0.0,1.0,0.0
0.0,0.0,0.0,1.0,0.0,0.0,0.0,0.0,0.0,0.0,0.0,0.0,0.0,0.0,1.0,1.0,0.0,0.0,0.0,0.0,1.0,-0.5869565217391305,-0.9302967563837129,-0.9466130046757174,-0.07497489679794704,0.0,0.0,0.0
1.0,0.0,0.0,1.0,1.0,0.0,1.0,0.0,1.0,1.0,1.0,1.0,0.0,1.0,0.0,0.0,1.0,1.0,0.0,0.0,0.0,-0.043478260869565216,0.6284794110881069,0.720137491834453,0.02998995871917897,1.0,4.0,0.0
0.0,1.0,1.0,0.0,1.0,0.0,1.0,0.0,1.0,1.0,1.0,2.0,1.0,0.0,0.0,1.0,0.0,0.0,0.0,1.0,0.0,0.7608695652173914,-0.29261559696342304,-0.3141641893301409,-1.0421510654914647,0.0,4.0,0.0
0.0,1.0,0.0,0.0,1.0,0.0,0.0,1.0,0.0,1.0,0.0,0.0,1.0,0.0,0.0,1.0,0.0,0.0,0.0,1.0,0.0,-0.2391304347826087,-0.578789970094318,-0.6132935319714815,-0.817583398415709,0.0,2.0,0.0
1.0,1.0,1.0,1.0,1.0,1.0,0.0,1.0,0.0,1.0,1.0,2.0,1.0,0.0,0.0,0.0,1.0,0.0,0.0,1.0,0.0,0.8260869565217391,0.16931216931216936,0.15467602637618452,-0.5044739484547582,0.0,4.0,0.0
1.0,1.0,1.0,1.0,0.0,1.0,0.0,0.0,1.0,1.0,1.0,1.0,1.0,0.0,0.0,1.0,0.0,0.0,0.0,1.0,0.0,0.45652173913043476,0.09201748332183116,0.18235076868275898,-0.594443824612295,0.0,4.0,0.0
0.0,1.0,0.0,1.0,1.0,1.0,0.0,1.0,1.0,1.0,1.0,1.0,0.0,1.0,0.0,1.0,0.0,0.0,1.0,0.0,0.0,0.21739130434782608,0.6293995859213252,0.6511177051552798,-0.3427423853620439,0.0,5.0,0.0
1.0,0.0,0.0,1.0,1.0,0.0,0.0,0.0,0.0,1.0,1.0,0.0,0.0,1.0,0.0,1.0,0.0,0.0,0.0,1.0,0.0,-0.5434782608695652,0.33034276512537386,0.4056278546113063,0.9461117929264758,0.0,2.0,0.0
0.0,1.0,0.0,1.0,1.0,0.0,0.0,1.0,1.0,1.0,1.0,0.0,0.0,1.0,0.0,0.0,1.0,1.0,0.0,0.0,0.0,-0.391304347826087,0.617437313089487,0.5966751795586789,0.017137119268102213,1.0,4.0,0.0
0.0,0.0,0.0,1.0,0.0,0.0,0.0,0.0,0.0,1.0,0.0,0.0,0.0,1.0,0.0,1.0,0.0,0.0,0.0,0.0,1.0,-0.5869565217391305,0.20243846330802853,0.19637162515479575,2.152850608055339,1.0,1.0,1.0
0.0,0.0,1.0,1.0,1.0,0.0,0.0,0.0,0.0,0.0,0.0,1.0,0.0,0.0,1.0,1.0,0.0,1.0,0.0,0.0,0.0,-0.2826086956521739,-0.942259029215551,-0.8832733721042214,-0.14459444382461206,0.0,0.0,0.0
0.0,0.0,0.0,1.0,1.0,0.0,1.0,1.0,1.0,0.0,0.0,0.0,0.0,1.0,0.0,1.0,0.0,0.0,1.0,0.0,0.0,0.1956521739130435,0.2530480791350357,0.281505507402918,0.044181635613076135,0.0,3.0,0.0
0.0,1.0,0.0,1.0,1.0,1.0,1.0,0.0,0.0,0.0,1.0,2.0,0.0,1.0,0.0,0.0,1.0,0.0,1.0,0.0,0.0,0.9347826086956522,0.44076374511157124,0.46943326669098406,0.317304473948455,0.0,3.0,0.0
0.0,0.0,0.0,0.0,1.0,0.0,1.0,0.0,0.0,0.0,1.0,0.0,1.0,0.0,0.0,1.0,0.0,0.0,0.0,1.0,0.0,-0.21739130434782608,-0.5668276972624798,-0.6104054975299803,-0.7943768827401537,0.0,2.0,0.0
1.0,0.0,0.0,1.0,0.0,0.0,0.0,0.0,0.0,0.0,0.0,0.0,0.0,0.0,1.0,1.0,0.0,0.0,0.0,0.0,1.0,-0.6086956521739131,-0.9284564067172764,-0.928696444963744,-0.06426419725538302,0.0,0.0,0.0
1.0,1.0,1.0,1.0,0.0,0.0,0.0,1.0,1.0,1.0,1.0,1.0,1.0,0.0,0.0,1.0,0.0,0.0,0.0,1.0,0.0,0.2826086956521739,0.04876926616057061,0.05404544995809292,-0.644784112462345,0.0,4.0,0.0
1.0,0.0,1.0,0.0,1.0,1.0,0.0,0.0,1.0,0.0,1.0,2.0,1.0,0.0,0.0,1.0,0.0,0.0,0.0,0.0,1.0,-0.45652173913043476,-0.47757073844030373,-0.5082315404410844,-1.0188552939863884,0.0,3.0,0.0
0.0,1.0,1.0,1.0,1.0,0.0,0.0,0.0,0.0,0.0,0.0,2.0,0.0,0.0,1.0,1.0,0.0,0.0,1.0,0.0,0.0,0.5869565217391305,-0.9330572808833679,-0.9296480571096181,-0.0910409461117927,0.0,0.0,0.0
1.0,1.0,1.0,1.0,0.0,1.0,0.0,1.0,1.0,0.0,1.0,1.0,1.0,0.0,0.0,1.0,0.0,0.0,1.0,0.0,0.0,0.717391304347826,0.016563146997929712,0.03284041223368124,-0.6822715608613185,0.0,4.0,0.0
1.0,0.0,0.0,1.0,0.0,1.0,0.0,1.0,0.0,0.0,0.0,0.0,1.0,0.0,0.0,1.0,0.0,0.0,0.0,1.0,0.0,-0.5869565217391305,-0.31377961812744415,-0.19917088540954186,-0.303469820372643,0.0,2.0,0.0
1.0,1.0,0.0,1.0,1.0,0.0,0.0,0.0,0.0,0.0,0.0,0.0,0.0,1.0,0.0,0.0,1.0,0.0,0.0,1.0,0.0,0.13043478260869565,0.08649643432252134,0.055441147772041635,5.842686600468594,0.0,0.0,0.0
1.0,1.0,0.0,1.0,0.0,0.0,0.0,0.0,0.0,0.0,0.0,1.0,0.0,0.0,1.0,1.0,0.0,0.0,1.0,0.0,0.0,0.021739130434782608,-0.9330572808833679,-0.9439178640694719,-0.0910409461117927,0.0,0.0,0.0
0.0,1.0,1.0,1.0,0.0,1.0,1.0,1.0,1.0,1.0,1.0,2.0,1.0,0.0,0.0,0.0,1.0,0.0,1.0,0.0,0.0,0.6521739130434783,0.36438923395445133,0.320588433970577,-0.8300792145487,0.0,6.0,0.0
0.0,1.0,0.0,1.0,1.0,0.0,1.0,1.0,1.0,1.0,1.0,1.0,0.0,1.0,0.0,0.0,1.0,0.0,1.0,0.0,0.0,0.782608695652174,0.6910512997469519,0.7154288487473179,-0.2829409795827289,0.0,5.0,0.0
0.0,0.0,1.0,1.0,1.0,0.0,0.0,1.0,0.0,1.0,1.0,1.0,0.0,1.0,0.0,0.0,1.0,0.0,0.0,1.0,0.0,0.717391304347826,0.5456636760984588,0.6037844122528723,0.4699319424299903,0.0,3.0,0.0
1.0,0.0,0.0,1.0,1.0,1.0,1.0,0.0,1.0,0.0,0.0,0.0,1.0,0.0,0.0,1.0,0.0,0.0,0.0,0.0,1.0,0.2391304347826087,-0.15827007131354962,-0.08105941100060912,-0.5542787013276804,0.0,3.0,0.0
1.0,0.0,0.0,1.0,1.0,0.0,1.0,0.0,0.0,1.0,1.0,0.0,0.0,1.0,0.0,0.0,1.0,1.0,0.0,0.0,0.0,-0.10869565217391304,0.5364619277662757,0.5441749264011182,0.45654356800178547,0.0,3.0,0.0
0.0,1.0,0.0,1.0,0.0,0.0,0.0,0.0,0.0,1.0,1.0,0.0,0.0,1.0,0.0,1.0,0.0,0.0,0.0,1.0,0.0,-0.30434782608695654,0.3248217161260641,0.40643945945295984,0.9354010933839122,0.0,2.0,0.0
1.0,1.0,0.0,1.0,0.0,1.0,1.0,1.0,0.0,0.0,0.0,0.0,1.0,0.0,0.0,1.0,0.0,0.0,0.0,0.0,1.0,0.13043478260869565,-0.1748332183114792,-0.1785898116891211,-0.578377775298449,0.0,3.0,0.0
0.0,1.0,1.0,1.0,0.0,1.0,1.0,1.0,1.0,1.0,1.0,2.0,1.0,0.0,0.0,1.0,0.0,0.0,1.0,0.0,0.0,0.4782608695652174,0.27605244996549344,0.2961512792169023,-0.9035240114119953,0.0,6.0,0.0
1.0,0.0,0.0,0.0,1.0,0.0,1.0,0.0,1.0,0.0,0.0,0.0,1.0,0.0,0.0,1.0,0.0,0.0,0.0,0.0,1.0,-0.17391304347826086,-0.6349206349206349,-0.6144675515537477,-0.926475510431775,0.0,2.0,0.0
0.0,0.0,0.0,1.0,1.0,1.0,1.0,1.0,1.0,1.0,1.0,2.0,1.0,0.0,0.0,0.0,1.0,0.0,1.0,0.0,0.0,0.8043478260869565,0.35978835978835977,0.36392695747283194,-0.8339044643853301,0.0,6.0,0.0
0.0,1.0,1.0,1.0,1.0,1.0,0.0,1.0,1.0,1.0,1.0,2.0,1.0,0.0,0.0,1.0,0.0,0.0,1.0,0.0,0.0,0.9130434782608695,0.21164021164021166,0.25572467760619794,-0.7479638513890438,0.0,5.0,0.0
0.0,1.0,1.0,1.0,1.0,0.0,1.0,0.0,0.0,1.0,1.0,0.0,0.0,1.0,0.0,0.0,1.0,0.0,0.0,1.0,0.0,0.6086956521739131,0.5539452495974234,0.511994834727712,0.48198147941537434,0.0,3.0,0.0
1.0,0.0,0.0,1.0,1.0,1.0,0.0,0.0,0.0,0.0,0.0,0.0,1.0,0.0,0.0,1.0,0.0,0.0,0.0,1.0,0.0,-0.5869565217391305,-0.3910743041177824,-0.46010949865059153,0.42575030681691417,1.0,1.0,1.0
1.0,1.0,0.0,1.0,1.0,0.0,0.0,1.0,0.0,0.0,0.0,0.0,0.0,1.0,0.0,0.0,1.0,0.0,0.0,1.0,0.0,-0.5,0.18955601564297211,0.10280736888115646,2.1153631596563653,1.0,1.0,1.0
0.0,1.0,1.0,1.0,0.0,0.0,0.0,0.0,0.0,0.0,0.0,2.0,0.0,0.0,1.0,1.0,0.0,0.0,0.0,0.0,1.0,0.3695652173913043,-0.9404186795491144,-0.9105002510979603,-0.13388374428204844,0.0,0.0,0.0
1.0,1.0,1.0,1.0,1.0,0.0,1.0,0.0,0.0,0.0,0.0,0.0,0.0,1.0,0.0,1.0,0.0,0.0,0.0,1.0,0.0,-0.08695652173913043,0.09201748332183116,0.10021023338786522,1.8315296217784227,0.0,1.0,0.0
1.0,0.0,0.0,1.0,0.0,0.0,0.0,0.0,0.0,0.0,0.0,0.0,0.0,0.0,1.0,1.0,0.0,0.0,0.0,0.0,1.0,-0.5869565217391305,-0.9284564067172764,-0.9874995127363748,-0.06426419725538302,0.0,0.0,0.0
0.0,1.0,1.0,1.0,1.0,0.0,0.0,1.0,0.0,0.0,1.0,0.0,0.0,1.0,0.0,0.0,1.0,0.0,0.0,1.0,0.0,-0.08695652173913043,0.3423050379572118,0.4437304049321034,0.9693183086020307,0.0,2.0,0.0
0.0,0.0,0.0,0.0,0.0,0.0,0.0,0.0,1.0,0.0,0.0,0.0,1.0,0.0,0.0,1.0,0.0,0.0,1.0,0.0,0.0,0.17391304347826086,-0.771106510236945,-0.8136232118309857,-0.6801294209528058,0.0,1.0,0.0
0.0,1.0,0.0,1.0,1.0,0.0,1.0,1.0,0.0,1.0,1.0,0.0,0.0,1.0,0.0,0.0,1.0,0.0,0.0,1.0,0.0,0.08695652173913043,0.6238785369220153,0.6014919081214933,0.024634608947897336,0.0,4.0,0.0
1.0,0.0,0.0,1.0,0.0,0.0,0.0,0.0,0.0,0.0,0.0,2.0,0.0,0.0,1.0,1.0,0.0,0.0,0.0,0.0,1.0,-0.2826086956521739,-0.9339774557165862,-0.9705591758292205,-0.09639629588307472,0.0,0.0,0.0
1.0,0.0,0.0,1.0,1.0,0.0,0.0,0.0,1.0,1.0,1.0,0.0,0.0,1.0,0.0,1.0,0.0,1.0,0.0,0.0,0.0,-0.43478260869565216,0.46744881527490234,0.39233080673390175,0.3561307597902491,0.0,3.0,0.0
1.0,0.0,0.0,1.0,0.0,0.0,0.0,0.0,0.0,0.0,0.0,0.0,1.0,0.0,0.0,1.0,0.0,0.0,0.0,1.0,0.0,-0.6086956521739131,-0.46376811594202905,-0.4647034883203283,2.6401874372419947,0.0,0.0,0.0
0.0,0.0,1.0,1.0,0.0,0.0,0.0,0.0,0.0,0.0,0.0,0.0,0.0,0.0,1.0,1.0,0.0,0.0,1.0,0.0,0.0,-0.5434782608695652,-0.9220151828847482,-0.8630023926865079,-0.026776748856409686,0.0,0.0,0.0
1.0,1.0,0.0,1.0,1.0,0.0,0.0,0.0,1.0,1.0,0.0,0.0,0.0,1.0,0.0,0.0,1.0,0.0,1.0,0.0,0.0,0.13043478260869565,0.3864734299516908,0.40203797982652645,1.0550039049425417,0.0,2.0,0.0
0.0,0.0,0.0,1.0,1.0,0.0,0.0,0.0,0.0,0.0,0.0,1.0,0.0,0.0,1.0,1.0,0.0,0.0,0.0,1.0,0.0,0.17391304347826086,-0.9330572808833679,-0.9519395494549527,-0.0910409461117927,0.0,0.0,0.0
0.0,0.0,0.0,1.0,0.0,1.0,1.0,1.0,0.0,1.0,1.0,1.0,0.0,1.0,0.0,0.0,1.0,0.0,0.0,1.0,0.0,0.5869565217391305,0.7361398665746492,0.7174941247625807,-0.23920562311725957,1.0,5.0,1.0
1.0,0.0,0.0,1.0,1.0,0.0,0.0,0.0,0.0,0.0,0.0,0.0,0.0,0.0,1.0,1.0,0.0,0.0,1.0,0.0,0.0,-0.043478260869565216,-0.9404186795491144,-0.9838923801068037,-0.13388374428204844,0.0,0.0,0.0
1.0,1.0,0.0,1.0,0.0,0.0,0.0,0.0,0.0,0.0,0.0,2.0,0.0,0.0,1.0,1.0,0.0,1.0,0.0,0.0,0.0,0.1956521739130435,-0.9220151828847482,-0.9375942775872342,-0.026776748856409686,0.0,0.0,0.0
0.0,1.0,1.0,0.0,1.0,0.0,0.0,0.0,0.0,0.0,1.0,0.0,1.0,0.0,0.0,1.0,0.0,0.0,1.0,0.0,0.0,-0.2826086956521739,-0.644122383252818,-0.6623598938607536,-0.3106102867343522,0.0,1.0,0.0
0.0,1.0,1.0,1.0,1.0,0.0,1.0,1.0,0.0,1.0,1.0,0.0,0.0,1.0,0.0,0.0,1.0,0.0,0.0,1.0,0.0,0.782608695652174,0.644122383252818,0.6777581334554763,0.04819814794153774,0.0,4.0,0.0
0.0,0.0,0.0,1.0,0.0,0.0,0.0,0.0,1.0,0.0,1.0,1.0,1.0,0.0,0.0,1.0,0.0,0.0,1.0,0.0,0.0,-0.32608695652173914,-0.209799861973775,-0.28271586897489803,-0.10175164565435672,0.0,2.0,0.0
1.0,0.0,0.0,1.0,1.0,0.0,0.0,0.0,0.0,1.0,1.0,0.0,0.0,1.0,0.0,1.0,0.0,0.0,0.0,1.0,0.0,-0.5217391304347826,0.3496664366229584,0.45850467570997694,0.9835992413254492,1.0,2.0,1.0
1.0,1.0,0.0,1.0,1.0,0.0,1.0,1.0,0.0,1.0,1.0,2.0,0.0,1.0,0.0,0.0,1.0,1.0,0.0,0.0,0.0,0.9347826086956522,0.658845180584311,0.633706680631322,0.06533526720963957,0.0,4.0,0.0
0.0,0.0,0.0,1.0,0.0,0.0,0.0,0.0,0.0,0.0,0.0,0.0,1.0,0.0,0.0,0.0,1.0,0.0,0.0,1.0,0.0,-0.5434782608695652,-0.36438923395445133,-0.3114939328346063,3.2185652125404447,0.0,0.0,0.0
1.0,0.0,0.0,1.0,0.0,1.0,0.0,0.0,1.0,0.0,0.0,1.0,1.0,0.0,0.0,1.0,0.0,0.0,0.0,0.0,1.0,-0.1956521739130435,-0.3036576949620428,-0.3269756780216193,-0.2838335378779425,1.0,2.0,0.0
0.0,1.0,1.0,1.0,1.0,0.0,0.0,0.0,0.0,0.0,0.0,2.0,0.0,0.0,1.0,1.0,0.0,1.0,0.0,0.0,0.0,0.6086956521739131,-0.927536231884058,-0.9464759909487251,-0.058908847484101,0.0,0.0,0.0
1.0,1.0,1.0,1.0,0.0,1.0,1.0,1.0,1.0,0.0,0.0,2.0,0.0,1.0,0.0,0.0,1.0,0.0,1.0,0.0,0.0,0.782608695652174,0.4426040947780078,0.42137110382567344,-0.18636617204061123,0.0,4.0,0.0
0.0,0.0,0.0,1.0,1.0,0.0,0.0,0.0,0.0,1.0,0.0,0.0,0.0,1.0,0.0,0.0,1.0,0.0,0.0,1.0,0.0,-0.5434782608695652,0.27881297446514847,0.18052236079420364,2.3750976235635397,0.0,1.0,0.0
0.0,0.0,0.0,1.0,0.0,0.0,0.0,0.0,0.0,0.0,0.0,1.0,0.0,0.0,1.0,1.0,0.0,1.0,0.0,0.0,0.0,0.06521739130434782,-0.9339774557165862,-0.9387170849308573,-0.09639629588307472,0.0,0.0,0.0
1.0,1.0,1.0,1.0,0.0,0.0,0.0,0.0,0.0,0.0,0.0,2.0,0.0,0.0,1.0,1.0,0.0,0.0,0.0,1.0,0.0,0.34782608695652173,-0.9440993788819876,-0.9281043307396445,-0.1553051433671761,0.0,0.0,0.0
1.0,0.0,0.0,1.0,0.0,0.0,0.0,0.0,0.0,0.0,1.0,0.0,0.0,1.0,0.0,0.0,1.0,0.0,0.0,1.0,0.0,-0.15217391304347827,0.23096388313779614,0.2057684222065299,2.235858529510209,0.0,1.0,0.0
1.0,1.0,0.0,1.0,0.0,0.0,1.0,0.0,0.0,0.0,1.0,0.0,0.0,1.0,0.0,0.0,1.0,0.0,0.0,0.0,1.0,0.10869565217391304,0.3377041637911202,0.3244088195972246,0.9603927256498939,0.0,2.0,0.0
1.0,0.0,0.0,1.0,1.0,1.0,1.0,1.0,1.0,1.0,1.0,1.0,1.0,0.0,0.0,1.0,0.0,1.0,0.0,0.0,0.0,0.391304347826087,0.30273752012882454,0.3210837830189907,-0.8813375623595414,0.0,6.0,0.0
1.0,0.0,0.0,1.0,0.0,0.0,0.0,0.0,0.0,0.0,0.0,2.0,0.0,0.0,1.0,1.0,0.0,0.0,1.0,0.0,0.0,-0.2391304347826087,-0.9284564067172764,-0.9004178863300308,-0.06426419725538302,0.0,0.0,0.0
0.0,0.0,1.0,1.0,1.0,0.0,0.0,0.0,0.0,0.0,1.0,0.0,0.0,1.0,0.0,1.0,0.0,0.0,0.0,1.0,0.0,-0.6086956521739131,0.1674718196457326,0.16559189436755908,2.0510989624009817,0.0,1.0,0.0
1.0,0.0,0.0,1.0,0.0,0.0,0.0,0.0,0.0,0.0,0.0,0.0,1.0,0.0,0.0,1.0,0.0,0.0,1.0,0.0,0.0,-0.5,-0.4748102139406487,-0.45030898735515296,2.5759232399866123,1.0,0.0,1.0
0.0,0.0,0.0,0.0,1.0,0.0,1.0,0.0,1.0,0.0,0.0,0.0,1.0,0.0,0.0,1.0,0.0,1.0,0.0,0.0,0.0,0.15217391304347827,-0.656084656084656,-0.6503006709776945,-0.9675331920116031,0.0,2.0,0.0
1.0,1.0,1.0,1.0,1.0,0.0,0.0,0.0,1.0,1.0,1.0,1.0,1.0,0.0,0.0,0.0,1.0,1.0,0.0,0.0,0.0,0.13043478260869565,0.054290315159880434,0.10001597325325903,-0.2450072520361484,0.0,3.0,0.0
1.0,0.0,0.0,1.0,1.0,0.0,1.0,0.0,0.0,1.0,0.0,0.0,0.0,1.0,0.0,0.0,1.0,0.0,0.0,1.0,0.0,-0.08695652173913043,0.339544513457557,0.38698544453151446,0.9639629588307491,1.0,2.0,1.0
1.0,0.0,0.0,1.0,1.0,0.0,1.0,0.0,0.0,0.0,0.0,0.0,1.0,0.0,0.0,1.0,0.0,0.0,0.0,1.0,0.0,-0.5217391304347826,-0.3524269611226133,-0.3331316241790666,0.538212652013835,0.0,1.0,0.0
0.0,0.0,0.0,0.0,0.0,1.0,0.0,1.0,1.0,0.0,1.0,0.0,1.0,0.0,0.0,1.0,0.0,0.0,0.0,0.0,1.0,-0.5434782608695652,-0.4094778007821486,-0.36800000577236885,-1.178176949682026,0.0,4.0,0.0
0.0,0.0,0.0,1.0,1.0,1.0,1.0,0.0,1.0,0.0,0.0,1.0,1.0,0.0,0.0,1.0,0.0,0.0,0.0,0.0,1.0,0.391304347826087,-0.2134805613066483,-0.19729419175722382,-0.6346089478969095,0.0,3.0,0.0
1.0,1.0,0.0,0.0,1.0,1.0,0.0,0.0,0.0,0.0,1.0,0.0,1.0,0.0,0.0,1.0,0.0,0.0,0.0,1.0,0.0,0.5,-0.5631469979296067,-0.582981053125013,-0.7872364163784448,0.0,2.0,0.0
0.0,1.0,1.0,1.0,0.0,0.0,0.0,0.0,0.0,0.0,0.0,0.0,0.0,0.0,1.0,1.0,0.0,0.0,0.0,0.0,1.0,-0.5434782608695652,-0.9137336093857833,-1.0081724662501903,0.021421399085128055,0.0,0.0,0.0
0.0,1.0,1.0,0.0,1.0,0.0,1.0,1.0,0.0,1.0,1.0,2.0,1.0,0.0,0.0,1.0,0.0,0.0,0.0,1.0,0.0,0.8478260869565217,-0.322061191626409,-0.3090888441251561,-1.0764253040276692,1.0,4.0,1.0
1.0,0.0,0.0,1.0,0.0,0.0,0.0,0.0,0.0,0.0,0.0,1.0,0.0,0.0,1.0,1.0,0.0,1.0,0.0,0.0,0.0,-0.17391304347826086,-0.9201748332183115,-0.9212585569270273,-0.01606604931384566,1.0,0.0,1.0
0.0,1.0,1.0,1.0,1.0,1.0,0.0,0.0,1.0,1.0,1.0,1.0,0.0,1.0,0.0,0.0,1.0,1.0,0.0,0.0,0.0,0.7608695652173914,0.6238785369220153,0.6328006437797907,0.024634608947897336,0.0,4.0,0.0
0.0,0.0,0.0,1.0,1.0,0.0,0.0,0.0,0.0,1.0,0.0,0.0,0.0,1.0,0.0,1.0,0.0,0.0,0.0,1.0,0.0,-0.6086956521739131,0.17943409247757075,0.17753626750887483,2.0859087359143147,0.0,1.0,0.0
1.0,0.0,0.0,1.0,0.0,1.0,0.0,1.0,0.0,1.0,0.0,0.0,1.0,0.0,0.0,1.0,0.0,1.0,0.0,0.0,0.0,-0.5869565217391305,-0.07545433632390144,-0.4284109699294077,-0.4337833314738366,1.0,3.0,1.0
0.0,1.0,1.0,1.0,1.0,1.0,1.0,0.0,0.0,0.0,0.0,0.0,0.0,1.0,0.0,0.0,1.0,0.0,0.0,1.0,0.0,0.5652173913043478,0.26869105129974685,0.24008134868521863,0.8265089813678455,0.0,2.0,0.0
1.0,1.0,1.0,1.0,0.0,1.0,0.0,1.0,0.0,1.0,1.0,2.0,0.0,1.0,0.0,0.0,1.0,1.0,0.0,0.0,0.0,0.9347826086956522,0.6395215090867264,0.6450385218166732,0.04284279817025573,0.0,4.0,0.0
0.0,0.0,0.0,0.0,0.0,0.0,0.0,0.0,0.0,0.0,0.0,0.0,1.0,0.0,0.0,1.0,0.0,0.0,0.0,0.0,1.0,-0.6086956521739131,-0.8484011962272833,-0.8487610247103239,0.4016512328461453,0.0,0.0,0.0
0.0,0.0,0.0,1.0,1.0,0.0,0.0,1.0,0.0,1.0,1.0,0.0,0.0,1.0,0.0,0.0,1.0,1.0,0.0,0.0,0.0,-0.3695652173913043,0.5456636760984588,0.48579297434821345,0.4699319424299903,0.0,3.0,0.0
0.0,1.0,0.0,1.0,0.0,0.0,1.0,0.0,0.0,1.0,1.0,0.0,0.0,1.0,0.0,0.0,1.0,0.0,0.0,1.0,0.0,0.6521739130434783,0.5631469979296065,0.5840342754720591,0.4953698538435792,0.0,3.0,0.0
1.0,1.0,0.0,1.0,1.0,0.0,1.0,1.0,0.0,1.0,1.0,0.0,0.0,1.0,0.0,0.0,1.0,0.0,0.0,1.0,0.0,0.7391304347826086,0.6054750402576491,0.628841062207303,0.003213209862769284,0.0,4.0,0.0
1.0,1.0,1.0,1.0,1.0,0.0,0.0,0.0,0.0,0.0,0.0,0.0,0.0,0.0,1.0,0.0,1.0,0.0,0.0,0.0,1.0,-0.41304347826086957,-0.8484011962272833,-0.8305688256181661,0.4016512328461453,0.0,0.0,0.0
0.0,1.0,1.0,1.0,0.0,0.0,0.0,0.0,0.0,0.0,0.0,2.0,0.0,0.0,1.0,0.0,1.0,0.0,0.0,0.0,1.0,-0.10869565217391304,-0.8428801472279733,-0.8593654841979662,0.43378333147383696,0.0,0.0,0.0
1.0,1.0,1.0,1.0,1.0,0.0,0.0,1.0,1.0,1.0,1.0,2.0,0.0,1.0,0.0,0.0,1.0,1.0,0.0,0.0,0.0,0.782608695652174,0.6183574879227052,0.5970169980907487,0.01820818922235877,0.0,4.0,0.0
0.0,0.0,0.0,1.0,1.0,0.0,1.0,0.0,1.0,0.0,1.0,0.0,1.0,0.0,0.0,0.0,1.0,0.0,1.0,0.0,0.0,-0.1956521739130435,-0.029445594662985863,-0.03805966769187271,-0.36684145933281237,0.0,3.0,0.0
0.0,1.0,0.0,1.0,1.0,1.0,0.0,0.0,1.0,0.0,0.0,1.0,1.0,0.0,0.0,0.0,1.0,1.0,0.0,0.0,0.0,0.41304347826086957,-0.18219461697722567,-0.15428377801148863,-0.04819814794153736,0.0,2.0,0.0
1.0,0.0,0.0,1.0,1.0,0.0,1.0,1.0,1.0,1.0,1.0,0.0,1.0,0.0,0.0,1.0,0.0,1.0,0.0,0.0,0.0,0.717391304347826,0.18219461697722578,0.17921085084010124,-0.7765257168358807,0.0,5.0,0.0
0.0,0.0,0.0,1.0,0.0,0.0,0.0,0.0,0.0,0.0,0.0,0.0,0.0,0.0,1.0,1.0,0.0,1.0,0.0,0.0,0.0,-0.5,-0.9385783298826778,-0.9700423519913751,-0.1231730447394844,1.0,0.0,1.0
1.0,0.0,0.0,1.0,0.0,0.0,1.0,0.0,0.0,0.0,0.0,0.0,1.0,0.0,0.0,0.0,1.0,0.0,1.0,0.0,0.0,-0.10869565217391304,-0.28893489763054986,-0.30843127305478185,0.7229722191230615,1.0,1.0,1.0
0.0,1.0,0.0,1.0,1.0,1.0,0.0,0.0,1.0,0.0,0.0,0.0,1.0,0.0,0.0,0.0,1.0,1.0,0.0,0.0,0.0,0.10869565217391304,-0.1775937428111341,-0.21424998091373673,-0.039272564989400544,0.0,2.0,0.0
1.0,0.0,0.0,0.0,0.0,0.0,0.0,1.0,1.0,0.0,0.0,1.0,1.0,0.0,0.0,1.0,0.0,0.0,1.0,0.0,0.0,0.3695652173913043,-0.6772486772486772,-0.6827981544240501,-1.0085908735914313,0.0,2.0,0.0
1.0,0.0,0.0,1.0,0.0,0.0,0.0,0.0,0.0,0.0,0.0,0.0,1.0,0.0,0.0,1.0,0.0,0.0,0.0,1.0,0.0,-0.06521739130434782,-0.461007591442374,-0.4255838993634157,2.6562534865558414,0.0,0.0,0.0
0.0,1.0,1.0,0.0,1.0,0.0,0.0,0.0,0.0,0.0,0.0,0.0,1.0,0.0,0.0,1.0,0.0,0.0,0.0,0.0,1.0,-0.21739130434782608,-0.8401196227283184,-0.876615109444728,0.449849380787683,0.0,0.0,0.0
1.0,0.0,0.0,1.0,0.0,0.0,0.0,0.0,1.0,0.0,0.0,1.0,1.0,0.0,0.0,0.0,1.0,1.0,0.0,0.0,0.0,-0.10869565217391304,-0.29261559696342304,-0.3459871386048803,0.7122615195804979,0.0,1.0,0.0
0.0,0.0,0.0,1.0,0.0,1.0,0.0,1.0,1.0,0.0,1.0,2.0,0.0,1.0,0.0,0.0,1.0,0.0,1.0,0.0,0.0,0.6086956521739131,0.5668276972624798,0.5661233165206109,-0.04177172821599917,1.0,4.0,0.0
0.0,0.0,0.0,1.0,0.0,0.0,0.0,0.0,0.0,0.0,0.0,2.0,0.0,0.0,1.0,1.0,0.0,0.0,1.0,0.0,0.0,0.8478260869565217,-0.9367379802162411,-0.9075505807486319,-0.11246234519692037,0.0,0.0,0.0
1.0,1.0,0.0,1.0,1.0,0.0,0.0,1.0,1.0,1.0,1.0,0.0,1.0,0.0,0.0,1.0,0.0,0.0,0.0,1.0,0.0,-0.3695652173913043,0.06717276282493684,-0.16180643609568268,-0.6233627133772172,0.0,4.0,0.0
0.0,0.0,1.0,1.0,1.0,0.0,0.0,0.0,0.0,0.0,0.0,0.0,0.0,1.0,0.0,0.0,1.0,0.0,0.0,1.0,0.0,-0.3695652173913043,0.1122613296526339,0.0703431752150165,5.992636394064487,0.0,0.0,0.0
0.0,1.0,1.0,0.0,1.0,0.0,1.0,0.0,0.0,1.0,1.0,0.0,1.0,0.0,0.0,1.0,0.0,0.0,0.0,1.0,0.0,0.2391304347826087,-0.3616287094547964,-0.3615454502863887,-0.8501617761910073,0.0,3.0,0.0
1.0,1.0,0.0,1.0,0.0,0.0,0.0,0.0,0.0,0.0,1.0,0.0,0.0,1.0,0.0,0.0,1.0,0.0,0.0,1.0,0.0,-0.13043478260869565,0.2999769956291695,0.28148027725370184,2.4366841459332815,1.0,1.0,1.0
0.0,0.0,0.0,1.0,0.0,0.0,0.0,0.0,0.0,0.0,0.0,0.0,0.0,1.0,0.0,1.0,0.0,0.0,0.0,1.0,0.0,-0.5434782608695652,-0.0018403496664365184,-0.006223319280596733,5.3285730224255285,0.0,0.0,0.0
0.0,1.0,1.0,1.0,0.0,0.0,1.0,0.0,0.0,0.0,0.0,1.0,1.0,0.0,0.0,1.0,0.0,0.0,1.0,0.0,0.0,0.8260869565217391,-0.36714975845410636,-0.3559150702605613,0.4953698538435792,0.0,1.0,0.0
0.0,1.0,0.0,1.0,1.0,1.0,0.0,0.0,0.0,1.0,0.0,1.0,1.0,0.0,0.0,1.0,0.0,1.0,0.0,0.0,0.0,0.13043478260869565,-0.15366919714745805,-0.13396248346882095,0.007140466361709224,0.0,2.0,0.0
1.0,1.0,0.0,1.0,1.0,0.0,0.0,0.0,0.0,0.0,1.0,0.0,0.0,1.0,0.0,0.0,1.0,0.0,0.0,1.0,0.0,-0.41304347826086957,0.2972164711295147,0.27704208375537354,2.428651121276359,1.0,1.0,1.0
1.0,1.0,1.0,1.0,1.0,0.0,0.0,0.0,0.0,0.0,0.0,2.0,0.0,0.0,1.0,1.0,0.0,0.0,1.0,0.0,0.0,-0.5,-0.9220151828847482,-0.9675922241675153,-0.026776748856409686,0.0,0.0,0.0
1.0,1.0,0.0,1.0,1.0,0.0,0.0,0.0,0.0,0.0,1.0,0.0,0.0,1.0,0.0,0.0,1.0,0.0,0.0,1.0,0.0,-0.41304347826086957,0.2714515757994019,0.27456132933371585,2.3536762244784115,0.0,1.0,0.0
1.0,0.0,0.0,1.0,1.0,0.0,0.0,1.0,1.0,0.0,1.0,0.0,0.0,1.0,0.0,0.0,1.0,1.0,0.0,0.0,0.0,-0.2608695652173913,0.4628479411088108,0.47560512666885585,0.3494365725761467,0.0,3.0,0.0
1.0,0.0,0.0,1.0,0.0,1.0,0.0,0.0,1.0,0.0,1.0,1.0,0.0,1.0,0.0,0.0,1.0,0.0,0.0,1.0,0.0,0.782608695652174,0.4242005981136415,0.41868538678798134,0.29320539997768613,0.0,3.0,0.0
0.0,0.0,0.0,1.0,0.0,0.0,1.0,0.0,0.0,0.0,1.0,0.0,0.0,1.0,0.0,0.0,1.0,0.0,0.0,1.0,0.0,-0.5869565217391305,0.3496664366229584,0.1867242468483484,0.9835992413254492,1.0,2.0,1.0
1.0,0.0,0.0,1.0,1.0,0.0,0.0,0.0,0.0,1.0,1.0,0.0,0.0,1.0,0.0,0.0,1.0,0.0,0.0,1.0,0.0,0.43478260869565216,0.47296986427421217,0.4723016455017824,1.2228048644427094,1.0,2.0,1.0
0.0,0.0,0.0,1.0,0.0,1.0,1.0,1.0,0.0,1.0,1.0,1.0,0.0,1.0,0.0,0.0,1.0,1.0,0.0,0.0,0.0,0.4782608695652174,0.6800092017483322,0.7497672239004417,-0.29365167912529255,0.0,5.0,0.0
1.0,1.0,1.0,1.0,1.0,0.0,1.0,1.0,1.0,1.0,1.0,2.0,0.0,1.0,0.0,0.0,1.0,1.0,0.0,0.0,0.0,0.9347826086956522,0.7683459857372901,0.7552687517255235,-0.20796608278478187,0.0,5.0,0.0
1.0,0.0,0.0,1.0,0.0,0.0,0.0,0.0,0.0,0.0,0.0,0.0,0.0,1.0,0.0,1.0,0.0,0.0,1.0,0.0,0.0,0.32608695652173914,-0.030365769496204384,-0.06137207708866426,5.162557179515787,0.0,0.0,0.0
0.0,0.0,0.0,1.0,0.0,0.0,0.0,1.0,1.0,0.0,1.0,2.0,1.0,0.0,0.0,1.0,0.0,0.0,1.0,0.0,0.0,0.2826086956521739,-0.07361398665746492,-0.08836822980374753,-0.4311056565881958,0.0,3.0,0.0
0.0,0.0,0.0,0.0,0.0,0.0,0.0,0.0,0.0,0.0,0.0,0.0,1.0,0.0,0.0,1.0,0.0,0.0,0.0,1.0,0.0,-0.5869565217391305,-0.8465608465608466,-0.8708121751250604,0.41236193238870933,0.0,0.0,0.0
0.0,1.0,0.0,1.0,1.0,1.0,0.0,0.0,0.0,1.0,1.0,0.0,0.0,1.0,0.0,1.0,0.0,0.0,0.0,0.0,1.0,-0.021739130434782608,0.40211640211640204,0.41110782800306367,0.26107330134999446,0.0,3.0,0.0
0.0,1.0,1.0,0.0,0.0,1.0,0.0,1.0,1.0,1.0,1.0,1.0,1.0,0.0,0.0,1.0,0.0,0.0,0.0,0.0,1.0,0.10869565217391304,-0.17023234414538763,-0.2198708623920029,-1.118375543902711,0.0,5.0,0.0
1.0,1.0,0.0,1.0,1.0,0.0,0.0,1.0,1.0,1.0,1.0,1.0,1.0,0.0,0.0,0.0,1.0,0.0,0.0,0.0,1.0,0.043478260869565216,0.16195077064642277,0.17531336928158275,-0.5130425080888095,0.0,4.0,0.0
0.0,0.0,0.0,1.0,0.0,0.0,0.0,0.0,0.0,0.0,0.0,0.0,0.0,0.0,1.0,1.0,0.0,0.0,0.0,0.0,1.0,-0.6086956521739131,-0.9385783298826778,-0.938803222237165,-0.1231730447394844,0.0,0.0,0.0
0.0,1.0,0.0,1.0,1.0,0.0,0.0,0.0,0.0,0.0,0.0,0.0,0.0,1.0,0.0,1.0,0.0,0.0,0.0,1.0,0.0,-0.15217391304347827,-0.02300437083045779,0.0008764829362692849,5.205399977686043,0.0,0.0,0.0
1.0,0.0,0.0,1.0,1.0,0.0,0.0,0.0,0.0,0.0,0.0,0.0,0.0,1.0,0.0,0.0,1.0,0.0,0.0,1.0,0.0,-0.5869565217391305,0.11042097998619738,0.1954528272208482,5.981925694521924,0.0,0.0,0.0
1.0,1.0,0.0,1.0,1.0,0.0,1.0,1.0,1.0,1.0,1.0,2.0,0.0,1.0,0.0,0.0,1.0,0.0,1.0,0.0,0.0,0.9347826086956522,0.7379802162410857,0.7349913917666026,-0.23742050652683236,0.0,5.0,0.0
1.0,1.0,1.0,1.0,1.0,0.0,0.0,1.0,0.0,0.0,0.0,0.0,1.0,0.0,0.0,1.0,0.0,0.0,0.0,1.0,0.0,-0.45652173913043476,-0.35794801012192323,-0.3437667102645073,0.5221466026999889,0.0,1.0,0.0
0.0,1.0,1.0,0.0,0.0,1.0,1.0,1.0,1.0,1.0,1.0,2.0,1.0,0.0,0.0,1.0,0.0,1.0,0.0,0.0,0.0,0.9347826086956522,-0.11134115481941564,-0.14149079288951336,-1.2256100476562375,0.0,6.0,0.0
1.0,0.0,1.0,1.0,1.0,1.0,0.0,0.0,0.0,0.0,0.0,0.0,1.0,0.0,0.0,1.0,0.0,0.0,0.0,0.0,1.0,-0.2608695652173913,-0.3717506326201979,-0.38179548651590195,0.48198147941537434,0.0,1.0,0.0
0.0,1.0,0.0,1.0,1.0,1.0,1.0,1.0,1.0,0.0,0.0,2.0,0.0,1.0,0.0,0.0,1.0,1.0,0.0,0.0,0.0,0.9347826086956522,0.4876926616057051,0.5160112175091486,-0.13388374428204844,0.0,4.0,0.0
0.0,0.0,0.0,0.0,1.0,1.0,1.0,1.0,1.0,0.0,0.0,2.0,1.0,0.0,0.0,1.0,0.0,0.0,0.0,0.0,1.0,0.8043478260869565,-0.42512077294685996,-0.4125129814359547,-1.1963851389043845,0.0,4.0,0.0
1.0,0.0,0.0,1.0,0.0,0.0,0.0,0.0,0.0,0.0,0.0,0.0,0.0,1.0,0.0,0.0,1.0,0.0,1.0,0.0,0.0,0.13043478260869565,0.08925695882217612,0.08686403711304141,5.8587526497824385,0.0,0.0,0.0
1.0,0.0,0.0,1.0,0.0,1.0,0.0,1.0,0.0,0.0,0.0,0.0,1.0,0.0,0.0,1.0,0.0,0.0,0.0,1.0,0.0,-0.5434782608695652,-0.2530480791350357,-0.1709178489406606,-0.1856521254044402,0.0,2.0,0.0
0.0,1.0,1.0,1.0,0.0,0.0,0.0,0.0,0.0,0.0,0.0,2.0,0.0,0.0,1.0,1.0,0.0,0.0,1.0,0.0,0.0,0.9347826086956522,-0.9348976305498045,-0.9449795861264777,-0.10175164565435672,0.0,0.0,0.0
0.0,0.0,0.0,1.0,1.0,1.0,1.0,1.0,1.0,1.0,1.0,2.0,1.0,0.0,0.0,1.0,0.0,1.0,0.0,0.0,0.0,0.782608695652174,0.2640901771336553,0.24621994690964716,-0.9134696609872333,0.0,6.0,0.0
0.0,1.0,1.0,1.0,0.0,0.0,0.0,0.0,0.0,0.0,0.0,2.0,0.0,0.0,1.0,1.0,0.0,1.0,0.0,0.0,0.0,0.8695652173913043,-0.9256958822176213,-0.9209199523054069,-0.04819814794153736,0.0,0.0,0.0
0.0,1.0,0.0,1.0,0.0,1.0,1.0,1.0,0.0,0.0,1.0,2.0,1.0,0.0,0.0,1.0,0.0,1.0,0.0,0.0,0.0,0.782608695652174,0.009201748332183115,-0.05712472482128028,-0.6908401204953698,0.0,4.0,0.0
0.0,1.0,1.0,1.0,0.0,1.0,1.0,0.0,1.0,1.0,1.0,1.0,1.0,0.0,0.0,1.0,0.0,0.0,1.0,0.0,0.0,0.1956521739130435,0.180354267310789,0.18196100492762143,-0.7783108334263081,0.0,5.0,0.0
1.0,1.0,0.0,1.0,1.0,0.0,0.0,0.0,0.0,1.0,1.0,0.0,0.0,1.0,0.0,0.0,1.0,0.0,0.0,1.0,0.0,-0.10869565217391304,0.4140786749482402,0.424118663031997,1.108557402655361,0.0,2.0,0.0
1.0,0.0,0.0,1.0,0.0,0.0,1.0,1.0,0.0,1.0,1.0,0.0,0.0,1.0,0.0,0.0,1.0,0.0,0.0,1.0,0.0,-0.5217391304347826,0.6404416839199447,0.7264261532490265,0.0439138681245119,0.0,4.0,0.0
1.0,1.0,1.0,1.0,0.0,1.0,0.0,0.0,0.0,0.0,0.0,0.0,1.0,0.0,0.0,0.0,1.0,0.0,0.0,1.0,0.0,-0.10869565217391304,-0.2898550724637681,-0.27255987038358703,0.7202945442374207,0.0,1.0,0.0
0.0,0.0,0.0,0.0,0.0,0.0,0.0,0.0,0.0,0.0,0.0,0.0,1.0,0.0,0.0,1.0,0.0,0.0,0.0,1.0,0.0,-0.6086956521739131,-0.8327582240625719,-0.8331414598332187,0.4926921789579384,0.0,0.0,0.0
1.0,0.0,0.0,1.0,1.0,1.0,1.0,1.0,0.0,1.0,1.0,1.0,0.0,1.0,0.0,0.0,1.0,0.0,0.0,1.0,0.0,0.6956521739130435,0.6855302507476421,0.6675568115270618,-0.28829632935401095,0.0,5.0,0.0
1.0,1.0,1.0,1.0,1.0,0.0,1.0,1.0,1.0,1.0,1.0,2.0,1.0,0.0,0.0,0.0,1.0,0.0,1.0,0.0,0.0,0.8913043478260869,0.2843340234644583,0.26003119629257687,-0.6774517460671647,0.0,5.0,0.0
0.0,0.0,0.0,0.0,1.0,0.0,0.0,0.0,0.0,0.0,0.0,0.0,1.0,0.0,0.0,1.0,0.0,0.0,0.0,0.0,1.0,-0.6086956521739131,-0.8355187485622269,-0.8358978536350608,0.47662612964409273,0.0,0.0,0.0
1.0,0.0,1.0,1.0,1.0,0.0,0.0,0.0,0.0,0.0,0.0,0.0,1.0,0.0,0.0,1.0,0.0,0.0,0.0,0.0,1.0,-0.4782608695652174,-0.4554865424430642,-0.39356227686326145,2.6883855851835325,1.0,0.0,1.0
1.0,1.0,1.0,1.0,0.0,0.0,0.0,0.0,0.0,0.0,0.0,0.0,0.0,0.0,1.0,1.0,0.0,1.0,0.0,0.0,0.0,-0.6086956521739131,-0.9302967563837129,-0.9305340408316386,-0.07497489679794704,0.0,0.0,0.0
0.0,1.0,1.0,1.0,0.0,1.0,1.0,1.0,1.0,1.0,0.0,0.0,1.0,0.0,0.0,0.0,1.0,0.0,0.0,0.0,1.0,0.34782608695652173,0.19875776397515524,0.1488901897015828,-0.7604596675220351,0.0,5.0,0.0
0.0,0.0,0.0,1.0,1.0,0.0,0.0,0.0,1.0,0.0,1.0,0.0,1.0,0.0,0.0,1.0,0.0,0.0,0.0,0.0,1.0,-0.41304347826086957,-0.17575339314469746,-0.14027593784351627,-0.03570233180854612,0.0,2.0,0.0
1.0,1.0,1.0,1.0,1.0,0.0,0.0,0.0,0.0,0.0,0.0,0.0,0.0,1.0,0.0,1.0,0.0,0.0,0.0,1.0,0.0,0.0,0.004600874166091558,-0.045794995815088224,5.366060470824501,0.0,0.0,0.0
0.0,0.0,0.0,1.0,1.0,1.0,1.0,1.0,1.0,0.0,0.0,2.0,1.0,0.0,0.0,1.0,0.0,0.0,1.0,0.0,0.0,0.6304347826086957,-0.10305958132045079,-0.09463385840749679,-0.8215106549146489,0.0,4.0,0.0
0.0,1.0,0.0,1.0,1.0,0.0,0.0,0.0,0.0,0.0,0.0,2.0,0.0,0.0,1.0,1.0,0.0,1.0,0.0,0.0,0.0,0.8260869565217391,-0.9284564067172764,-0.9507201685744822,-0.06426419725538302,1.0,0.0,1.0
0.0,0.0,1.0,1.0,1.0,1.0,0.0,0.0,1.0,0.0,0.0,0.0,0.0,1.0,0.0,0.0,1.0,0.0,0.0,0.0,1.0,-0.32608695652173914,0.28525419829767656,0.23076091925396822,0.8586410799955375,0.0,2.0,0.0
0.0,1.0,0.0,1.0,0.0,0.0,0.0,0.0,0.0,0.0,0.0,2.0,0.0,0.0,1.0,0.0,1.0,0.0,0.0,0.0,1.0,0.34782608695652173,-0.8281573498964804,-0.8393484503203297,0.5194689278143481,0.0,0.0,0.0
1.0,1.0,0.0,1.0,1.0,1.0,1.0,0.0,1.0,0.0,0.0,1.0,1.0,0.0,0.0,1.0,0.0,1.0,0.0,0.0,0.0,0.8260869565217391,-0.17575339314469746,-0.16731465256536698,-0.5797166127412695,1.0,3.0,0.0
0.0,1.0,1.0,1.0,1.0,0.0,0.0,1.0,1.0,1.0,1.0,0.0,0.0,1.0,0.0,1.0,0.0,0.0,0.0,1.0,0.0,0.043478260869565216,0.5226593052680011,0.42860521262074813,-0.09318308602030544,1.0,4.0,0.0
1.0,0.0,0.0,1.0,1.0,0.0,0.0,0.0,0.0,1.0,1.0,0.0,0.0,1.0,0.0,0.0,1.0,0.0,0.0,1.0,0.0,-0.5869565217391305,0.4324821716126064,0.37232142950571456,1.1442597344639072,1.0,2.0,1.0
0.0,1.0,0.0,1.0,1.0,0.0,0.0,0.0,0.0,0.0,0.0,1.0,0.0,0.0,1.0,1.0,0.0,1.0,0.0,0.0,0.0,0.17391304347826086,-0.9321371060501495,-0.9407898123646187,-0.08568559634051069,0.0,0.0,0.0
1.0,0.0,0.0,1.0,1.0,0.0,1.0,1.0,1.0,0.0,1.0,2.0,1.0,0.0,0.0,0.0,1.0,0.0,1.0,0.0,0.0,0.782608695652174,0.0680929376581551,0.06145675006924841,-0.622291643422961,0.0,4.0,0.0
0.0,0.0,0.0,1.0,1.0,0.0,0.0,0.0,0.0,1.0,1.0,0.0,0.0,1.0,0.0,0.0,1.0,0.0,0.0,1.0,0.0,-0.5869565217391305,0.45364619277662765,0.5119787154657132,1.1853174160437359,0.0,2.0,0.0
0.0,0.0,1.0,0.0,0.0,0.0,1.0,0.0,0.0,0.0,0.0,0.0,1.0,0.0,0.0,1.0,0.0,0.0,0.0,0.0,1.0,-0.5652173913043478,-0.7517828387393605,-0.7455493901302374,-0.6238982483543456,0.0,1.0,0.0
1.0,1.0,1.0,1.0,1.0,1.0,1.0,1.0,1.0,1.0,0.0,2.0,1.0,0.0,0.0,0.0,1.0,1.0,0.0,0.0,0.0,0.9347826086956522,0.19047619047619038,0.164634813186364,-0.7684926921789579,0.0,5.0,0.0
1.0,1.0,0.0,1.0,0.0,0.0,0.0,0.0,0.0,0.0,0.0,1.0,0.0,0.0,1.0,1.0,0.0,1.0,0.0,0.0,0.0,0.15217391304347827,-0.9137336093857833,-0.9295897207328596,0.021421399085128055,0.0,0.0,0.0
0.0,1.0,0.0,1.0,1.0,1.0,1.0,0.0,1.0,1.0,1.0,2.0,1.0,0.0,0.0,0.0,1.0,1.0,0.0,0.0,0.0,0.9347826086956522,0.29261559696342315,0.2492407896040166,-0.669418721410242,0.0,5.0,0.0
1.0,0.0,0.0,0.0,1.0,0.0,0.0,1.0,0.0,1.0,0.0,0.0,1.0,0.0,0.0,1.0,0.0,0.0,0.0,1.0,0.0,-0.21739130434782608,-0.5677478720956982,-0.5878707692552713,-0.7961619993305812,0.0,2.0,0.0
1.0,0.0,0.0,1.0,0.0,0.0,1.0,1.0,0.0,1.0,1.0,0.0,0.0,1.0,0.0,0.0,1.0,0.0,0.0,0.0,1.0,-0.08695652173913043,0.6524039567517829,0.6545761548143428,0.05783777752984521,1.0,4.0,1.0
0.0,0.0,0.0,1.0,0.0,0.0,0.0,0.0,0.0,0.0,0.0,0.0,0.0,0.0,1.0,1.0,0.0,0.0,0.0,0.0,1.0,-0.5,-0.9164941338854382,-0.9518195263014191,0.005355349771282014,0.0,0.0,0.0
1.0,0.0,0.0,1.0,0.0,0.0,0.0,0.0,0.0,0.0,0.0,0.0,0.0,0.0,1.0,1.0,0.0,0.0,0.0,0.0,1.0,-0.6086956521739131,-0.9358178053830228,-0.9360468284353228,-0.10710699542563874,0.0,0.0,0.0
0.0,1.0,1.0,1.0,1.0,0.0,0.0,1.0,1.0,1.0,0.0,2.0,1.0,0.0,0.0,0.0,1.0,1.0,0.0,0.0,0.0,0.6521739130434783,0.029445594662985863,0.009380672750170448,-0.2811558629923017,0.0,3.0,0.0
0.0,0.0,0.0,1.0,1.0,0.0,1.0,0.0,0.0,0.0,0.0,0.0,0.0,1.0,0.0,0.0,1.0,0.0,0.0,1.0,0.0,-0.5652173913043478,0.16379112031285956,-0.04113764077059617,2.0403882628584187,1.0,1.0,1.0
0.0,0.0,0.0,1.0,1.0,0.0,0.0,0.0,0.0,0.0,0.0,0.0,0.0,1.0,0.0,0.0,1.0,0.0,0.0,0.0,1.0,-0.41304347826086957,0.0966183574879227,0.1312288516379278,5.901595447952695,0.0,0.0,0.0
1.0,0.0,0.0,1.0,1.0,0.0,0.0,0.0,0.0,1.0,1.0,0.0,0.0,1.0,0.0,1.0,0.0,0.0,0.0,1.0,0.0,-0.34782608695652173,0.3680699332873246,0.4007334886939328,1.0193015731339956,1.0,2.0,1.0
1.0,0.0,0.0,1.0,0.0,1.0,1.0,0.0,0.0,0.0,0.0,0.0,1.0,0.0,0.0,0.0,1.0,0.0,0.0,1.0,0.0,-0.15217391304347827,-0.21164021164021166,-0.24912008218231643,-0.10532187883521116,0.0,2.0,0.0
1.0,1.0,0.0,1.0,1.0,1.0,1.0,0.0,1.0,1.0,1.0,2.0,0.0,1.0,0.0,0.0,1.0,0.0,1.0,0.0,0.0,0.9347826086956522,0.7076144467448816,0.7127360640332108,-0.26687493026888287,0.0,5.0,0.0
0.0,0.0,0.0,0.0,1.0,1.0,1.0,1.0,1.0,1.0,1.0,2.0,1.0,0.0,0.0,1.0,0.0,1.0,0.0,0.0,0.0,0.8043478260869565,-0.14722797331492984,-0.1454629698160736,-1.255446996381951,0.0,6.0,0.0
1.0,1.0,0.0,1.0,1.0,0.0,0.0,1.0,0.0,1.0,1.0,0.0,0.0,1.0,0.0,1.0,0.0,0.0,0.0,1.0,0.0,-0.5217391304347826,0.44076374511157124,0.5334785871200813,0.317304473948455,0.0,3.0,0.0
1.0,1.0,1.0,1.0,1.0,1.0,1.0,1.0,1.0,1.0,1.0,2.0,0.0,1.0,0.0,0.0,1.0,0.0,1.0,0.0,0.0,0.9347826086956522,0.8014722797331493,0.8184488707668209,-0.4666804800688546,0.0,6.0,0.0
1.0,1.0,1.0,1.0,0.0,0.0,0.0,1.0,0.0,0.0,0.0,0.0,1.0,0.0,0.0,1.0,0.0,0.0,0.0,1.0,0.0,-0.4782608695652174,-0.40119622728318377,-0.4039315678320961,0.39629588307486363,0.0,1.0,0.0
1.0,1.0,0.0,1.0,0.0,0.0,1.0,0.0,1.0,1.0,1.0,2.0,0.0,1.0,0.0,0.0,1.0,1.0,0.0,0.0,0.0,0.8260869565217391,0.596273291925466,0.6199169026015287,-0.007497489679794362,1.0,4.0,0.0
0.0,0.0,0.0,1.0,0.0,0.0,0.0,0.0,0.0,0.0,0.0,0.0,0.0,1.0,0.0,1.0,0.0,1.0,0.0,0.0,0.0,-0.6086956521739131,-0.014722797331492931,-0.016330096554017615,5.2535981256275806,0.0,0.0,0.0
0.0,0.0,0.0,0.0,1.0,0.0,0.0,1.0,0.0,1.0,1.0,1.0,1.0,0.0,0.0,1.0,0.0,0.0,0.0,1.0,0.0,0.32608695652173914,-0.3947550034506557,-0.35119017993537743,-0.8983599241325448,0.0,3.0,0.0
1.0,1.0,0.0,1.0,0.0,0.0,0.0,0.0,0.0,0.0,0.0,2.0,0.0,0.0,1.0,1.0,0.0,0.0,1.0,0.0,0.0,0.9347826086956522,-0.9348976305498045,-0.9342347547322599,-0.10175164565435672,0.0,0.0,0.0
0.0,1.0,1.0,1.0,1.0,0.0,1.0,1.0,1.0,1.0,0.0,0.0,0.0,1.0,0.0,1.0,0.0,0.0,1.0,0.0,0.0,0.6086956521739131,0.45640671727628246,0.49772928785852955,-0.1703001227267656,1.0,4.0,0.0
0.0,1.0,1.0,1.0,0.0,0.0,0.0,0.0,0.0,0.0,0.0,0.0,1.0,0.0,0.0,1.0,0.0,0.0,0.0,0.0,1.0,-0.5217391304347826,-0.47296986427421217,-0.48693839832185426,2.5866339395291753,0.0,0.0,0.0
0.0,1.0,0.0,1.0,0.0,0.0,0.0,0.0,0.0,0.0,0.0,0.0,0.0,0.0,1.0,1.0,0.0,0.0,0.0,1.0,0.0,-0.5434782608695652,-0.9266160570508397,-0.8772437606626919,-0.05355349771281937,0.0,0.0,0.0
0.0,0.0,0.0,1.0,1.0,0.0,1.0,0.0,1.0,1.0,1.0,1.0,0.0,1.0,0.0,0.0,1.0,1.0,0.0,0.0,0.0,0.782608695652174,0.6358408097538532,0.6095126499924329,0.03855851835322989,0.0,4.0,0.0
1.0,0.0,0.0,1.0,1.0,0.0,0.0,1.0,0.0,1.0,1.0,0.0,0.0,1.0,0.0,1.0,0.0,0.0,1.0,0.0,0.0,-0.21739130434782608,0.46744881527490234,0.4223717380128472,0.3561307597902491,1.0,3.0,1.0
1.0,1.0,1.0,1.0,0.0,0.0,0.0,0.0,0.0,0.0,0.0,0.0,1.0,0.0,0.0,1.0,0.0,0.0,0.0,1.0,0.0,-0.4782608695652174,-0.47389003910743044,-0.421257471729389,2.581278589757894,0.0,0.0,0.0
1.0,0.0,0.0,1.0,0.0,0.0,0.0,0.0,0.0,0.0,0.0,2.0,0.0,0.0,1.0,1.0,0.0,0.0,1.0,0.0,0.0,0.41304347826086957,-0.9321371060501495,-0.9464598716867263,-0.08568559634051069,0.0,0.0,0.0
0.0,1.0,0.0,1.0,1.0,1.0,0.0,0.0,0.0,0.0,0.0,0.0,0.0,1.0,0.0,1.0,0.0,0.0,0.0,1.0,0.0,-0.21739130434782608,0.04968944099378887,0.09663369153550992,1.7083565770389382,0.0,1.0,0.0
1.0,0.0,1.0,1.0,1.0,0.0,0.0,1.0,0.0,0.0,0.0,0.0,1.0,0.0,0.0,1.0,0.0,0.0,0.0,0.0,1.0,-0.6086956521739131,-0.37451115711985283,-0.3755800887274346,0.4739484547584515,1.0,1.0,1.0
1.0,1.0,1.0,1.0,0.0,0.0,0.0,0.0,0.0,0.0,0.0,0.0,1.0,0.0,0.0,0.0,1.0,0.0,1.0,0.0,0.0,-0.21739130434782608,-0.37543133195307105,-0.41658749125308503,3.1543010152850615,0.0,0.0,0.0
1.0,0.0,0.0,1.0,1.0,0.0,1.0,1.0,0.0,1.0,1.0,0.0,0.0,1.0,0.0,1.0,0.0,0.0,0.0,1.0,0.0,0.4782608695652174,0.5244996549344375,0.5181760976084168,-0.0910409461117927,0.0,4.0,0.0
0.0,0.0,0.0,1.0,1.0,0.0,1.0,0.0,0.0,1.0,0.0,0.0,0.0,1.0,0.0,0.0,1.0,1.0,0.0,0.0,0.0,-0.3695652173913043,0.35426731078904994,0.3144371596670312,0.9925248242775859,0.0,2.0,0.0
1.0,0.0,0.0,1.0,0.0,0.0,0.0,0.0,0.0,0.0,0.0,2.0,0.0,0.0,1.0,1.0,0.0,0.0,0.0,0.0,1.0,0.2608695652173913,-0.9266160570508397,-0.937525869011921,-0.05355349771281937,0.0,0.0,0.0
0.0,1.0,0.0,1.0,1.0,0.0,0.0,0.0,1.0,1.0,1.0,1.0,0.0,1.0,0.0,1.0,0.0,0.0,0.0,1.0,0.0,0.5217391304347826,0.42236024844720504,0.3921362604208433,0.29052772509204533,0.0,3.0,0.0
0.0,0.0,0.0,1.0,1.0,0.0,0.0,0.0,0.0,0.0,0.0,0.0,1.0,0.0,0.0,1.0,0.0,1.0,0.0,0.0,0.0,-0.6086956521739131,-0.4711295146077755,-0.47205387179190716,2.5973446390717396,0.0,0.0,0.0
1.0,1.0,0.0,1.0,1.0,0.0,0.0,0.0,0.0,0.0,0.0,0.0,0.0,1.0,0.0,0.0,1.0,0.0,0.0,1.0,0.0,-0.32608695652173914,0.08465608465608455,0.032956849759872654,5.831975900926029,1.0,0.0,1.0
1.0,1.0,0.0,1.0,1.0,1.0,1.0,1.0,1.0,1.0,1.0,2.0,1.0,0.0,0.0,0.0,1.0,0.0,1.0,0.0,0.0,0.8913043478260869,0.3321831147918104,0.35840820364879755,-0.8568559634051097,1.0,6.0,0.0
1.0,0.0,1.0,1.0,1.0,0.0,1.0,0.0,1.0,1.0,1.0,1.0,1.0,0.0,0.0,0.0,1.0,0.0,0.0,0.0,1.0,0.043478260869565216,0.16471129514607782,0.23678391492696405,-0.5098292982260402,0.0,4.0,0.0
1.0,0.0,0.0,1.0,1.0,1.0,1.0,1.0,1.0,1.0,1.0,1.0,0.0,1.0,0.0,0.0,1.0,0.0,1.0,0.0,0.0,0.8478260869565217,0.859443294225903,0.8744580121422684,-0.41848233212731684,0.0,6.0,0.0
1.0,1.0,1.0,1.0,0.0,0.0,0.0,0.0,0.0,1.0,0.0,0.0,0.0,1.0,0.0,0.0,1.0,0.0,0.0,1.0,0.0,0.43478260869565216,0.25764895330112725,0.298517579138025,2.313511101193797,0.0,1.0,0.0
0.0,1.0,1.0,1.0,1.0,0.0,0.0,0.0,0.0,0.0,0.0,2.0,0.0,0.0,1.0,1.0,0.0,0.0,0.0,0.0,1.0,0.3695652173913043,-0.9302967563837129,-0.926778953623332,-0.07497489679794704,0.0,0.0,0.0
0.0,1.0,0.0,1.0,0.0,0.0,0.0,1.0,1.0,0.0,0.0,1.0,0.0,1.0,0.0,1.0,0.0,0.0,0.0,1.0,0.0,-0.17391304347826086,0.16011042097998626,0.22758887876772133,0.6158652236974231,0.0,2.0,0.0
0.0,1.0,0.0,1.0,0.0,1.0,1.0,1.0,1.0,0.0,1.0,2.0,1.0,0.0,0.0,0.0,1.0,1.0,0.0,0.0,0.0,0.9347826086956522,0.14630779848171158,0.15309879468235824,-0.8113354903492133,1.0,5.0,0.0
1.0,0.0,0.0,1.0,1.0,0.0,0.0,0.0,0.0,1.0,1.0,0.0,0.0,1.0,0.0,0.0,1.0,1.0,0.0,0.0,0.0,0.34782608695652173,0.4306418219461699,0.41805714888442735,1.140689501283053,1.0,2.0,1.0
1.0,1.0,0.0,1.0,1.0,0.0,1.0,1.0,0.0,1.0,1.0,0.0,0.0,1.0,0.0,0.0,1.0,0.0,0.0,1.0,0.0,0.8478260869565217,0.6404416839199447,0.6754842125053744,0.0439138681245119,1.0,4.0,1.0
0.0,1.0,0.0,1.0,0.0,1.0,0.0,1.0,1.0,0.0,0.0,2.0,1.0,0.0,0.0,0.0,1.0,0.0,1.0,0.0,0.0,0.8913043478260869,-0.09569818265470445,-0.0476348547320813,-0.4632377552158875,0.0,3.0,0.0
1.0,0.0,0.0,1.0,1.0,1.0,0.0,1.0,0.0,1.0,1.0,1.0,0.0,1.0,0.0,1.0,0.0,0.0,1.0,0.0,0.0,-0.13043478260869565,0.5419829767655855,0.534669029660587,-0.0706906169809212,0.0,4.0,0.0
0.0,0.0,1.0,1.0,1.0,0.0,0.0,1.0,1.0,0.0,0.0,0.0,0.0,1.0,0.0,0.0,1.0,0.0,0.0,0.0,1.0,-0.5434782608695652,0.3054980446284793,0.2714833562549921,0.8979136449849381,0.0,2.0,0.0
0.0,0.0,0.0,1.0,1.0,0.0,0.0,0.0,0.0,0.0,0.0,0.0,0.0,1.0,0.0,1.0,0.0,0.0,0.0,1.0,0.0,-0.6086956521739131,-0.005521048999309817,-0.007142117214544039,5.3071516233404,1.0,0.0,1.0
0.0,1.0,1.0,1.0,1.0,0.0,0.0,0.0,0.0,1.0,1.0,0.0,0.0,1.0,0.0,0.0,1.0,0.0,0.0,1.0,0.0,0.17391304347826086,0.4554865424430642,0.3488300012485743,1.1888876492245901,0.0,2.0,0.0
0.0,0.0,0.0,1.0,1.0,0.0,1.0,1.0,0.0,1.0,1.0,0.0,0.0,1.0,0.0,0.0,1.0,1.0,0.0,0.0,0.0,0.17391304347826086,0.5778697952610997,0.46365491061540093,-0.028918888764922036,0.0,4.0,0.0
1.0,0.0,0.0,1.0,0.0,1.0,1.0,1.0,1.0,1.0,1.0,2.0,1.0,0.0,0.0,0.0,1.0,0.0,1.0,0.0,0.0,0.9347826086956522,0.3321831147918104,0.3266750377039134,-0.8568559634051097,0.0,6.0,0.0
1.0,0.0,0.0,0.0,1.0,1.0,0.0,1.0,0.0,1.0,1.0,1.0,1.0,0.0,0.0,1.0,0.0,0.0,0.0,1.0,0.0,0.32608695652173914,-0.3036576949620428,-0.27799957178797996,-1.0550039049425415,0.0,4.0,0.0
1.0,0.0,1.0,1.0,0.0,0.0,1.0,1.0,0.0,1.0,0.0,1.0,1.0,0.0,0.0,1.0,0.0,0.0,1.0,0.0,0.0,0.021739130434782608,-0.11042097998619738,-0.11497836806216571,-0.48465915430101514,0.0,3.0,0.0
1.0,1.0,1.0,1.0,1.0,0.0,1.0,0.0,1.0,1.0,1.0,1.0,0.0,1.0,0.0,0.0,1.0,0.0,0.0,1.0,0.0,0.5434782608695652,0.6386013342535083,0.6214007434882217,0.04177172821599917,0.0,4.0,0.0
1.0,0.0,0.0,1.0,1.0,0.0,0.0,0.0,0.0,0.0,0.0,0.0,0.0,1.0,0.0,1.0,0.0,0.0,0.0,1.0,0.0,-0.5434782608695652,-0.005521048999309817,-0.20399457456276554,5.3071516233404,0.0,0.0,0.0
1.0,1.0,1.0,1.0,1.0,0.0,1.0,0.0,0.0,0.0,0.0,0.0,0.0,1.0,0.0,0.0,1.0,0.0,0.0,1.0,0.0,-0.5217391304347826,0.17759374281113421,0.11781440180229658,2.080553386143033,0.0,1.0,0.0
1.0,0.0,0.0,1.0,1.0,0.0,0.0,0.0,0.0,0.0,0.0,2.0,0.0,0.0,1.0,1.0,0.0,0.0,0.0,0.0,1.0,0.13043478260869565,-0.9256958822176213,-0.9378056701945935,-0.04819814794153736,0.0,0.0,0.0
1.0,1.0,0.0,1.0,0.0,0.0,1.0,0.0,1.0,0.0,0.0,0.0,1.0,0.0,0.0,0.0,1.0,1.0,0.0,0.0,0.0,0.5,-0.16839199447895098,-0.17706672742169288,-0.021421399085127673,0.0,2.0,0.0
0.0,0.0,0.0,1.0,1.0,1.0,1.0,1.0,1.0,1.0,1.0,2.0,0.0,1.0,0.0,1.0,0.0,0.0,0.0,1.0,0.0,0.9347826086956522,0.7250977685760296,0.6487264746348784,-0.5301796273569115,0.0,6.0,0.0
0.0,1.0,0.0,1.0,1.0,1.0,1.0,0.0,1.0,1.0,1.0,0.0,0.0,1.0,0.0,0.0,1.0,1.0,0.0,0.0,0.0,0.45652173913043476,0.720496894409938,0.6896007320564163,-0.25437911413589165,0.0,5.0,0.0
0.0,0.0,0.0,1.0,0.0,0.0,0.0,0.0,0.0,0.0,0.0,1.0,0.0,0.0,1.0,1.0,0.0,0.0,1.0,0.0,0.0,-0.2826086956521739,-0.9413388543823327,-0.9576960047539574,-0.13923909405333007,0.0,0.0,0.0
1.0,0.0,0.0,1.0,1.0,0.0,0.0,0.0,0.0,1.0,1.0,0.0,0.0,1.0,0.0,0.0,1.0,0.0,0.0,1.0,0.0,0.13043478260869565,0.4591672417759375,0.5268369906261192,1.1960281155862995,1.0,2.0,1.0
1.0,0.0,0.0,1.0,1.0,0.0,0.0,1.0,1.0,0.0,0.0,2.0,0.0,1.0,0.0,0.0,1.0,0.0,1.0,0.0,0.0,0.9130434782608695,0.29261559696342315,0.30027990699465923,0.872922012718956,0.0,2.0,0.0
1.0,1.0,0.0,1.0,1.0,1.0,1.0,1.0,0.0,1.0,1.0,1.0,0.0,1.0,0.0,0.0,1.0,0.0,0.0,1.0,0.0,0.6521739130434783,0.7296986427421212,0.7111554201298946,-0.2454535311837552,0.0,5.0,0.0
0.0,1.0,0.0,1.0,1.0,0.0,1.0,0.0,1.0,1.0,1.0,2.0,0.0,1.0,0.0,0.0,1.0,1.0,0.0,0.0,0.0,0.8913043478260869,0.6247987117552336,0.632170610910798,0.02570567890215351,1.0,4.0,0.0
1.0,0.0,0.0,1.0,1.0,0.0,0.0,0.0,1.0,0.0,0.0,0.0,0.0,1.0,0.0,1.0,0.0,0.0,0.0,0.0,1.0,-0.6086956521739131,0.06993328732459163,0.0681993133691392,1.7672654245230393,0.0,1.0,0.0
0.0,1.0,0.0,1.0,0.0,0.0,0.0,0.0,0.0,0.0,0.0,0.0,1.0,0.0,0.0,0.0,1.0,1.0,0.0,0.0,0.0,0.5652173913043478,-0.34690591212330346,-0.3487511890561716,3.320316858194801,1.0,0.0,1.0
0.0,1.0,1.0,1.0,1.0,1.0,1.0,1.0,1.0,1.0,1.0,2.0,0.0,1.0,0.0,0.0,1.0,1.0,0.0,0.0,0.0,0.8913043478260869,0.8042328042328043,0.730495115527936,-0.4643853301668765,0.0,6.0,0.0
1.0,0.0,0.0,1.0,0.0,0.0,0.0,0.0,0.0,0.0,0.0,0.0,0.0,1.0,0.0,1.0,0.0,1.0,0.0,0.0,0.0,-0.4782608695652174,-0.024844720496894308,-0.014361243838416322,5.19468927814348,0.0,0.0,0.0
0.0,1.0,0.0,1.0,1.0,0.0,0.0,0.0,1.0,1.0,1.0,1.0,0.0,1.0,0.0,0.0,1.0,0.0,0.0,1.0,0.0,0.45652173913043476,0.5548654244306419,0.6101982146046856,0.48332031685819515,1.0,3.0,0.0
0.0,1.0,1.0,1.0,0.0,0.0,0.0,0.0,0.0,0.0,0.0,2.0,0.0,0.0,1.0,1.0,0.0,0.0,0.0,0.0,1.0,0.7608695652173914,-0.9256958822176213,-0.930261272694998,-0.04819814794153736,0.0,0.0,0.0
1.0,0.0,0.0,1.0,1.0,0.0,0.0,0.0,0.0,0.0,0.0,0.0,0.0,1.0,0.0,1.0,0.0,0.0,1.0,0.0,0.0,-0.45652173913043476,-0.010121923165401375,-0.004615422896188753,5.28037487448399,1.0,0.0,1.0
1.0,1.0,0.0,1.0,1.0,0.0,1.0,0.0,0.0,0.0,0.0,0.0,0.0,1.0,0.0,0.0,1.0,0.0,0.0,1.0,0.0,0.6956521739130435,0.21440073613986668,0.1804282216616274,2.187660381568672,1.0,1.0,1.0
0.0,0.0,1.0,1.0,1.0,0.0,0.0,0.0,0.0,0.0,0.0,0.0,0.0,1.0,0.0,1.0,0.0,0.0,0.0,1.0,0.0,-0.6086956521739131,-0.01564297216471119,-0.017248894487964923,5.2482427758562995,0.0,0.0,0.0
0.0,0.0,1.0,1.0,1.0,0.0,0.0,0.0,1.0,0.0,0.0,1.0,1.0,0.0,0.0,1.0,0.0,0.0,0.0,1.0,0.0,-0.13043478260869565,-0.3873936047849091,-0.4028244448557867,0.43646100635947815,0.0,1.0,0.0
0.0,1.0,1.0,1.0,1.0,0.0,0.0,0.0,1.0,0.0,1.0,0.0,1.0,0.0,0.0,0.0,1.0,0.0,0.0,1.0,0.0,-0.391304347826087,-0.07637451115711996,-0.05959712653444782,0.1570902599576033,0.0,2.0,0.0
1.0,1.0,1.0,1.0,1.0,1.0,0.0,0.0,0.0,0.0,0.0,0.0,0.0,1.0,0.0,0.0,1.0,0.0,0.0,1.0,0.0,-0.10869565217391304,0.17207269381182413,0.12527963501561884,2.0644873368291865,1.0,1.0,1.0
1.0,1.0,1.0,1.0,0.0,0.0,0.0,0.0,0.0,0.0,0.0,1.0,0.0,0.0,1.0,1.0,0.0,0.0,0.0,0.0,1.0,0.08695652173913043,-0.9183344835518749,-0.9127706141086563,-0.005355349771281633,0.0,0.0,0.0
0.0,1.0,0.0,1.0,0.0,0.0,0.0,0.0,0.0,0.0,0.0,2.0,0.0,0.0,1.0,0.0,1.0,0.0,1.0,0.0,0.0,0.5217391304347826,-0.8355187485622269,-0.8548632298565403,0.47662612964409273,1.0,0.0,1.0
1.0,1.0,1.0,1.0,0.0,0.0,0.0,0.0,0.0,0.0,0.0,2.0,0.0,0.0,1.0,1.0,0.0,0.0,0.0,0.0,1.0,-0.13043478260869565,-0.912813434552565,-0.934408971248721,0.026776748856409686,0.0,0.0,0.0
0.0,0.0,0.0,1.0,1.0,0.0,1.0,0.0,0.0,0.0,1.0,0.0,0.0,1.0,0.0,1.0,0.0,0.0,0.0,1.0,0.0,-0.32608695652173914,0.2907752472969864,0.25294332651641155,0.8693517795381012,0.0,2.0,0.0
1.0,1.0,0.0,1.0,0.0,1.0,1.0,0.0,1.0,0.0,0.0,2.0,0.0,1.0,0.0,1.0,0.0,1.0,0.0,0.0,0.0,0.8913043478260869,0.25948930296756373,0.200821232292055,0.05355349771281937,0.0,3.0,0.0
0.0,1.0,0.0,1.0,1.0,1.0,0.0,0.0,1.0,1.0,1.0,0.0,1.0,0.0,0.0,0.0,1.0,0.0,0.0,1.0,0.0,-0.15217391304347827,0.16011042097998626,0.15853385569314543,-0.5151846479973222,0.0,4.0,0.0
1.0,0.0,0.0,1.0,0.0,0.0,0.0,0.0,0.0,0.0,0.0,0.0,0.0,0.0,1.0,1.0,0.0,0.0,0.0,0.0,1.0,-0.30434782608695654,-0.9339774557165862,-0.9154045015193055,-0.09639629588307472,0.0,0.0,0.0
0.0,1.0,0.0,1.0,1.0,0.0,1.0,1.0,1.0,1.0,1.0,2.0,0.0,1.0,0.0,0.0,1.0,1.0,0.0,0.0,0.0,0.782608695652174,0.6836899010812055,0.7052372593569174,-0.29008144594443813,0.0,5.0,0.0
1.0,1.0,0.0,1.0,1.0,0.0,1.0,1.0,1.0,1.0,1.0,2.0,1.0,0.0,0.0,0.0,1.0,0.0,1.0,0.0,0.0,0.9347826086956522,0.2751322751322752,0.2922583984281352,-0.6863773290193014,0.0,5.0,0.0
0.0,1.0,0.0,1.0,1.0,0.0,1.0,1.0,0.0,1.0,1.0,1.0,0.0,1.0,0.0,0.0,1.0,0.0,0.0,1.0,0.0,0.7391304347826086,0.6809293765815505,0.7078139322442071,0.09104094611179309,0.0,4.0,0.0
0.0,0.0,0.0,1.0,1.0,0.0,0.0,0.0,0.0,0.0,0.0,0.0,0.0,1.0,0.0,1.0,0.0,0.0,0.0,0.0,1.0,-0.5217391304347826,-0.026685070163331086,-0.12658584862770056,5.183978578600915,1.0,0.0,1.0
0.0,0.0,0.0,1.0,1.0,1.0,1.0,1.0,1.0,1.0,1.0,2.0,0.0,1.0,0.0,0.0,1.0,0.0,0.0,0.0,1.0,0.13043478260869565,0.785829307568438,0.757849042590026,-0.4796863295133963,0.0,6.0,0.0
1.0,1.0,0.0,1.0,1.0,0.0,0.0,0.0,0.0,0.0,0.0,0.0,0.0,1.0,0.0,0.0,1.0,0.0,0.0,1.0,0.0,-0.391304347826087,0.08189556015642978,0.08223186363306251,5.815909851612184,0.0,0.0,0.0
0.0,0.0,0.0,0.0,0.0,0.0,0.0,0.0,0.0,1.0,1.0,0.0,1.0,0.0,0.0,1.0,0.0,0.0,0.0,1.0,0.0,-0.5217391304347826,-0.45640671727628246,-0.569446452790327,-0.5801628918888763,1.0,2.0,1.0
0.0,0.0,0.0,1.0,0.0,0.0,1.0,1.0,1.0,1.0,1.0,2.0,1.0,0.0,0.0,1.0,0.0,0.0,0.0,0.0,1.0,0.043478260869565216,0.16011042097998626,0.18313797104165053,-0.7979471159210083,0.0,5.0,0.0
1.0,0.0,0.0,1.0,0.0,0.0,0.0,0.0,1.0,0.0,0.0,0.0,1.0,0.0,0.0,1.0,0.0,0.0,0.0,0.0,1.0,-0.6086956521739131,-0.35426731078904994,-0.3553665341805927,0.5328573022425529,0.0,1.0,0.0
0.0,1.0,1.0,1.0,0.0,1.0,1.0,1.0,1.0,0.0,1.0,2.0,1.0,0.0,0.0,1.0,0.0,0.0,0.0,0.0,1.0,0.06521739130434782,0.05705083965953521,0.033313704314575456,-0.8979136449849381,0.0,5.0,0.0
1.0,0.0,0.0,1.0,1.0,0.0,1.0,0.0,0.0,1.0,0.0,1.0,1.0,0.0,0.0,1.0,0.0,0.0,0.0,1.0,0.0,-0.391304347826087,-0.17023234414538763,-0.07772250395868202,-0.024991632265982094,0.0,2.0,0.0
0.0,0.0,0.0,1.0,1.0,0.0,0.0,1.0,0.0,0.0,1.0,0.0,0.0,1.0,0.0,0.0,1.0,0.0,1.0,0.0,0.0,0.43478260869565216,0.37451115711985267,0.3963976855707843,1.0317973892669865,1.0,2.0,1.0
1.0,1.0,0.0,1.0,1.0,0.0,1.0,0.0,0.0,1.0,0.0,1.0,0.0,1.0,0.0,0.0,1.0,1.0,0.0,0.0,0.0,0.8260869565217391,0.32942259029215565,0.2931539597642505,0.9443266763360486,0.0,2.0,0.0
0.0,1.0,1.0,1.0,0.0,1.0,1.0,1.0,1.0,0.0,0.0,2.0,0.0,1.0,0.0,0.0,1.0,1.0,0.0,0.0,0.0,0.8913043478260869,0.4306418219461699,0.42995631133375545,-0.20029008144594418,0.0,4.0,0.0
0.0,0.0,0.0,1.0,1.0,0.0,0.0,0.0,0.0,0.0,0.0,0.0,0.0,0.0,1.0,1.0,0.0,0.0,0.0,0.0,1.0,-0.6086956521739131,-0.9367379802162411,-0.9369656263692702,-0.11246234519692037,0.0,0.0,0.0
1.0,1.0,0.0,1.0,1.0,0.0,0.0,0.0,0.0,0.0,0.0,0.0,0.0,0.0,1.0,1.0,0.0,0.0,0.0,0.0,1.0,-0.43478260869565216,-0.9063722107200368,-0.8794897111678966,0.0642641972553834,1.0,0.0,1.0
1.0,0.0,0.0,1.0,0.0,0.0,0.0,0.0,0.0,0.0,0.0,0.0,0.0,0.0,1.0,1.0,0.0,0.0,1.0,0.0,0.0,-0.17391304347826086,-0.9201748332183115,-0.9446222758188314,-0.01606604931384566,0.0,0.0,0.0
0.0,0.0,1.0,1.0,0.0,0.0,0.0,0.0,0.0,0.0,0.0,0.0,0.0,0.0,1.0,1.0,0.0,0.0,0.0,0.0,1.0,-0.021739130434782608,-0.9247757073844031,-0.9457926493775501,-0.042842798170255346,0.0,0.0,0.0
1.0,1.0,1.0,1.0,1.0,0.0,1.0,1.0,0.0,1.0,1.0,1.0,0.0,1.0,0.0,0.0,1.0,0.0,0.0,1.0,0.0,0.8260869565217391,0.6422820335863816,0.6198483355915327,0.04605600803302501,0.0,4.0,0.0
1.0,0.0,0.0,1.0,1.0,1.0,0.0,0.0,0.0,1.0,0.0,0.0,0.0,1.0,0.0,0.0,1.0,1.0,0.0,0.0,0.0,-0.30434782608695654,0.31746031746031744,0.22463997492257604,0.9211201606604933,0.0,2.0,0.0
0.0,1.0,1.0,1.0,1.0,0.0,1.0,0.0,0.0,0.0,1.0,0.0,0.0,1.0,0.0,1.0,0.0,0.0,0.0,1.0,0.0,-0.5217391304347826,0.2410858063031975,0.1883780831294537,0.7729554836550261,0.0,2.0,0.0
0.0,0.0,0.0,1.0,1.0,1.0,1.0,1.0,1.0,1.0,0.0,0.0,1.0,0.0,0.0,0.0,1.0,1.0,0.0,0.0,0.0,-0.08695652173913043,0.1444674488152748,0.053792561764844773,-0.8131206069396408,0.0,5.0,0.0
0.0,0.0,0.0,1.0,0.0,0.0,0.0,0.0,0.0,0.0,0.0,0.0,0.0,0.0,1.0,1.0,0.0,0.0,1.0,0.0,0.0,-0.5434782608695652,-0.9210950080515298,-0.9165223723389415,-0.021421399085127673,0.0,0.0,0.0
0.0,0.0,0.0,1.0,1.0,0.0,0.0,0.0,1.0,1.0,1.0,0.0,1.0,0.0,0.0,1.0,0.0,0.0,1.0,0.0,0.0,-0.4782608695652174,0.004600874166091558,-0.11372267755243749,-0.3173044739484546,0.0,3.0,0.0
0.0,0.0,0.0,1.0,0.0,0.0,0.0,0.0,0.0,0.0,0.0,0.0,1.0,0.0,0.0,1.0,0.0,0.0,0.0,1.0,0.0,-0.6086956521739131,-0.4545663676098459,-0.45551550898085474,2.693740934954814,0.0,0.0,0.0
0.0,1.0,1.0,1.0,1.0,0.0,0.0,0.0,0.0,0.0,0.0,2.0,0.0,0.0,1.0,1.0,0.0,0.0,0.0,0.0,1.0,0.6304347826086957,-0.9321371060501495,-0.9299795938025326,-0.08568559634051069,0.0,0.0,0.0
0.0,0.0,0.0,1.0,1.0,0.0,0.0,0.0,0.0,0.0,0.0,0.0,0.0,1.0,0.0,1.0,0.0,0.0,0.0,1.0,0.0,-0.2391304347826087,-0.012882447665056413,-0.04996830980242353,5.264308825170144,0.0,0.0,0.0
0.0,1.0,0.0,1.0,0.0,0.0,1.0,0.0,0.0,0.0,1.0,0.0,0.0,1.0,0.0,0.0,1.0,0.0,0.0,1.0,0.0,0.6739130434782609,0.3487462617897401,0.3244214305492592,0.9818141247350219,1.0,2.0,1.0
0.0,1.0,0.0,1.0,0.0,0.0,0.0,0.0,0.0,0.0,0.0,2.0,0.0,0.0,1.0,1.0,0.0,0.0,0.0,0.0,1.0,-0.32608695652173914,-0.9220151828847482,-0.9133393937820524,-0.026776748856409686,0.0,0.0,0.0
0.0,0.0,0.0,1.0,1.0,0.0,1.0,0.0,0.0,0.0,0.0,0.0,1.0,0.0,0.0,1.0,0.0,0.0,0.0,1.0,0.0,0.2826086956521739,-0.38555325511847255,-0.3879838608357239,0.4418163561307598,0.0,1.0,0.0
1.0,0.0,0.0,0.0,0.0,0.0,0.0,0.0,0.0,0.0,1.0,0.0,1.0,0.0,0.0,1.0,0.0,0.0,0.0,1.0,0.0,-0.6086956521739131,-0.6367609845870715,-0.6374374999024316,-0.2891888876492245,0.0,1.0,0.0
0.0,1.0,1.0,0.0,0.0,0.0,1.0,1.0,1.0,0.0,1.0,2.0,1.0,0.0,0.0,1.0,0.0,0.0,0.0,1.0,0.0,0.7608695652173914,-0.3800322061191626,-0.3753647454616657,-1.1439027111458215,0.0,4.0,0.0
0.0,0.0,0.0,1.0,0.0,0.0,1.0,1.0,0.0,1.0,1.0,2.0,0.0,1.0,0.0,0.0,1.0,0.0,0.0,1.0,0.0,0.5217391304347826,0.6450425580860363,0.6729937194374689,0.049269217895793915,0.0,4.0,0.0
0.0,0.0,0.0,1.0,1.0,0.0,0.0,0.0,0.0,0.0,0.0,0.0,0.0,1.0,0.0,1.0,0.0,0.0,0.0,1.0,0.0,-0.6086956521739131,-0.016563146997929712,-0.01816769242191249,5.242887426085016,1.0,0.0,1.0
0.0,1.0,1.0,1.0,1.0,1.0,1.0,0.0,0.0,1.0,1.0,0.0,0.0,1.0,0.0,0.0,1.0,0.0,0.0,1.0,0.0,0.34782608695652173,0.63768115942029,0.6347505371729453,0.040700658261742996,0.0,4.0,0.0
1.0,1.0,0.0,1.0,1.0,1.0,1.0,1.0,1.0,1.0,0.0,0.0,0.0,1.0,0.0,0.0,1.0,1.0,0.0,0.0,0.0,0.021739130434782608,0.6478030825856913,0.6518197610125009,-0.32489121945777066,1.0,5.0,0.0
0.0,0.0,0.0,1.0,0.0,0.0,0.0,0.0,0.0,0.0,0.0,0.0,0.0,1.0,0.0,1.0,0.0,1.0,0.0,0.0,0.0,-0.2608695652173913,0.0,-0.03719221434835183,5.3392837219680915,0.0,0.0,0.0
0.0,0.0,0.0,1.0,1.0,0.0,0.0,0.0,0.0,0.0,0.0,0.0,0.0,1.0,0.0,0.0,1.0,0.0,0.0,1.0,0.0,0.043478260869565216,0.06257188865884529,0.017131931427484662,5.703447506415264,1.0,0.0,1.0
1.0,0.0,0.0,1.0,1.0,0.0,0.0,0.0,0.0,0.0,0.0,0.0,0.0,1.0,0.0,0.0,1.0,0.0,1.0,0.0,0.0,0.21739130434782608,0.04876926616057061,-0.01041680728681809,5.623117259846035,0.0,0.0,0.0
0.0,1.0,1.0,1.0,1.0,0.0,1.0,0.0,1.0,0.0,1.0,0.0,0.0,1.0,0.0,0.0,1.0,1.0,0.0,0.0,0.0,0.6521739130434783,0.481251437773177,0.44104440039570947,0.37621332143255637,0.0,3.0,0.0
0.0,0.0,0.0,1.0,1.0,0.0,1.0,1.0,0.0,0.0,1.0,0.0,0.0,1.0,0.0,0.0,1.0,0.0,0.0,1.0,0.0,-0.41304347826086957,0.4481251437773176,0.45492136376758213,0.32801517349101866,0.0,3.0,0.0
1.0,0.0,0.0,1.0,1.0,0.0,0.0,0.0,0.0,0.0,1.0,0.0,0.0,1.0,0.0,1.0,0.0,0.0,0.0,1.0,0.0,-0.5652173913043478,0.18127444214400726,0.2574716877622951,2.091264085685596,0.0,1.0,0.0
0.0,0.0,0.0,1.0,1.0,0.0,1.0,0.0,0.0,1.0,0.0,0.0,0.0,1.0,0.0,0.0,1.0,0.0,0.0,1.0,0.0,0.30434782608695654,0.36346905912123306,0.3433472434956537,1.0103759901818588,1.0,2.0,1.0
1.0,0.0,0.0,1.0,0.0,0.0,1.0,0.0,0.0,0.0,1.0,0.0,0.0,1.0,0.0,1.0,0.0,0.0,0.0,1.0,0.0,-0.5652173913043478,0.2539682539682539,0.1426219460188754,0.7979471159210085,0.0,2.0,0.0
1.0,1.0,1.0,1.0,0.0,0.0,1.0,1.0,0.0,1.0,1.0,0.0,0.0,1.0,0.0,0.0,1.0,0.0,0.0,1.0,0.0,-0.17391304347826086,0.6238785369220153,0.5911703469154613,0.024634608947897336,0.0,4.0,0.0
1.0,1.0,0.0,0.0,1.0,0.0,1.0,1.0,1.0,1.0,0.0,0.0,1.0,0.0,0.0,1.0,0.0,0.0,0.0,1.0,0.0,0.08695652173913043,-0.3772716816195077,-0.32217843911194877,-1.1406895012830525,1.0,4.0,0.0
1.0,1.0,0.0,0.0,0.0,0.0,0.0,0.0,0.0,0.0,0.0,1.0,1.0,0.0,0.0,1.0,0.0,1.0,0.0,0.0,0.0,-0.43478260869565216,-0.8539222452265931,-0.7666817426110265,0.36951913421845395,0.0,0.0,0.0
0.0,0.0,0.0,1.0,0.0,0.0,0.0,1.0,0.0,0.0,1.0,0.0,1.0,0.0,0.0,1.0,0.0,0.0,0.0,1.0,0.0,-0.5869565217391305,-0.1775937428111341,-0.2735935180592778,-0.039272564989400544,0.0,2.0,0.0
1.0,0.0,0.0,0.0,1.0,0.0,0.0,1.0,1.0,0.0,0.0,1.0,1.0,0.0,0.0,1.0,0.0,0.0,1.0,0.0,0.0,-0.4782608695652174,-0.644122383252818,-0.6420314895721684,-0.944326676336048,0.0,2.0,0.0
0.0,1.0,1.0,0.0,0.0,0.0,0.0,0.0,0.0,0.0,0.0,0.0,1.0,0.0,0.0,1.0,0.0,0.0,0.0,0.0,1.0,-0.5217391304347826,-0.8364389233954452,-0.8358978536350608,0.4712707798728107,0.0,0.0,0.0
1.0,1.0,1.0,1.0,0.0,0.0,0.0,0.0,0.0,0.0,0.0,0.0,0.0,1.0,0.0,1.0,0.0,0.0,0.0,0.0,1.0,-0.5869565217391305,-0.010121923165401375,0.025015810473613485,5.28037487448399,0.0,0.0,0.0
1.0,0.0,0.0,1.0,1.0,0.0,0.0,0.0,0.0,0.0,0.0,0.0,0.0,1.0,0.0,1.0,0.0,0.0,0.0,1.0,0.0,-0.2608695652173913,0.005521048999309817,0.0075586497286136345,5.371415820595783,0.0,0.0,0.0
0.0,0.0,0.0,1.0,1.0,1.0,0.0,0.0,0.0,1.0,1.0,1.0,0.0,1.0,0.0,0.0,1.0,1.0,0.0,0.0,0.0,0.6739130434782609,0.5686680469289166,0.5945480231297825,0.5034028785005024,1.0,3.0,1.0
0.0,0.0,1.0,1.0,0.0,0.0,0.0,0.0,0.0,0.0,0.0,2.0,0.0,0.0,1.0,1.0,0.0,0.0,0.0,0.0,1.0,0.32608695652173914,-0.9312169312169313,-0.9345851044494975,-0.08033024656922906,0.0,0.0,0.0
1.0,0.0,0.0,1.0,0.0,1.0,1.0,0.0,1.0,1.0,1.0,2.0,1.0,0.0,0.0,0.0,1.0,0.0,1.0,0.0,0.0,0.9347826086956522,0.28617437313089483,0.3132248568375172,-0.6756666294767376,0.0,5.0,0.0
1.0,1.0,0.0,1.0,1.0,0.0,1.0,0.0,1.0,1.0,0.0,2.0,0.0,1.0,0.0,0.0,1.0,0.0,0.0,0.0,1.0,0.8695652173913043,0.4039567517828388,0.4234279000925258,0.26375097623563565,0.0,3.0,0.0
1.0,0.0,0.0,1.0,0.0,0.0,0.0,0.0,0.0,0.0,0.0,0.0,1.0,0.0,0.0,1.0,0.0,0.0,0.0,0.0,1.0,-0.5869565217391305,-0.4757303887738671,-0.6089547639500634,2.57056789021533,0.0,0.0,0.0
0.0,0.0,0.0,1.0,1.0,0.0,0.0,0.0,0.0,1.0,0.0,0.0,0.0,1.0,0.0,0.0,1.0,0.0,0.0,1.0,0.0,-0.6086956521739131,0.25948930296756373,0.25747168776229484,2.3188664509650785,0.0,1.0,0.0
1.0,1.0,0.0,1.0,0.0,0.0,0.0,1.0,1.0,1.0,1.0,2.0,0.0,1.0,0.0,0.0,1.0,0.0,0.0,1.0,0.0,0.6086956521739131,0.6892109500805154,0.6274571084270971,0.10068057570010056,0.0,4.0,0.0
0.0,0.0,0.0,1.0,0.0,0.0,1.0,0.0,0.0,1.0,0.0,1.0,1.0,0.0,0.0,1.0,0.0,0.0,0.0,1.0,0.0,-0.21739130434782608,-0.22636300897170458,-0.2862149002045547,-0.13388374428204805,0.0,2.0,0.0
0.0,1.0,1.0,1.0,1.0,1.0,1.0,0.0,0.0,1.0,0.0,0.0,0.0,1.0,0.0,0.0,1.0,1.0,0.0,0.0,0.0,0.2608695652173913,0.4380032206119162,0.44795418626357675,0.3132879616199934,0.0,3.0,0.0
1.0,1.0,1.0,1.0,1.0,0.0,1.0,1.0,1.0,1.0,1.0,2.0,0.0,1.0,0.0,0.0,1.0,1.0,0.0,0.0,0.0,0.8260869565217391,0.7490223142397057,0.768323339037026,-0.22670980698426835,0.0,5.0,0.0
0.0,1.0,0.0,1.0,1.0,1.0,0.0,1.0,0.0,0.0,1.0,0.0,0.0,1.0,0.0,1.0,0.0,0.0,0.0,0.0,1.0,-0.5217391304347826,0.3386243386243387,0.3719539103321357,0.16869351779538133,0.0,3.0,0.0
0.0,1.0,0.0,1.0,1.0,0.0,0.0,1.0,1.0,0.0,0.0,0.0,0.0,1.0,0.0,0.0,1.0,0.0,0.0,1.0,0.0,-0.30434782608695654,0.23096388313779614,0.24436350390464606,0.753319201160326,1.0,2.0,0.0
0.0,0.0,0.0,1.0,1.0,1.0,1.0,1.0,1.0,1.0,1.0,2.0,0.0,1.0,0.0,0.0,1.0,0.0,0.0,1.0,0.0,0.9130434782608695,0.886128364389234,0.8970068130535405,-0.3962958830748633,0.0,6.0,0.0
1.0,1.0,0.0,1.0,1.0,0.0,0.0,0.0,0.0,0.0,0.0,0.0,0.0,0.0,1.0,1.0,0.0,0.0,1.0,0.0,0.0,-0.5652173913043478,-0.9192546583850932,-0.9838243210005855,-0.010710699542563646,0.0,0.0,0.0
0.0,1.0,1.0,1.0,0.0,0.0,0.0,0.0,0.0,0.0,0.0,2.0,0.0,0.0,1.0,0.0,1.0,1.0,0.0,0.0,0.0,0.9130434782608695,-0.8428801472279733,-0.8285345293475108,0.43378333147383696,0.0,0.0,0.0
0.0,1.0,0.0,1.0,1.0,1.0,1.0,1.0,1.0,1.0,1.0,2.0,1.0,0.0,0.0,0.0,1.0,1.0,0.0,0.0,0.0,0.8913043478260869,0.39935587761674723,0.40249737879349967,-0.8010073157903124,1.0,6.0,0.0
1.0,0.0,0.0,0.0,0.0,1.0,1.0,0.0,1.0,0.0,0.0,0.0,1.0,0.0,0.0,1.0,0.0,0.0,0.0,0.0,1.0,-0.5434782608695652,-0.5171382562686911,-0.6245743288271685,-1.0764253040276692,0.0,3.0,0.0
1.0,0.0,0.0,1.0,1.0,0.0,1.0,0.0,0.0,0.0,1.0,0.0,0.0,1.0,0.0,1.0,0.0,0.0,0.0,1.0,0.0,-0.5217391304347826,0.2769726247987117,0.20418140759334827,0.8425750306816915,1.0,2.0,1.0
0.0,1.0,0.0,1.0,0.0,0.0,0.0,0.0,0.0,0.0,0.0,2.0,0.0,0.0,1.0,1.0,0.0,0.0,1.0,0.0,0.0,0.6956521739130435,-0.9247757073844031,-0.9119020237120833,-0.042842798170255346,0.0,0.0,0.0
1.0,0.0,1.0,1.0,1.0,0.0,0.0,0.0,0.0,0.0,0.0,2.0,0.0,0.0,1.0,0.0,1.0,0.0,0.0,0.0,1.0,-0.5652173913043478,-0.8115942028985508,-0.5544394198691871,0.6158652236974228,0.0,0.0,0.0
0.0,1.0,1.0,1.0,0.0,0.0,0.0,0.0,0.0,0.0,0.0,0.0,1.0,0.0,0.0,1.0,0.0,0.0,0.0,0.0,1.0,-0.5652173913043478,-0.4821716126063953,-0.4732789357038369,2.533080441816356,0.0,0.0,0.0
0.0,1.0,1.0,1.0,0.0,0.0,0.0,1.0,0.0,1.0,0.0,0.0,0.0,1.0,0.0,0.0,1.0,0.0,0.0,1.0,0.0,0.10869565217391304,0.31193926846100767,0.25625563167324694,0.9104094611179296,0.0,2.0,0.0
1.0,1.0,0.0,1.0,1.0,0.0,1.0,1.0,0.0,1.0,1.0,1.0,0.0,1.0,0.0,0.0,1.0,1.0,0.0,0.0,0.0,0.9130434782608695,0.6478030825856913,0.6367799446909006,0.052482427758563197,0.0,4.0,0.0
0.0,1.0,1.0,1.0,1.0,1.0,1.0,1.0,1.0,1.0,1.0,2.0,1.0,0.0,0.0,0.0,1.0,0.0,1.0,0.0,0.0,-0.13043478260869565,0.37911203128594423,0.4592077558681283,-0.8178384150714842,0.0,6.0,0.0
0.0,0.0,0.0,1.0,0.0,0.0,0.0,0.0,0.0,0.0,0.0,1.0,0.0,0.0,1.0,1.0,0.0,0.0,0.0,0.0,1.0,0.15217391304347827,-0.9376581550494595,-0.9802767400889554,-0.1178176949682024,0.0,0.0,0.0
1.0,1.0,0.0,1.0,1.0,0.0,0.0,0.0,0.0,0.0,0.0,0.0,0.0,1.0,0.0,1.0,0.0,1.0,0.0,0.0,0.0,-0.30434782608695654,-0.03496664366229594,0.06097143628875336,5.135780430659377,0.0,0.0,0.0
1.0,1.0,0.0,1.0,1.0,0.0,0.0,0.0,0.0,1.0,0.0,0.0,1.0,0.0,0.0,1.0,0.0,1.0,0.0,0.0,0.0,-0.391304347826087,-0.2843340234644583,-0.2811944827855697,0.7363605935512664,0.0,1.0,0.0
0.0,0.0,0.0,1.0,1.0,0.0,1.0,0.0,0.0,0.0,0.0,0.0,0.0,1.0,0.0,1.0,0.0,0.0,1.0,0.0,0.0,-0.30434782608695654,0.08833678398895785,0.10856516926722656,1.8208189222358586,1.0,1.0,1.0
0.0,0.0,0.0,0.0,1.0,0.0,1.0,1.0,0.0,0.0,1.0,2.0,1.0,0.0,0.0,1.0,0.0,0.0,1.0,0.0,0.0,0.717391304347826,-0.49505406027145155,-0.4824570354956338,-1.0442932053999776,0.0,3.0,0.0
1.0,0.0,0.0,1.0,0.0,0.0,0.0,0.0,0.0,1.0,1.0,0.0,0.0,1.0,0.0,0.0,1.0,0.0,0.0,0.0,1.0,-0.4782608695652174,0.45088566827697263,0.4236428569590599,1.1799620662724537,0.0,2.0,0.0
0.0,1.0,1.0,1.0,1.0,0.0,0.0,0.0,1.0,0.0,0.0,0.0,0.0,1.0,0.0,0.0,1.0,0.0,0.0,1.0,0.0,-0.5,0.1840349666436623,0.24292405380812854,2.0992971103425195,0.0,1.0,0.0
0.0,0.0,0.0,1.0,0.0,0.0,0.0,0.0,0.0,0.0,0.0,0.0,0.0,0.0,1.0,0.0,1.0,0.0,0.0,1.0,0.0,0.0,-0.8345985737290086,-0.8523094856966033,0.48198147941537434,0.0,0.0,0.0
1.0,1.0,1.0,1.0,1.0,0.0,1.0,0.0,0.0,1.0,0.0,1.0,0.0,1.0,0.0,0.0,1.0,0.0,0.0,1.0,0.0,0.9347826086956522,0.35334713595583167,0.38450826321293297,0.9907397076871588,0.0,2.0,0.0
0.0,0.0,0.0,1.0,1.0,1.0,0.0,1.0,1.0,1.0,1.0,2.0,1.0,0.0,0.0,0.0,1.0,0.0,1.0,0.0,0.0,0.8695652173913043,0.2732919254658384,0.2734507822657273,-0.6881624456097288,0.0,5.0,0.0
1.0,0.0,0.0,1.0,1.0,0.0,0.0,1.0,1.0,1.0,1.0,0.0,0.0,1.0,0.0,1.0,0.0,0.0,0.0,1.0,0.0,-0.30434782608695654,0.5677478720956981,0.6065536494666944,-0.040700658261742614,0.0,4.0,0.0
0.0,1.0,1.0,1.0,0.0,0.0,0.0,0.0,0.0,0.0,0.0,2.0,0.0,0.0,1.0,1.0,0.0,0.0,0.0,0.0,1.0,-0.2826086956521739,-0.9348976305498045,-0.9508050202493523,-0.10175164565435672,0.0,0.0,0.0
0.0,1.0,1.0,1.0,0.0,0.0,0.0,0.0,0.0,0.0,0.0,0.0,0.0,1.0,0.0,1.0,0.0,1.0,0.0,0.0,0.0,0.391304347826087,0.0009201748332182592,-0.0032909854488497575,5.3446390717393735,1.0,0.0,1.0
0.0,1.0,1.0,1.0,0.0,1.0,0.0,1.0,1.0,1.0,0.0,1.0,1.0,0.0,0.0,1.0,0.0,1.0,0.0,0.0,0.0,0.41304347826086957,-0.014722797331492931,-0.13958301106833096,-0.7186879393060357,0.0,4.0,0.0
0.0,1.0,1.0,1.0,0.0,1.0,1.0,1.0,0.0,0.0,1.0,2.0,1.0,0.0,0.0,1.0,0.0,0.0,1.0,0.0,0.0,0.9347826086956522,-0.032206119162640906,-0.04955995516511379,-0.7390382684369071,0.0,4.0,0.0
1.0,0.0,0.0,1.0,1.0,0.0,0.0,0.0,0.0,0.0,0.0,0.0,0.0,1.0,0.0,0.0,1.0,0.0,0.0,1.0,0.0,-0.17391304347826086,0.05889118932597199,0.0667992403269337,5.6820261073301355,0.0,0.0,0.0
0.0,1.0,0.0,1.0,1.0,0.0,1.0,1.0,1.0,1.0,1.0,2.0,0.0,1.0,0.0,0.0,1.0,0.0,0.0,1.0,0.0,0.9347826086956522,0.7296986427421212,0.7443325040950669,-0.2454535311837552,0.0,5.0,0.0
1.0,1.0,1.0,1.0,0.0,1.0,0.0,0.0,0.0,1.0,1.0,0.0,1.0,0.0,0.0,1.0,0.0,0.0,1.0,0.0,0.0,-0.4782608695652174,-0.014722797331492931,0.05783002240030469,-0.34542006024768473,0.0,3.0,0.0
0.0,0.0,0.0,1.0,1.0,0.0,0.0,0.0,0.0,0.0,1.0,0.0,0.0,1.0,0.0,0.0,1.0,0.0,0.0,1.0,0.0,-0.043478260869565216,0.2714515757994019,0.2595474905019538,2.3536762244784115,1.0,1.0,1.0
1.0,1.0,0.0,1.0,1.0,0.0,0.0,0.0,0.0,0.0,0.0,0.0,0.0,1.0,0.0,0.0,1.0,0.0,0.0,1.0,0.0,-0.5434782608695652,0.07637451115711996,0.08749406998203366,5.783777752984493,0.0,0.0,0.0
0.0,0.0,0.0,1.0,1.0,0.0,0.0,0.0,0.0,0.0,0.0,0.0,1.0,0.0,0.0,1.0,0.0,0.0,0.0,0.0,1.0,-0.5434782608695652,-0.45088566827697263,-0.4077380164155921,2.7151623340399422,0.0,0.0,0.0
0.0,1.0,1.0,1.0,1.0,0.0,0.0,0.0,0.0,1.0,1.0,0.0,0.0,1.0,0.0,1.0,0.0,0.0,0.0,1.0,0.0,-0.06521739130434782,0.3735909822866344,0.3721093992132654,1.0300122726765593,0.0,2.0,0.0
1.0,0.0,0.0,1.0,0.0,0.0,0.0,1.0,0.0,0.0,0.0,0.0,0.0,1.0,0.0,0.0,1.0,0.0,0.0,1.0,0.0,0.2826086956521739,0.17299286864504268,0.15255371416202052,2.0671650117148284,0.0,1.0,0.0
1.0,1.0,1.0,1.0,1.0,0.0,1.0,1.0,1.0,1.0,1.0,2.0,1.0,0.0,0.0,0.0,1.0,1.0,0.0,0.0,0.0,0.8695652173913043,0.2107200368069934,0.194620582715461,-0.7488564096842574,0.0,5.0,0.0
0.0,0.0,1.0,1.0,0.0,0.0,0.0,0.0,0.0,0.0,0.0,2.0,0.0,0.0,1.0,1.0,0.0,0.0,1.0,0.0,0.0,0.43478260869565216,-0.9210950080515298,-0.9128706193259568,-0.021421399085127673,0.0,0.0,0.0
0.0,0.0,0.0,1.0,0.0,0.0,1.0,0.0,0.0,0.0,0.0,0.0,0.0,1.0,0.0,1.0,0.0,0.0,0.0,1.0,0.0,-0.6086956521739131,0.09753853232114097,0.09576325138755994,1.8475956710922683,0.0,1.0,0.0
0.0,0.0,0.0,1.0,0.0,0.0,1.0,0.0,1.0,0.0,1.0,0.0,1.0,0.0,0.0,0.0,1.0,0.0,1.0,0.0,0.0,0.1956521739130435,-0.04324821716126054,-0.012606547032230823,-0.38692402097511963,0.0,3.0,0.0
0.0,0.0,0.0,1.0,1.0,0.0,0.0,1.0,0.0,1.0,1.0,0.0,0.0,1.0,0.0,0.0,1.0,0.0,0.0,1.0,0.0,0.17391304347826086,0.543823326432022,0.5953658360655842,0.46725426754434907,0.0,3.0,0.0
1.0,1.0,0.0,1.0,0.0,0.0,1.0,1.0,1.0,1.0,1.0,2.0,1.0,0.0,0.0,1.0,0.0,0.0,0.0,0.0,1.0,-0.32608695652173914,0.2107200368069934,0.25399338129806576,-0.7488564096842574,0.0,5.0,0.0
1.0,0.0,0.0,1.0,1.0,0.0,0.0,0.0,0.0,1.0,0.0,0.0,0.0,1.0,0.0,1.0,0.0,0.0,0.0,1.0,0.0,-0.6086956521739131,0.15827007131354948,0.15640391502808548,2.024322213544572,1.0,1.0,1.0
0.0,0.0,0.0,1.0,1.0,0.0,0.0,0.0,0.0,0.0,0.0,0.0,0.0,0.0,1.0,1.0,0.0,0.0,0.0,1.0,0.0,-0.43478260869565216,-0.9385783298826778,-0.9319632820622235,-0.1231730447394844,0.0,0.0,0.0
1.0,0.0,0.0,1.0,1.0,1.0,0.0,0.0,0.0,0.0,0.0,0.0,1.0,0.0,0.0,1.0,0.0,0.0,0.0,1.0,0.0,-0.10869565217391304,-0.3561076604554866,-0.32037564619609743,0.5275019524712709,0.0,1.0,0.0
0.0,1.0,1.0,1.0,0.0,0.0,1.0,0.0,0.0,0.0,0.0,0.0,1.0,0.0,0.0,0.0,1.0,0.0,0.0,1.0,0.0,-0.45652173913043476,-0.2714515757994019,-0.2708371242574358,0.77384804195024,0.0,1.0,0.0
0.0,0.0,0.0,1.0,0.0,0.0,0.0,0.0,0.0,0.0,1.0,0.0,0.0,1.0,0.0,0.0,1.0,0.0,0.0,0.0,1.0,-0.6086956521739131,0.28157349896480327,0.2795228381770315,2.383130648220462,0.0,1.0,0.0
0.0,1.0,0.0,1.0,0.0,1.0,1.0,1.0,1.0,1.0,0.0,2.0,1.0,0.0,0.0,0.0,1.0,0.0,1.0,0.0,0.0,0.9347826086956522,0.16011042097998626,0.08154740557620781,-0.7979471159210083,0.0,5.0,0.0
0.0,1.0,0.0,1.0,1.0,1.0,0.0,1.0,0.0,1.0,1.0,2.0,0.0,1.0,0.0,0.0,1.0,0.0,0.0,1.0,0.0,0.9347826086956522,0.644122383252818,0.6282576984397172,0.04819814794153774,0.0,4.0,0.0
0.0,1.0,1.0,1.0,1.0,1.0,0.0,0.0,1.0,0.0,0.0,0.0,1.0,0.0,0.0,1.0,0.0,0.0,1.0,0.0,0.0,-0.2608695652173913,-0.27881297446514836,-0.30213030094893695,-0.23563538993640515,0.0,2.0,0.0
0.0,0.0,0.0,0.0,0.0,1.0,1.0,1.0,1.0,1.0,1.0,2.0,1.0,0.0,0.0,1.0,0.0,0.0,1.0,0.0,0.0,0.8478260869565217,-0.11318150448585242,-0.0703770338450386,-1.2271401475908896,0.0,6.0,0.0
0.0,1.0,0.0,1.0,1.0,0.0,1.0,1.0,0.0,0.0,1.0,1.0,1.0,0.0,0.0,1.0,0.0,0.0,0.0,1.0,0.0,0.41304347826086957,-0.08925695882217612,-0.11240190552238832,-0.4538658931161439,0.0,3.0,0.0
0.0,1.0,1.0,1.0,1.0,1.0,1.0,1.0,1.0,1.0,0.0,0.0,1.0,0.0,0.0,1.0,0.0,0.0,0.0,1.0,0.0,-0.4782608695652174,0.09569818265470445,0.1573227129620328,-0.8604261965859643,0.0,5.0,0.0
1.0,0.0,0.0,0.0,1.0,1.0,0.0,0.0,0.0,0.0,0.0,1.0,1.0,0.0,0.0,1.0,0.0,1.0,0.0,0.0,0.0,0.3695652173913043,-0.7315389924085577,-0.702192780377591,-0.5649894008702442,0.0,1.0,0.0
1.0,1.0,1.0,1.0,0.0,0.0,1.0,0.0,1.0,1.0,1.0,0.0,0.0,1.0,0.0,0.0,1.0,0.0,0.0,1.0,0.0,0.45652173913043476,0.6109960892569589,0.5665736887008652,0.009639629588307852,0.0,4.0,0.0
0.0,1.0,0.0,1.0,0.0,0.0,0.0,1.0,1.0,0.0,0.0,0.0,1.0,0.0,0.0,1.0,0.0,0.0,0.0,1.0,0.0,-0.13043478260869565,-0.29905682079595125,-0.3211712719432475,-0.27490795492580605,0.0,2.0,0.0
0.0,1.0,1.0,1.0,1.0,0.0,0.0,0.0,0.0,0.0,0.0,0.0,0.0,0.0,1.0,1.0,0.0,0.0,0.0,0.0,1.0,-0.34782608695652173,-0.9210950080515298,-0.9373896869541689,-0.021421399085127673,0.0,0.0,0.0
0.0,0.0,1.0,1.0,0.0,0.0,0.0,0.0,0.0,0.0,0.0,2.0,0.0,0.0,1.0,0.0,1.0,0.0,1.0,0.0,0.0,-0.2391304347826087,-0.8318380492293537,-0.8329883268442275,0.49804752872922037,0.0,0.0,0.0
0.0,0.0,0.0,1.0,1.0,0.0,0.0,0.0,0.0,0.0,0.0,1.0,0.0,0.0,1.0,0.0,1.0,1.0,0.0,0.0,0.0,0.7608695652173914,-0.8484011962272833,-0.8373909002777253,0.4016512328461453,0.0,0.0,0.0
1.0,0.0,0.0,1.0,0.0,0.0,1.0,0.0,0.0,0.0,1.0,0.0,0.0,1.0,0.0,0.0,1.0,0.0,1.0,0.0,0.0,0.8043478260869565,0.34782608695652184,0.36697569607183894,0.9800290081445947,0.0,2.0,0.0
0.0,1.0,1.0,1.0,0.0,1.0,0.0,0.0,0.0,0.0,0.0,1.0,1.0,0.0,0.0,1.0,0.0,0.0,0.0,0.0,1.0,-0.43478260869565216,-0.4030365769496204,-0.43489359979670283,0.39094053330358164,0.0,1.0,0.0
0.0,0.0,0.0,1.0,1.0,0.0,0.0,0.0,0.0,1.0,1.0,0.0,0.0,1.0,0.0,0.0,1.0,0.0,0.0,1.0,0.0,-0.17391304347826086,0.43708304577869794,0.4299869379315537,1.153185317416044,1.0,2.0,1.0
1.0,0.0,1.0,1.0,1.0,0.0,0.0,0.0,0.0,0.0,0.0,1.0,0.0,0.0,1.0,1.0,0.0,1.0,0.0,0.0,0.0,0.2391304347826087,-0.9220151828847482,-0.9043942396108363,-0.026776748856409686,0.0,0.0,0.0
1.0,1.0,1.0,0.0,0.0,1.0,0.0,1.0,1.0,0.0,1.0,2.0,1.0,0.0,0.0,1.0,0.0,0.0,1.0,0.0,0.0,-0.4782608695652174,-0.3837129054520359,-0.4950238201405911,-1.1481869909628473,0.0,4.0,0.0
0.0,0.0,0.0,1.0,1.0,1.0,1.0,0.0,0.0,1.0,1.0,0.0,0.0,1.0,0.0,0.0,1.0,0.0,1.0,0.0,0.0,0.5869565217391305,0.6643662295836208,0.6369188273765903,0.07176168693517813,0.0,4.0,0.0
0.0,1.0,1.0,1.0,0.0,0.0,0.0,0.0,0.0,0.0,0.0,1.0,0.0,0.0,1.0,1.0,0.0,1.0,0.0,0.0,0.0,-0.15217391304347827,-0.9155739590522199,-0.9192996479120096,0.010710699542564027,0.0,0.0,0.0
0.0,0.0,0.0,1.0,1.0,0.0,0.0,0.0,0.0,0.0,0.0,0.0,0.0,1.0,0.0,1.0,0.0,1.0,0.0,0.0,0.0,-0.5434782608695652,0.007361398665746597,-0.042975236638491045,5.382126520138348,0.0,0.0,0.0
0.0,1.0,0.0,1.0,1.0,0.0,0.0,0.0,0.0,0.0,0.0,0.0,0.0,1.0,0.0,0.0,1.0,0.0,0.0,1.0,0.0,-0.6086956521739131,0.07269381182424667,0.07095570717098137,5.7623563538993645,1.0,0.0,1.0
1.0,0.0,0.0,1.0,0.0,0.0,0.0,0.0,0.0,1.0,1.0,0.0,0.0,1.0,0.0,1.0,0.0,0.0,0.0,1.0,0.0,0.06521739130434782,0.37819185645272596,0.35182075060451423,1.0389378556286957,0.0,2.0,0.0
1.0,0.0,1.0,0.0,1.0,0.0,1.0,0.0,0.0,1.0,0.0,1.0,1.0,0.0,0.0,1.0,0.0,1.0,0.0,0.0,0.0,-0.06521739130434782,-0.5622268230963883,-0.5735810434930901,-0.7854512997880171,0.0,2.0,0.0
1.0,1.0,1.0,0.0,0.0,0.0,1.0,1.0,0.0,1.0,0.0,1.0,1.0,0.0,0.0,1.0,0.0,0.0,1.0,0.0,0.0,-0.2391304347826087,-0.44352426961122615,-0.4677661481001528,-0.9693183086020305,0.0,3.0,0.0
1.0,1.0,1.0,1.0,1.0,0.0,1.0,1.0,1.0,1.0,1.0,0.0,0.0,1.0,0.0,0.0,1.0,0.0,0.0,1.0,0.0,0.13043478260869565,0.7260179434092479,0.6887291865876437,-0.24902376436461,0.0,5.0,0.0
0.0,1.0,1.0,1.0,0.0,1.0,1.0,1.0,1.0,1.0,0.0,2.0,1.0,0.0,0.0,0.0,1.0,1.0,0.0,0.0,0.0,0.9347826086956522,0.17851391764435248,0.16125312634614095,-0.7800959500167353,0.0,5.0,0.0
0.0,1.0,1.0,1.0,0.0,1.0,1.0,1.0,0.0,0.0,1.0,0.0,0.0,1.0,0.0,0.0,1.0,1.0,0.0,0.0,0.0,0.5,0.5088566827697264,0.4674523540513412,-0.10924913533415109,0.0,4.0,0.0
0.0,1.0,0.0,1.0,1.0,0.0,0.0,0.0,0.0,0.0,1.0,0.0,0.0,1.0,0.0,0.0,1.0,0.0,0.0,1.0,0.0,-0.4782608695652174,0.25856912813434546,0.40093542230578955,2.316188776079438,1.0,1.0,1.0
0.0,0.0,0.0,1.0,1.0,0.0,1.0,1.0,0.0,1.0,1.0,1.0,0.0,1.0,0.0,0.0,1.0,1.0,0.0,0.0,0.0,0.15217391304347827,0.6312399355877616,0.6866779337398704,0.03320316858194825,0.0,4.0,0.0
0.0,0.0,0.0,1.0,0.0,0.0,0.0,0.0,0.0,0.0,0.0,0.0,0.0,0.0,1.0,1.0,0.0,0.0,0.0,0.0,1.0,-0.5869565217391305,-0.942259029215551,-0.8891881338040075,-0.14459444382461206,0.0,0.0,0.0
1.0,0.0,0.0,0.0,0.0,1.0,0.0,1.0,0.0,0.0,0.0,1.0,1.0,0.0,0.0,1.0,0.0,0.0,0.0,0.0,1.0,-0.4782608695652174,-0.6478030825856913,-0.6019981510216049,-0.9514671426977575,0.0,2.0,0.0
1.0,1.0,0.0,1.0,1.0,0.0,0.0,0.0,0.0,0.0,0.0,0.0,0.0,0.0,1.0,1.0,0.0,0.0,1.0,0.0,0.0,-0.30434782608695654,-0.939498504715896,-0.8795713820953585,-0.12852839451076642,0.0,0.0,0.0
1.0,0.0,0.0,1.0,1.0,0.0,1.0,0.0,0.0,0.0,0.0,0.0,0.0,1.0,0.0,0.0,1.0,0.0,0.0,1.0,0.0,-0.5869565217391305,0.16471129514607782,0.036500784647955455,2.043065937744059,0.0,1.0,0.0
0.0,1.0,0.0,0.0,1.0,1.0,1.0,1.0,1.0,0.0,0.0,2.0,1.0,0.0,0.0,1.0,0.0,1.0,0.0,0.0,0.0,0.9130434782608695,-0.42144007361398667,-0.422904652733709,-1.1921008590873592,0.0,4.0,0.0
1.0,1.0,1.0,1.0,1.0,0.0,0.0,0.0,0.0,0.0,0.0,0.0,0.0,1.0,0.0,0.0,1.0,1.0,0.0,0.0,0.0,-0.043478260869565216,0.0966183574879227,0.01572574247481234,5.901595447952695,0.0,0.0,0.0
1.0,1.0,1.0,1.0,1.0,0.0,1.0,0.0,1.0,0.0,0.0,0.0,1.0,0.0,0.0,1.0,0.0,1.0,0.0,0.0,0.0,0.32608695652173914,-0.2870945479641132,-0.2325399558288119,-0.2517014392502508,0.0,2.0,0.0
0.0,1.0,0.0,1.0,0.0,1.0,1.0,0.0,1.0,0.0,1.0,1.0,1.0,0.0,0.0,1.0,0.0,0.0,0.0,0.0,1.0,0.3695652173913043,0.0018403496664365184,-0.006403084093760205,-0.6994086801294209,0.0,4.0,0.0
0.0,0.0,1.0,1.0,0.0,0.0,0.0,0.0,0.0,0.0,0.0,1.0,0.0,0.0,1.0,1.0,0.0,0.0,1.0,0.0,0.0,0.043478260869565216,-0.927536231884058,-0.9478430083614857,-0.058908847484101,0.0,0.0,0.0
1.0,0.0,0.0,1.0,1.0,1.0,1.0,1.0,1.0,0.0,1.0,1.0,1.0,0.0,0.0,0.0,1.0,0.0,1.0,0.0,0.0,0.8695652173913043,0.14906832298136635,0.12938592940519866,-0.8086578154635724,0.0,5.0,0.0
1.0,1.0,1.0,1.0,0.0,0.0,0.0,0.0,0.0,1.0,0.0,0.0,1.0,0.0,0.0,0.0,1.0,0.0,0.0,1.0,0.0,-0.08695652173913043,-0.1867954911433172,-0.2646628021413094,1.0201941314292093,0.0,1.0,0.0
1.0,1.0,1.0,1.0,1.0,0.0,0.0,0.0,0.0,0.0,0.0,0.0,0.0,0.0,1.0,1.0,0.0,0.0,0.0,0.0,1.0,-0.08695652173913043,-0.945019553715206,-0.946080101874028,-0.16066049313845812,0.0,0.0,0.0
0.0,1.0,1.0,1.0,1.0,1.0,1.0,1.0,1.0,1.0,1.0,2.0,0.0,1.0,0.0,0.0,1.0,0.0,1.0,0.0,0.0,0.8913043478260869,0.783068783068783,0.7685989784172103,-0.48198147941537434,0.0,6.0,0.0
1.0,1.0,0.0,1.0,0.0,0.0,0.0,0.0,0.0,0.0,0.0,2.0,0.0,0.0,1.0,1.0,0.0,1.0,0.0,0.0,0.0,0.9347826086956522,-0.9164941338854382,-0.9163181950202866,0.005355349771282014,0.0,0.0,0.0
1.0,0.0,0.0,1.0,0.0,0.0,0.0,0.0,0.0,0.0,0.0,0.0,1.0,0.0,0.0,1.0,0.0,0.0,0.0,1.0,0.0,-0.5869565217391305,-0.4812514377731769,-0.5506110951444062,2.5384357915876383,0.0,0.0,0.0
0.0,0.0,0.0,0.0,1.0,1.0,1.0,0.0,0.0,0.0,0.0,0.0,1.0,0.0,0.0,1.0,0.0,0.0,0.0,1.0,0.0,-0.5434782608695652,-0.6781688520818956,-0.6638529405034181,-1.0103759901818585,0.0,2.0,0.0
0.0,0.0,1.0,1.0,1.0,1.0,0.0,1.0,1.0,0.0,0.0,2.0,0.0,1.0,0.0,0.0,1.0,0.0,1.0,0.0,0.0,0.8043478260869565,0.3763515067862895,0.3539315496459503,0.2235858529510211,0.0,3.0,0.0
1.0,0.0,0.0,1.0,1.0,0.0,1.0,0.0,1.0,0.0,1.0,0.0,1.0,0.0,0.0,1.0,0.0,1.0,0.0,0.0,0.0,-0.5217391304347826,-0.09017713365539463,-0.047936745481806965,-0.45520473055896465,0.0,3.0,0.0
1.0,0.0,0.0,1.0,0.0,0.0,1.0,0.0,0.0,0.0,0.0,0.0,1.0,0.0,0.0,1.0,0.0,0.0,0.0,1.0,0.0,-0.6086956521739131,-0.3625488842880148,-0.36363571558611896,0.5087582282717841,0.0,1.0,0.0
1.0,1.0,0.0,1.0,1.0,1.0,0.0,0.0,0.0,1.0,1.0,0.0,0.0,1.0,0.0,1.0,0.0,0.0,0.0,1.0,0.0,-0.6086956521739131,0.45088566827697263,0.4485816580233454,0.3320316858194802,0.0,3.0,0.0
0.0,0.0,0.0,1.0,1.0,0.0,0.0,0.0,0.0,0.0,0.0,0.0,0.0,0.0,1.0,1.0,0.0,0.0,0.0,0.0,1.0,-0.6086956521739131,-0.9256958822176213,-0.9259400511619018,-0.04819814794153736,0.0,0.0,0.0
1.0,1.0,0.0,1.0,1.0,0.0,1.0,1.0,0.0,1.0,1.0,1.0,0.0,1.0,0.0,0.0,1.0,0.0,0.0,1.0,0.0,0.8913043478260869,0.6312399355877616,0.6215650576160918,0.03320316858194825,1.0,4.0,1.0
0.0,1.0,0.0,1.0,1.0,0.0,1.0,0.0,1.0,1.0,1.0,2.0,0.0,1.0,0.0,1.0,0.0,0.0,0.0,0.0,1.0,0.6521739130434783,0.543823326432022,0.5824614179919123,-0.06854847707240885,0.0,4.0,0.0
0.0,0.0,0.0,1.0,1.0,0.0,0.0,0.0,0.0,0.0,0.0,1.0,0.0,0.0,1.0,1.0,0.0,1.0,0.0,0.0,0.0,-0.3695652173913043,-0.9413388543823327,-0.9612372051243795,-0.13923909405333007,0.0,0.0,0.0
1.0,0.0,0.0,1.0,0.0,0.0,0.0,0.0,0.0,0.0,0.0,0.0,0.0,0.0,1.0,1.0,0.0,0.0,0.0,0.0,1.0,-0.5869565217391305,-0.9404186795491144,-0.8322226618992714,-0.13388374428204844,0.0,0.0,0.0
1.0,1.0,1.0,1.0,1.0,0.0,0.0,0.0,0.0,0.0,0.0,2.0,0.0,0.0,1.0,1.0,0.0,0.0,0.0,0.0,1.0,0.2608695652173913,-0.9293765815504946,-0.9028132348732758,-0.06961954702666504,0.0,0.0,0.0
0.0,0.0,0.0,1.0,1.0,0.0,0.0,1.0,1.0,1.0,1.0,0.0,0.0,1.0,0.0,0.0,1.0,0.0,0.0,1.0,0.0,0.1956521739130435,0.6100759144237407,0.6316158780228586,0.008568559634051297,0.0,4.0,0.0
0.0,1.0,0.0,1.0,1.0,1.0,1.0,1.0,1.0,1.0,1.0,1.0,0.0,1.0,0.0,0.0,1.0,0.0,0.0,1.0,0.0,0.7608695652173914,0.8189556015642973,0.82648037701235,-0.4521445306896607,0.0,6.0,0.0
1.0,1.0,0.0,1.0,1.0,0.0,0.0,0.0,0.0,0.0,0.0,0.0,0.0,1.0,0.0,0.0,1.0,1.0,0.0,0.0,0.0,-0.6086956521739131,0.07545433632390144,0.0737121009728233,5.778422403213209,0.0,0.0,0.0
1.0,0.0,0.0,1.0,0.0,0.0,0.0,1.0,0.0,1.0,1.0,0.0,0.0,1.0,0.0,1.0,0.0,1.0,0.0,0.0,0.0,-0.5217391304347826,0.478490913273522,0.51308127298645,0.3721968091040948,0.0,3.0,0.0
0.0,0.0,0.0,0.0,0.0,0.0,0.0,0.0,0.0,0.0,0.0,0.0,1.0,0.0,0.0,1.0,0.0,1.0,0.0,0.0,0.0,-0.6086956521739131,-0.8327582240625719,-0.8331414598332187,0.4926921789579384,0.0,0.0,0.0
1.0,0.0,1.0,1.0,0.0,0.0,0.0,0.0,0.0,0.0,0.0,2.0,0.0,0.0,1.0,1.0,0.0,1.0,0.0,0.0,0.0,0.32608695652173914,-0.9376581550494595,-0.9546942501402089,-0.1178176949682024,0.0,0.0,0.0
1.0,1.0,1.0,1.0,0.0,0.0,0.0,0.0,0.0,1.0,1.0,0.0,0.0,1.0,0.0,1.0,0.0,0.0,0.0,0.0,1.0,-0.6086956521739131,0.3432252127904303,0.3410822997515046,0.9711034251924583,0.0,2.0,0.0
1.0,1.0,1.0,1.0,1.0,1.0,1.0,0.0,0.0,1.0,0.0,0.0,0.0,1.0,0.0,0.0,1.0,0.0,0.0,1.0,0.0,0.021739130434782608,0.439843570278353,0.44166004692094174,0.3159656365056346,0.0,3.0,0.0
1.0,0.0,0.0,1.0,1.0,0.0,1.0,0.0,1.0,1.0,1.0,2.0,0.0,1.0,0.0,1.0,0.0,0.0,1.0,0.0,0.0,0.2608695652173913,0.5364619277662757,0.5944016130525029,-0.07711703670645978,0.0,4.0,0.0
1.0,1.0,0.0,1.0,0.0,0.0,0.0,0.0,0.0,0.0,0.0,2.0,0.0,0.0,1.0,1.0,0.0,0.0,1.0,0.0,0.0,0.5217391304347826,-0.9312169312169313,-0.9122620970131384,-0.08033024656922906,0.0,0.0,0.0
1.0,1.0,0.0,1.0,1.0,1.0,1.0,1.0,1.0,1.0,1.0,2.0,0.0,1.0,0.0,0.0,1.0,0.0,0.0,0.0,1.0,0.9347826086956522,0.8097538532321141,0.8293595962324458,-0.4597950303629204,1.0,6.0,0.0
1.0,0.0,0.0,1.0,1.0,0.0,0.0,0.0,0.0,1.0,0.0,0.0,0.0,1.0,0.0,0.0,1.0,0.0,0.0,1.0,0.0,-0.4782608695652174,0.263170002300437,0.1386842405876723,2.329577150507643,1.0,1.0,1.0
1.0,0.0,0.0,1.0,0.0,0.0,0.0,1.0,1.0,0.0,1.0,2.0,1.0,0.0,0.0,0.0,1.0,1.0,0.0,0.0,0.0,0.45652173913043476,-0.01840349666436623,-0.04088037734909125,-0.3507754100189667,0.0,3.0,0.0
1.0,0.0,0.0,1.0,0.0,0.0,0.0,0.0,0.0,0.0,0.0,0.0,1.0,0.0,0.0,1.0,0.0,0.0,0.0,0.0,1.0,-0.6086956521739131,-0.4582470669427191,-0.4591907007166441,2.6723195358696867,0.0,0.0,0.0
0.0,0.0,0.0,1.0,0.0,0.0,0.0,0.0,0.0,0.0,0.0,2.0,0.0,0.0,1.0,1.0,0.0,0.0,1.0,0.0,0.0,0.043478260869565216,-0.912813434552565,-0.8885064450143048,0.026776748856409686,0.0,0.0,0.0
1.0,0.0,0.0,1.0,0.0,0.0,0.0,1.0,1.0,1.0,1.0,0.0,0.0,1.0,0.0,0.0,1.0,1.0,0.0,0.0,0.0,0.2391304347826087,0.6312399355877616,0.6010791451102581,0.03320316858194825,0.0,4.0,0.0
0.0,0.0,0.0,1.0,1.0,0.0,0.0,0.0,0.0,0.0,0.0,0.0,0.0,0.0,1.0,1.0,0.0,0.0,0.0,0.0,1.0,-0.6086956521739131,-0.9247757073844031,-0.9250212532279545,-0.042842798170255346,0.0,0.0,0.0
0.0,1.0,0.0,0.0,1.0,0.0,1.0,0.0,0.0,1.0,1.0,2.0,1.0,0.0,0.0,1.0,0.0,0.0,1.0,0.0,0.0,0.6739130434782609,-0.3873936047849091,-0.40665077219375434,-0.8876492245899809,1.0,3.0,1.0
0.0,1.0,1.0,1.0,1.0,0.0,0.0,1.0,1.0,0.0,0.0,1.0,1.0,0.0,0.0,0.0,1.0,0.0,0.0,0.0,1.0,-0.2608695652173913,-0.1573498964803312,-0.1397733013267097,3.8052048774388944e-16,0.0,2.0,0.0
1.0,1.0,0.0,1.0,0.0,1.0,1.0,1.0,0.0,1.0,1.0,2.0,1.0,0.0,0.0,0.0,1.0,0.0,1.0,0.0,0.0,0.9347826086956522,0.256728778467909,0.2086350253565097,-0.7042284949235744,1.0,5.0,1.0
0.0,0.0,0.0,1.0,1.0,0.0,1.0,0.0,0.0,1.0,0.0,0.0,0.0,1.0,0.0,0.0,1.0,0.0,0.0,1.0,0.0,-0.06521739130434782,0.3432252127904303,0.3126349021812115,0.9711034251924583,1.0,2.0,1.0
1.0,0.0,0.0,1.0,1.0,0.0,0.0,0.0,0.0,1.0,1.0,0.0,0.0,1.0,0.0,1.0,0.0,0.0,0.0,1.0,0.0,-0.6086956521739131,0.36899010812054284,0.3668086419020305,1.0210866897244228,0.0,2.0,0.0
0.0,0.0,0.0,1.0,1.0,0.0,0.0,0.0,1.0,1.0,1.0,0.0,1.0,0.0,0.0,0.0,1.0,0.0,0.0,1.0,0.0,-0.4782608695652174,0.07637451115711996,0.0708244503232747,-0.2128751534084567,0.0,3.0,0.0
1.0,0.0,0.0,1.0,1.0,0.0,0.0,0.0,0.0,0.0,0.0,0.0,0.0,1.0,0.0,0.0,1.0,0.0,0.0,1.0,0.0,-0.6086956521739131,0.09109730848861289,0.08933166584992853,5.869463349325003,0.0,0.0,0.0
1.0,1.0,1.0,1.0,0.0,0.0,0.0,1.0,0.0,0.0,1.0,1.0,0.0,1.0,0.0,0.0,1.0,0.0,1.0,0.0,0.0,0.7608695652173914,0.36346905912123306,0.3191316428607933,1.0103759901818588,0.0,2.0,0.0
1.0,1.0,1.0,1.0,0.0,0.0,1.0,1.0,1.0,1.0,1.0,2.0,1.0,0.0,0.0,1.0,0.0,0.0,1.0,0.0,0.0,0.08695652173913043,0.21348056130664816,0.15239461495267884,-0.7461787347986166,0.0,5.0,0.0
0.0,0.0,0.0,1.0,0.0,0.0,0.0,0.0,0.0,0.0,0.0,2.0,0.0,0.0,1.0,1.0,0.0,1.0,0.0,0.0,0.0,0.8478260869565217,-0.9284564067172764,-0.922345929832049,-0.06426419725538302,0.0,0.0,0.0
0.0,1.0,1.0,1.0,0.0,0.0,0.0,0.0,0.0,0.0,0.0,0.0,0.0,0.0,1.0,1.0,0.0,0.0,0.0,0.0,1.0,0.10869565217391304,-0.9174143087186566,-0.9099421577237595,0.0,0.0,0.0,0.0
1.0,0.0,0.0,1.0,1.0,0.0,0.0,0.0,0.0,0.0,0.0,0.0,0.0,0.0,1.0,1.0,0.0,0.0,0.0,0.0,1.0,-0.5652173913043478,-0.9358178053830228,-0.8784688245746217,-0.10710699542563874,0.0,0.0,0.0
0.0,0.0,0.0,1.0,0.0,0.0,0.0,0.0,0.0,0.0,0.0,1.0,0.0,0.0,1.0,1.0,0.0,0.0,0.0,0.0,1.0,-0.4782608695652174,-0.9247757073844031,-0.9580979788500593,-0.042842798170255346,0.0,0.0,0.0
0.0,0.0,0.0,1.0,1.0,0.0,0.0,1.0,1.0,0.0,1.0,0.0,0.0,1.0,0.0,1.0,0.0,0.0,0.0,1.0,0.0,-0.5,0.3450655624568668,0.1945340292869009,0.17806537989512455,0.0,3.0,0.0
1.0,0.0,1.0,1.0,1.0,1.0,0.0,0.0,0.0,1.0,1.0,0.0,1.0,0.0,0.0,1.0,0.0,0.0,0.0,0.0,1.0,-0.3695652173913043,-0.011962272831838153,-0.014645633675114093,-0.3414035479192235,0.0,3.0,0.0
0.0,1.0,1.0,1.0,1.0,0.0,1.0,0.0,1.0,1.0,1.0,2.0,1.0,0.0,0.0,1.0,0.0,0.0,1.0,0.0,0.0,0.6521739130434783,0.10029905682079601,0.11761195479990154,-0.5848041950239873,0.0,4.0,0.0
1.0,1.0,0.0,1.0,0.0,1.0,0.0,0.0,1.0,0.0,0.0,0.0,0.0,1.0,0.0,1.0,0.0,1.0,0.0,0.0,0.0,-0.3695652173913043,0.19047619047619038,0.029686366637845817,0.6747740711815241,0.0,2.0,0.0
1.0,0.0,0.0,0.0,1.0,1.0,0.0,0.0,0.0,1.0,1.0,0.0,1.0,0.0,0.0,1.0,0.0,0.0,1.0,0.0,0.0,0.5,-0.39935587761674723,-0.39422108527194344,-0.9050541113466473,1.0,3.0,1.0
0.0,1.0,1.0,1.0,1.0,0.0,0.0,1.0,0.0,0.0,1.0,0.0,0.0,1.0,0.0,0.0,1.0,1.0,0.0,0.0,0.0,0.06521739130434782,0.37819185645272596,0.39948339342803346,1.0389378556286957,0.0,2.0,0.0
0.0,1.0,0.0,1.0,1.0,1.0,0.0,1.0,0.0,1.0,1.0,1.0,0.0,1.0,0.0,0.0,1.0,0.0,1.0,0.0,0.0,0.8260869565217391,0.6726478030825856,0.6618250591111277,0.08140131652348562,1.0,4.0,1.0
1.0,0.0,0.0,1.0,0.0,0.0,0.0,0.0,0.0,0.0,0.0,1.0,0.0,0.0,1.0,1.0,0.0,0.0,0.0,1.0,0.0,0.4782608695652174,-0.9459397285484242,-0.9340110604640276,-0.16601584290973975,0.0,0.0,0.0
0.0,0.0,0.0,1.0,0.0,0.0,0.0,0.0,1.0,0.0,0.0,0.0,1.0,0.0,0.0,1.0,0.0,0.0,0.0,1.0,0.0,-0.45652173913043476,-0.38831377961812746,-0.35938627514161237,0.43378333147383696,0.0,1.0,0.0
0.0,1.0,1.0,1.0,1.0,1.0,0.0,0.0,1.0,1.0,0.0,0.0,0.0,1.0,0.0,1.0,0.0,0.0,0.0,0.0,1.0,-0.5652173913043478,0.32758224062571883,0.3796718129772935,0.15262746848153527,1.0,3.0,0.0
0.0,1.0,0.0,1.0,0.0,1.0,1.0,1.0,0.0,1.0,0.0,2.0,0.0,1.0,0.0,0.0,1.0,1.0,0.0,0.0,0.0,0.9347826086956522,0.5548654244306419,0.5746739133752045,-0.05569563762133172,0.0,4.0,0.0
1.0,1.0,0.0,1.0,1.0,0.0,0.0,0.0,0.0,1.0,0.0,0.0,0.0,1.0,0.0,0.0,1.0,0.0,0.0,1.0,0.0,0.17391304347826086,0.27973314929836673,0.27780940419210276,2.3777752984491802,1.0,1.0,1.0
1.0,1.0,1.0,1.0,1.0,0.0,0.0,0.0,0.0,0.0,0.0,2.0,0.0,0.0,1.0,0.0,1.0,0.0,0.0,0.0,1.0,0.7608695652173914,-0.8410397975615368,-0.862184088276586,0.444494031016401,0.0,0.0,0.0
0.0,1.0,0.0,1.0,0.0,0.0,1.0,0.0,0.0,0.0,1.0,0.0,0.0,1.0,0.0,1.0,0.0,0.0,0.0,1.0,0.0,-0.06521739130434782,0.2659305268000921,0.2363746736635807,0.8211536315965638,1.0,2.0,1.0
1.0,0.0,0.0,1.0,1.0,1.0,0.0,0.0,0.0,1.0,1.0,0.0,0.0,1.0,0.0,1.0,0.0,0.0,0.0,1.0,0.0,-0.2826086956521739,0.43708304577869794,0.40637437793263864,0.31194912417717297,0.0,3.0,0.0
0.0,1.0,0.0,1.0,1.0,0.0,0.0,1.0,1.0,1.0,1.0,0.0,0.0,1.0,0.0,0.0,1.0,0.0,0.0,1.0,0.0,-0.5869565217391305,0.6238785369220153,0.9337069671475504,0.024634608947897336,0.0,4.0,0.0
0.0,0.0,0.0,1.0,1.0,1.0,1.0,1.0,1.0,1.0,0.0,0.0,1.0,0.0,0.0,0.0,1.0,0.0,1.0,0.0,0.0,0.17391304347826086,0.15458937198067643,0.18136045350422325,-0.8033024656922904,0.0,5.0,0.0
1.0,0.0,0.0,1.0,1.0,1.0,1.0,1.0,1.0,1.0,1.0,1.0,0.0,1.0,0.0,0.0,1.0,1.0,0.0,0.0,0.0,0.8043478260869565,0.8060731538992408,0.7586620395497613,-0.46285523023222436,0.0,6.0,0.0
0.0,0.0,0.0,1.0,1.0,1.0,1.0,1.0,1.0,1.0,1.0,2.0,1.0,0.0,0.0,0.0,1.0,1.0,0.0,0.0,0.0,0.9347826086956522,0.3837129054520358,0.41213600664343375,-0.8140131652348545,0.0,6.0,0.0
0.0,0.0,0.0,1.0,0.0,0.0,0.0,0.0,0.0,0.0,0.0,0.0,1.0,0.0,0.0,1.0,0.0,0.0,0.0,0.0,1.0,-0.6086956521739131,-0.46744881527490223,-0.46837868005611766,2.6187660381568674,1.0,0.0,1.0
1.0,1.0,1.0,1.0,1.0,1.0,1.0,1.0,0.0,1.0,0.0,0.0,0.0,1.0,0.0,0.0,1.0,0.0,0.0,1.0,0.0,0.3695652173913043,0.5557855992638602,0.5169721824980357,-0.054624567667075546,1.0,4.0,1.0
0.0,1.0,1.0,1.0,0.0,0.0,0.0,0.0,0.0,0.0,0.0,2.0,0.0,0.0,1.0,1.0,0.0,0.0,1.0,0.0,0.0,0.8695652173913043,-0.9330572808833679,-0.9144484190315169,-0.0910409461117927,0.0,0.0,0.0
0.0,0.0,0.0,1.0,1.0,1.0,1.0,1.0,0.0,1.0,0.0,1.0,0.0,1.0,0.0,1.0,0.0,0.0,1.0,0.0,0.0,0.3695652173913043,0.4628479411088108,0.5661078980960899,-0.16280263304697046,0.0,4.0,0.0
1.0,1.0,0.0,1.0,1.0,0.0,0.0,0.0,0.0,0.0,1.0,0.0,0.0,1.0,0.0,0.0,1.0,1.0,0.0,0.0,0.0,-0.45652173913043476,0.27881297446514847,0.2176188273773284,2.3750976235635397,0.0,1.0,0.0
0.0,0.0,0.0,1.0,1.0,1.0,0.0,0.0,0.0,1.0,0.0,0.0,1.0,0.0,0.0,1.0,0.0,0.0,0.0,1.0,0.0,-0.45652173913043476,-0.1932367149758454,-0.17677518576957502,-0.06961954702666504,0.0,2.0,0.0
1.0,0.0,0.0,1.0,0.0,0.0,0.0,0.0,0.0,0.0,0.0,0.0,0.0,0.0,1.0,1.0,0.0,1.0,0.0,0.0,0.0,-0.6086956521739131,-0.9284564067172764,-0.928696444963744,-0.06426419725538302,0.0,0.0,0.0
0.0,0.0,0.0,1.0,1.0,1.0,1.0,0.0,1.0,1.0,0.0,2.0,0.0,1.0,0.0,1.0,0.0,1.0,0.0,0.0,0.0,0.8260869565217391,0.4039567517828388,0.38710447686086813,-0.2313511101193793,1.0,4.0,0.0
0.0,0.0,0.0,1.0,0.0,0.0,0.0,0.0,0.0,0.0,0.0,2.0,0.0,0.0,1.0,0.0,1.0,0.0,1.0,0.0,0.0,0.8695652173913043,-0.84472049689441,-0.8502390909518914,0.4230726319312733,0.0,0.0,0.0
0.0,0.0,0.0,1.0,0.0,0.0,1.0,0.0,0.0,0.0,0.0,0.0,1.0,0.0,0.0,1.0,0.0,0.0,0.0,1.0,0.0,-0.32608695652173914,-0.36899010812054284,-0.29242887570519877,0.4900145040722976,0.0,1.0,0.0
0.0,0.0,0.0,1.0,0.0,1.0,0.0,0.0,0.0,0.0,0.0,0.0,1.0,0.0,0.0,0.0,1.0,0.0,0.0,0.0,1.0,0.8478260869565217,-0.29537612146307796,-0.30057645150182005,0.7042284949235751,0.0,1.0,0.0
1.0,0.0,0.0,0.0,0.0,0.0,0.0,1.0,1.0,0.0,1.0,1.0,1.0,0.0,0.0,1.0,0.0,0.0,0.0,1.0,0.0,0.30434782608695654,-0.4849321371060502,-0.4717974630661544,-1.0295659935289523,0.0,3.0,0.0
0.0,0.0,0.0,1.0,0.0,0.0,0.0,0.0,0.0,0.0,0.0,0.0,0.0,0.0,1.0,1.0,0.0,0.0,0.0,1.0,0.0,-0.5869565217391305,-0.9312169312169313,-0.769744402390851,-0.08033024656922906,0.0,0.0,0.0
0.0,0.0,0.0,0.0,0.0,0.0,0.0,0.0,0.0,1.0,1.0,0.0,1.0,0.0,0.0,1.0,0.0,0.0,1.0,0.0,0.0,-0.5,-0.4692891649413389,-0.38231794024304855,-0.6051545241548587,0.0,2.0,0.0
0.0,1.0,1.0,1.0,0.0,0.0,0.0,0.0,0.0,0.0,0.0,2.0,0.0,0.0,1.0,1.0,0.0,0.0,0.0,0.0,1.0,-0.34782608695652173,-0.9137336093857833,-0.9121580821526915,0.021421399085128055,0.0,0.0,0.0
1.0,0.0,0.0,1.0,0.0,0.0,0.0,0.0,0.0,0.0,0.0,2.0,0.0,0.0,1.0,1.0,0.0,0.0,1.0,0.0,0.0,0.5434782608695652,-0.9358178053830228,-0.9538783142645234,-0.10710699542563874,0.0,0.0,0.0
0.0,0.0,0.0,1.0,0.0,0.0,0.0,0.0,0.0,0.0,0.0,0.0,1.0,0.0,0.0,1.0,0.0,0.0,0.0,0.0,1.0,-0.5652173913043478,-0.47389003910743044,-0.3902808556705923,2.581278589757894,0.0,0.0,0.0
0.0,0.0,0.0,1.0,1.0,0.0,0.0,0.0,0.0,0.0,1.0,0.0,0.0,1.0,0.0,1.0,0.0,0.0,0.0,1.0,0.0,-0.06521739130434782,0.15274902231423965,0.1207121491324381,2.0082561642307266,1.0,1.0,1.0
0.0,0.0,0.0,1.0,0.0,1.0,1.0,1.0,0.0,1.0,1.0,1.0,1.0,0.0,0.0,0.0,1.0,1.0,0.0,0.0,0.0,0.1956521739130435,0.2502875546353806,0.24434254886404724,-0.7104764029900703,0.0,5.0,0.0
0.0,1.0,1.0,1.0,0.0,0.0,0.0,0.0,0.0,0.0,0.0,2.0,0.0,0.0,1.0,1.0,0.0,1.0,0.0,0.0,0.0,-0.13043478260869565,-0.9220151828847482,-0.9146348418007236,-0.026776748856409686,0.0,0.0,0.0
0.0,1.0,1.0,1.0,1.0,0.0,0.0,0.0,0.0,0.0,0.0,2.0,0.0,0.0,1.0,1.0,0.0,0.0,0.0,0.0,1.0,-0.32608695652173914,-0.9348976305498045,-0.9510757374977475,-0.10175164565435672,0.0,0.0,0.0
1.0,0.0,1.0,1.0,0.0,1.0,1.0,0.0,1.0,0.0,0.0,2.0,1.0,0.0,0.0,1.0,0.0,0.0,1.0,0.0,0.0,0.17391304347826086,-0.16655164481251433,-0.15367797149085097,-0.5663282383130647,0.0,3.0,0.0
0.0,0.0,0.0,0.0,1.0,0.0,0.0,1.0,0.0,1.0,0.0,0.0,1.0,0.0,0.0,1.0,0.0,0.0,0.0,1.0,0.0,0.021739130434782608,-0.5557855992638602,-0.5786650587275989,-0.7729554836550263,1.0,2.0,1.0
0.0,0.0,0.0,1.0,1.0,0.0,0.0,0.0,0.0,1.0,0.0,0.0,0.0,1.0,0.0,1.0,0.0,0.0,0.0,1.0,0.0,-0.4782608695652174,0.16931216931216936,0.24132709549436263,2.056454312172264,0.0,1.0,0.0
0.0,0.0,0.0,1.0,1.0,0.0,0.0,1.0,0.0,1.0,0.0,0.0,0.0,1.0,0.0,0.0,1.0,0.0,0.0,1.0,0.0,-0.5869565217391305,0.38463308028525434,0.4816583836454502,1.0514336717616874,0.0,2.0,0.0
1.0,0.0,0.0,1.0,1.0,0.0,0.0,0.0,0.0,0.0,0.0,1.0,0.0,0.0,1.0,0.0,1.0,1.0,0.0,0.0,0.0,0.08695652173913043,-0.8391994478951001,-0.8250393325975012,0.45520473055896465,1.0,0.0,1.0
1.0,1.0,1.0,1.0,1.0,1.0,1.0,1.0,0.0,0.0,1.0,2.0,1.0,0.0,0.0,0.0,1.0,1.0,0.0,0.0,0.0,0.45652173913043476,0.08557625948930307,0.10768924857019666,-0.6019413142920894,1.0,4.0,1.0
0.0,1.0,1.0,1.0,0.0,0.0,0.0,0.0,0.0,0.0,0.0,2.0,0.0,0.0,1.0,0.0,1.0,0.0,0.0,0.0,1.0,-0.13043478260869565,-0.8355187485622269,-0.8086135497704502,0.47662612964409273,0.0,0.0,0.0
1.0,0.0,0.0,1.0,1.0,0.0,1.0,1.0,0.0,1.0,1.0,2.0,0.0,1.0,0.0,0.0,1.0,0.0,0.0,1.0,0.0,0.9347826086956522,0.6100759144237407,0.6514318241070562,0.008568559634051297,0.0,4.0,0.0
1.0,1.0,0.0,1.0,1.0,1.0,0.0,1.0,0.0,1.0,1.0,2.0,0.0,1.0,0.0,0.0,1.0,0.0,1.0,0.0,0.0,0.8043478260869565,0.6542443064182194,0.6466382975122705,0.05997991743835794,0.0,4.0,0.0
1.0,0.0,0.0,0.0,0.0,1.0,0.0,0.0,0.0,0.0,0.0,0.0,1.0,0.0,0.0,1.0,0.0,0.0,0.0,0.0,1.0,-0.6086956521739131,-0.7508626639061421,-0.7513684437119038,-0.6212205734687046,0.0,1.0,0.0
1.0,1.0,1.0,1.0,1.0,0.0,0.0,0.0,0.0,0.0,0.0,0.0,0.0,0.0,1.0,1.0,0.0,0.0,0.0,1.0,0.0,-0.3695652173913043,-0.9440993788819876,-0.9311465727876035,-0.1553051433671761,0.0,0.0,0.0
0.0,0.0,0.0,0.0,0.0,1.0,1.0,1.0,1.0,0.0,0.0,1.0,1.0,0.0,0.0,1.0,0.0,0.0,1.0,0.0,0.0,0.6956521739130435,-0.4932137106050149,-0.4848116070386842,-1.2756443155193573,0.0,4.0,0.0
0.0,1.0,1.0,1.0,0.0,0.0,0.0,0.0,0.0,0.0,0.0,2.0,0.0,0.0,1.0,1.0,0.0,0.0,1.0,0.0,0.0,0.3695652173913043,-0.9404186795491144,-0.9143751815150427,-0.13388374428204844,0.0,0.0,0.0
0.0,1.0,1.0,1.0,1.0,0.0,1.0,0.0,0.0,1.0,0.0,1.0,1.0,0.0,0.0,1.0,0.0,0.0,1.0,0.0,0.0,-0.17391304347826086,-0.21440073613986654,-0.23356017950871433,-0.11067722860649316,0.0,2.0,0.0
1.0,1.0,1.0,0.0,1.0,0.0,0.0,1.0,1.0,0.0,0.0,1.0,1.0,0.0,0.0,1.0,0.0,0.0,0.0,0.0,1.0,0.06521739130434782,-0.6303197607545434,-0.636145440307818,-0.9175499274796384,0.0,2.0,0.0
0.0,1.0,1.0,1.0,0.0,0.0,0.0,0.0,0.0,0.0,0.0,0.0,0.0,0.0,1.0,1.0,0.0,0.0,0.0,0.0,1.0,-0.1956521739130435,-0.9284564067172764,-0.9240565153973099,-0.06426419725538302,0.0,0.0,0.0
0.0,0.0,0.0,0.0,0.0,1.0,0.0,0.0,1.0,0.0,0.0,2.0,1.0,0.0,0.0,1.0,0.0,0.0,0.0,0.0,1.0,-0.17391304347826086,-0.6514837819185645,-0.6229992466546874,-0.9586076090594665,0.0,2.0,0.0
0.0,0.0,0.0,1.0,0.0,0.0,0.0,0.0,0.0,0.0,0.0,0.0,0.0,0.0,1.0,1.0,0.0,1.0,0.0,0.0,0.0,-0.30434782608695654,-0.9404186795491144,-0.9427234267553403,-0.13388374428204844,0.0,0.0,0.0
0.0,0.0,0.0,1.0,0.0,0.0,0.0,0.0,0.0,0.0,0.0,0.0,0.0,0.0,1.0,1.0,0.0,0.0,0.0,1.0,0.0,-0.5652173913043478,-0.9339774557165862,-0.9366593603912877,-0.09639629588307472,0.0,0.0,0.0
1.0,0.0,0.0,1.0,1.0,0.0,1.0,0.0,0.0,0.0,0.0,0.0,0.0,1.0,0.0,1.0,0.0,0.0,0.0,1.0,0.0,-0.41304347826086957,0.04324821716126054,-0.03167402205093864,1.689612852839451,1.0,1.0,1.0
0.0,0.0,0.0,1.0,1.0,0.0,1.0,0.0,0.0,1.0,0.0,1.0,0.0,1.0,0.0,0.0,1.0,1.0,0.0,0.0,0.0,0.8043478260869565,0.3386243386243387,0.37343512397110584,0.9621778422403219,0.0,2.0,0.0
0.0,0.0,0.0,1.0,0.0,0.0,0.0,0.0,0.0,0.0,0.0,0.0,0.0,0.0,1.0,1.0,0.0,1.0,0.0,0.0,0.0,-0.30434782608695654,-0.9339774557165862,-0.9329229154599018,-0.09639629588307472,0.0,0.0,0.0
0.0,1.0,1.0,1.0,0.0,0.0,0.0,0.0,0.0,0.0,0.0,1.0,0.0,0.0,1.0,1.0,0.0,0.0,0.0,0.0,1.0,-0.2608695652173913,-0.9155739590522199,-0.8450317860372434,0.010710699542564027,0.0,0.0,0.0
1.0,1.0,1.0,1.0,1.0,0.0,1.0,1.0,0.0,0.0,0.0,0.0,0.0,1.0,0.0,0.0,1.0,0.0,0.0,1.0,0.0,0.4782608695652174,0.2521279043018174,0.196740945892951,0.7943768827401542,1.0,2.0,1.0
1.0,0.0,0.0,1.0,1.0,0.0,0.0,0.0,0.0,1.0,0.0,0.0,0.0,1.0,0.0,1.0,0.0,0.0,0.0,1.0,0.0,-0.5869565217391305,0.17943409247757075,0.03098799704427136,2.0859087359143147,0.0,1.0,0.0
0.0,1.0,0.0,0.0,1.0,0.0,1.0,0.0,0.0,0.0,0.0,0.0,1.0,0.0,0.0,1.0,0.0,0.0,0.0,1.0,0.0,-0.6086956521739131,-0.7481021394064872,-0.7486120499100618,-0.6131875488117816,0.0,1.0,0.0
0.0,0.0,0.0,1.0,0.0,0.0,0.0,0.0,0.0,0.0,0.0,0.0,0.0,0.0,1.0,1.0,0.0,0.0,0.0,0.0,1.0,-0.6086956521739131,-0.9312169312169313,-0.931452838765586,-0.08033024656922906,0.0,0.0,0.0
0.0,1.0,1.0,0.0,0.0,1.0,0.0,1.0,0.0,0.0,1.0,1.0,1.0,0.0,0.0,1.0,0.0,0.0,1.0,0.0,0.0,0.41304347826086957,-0.4692891649413389,-0.4563194571730586,-1.006805757001004,0.0,3.0,0.0
1.0,0.0,1.0,1.0,1.0,0.0,0.0,0.0,1.0,0.0,0.0,0.0,0.0,1.0,0.0,0.0,1.0,0.0,0.0,1.0,0.0,-0.043478260869565216,0.16563146997929606,0.18692842416700353,2.0457436126297,0.0,1.0,0.0
1.0,0.0,0.0,1.0,0.0,1.0,0.0,0.0,1.0,0.0,0.0,0.0,1.0,0.0,0.0,0.0,1.0,1.0,0.0,0.0,0.0,-0.1956521739130435,-0.20795951230733833,-0.20266231755854178,-0.09818141247350193,0.0,2.0,0.0
1.0,0.0,1.0,0.0,1.0,0.0,1.0,0.0,0.0,0.0,0.0,0.0,1.0,0.0,0.0,1.0,0.0,0.0,0.0,0.0,1.0,-0.6086956521739131,-0.7204968944099379,-0.7210481118916411,-0.5328573022425526,0.0,1.0,0.0
1.0,0.0,1.0,1.0,0.0,0.0,0.0,0.0,0.0,0.0,0.0,0.0,0.0,0.0,1.0,1.0,0.0,0.0,0.0,0.0,1.0,-0.5217391304347826,-0.9256958822176213,-0.9893371086042696,-0.04819814794153736,0.0,0.0,0.0
0.0,0.0,0.0,1.0,0.0,0.0,1.0,0.0,0.0,0.0,0.0,0.0,1.0,0.0,0.0,1.0,0.0,0.0,0.0,1.0,0.0,-0.391304347826087,-0.35702783528870485,-0.4098261935381998,0.5248242775856301,0.0,1.0,0.0
0.0,0.0,0.0,1.0,1.0,0.0,0.0,0.0,0.0,0.0,0.0,0.0,0.0,0.0,1.0,1.0,0.0,0.0,0.0,0.0,1.0,-0.5869565217391305,-0.9192546583850932,-0.9884183106703223,-0.010710699542563646,0.0,0.0,0.0
1.0,1.0,1.0,1.0,1.0,0.0,0.0,0.0,0.0,0.0,0.0,2.0,0.0,0.0,1.0,0.0,1.0,0.0,0.0,0.0,1.0,-0.2608695652173913,-0.8345985737290086,-0.8511390899511287,0.48198147941537434,0.0,0.0,0.0
0.0,0.0,1.0,0.0,0.0,1.0,0.0,0.0,0.0,0.0,0.0,0.0,1.0,0.0,0.0,1.0,0.0,0.0,0.0,0.0,1.0,-0.4782608695652174,-0.7490223142397057,-0.766988008589009,-0.6158652236974226,0.0,1.0,0.0
0.0,1.0,0.0,1.0,1.0,0.0,0.0,0.0,1.0,0.0,0.0,0.0,1.0,0.0,0.0,1.0,0.0,0.0,0.0,0.0,1.0,0.043478260869565216,-0.39199447895100065,-0.40883464620772286,0.4230726319312733,0.0,1.0,0.0
0.0,0.0,0.0,1.0,1.0,0.0,1.0,0.0,0.0,0.0,0.0,0.0,0.0,1.0,0.0,0.0,1.0,0.0,1.0,0.0,0.0,0.8043478260869565,0.18311479181044404,0.1574480035893894,2.0966194354568786,1.0,1.0,1.0
0.0,0.0,0.0,1.0,1.0,0.0,0.0,0.0,0.0,1.0,1.0,0.0,0.0,1.0,0.0,0.0,1.0,0.0,0.0,1.0,0.0,-0.6086956521739131,0.44352426961122604,0.4412312745517664,1.165681133549035,0.0,2.0,0.0
1.0,0.0,0.0,1.0,1.0,0.0,1.0,1.0,0.0,0.0,0.0,0.0,0.0,1.0,0.0,0.0,1.0,0.0,0.0,1.0,0.0,-0.5217391304347826,0.27237175063262015,0.2616981582584528,0.8336494477295551,0.0,2.0,0.0
1.0,1.0,1.0,1.0,0.0,1.0,0.0,0.0,0.0,1.0,1.0,1.0,0.0,1.0,0.0,0.0,1.0,0.0,0.0,1.0,0.0,0.2826086956521739,0.4895330112721416,0.4602853936105319,0.38826285841794045,0.0,3.0,0.0
0.0,1.0,0.0,1.0,1.0,1.0,1.0,0.0,1.0,1.0,1.0,2.0,1.0,0.0,0.0,1.0,0.0,1.0,0.0,0.0,0.0,0.8478260869565217,0.1674718196457326,0.19342606707243518,-0.7908066495592994,0.0,5.0,0.0
0.0,1.0,1.0,1.0,1.0,0.0,0.0,0.0,0.0,0.0,0.0,0.0,0.0,0.0,1.0,1.0,0.0,0.0,1.0,0.0,0.0,-0.3695652173913043,-0.927536231884058,-0.9412533500610245,-0.058908847484101,0.0,0.0,0.0
1.0,1.0,0.0,1.0,1.0,0.0,0.0,0.0,0.0,0.0,0.0,0.0,0.0,1.0,0.0,0.0,1.0,0.0,0.0,1.0,0.0,-0.6086956521739131,0.0717736369910284,0.07003690923703407,5.7570010041280835,1.0,0.0,1.0
1.0,0.0,0.0,1.0,0.0,1.0,1.0,1.0,0.0,0.0,0.0,2.0,1.0,0.0,0.0,1.0,0.0,0.0,0.0,1.0,0.0,0.6739130434782609,-0.1674718196457327,-0.18286222208197622,-0.5676670757558853,0.0,3.0,0.0
1.0,1.0,1.0,1.0,0.0,0.0,1.0,0.0,0.0,1.0,1.0,0.0,0.0,1.0,0.0,0.0,1.0,0.0,0.0,1.0,0.0,0.1956521739130435,0.564067172762825,0.5123413988606923,0.4967086912864,1.0,3.0,1.0
0.0,0.0,0.0,1.0,1.0,0.0,0.0,1.0,0.0,1.0,1.0,0.0,0.0,1.0,0.0,1.0,0.0,0.0,0.0,1.0,0.0,-0.3695652173913043,0.4692891649413389,0.3292910595991799,0.35880843467588996,0.0,3.0,0.0
0.0,1.0,1.0,1.0,0.0,0.0,1.0,1.0,1.0,1.0,1.0,0.0,1.0,0.0,0.0,1.0,0.0,1.0,0.0,0.0,0.0,-0.30434782608695654,0.11042097998619738,0.11854944014945432,-0.846145263862546,0.0,5.0,0.0
0.0,1.0,0.0,1.0,1.0,0.0,1.0,1.0,0.0,1.0,1.0,2.0,0.0,1.0,0.0,1.0,0.0,0.0,0.0,1.0,0.0,0.9130434782608695,0.5281803542673108,0.5699018077523098,-0.08675666629476725,1.0,4.0,1.0
1.0,1.0,0.0,0.0,1.0,1.0,1.0,1.0,1.0,1.0,1.0,2.0,1.0,0.0,0.0,1.0,0.0,1.0,0.0,0.0,0.0,0.9347826086956522,-0.13618587531631007,-0.10128062219690044,-1.2462663967740393,1.0,6.0,0.0
1.0,0.0,0.0,1.0,0.0,0.0,0.0,1.0,0.0,0.0,0.0,0.0,0.0,1.0,0.0,1.0,0.0,0.0,0.0,1.0,0.0,-0.391304347826087,0.044168391994479056,0.0701204363219383,1.6922905277250926,0.0,1.0,0.0
0.0,1.0,1.0,1.0,0.0,1.0,0.0,0.0,0.0,0.0,1.0,1.0,1.0,0.0,0.0,0.0,1.0,1.0,0.0,0.0,0.0,0.8913043478260869,-0.09753853232114097,-0.10449532115865215,0.11603257837777556,0.0,2.0,0.0
0.0,0.0,0.0,1.0,1.0,0.0,0.0,0.0,0.0,1.0,0.0,0.0,1.0,0.0,0.0,1.0,0.0,0.0,1.0,0.0,0.0,-0.6086956521739131,-0.28525419829767656,-0.28645668913454087,0.7336829186656255,0.0,1.0,0.0
1.0,1.0,1.0,1.0,0.0,0.0,0.0,0.0,0.0,0.0,0.0,2.0,0.0,0.0,1.0,0.0,1.0,0.0,1.0,0.0,0.0,-0.08695652173913043,-0.8281573498964804,-0.8336192347588713,0.5194689278143481,0.0,0.0,0.0
0.0,0.0,0.0,1.0,1.0,1.0,1.0,0.0,1.0,1.0,1.0,2.0,0.0,1.0,0.0,0.0,1.0,1.0,0.0,0.0,0.0,0.9347826086956522,0.7287784679089027,0.6799911265539204,-0.2463460894789692,1.0,5.0,0.0
1.0,0.0,0.0,1.0,1.0,0.0,0.0,0.0,0.0,1.0,0.0,0.0,1.0,0.0,0.0,0.0,1.0,0.0,0.0,1.0,0.0,-0.45652173913043476,-0.2070393374741201,-0.2942664715730933,0.9612852839451078,0.0,1.0,0.0
1.0,1.0,1.0,0.0,1.0,1.0,1.0,1.0,1.0,0.0,1.0,1.0,1.0,0.0,0.0,1.0,0.0,0.0,1.0,0.0,0.0,0.0,-0.27881297446514836,-0.2598749144248224,-1.2236974227379225,0.0,5.0,0.0
1.0,0.0,0.0,1.0,1.0,1.0,0.0,0.0,1.0,0.0,0.0,0.0,1.0,0.0,0.0,1.0,0.0,0.0,0.0,0.0,1.0,-0.5217391304347826,-0.2714515757994019,-0.31604198260764577,-0.22135445721298672,0.0,2.0,0.0
1.0,1.0,1.0,0.0,0.0,0.0,0.0,1.0,0.0,1.0,1.0,0.0,1.0,0.0,0.0,1.0,0.0,0.0,1.0,0.0,0.0,0.06521739130434782,-0.366229583620888,-0.34764288904834767,-0.8568559634051097,0.0,3.0,0.0
1.0,0.0,0.0,1.0,1.0,0.0,0.0,1.0,1.0,1.0,1.0,0.0,1.0,0.0,0.0,1.0,0.0,0.0,0.0,1.0,0.0,-0.6086956521739131,0.09201748332183116,0.09025046378387584,-0.594443824612295,0.0,4.0,0.0
1.0,1.0,0.0,1.0,1.0,1.0,1.0,0.0,1.0,0.0,0.0,2.0,0.0,1.0,0.0,0.0,1.0,0.0,1.0,0.0,0.0,0.8913043478260869,0.322061191626409,0.27439069543169686,0.14459444382461245,0.0,3.0,0.0
1.0,0.0,0.0,1.0,1.0,0.0,0.0,0.0,0.0,0.0,0.0,0.0,0.0,0.0,1.0,1.0,0.0,0.0,0.0,0.0,1.0,-0.6086956521739131,-0.927536231884058,-0.9277776470297966,-0.058908847484101,0.0,0.0,0.0
0.0,1.0,0.0,1.0,1.0,1.0,0.0,0.0,0.0,0.0,0.0,0.0,0.0,1.0,0.0,1.0,0.0,1.0,0.0,0.0,0.0,-0.043478260869565216,0.08649643432252134,0.015963949346576398,1.815463572464577,1.0,1.0,1.0
1.0,0.0,0.0,1.0,1.0,0.0,0.0,0.0,0.0,0.0,0.0,1.0,0.0,0.0,1.0,0.0,1.0,0.0,1.0,0.0,0.0,-0.32608695652173914,-0.8410397975615368,-0.8748811374039701,0.444494031016401,0.0,0.0,0.0
1.0,1.0,0.0,1.0,1.0,0.0,0.0,0.0,0.0,1.0,1.0,0.0,0.0,1.0,0.0,0.0,1.0,0.0,1.0,0.0,0.0,0.021739130434782608,0.43340234644582465,0.4586578086989678,1.1460448510543344,0.0,2.0,0.0
1.0,1.0,1.0,0.0,1.0,1.0,0.0,1.0,1.0,1.0,1.0,2.0,1.0,0.0,0.0,1.0,0.0,1.0,0.0,0.0,0.0,0.7608695652173914,-0.19231654014262717,-0.19301206800855103,-1.139796942987839,0.0,5.0,0.0
1.0,1.0,0.0,0.0,1.0,0.0,0.0,0.0,0.0,0.0,0.0,0.0,1.0,0.0,0.0,1.0,0.0,0.0,1.0,0.0,0.0,0.2826086956521739,-0.8355187485622269,-0.8171062482717087,0.47662612964409273,0.0,0.0,0.0
0.0,0.0,0.0,1.0,1.0,0.0,0.0,0.0,0.0,0.0,0.0,0.0,0.0,1.0,0.0,1.0,0.0,0.0,0.0,1.0,0.0,-0.6086956521739131,-0.011962272831838153,-0.0135737027521757,5.2696641749414255,1.0,0.0,1.0
1.0,1.0,1.0,1.0,1.0,0.0,0.0,0.0,0.0,0.0,0.0,0.0,0.0,0.0,1.0,1.0,0.0,1.0,0.0,0.0,0.0,0.2391304347826087,-0.9220151828847482,-0.9547443663911516,-0.026776748856409686,0.0,0.0,0.0
0.0,1.0,0.0,1.0,1.0,0.0,1.0,0.0,0.0,1.0,1.0,0.0,0.0,1.0,0.0,0.0,1.0,0.0,0.0,1.0,0.0,0.8043478260869565,0.5576259489302967,0.5657283946016335,0.48733682918665633,1.0,3.0,1.0
0.0,0.0,0.0,1.0,1.0,0.0,0.0,0.0,1.0,0.0,0.0,0.0,1.0,0.0,0.0,1.0,0.0,0.0,0.0,1.0,0.0,-0.6086956521739131,-0.3625488842880148,-0.36363571558611896,0.5087582282717841,0.0,1.0,0.0
1.0,0.0,0.0,1.0,0.0,1.0,0.0,1.0,1.0,1.0,1.0,1.0,1.0,0.0,0.0,1.0,0.0,0.0,0.0,1.0,0.0,-0.043478260869565216,0.20611916264090183,0.20870733815686668,-0.7533192011603256,0.0,5.0,0.0
0.0,1.0,0.0,0.0,1.0,1.0,0.0,1.0,0.0,0.0,1.0,0.0,1.0,0.0,0.0,1.0,0.0,0.0,0.0,1.0,0.0,0.0,-0.4692891649413389,-0.5185957395494474,-1.006805757001004,1.0,3.0,1.0
0.0,1.0,1.0,1.0,1.0,1.0,1.0,0.0,1.0,1.0,0.0,2.0,0.0,1.0,0.0,0.0,1.0,0.0,1.0,0.0,0.0,0.782608695652174,0.5254198297676558,0.516911953603369,-0.08996987615753653,0.0,4.0,0.0
0.0,1.0,0.0,1.0,1.0,0.0,0.0,0.0,0.0,1.0,1.0,0.0,0.0,1.0,0.0,0.0,1.0,0.0,0.0,1.0,0.0,-0.10869565217391304,0.4242005981136415,0.4363693021512952,1.1281936851500616,1.0,2.0,1.0
1.0,1.0,0.0,1.0,1.0,1.0,1.0,1.0,0.0,0.0,1.0,2.0,0.0,1.0,0.0,0.0,1.0,0.0,0.0,1.0,0.0,0.9347826086956522,0.5272601794340926,0.5971461795096671,-0.08782773624902342,0.0,4.0,0.0
1.0,1.0,0.0,0.0,1.0,1.0,0.0,1.0,1.0,0.0,0.0,2.0,1.0,0.0,0.0,1.0,0.0,0.0,1.0,0.0,0.0,0.8913043478260869,-0.5769496204278813,-0.5902506631518494,-1.1634497378110007,0.0,3.0,0.0
0.0,1.0,0.0,1.0,1.0,0.0,0.0,1.0,0.0,1.0,1.0,0.0,0.0,1.0,0.0,1.0,0.0,0.0,0.0,1.0,0.0,-0.21739130434782608,0.4840119622728318,0.38866636117277814,0.3802298337610176,0.0,3.0,0.0
1.0,0.0,0.0,1.0,1.0,0.0,0.0,1.0,0.0,1.0,0.0,0.0,0.0,1.0,0.0,0.0,1.0,0.0,0.0,1.0,0.0,-0.4782608695652174,0.36714975845410636,0.2607531089549643,1.0175164565435684,0.0,2.0,0.0
0.0,0.0,1.0,1.0,1.0,0.0,0.0,1.0,1.0,1.0,0.0,0.0,0.0,1.0,0.0,1.0,0.0,0.0,0.0,1.0,0.0,-0.41304347826086957,0.37911203128594423,0.4749511587276346,0.22760236527948233,0.0,3.0,0.0
0.0,1.0,0.0,1.0,1.0,0.0,0.0,0.0,0.0,0.0,0.0,2.0,0.0,0.0,1.0,0.0,1.0,0.0,1.0,0.0,0.0,0.9347826086956522,-0.8530020703933748,-0.8437459193208612,0.3748744839897356,0.0,0.0,0.0
1.0,1.0,0.0,1.0,1.0,0.0,0.0,1.0,0.0,0.0,0.0,0.0,0.0,1.0,0.0,1.0,0.0,0.0,0.0,1.0,0.0,-0.5869565217391305,0.0680929376581551,-0.009898511016386216,1.7619100747517575,1.0,1.0,1.0
0.0,1.0,0.0,1.0,1.0,1.0,1.0,1.0,1.0,1.0,1.0,2.0,1.0,0.0,0.0,0.0,1.0,1.0,0.0,0.0,0.0,0.9347826086956522,0.3763515067862895,0.3537923378377763,-0.8201335649734621,0.0,6.0,0.0
0.0,1.0,0.0,1.0,1.0,0.0,0.0,0.0,1.0,1.0,1.0,0.0,0.0,1.0,0.0,0.0,1.0,0.0,0.0,1.0,0.0,0.21739130434782608,0.5659075224292616,0.5636198711378314,0.4993863661720408,1.0,3.0,0.0
0.0,0.0,0.0,1.0,0.0,0.0,0.0,0.0,0.0,0.0,0.0,2.0,0.0,0.0,1.0,1.0,0.0,0.0,0.0,0.0,1.0,0.1956521739130435,-0.9256958822176213,-0.9412694693230236,-0.04819814794153736,1.0,0.0,1.0
0.0,0.0,0.0,1.0,1.0,0.0,0.0,0.0,0.0,0.0,1.0,0.0,0.0,1.0,0.0,1.0,0.0,0.0,0.0,1.0,0.0,-0.1956521739130435,0.20151828847481026,0.2387282099097688,2.150172933169698,1.0,1.0,1.0
1.0,1.0,1.0,1.0,1.0,0.0,0.0,0.0,1.0,1.0,1.0,2.0,0.0,1.0,0.0,1.0,0.0,0.0,1.0,0.0,0.0,0.8695652173913043,0.4545663676098459,0.479660996832521,0.3373870355907623,0.0,3.0,0.0
0.0,1.0,1.0,1.0,0.0,0.0,0.0,1.0,0.0,0.0,1.0,1.0,0.0,1.0,0.0,1.0,0.0,0.0,0.0,1.0,0.0,0.021739130434782608,0.2935357717966414,0.25750231436009335,0.8747071293093832,0.0,2.0,0.0
1.0,1.0,0.0,0.0,1.0,0.0,1.0,1.0,1.0,1.0,1.0,2.0,1.0,0.0,0.0,1.0,0.0,1.0,0.0,0.0,0.0,0.6086956521739131,-0.239245456636761,-0.24424034195895963,-1.1853174160437352,0.0,5.0,0.0
1.0,0.0,0.0,0.0,1.0,0.0,0.0,0.0,0.0,0.0,0.0,0.0,1.0,0.0,0.0,1.0,0.0,0.0,0.0,0.0,1.0,-0.2608695652173913,-0.8253968253968255,-0.8213051805664852,0.5355349771281938,0.0,0.0,0.0
0.0,1.0,1.0,1.0,0.0,0.0,0.0,0.0,0.0,0.0,0.0,2.0,0.0,0.0,1.0,1.0,0.0,0.0,0.0,0.0,1.0,0.5217391304347826,-0.912813434552565,-0.8997803137595138,0.026776748856409686,0.0,0.0,0.0
0.0,0.0,0.0,1.0,1.0,0.0,1.0,0.0,0.0,1.0,0.0,0.0,0.0,1.0,0.0,1.0,0.0,0.0,0.0,1.0,0.0,-0.5217391304347826,0.26132965263400054,0.1453783398207173,0.8122280486444274,1.0,2.0,1.0
0.0,1.0,1.0,1.0,1.0,0.0,0.0,0.0,0.0,0.0,0.0,1.0,0.0,0.0,1.0,0.0,1.0,1.0,0.0,0.0,0.0,0.30434782608695654,-0.8474810213940649,-0.8727138731743933,0.4070065826174273,0.0,0.0,0.0
1.0,1.0,1.0,1.0,1.0,0.0,1.0,1.0,1.0,1.0,1.0,2.0,1.0,0.0,0.0,0.0,1.0,1.0,0.0,0.0,0.0,0.782608695652174,0.2521279043018174,0.20813930638573672,-0.7086912863996429,0.0,5.0,0.0
0.0,1.0,1.0,1.0,0.0,0.0,0.0,0.0,0.0,0.0,0.0,0.0,0.0,0.0,1.0,1.0,0.0,0.0,0.0,1.0,0.0,0.17391304347826086,-0.9413388543823327,-0.9575516665650097,-0.13923909405333007,0.0,0.0,0.0
1.0,0.0,0.0,1.0,1.0,0.0,0.0,0.0,0.0,0.0,0.0,0.0,0.0,0.0,1.0,1.0,0.0,0.0,1.0,0.0,0.0,-0.391304347826087,-0.9210950080515298,-0.9007148715208017,-0.021421399085127673,0.0,0.0,0.0
1.0,1.0,1.0,1.0,0.0,0.0,1.0,1.0,0.0,1.0,1.0,1.0,1.0,0.0,0.0,0.0,1.0,0.0,1.0,0.0,0.0,0.34782608695652173,0.1518288474810214,0.1732077083533896,-0.5248242775856297,0.0,4.0,0.0
1.0,0.0,0.0,1.0,1.0,0.0,1.0,0.0,0.0,1.0,1.0,0.0,0.0,1.0,0.0,1.0,0.0,0.0,1.0,0.0,0.0,0.17391304347826086,0.4711295146077754,0.5140398027229465,0.36148610956153077,0.0,3.0,0.0
1.0,0.0,0.0,1.0,0.0,1.0,0.0,0.0,0.0,0.0,0.0,0.0,1.0,0.0,0.0,0.0,1.0,0.0,0.0,0.0,1.0,-0.2391304347826087,-0.26224982746721875,-0.30702755398902887,0.8006247908066497,0.0,1.0,0.0
1.0,0.0,0.0,0.0,0.0,1.0,0.0,1.0,1.0,0.0,0.0,1.0,1.0,0.0,0.0,1.0,0.0,1.0,0.0,0.0,0.0,0.34782608695652173,-0.5189786059351278,-0.5454556178483683,-1.0791029789133102,0.0,3.0,0.0
1.0,0.0,0.0,0.0,1.0,1.0,1.0,0.0,0.0,0.0,0.0,0.0,1.0,0.0,0.0,1.0,0.0,0.0,0.0,0.0,1.0,-0.5652173913043478,-0.6450425580860363,-0.6426440215281333,-0.9461117929264753,0.0,2.0,0.0
1.0,1.0,1.0,1.0,1.0,0.0,0.0,0.0,0.0,0.0,0.0,0.0,0.0,0.0,1.0,1.0,0.0,1.0,0.0,0.0,0.0,-0.4782608695652174,-0.9247757073844031,-0.8385229905891962,-0.042842798170255346,0.0,0.0,0.0
1.0,1.0,0.0,1.0,1.0,0.0,1.0,1.0,0.0,0.0,0.0,0.0,0.0,1.0,0.0,1.0,0.0,0.0,0.0,0.0,1.0,0.021739130434782608,0.16839199447895112,0.15159553917376117,0.6319312730112688,1.0,2.0,1.0
0.0,0.0,0.0,1.0,0.0,1.0,0.0,0.0,1.0,0.0,0.0,0.0,1.0,0.0,0.0,1.0,0.0,0.0,0.0,1.0,0.0,-0.5217391304347826,-0.2999769956291695,-0.1642565639195423,-0.2766930715162333,0.0,2.0,0.0
0.0,1.0,0.0,1.0,1.0,0.0,0.0,0.0,1.0,1.0,1.0,0.0,0.0,1.0,0.0,0.0,1.0,0.0,1.0,0.0,0.0,-0.021739130434782608,0.5668276972624798,0.5484681191281938,0.5007252036148612,1.0,3.0,0.0
0.0,0.0,0.0,1.0,1.0,0.0,0.0,0.0,0.0,0.0,0.0,0.0,0.0,1.0,0.0,0.0,1.0,0.0,0.0,1.0,0.0,-0.5434782608695652,0.07269381182424667,0.055565841777363026,5.7623563538993645,1.0,0.0,1.0
1.0,1.0,0.0,1.0,1.0,0.0,1.0,0.0,1.0,0.0,0.0,0.0,1.0,0.0,0.0,1.0,0.0,0.0,0.0,1.0,0.0,-0.043478260869565216,-0.3073383942949161,-0.3512149287012751,-0.29097400423965175,0.0,2.0,0.0
0.0,0.0,0.0,1.0,1.0,0.0,1.0,0.0,1.0,1.0,1.0,1.0,0.0,1.0,0.0,0.0,1.0,0.0,0.0,1.0,0.0,0.45652173913043476,0.6680469289164941,0.6683397478648745,0.0760459667522036,1.0,4.0,0.0
1.0,0.0,0.0,1.0,0.0,0.0,0.0,1.0,0.0,0.0,0.0,0.0,0.0,1.0,0.0,0.0,1.0,0.0,1.0,0.0,0.0,0.4782608695652174,0.1748332183114792,0.23143907963378654,2.07252036148611,0.0,1.0,0.0
0.0,1.0,1.0,1.0,0.0,0.0,0.0,0.0,0.0,0.0,0.0,2.0,0.0,0.0,1.0,1.0,0.0,0.0,0.0,0.0,1.0,0.021739130434782608,-0.942259029215551,-0.9278389002253932,-0.14459444382461206,0.0,0.0,0.0
0.0,1.0,1.0,1.0,0.0,0.0,1.0,0.0,1.0,1.0,1.0,0.0,1.0,0.0,0.0,0.0,1.0,0.0,1.0,0.0,0.0,-0.32608695652173914,0.18311479181044404,0.19532157037314152,-0.48840789914091254,0.0,4.0,0.0
1.0,1.0,0.0,1.0,1.0,0.0,1.0,1.0,0.0,1.0,1.0,0.0,0.0,1.0,0.0,0.0,1.0,0.0,0.0,1.0,0.0,0.8913043478260869,0.5971934667586842,0.5671065915025546,-0.006426419725538188,1.0,4.0,1.0
1.0,1.0,0.0,1.0,1.0,0.0,1.0,1.0,1.0,1.0,1.0,1.0,0.0,1.0,0.0,0.0,1.0,1.0,0.0,0.0,0.0,0.9130434782608695,0.7849091327352198,0.7612964759647243,-0.19190003347093582,0.0,5.0,0.0
0.0,0.0,0.0,0.0,1.0,0.0,1.0,0.0,0.0,0.0,0.0,0.0,1.0,0.0,0.0,1.0,0.0,0.0,0.0,1.0,0.0,0.0,-0.7342995169082126,-0.754505029762276,-0.5730224255271671,0.0,1.0,0.0
1.0,1.0,0.0,1.0,0.0,0.0,0.0,1.0,0.0,1.0,1.0,1.0,0.0,1.0,0.0,0.0,1.0,0.0,1.0,0.0,0.0,0.6304347826086957,0.5493443754313319,0.5027907361262396,0.4752872922012719,0.0,3.0,0.0
1.0,0.0,0.0,1.0,1.0,0.0,0.0,0.0,0.0,0.0,0.0,0.0,0.0,0.0,1.0,1.0,0.0,0.0,0.0,0.0,1.0,-0.6086956521739131,-0.9505406027145158,-0.9507475953784805,-0.19279259176614943,0.0,0.0,0.0
0.0,0.0,0.0,0.0,0.0,1.0,0.0,0.0,0.0,0.0,0.0,2.0,1.0,0.0,0.0,1.0,0.0,1.0,0.0,0.0,0.0,0.15217391304347827,-0.7260179434092479,-0.7221966093090753,-0.5489233515563984,0.0,1.0,0.0
0.0,1.0,0.0,1.0,0.0,0.0,0.0,0.0,0.0,0.0,0.0,2.0,0.0,0.0,1.0,0.0,1.0,1.0,0.0,0.0,0.0,0.9347826086956522,-0.8253968253968255,-0.8155311660992278,0.5355349771281938,0.0,0.0,0.0
1.0,1.0,0.0,1.0,0.0,0.0,0.0,0.0,0.0,0.0,1.0,0.0,0.0,1.0,0.0,1.0,0.0,1.0,0.0,0.0,0.0,-0.2608695652173913,0.20243846330802853,0.13964936446786905,2.152850608055339,1.0,1.0,1.0
0.0,1.0,0.0,1.0,1.0,0.0,1.0,1.0,0.0,1.0,0.0,0.0,0.0,1.0,0.0,0.0,1.0,0.0,0.0,1.0,0.0,-0.3695652173913043,0.5079365079365078,0.3263815328083469,0.41503960727435013,1.0,3.0,1.0
1.0,0.0,0.0,0.0,0.0,0.0,0.0,0.0,1.0,0.0,0.0,1.0,1.0,0.0,0.0,1.0,0.0,0.0,1.0,0.0,0.0,0.8043478260869565,-0.7554635380722337,-0.7449786217167245,-0.6346089478969095,0.0,1.0,0.0
1.0,0.0,0.0,1.0,1.0,1.0,0.0,1.0,0.0,0.0,0.0,0.0,1.0,0.0,0.0,1.0,0.0,0.0,0.0,0.0,1.0,-0.5217391304347826,-0.2705314009661836,-0.2888455637628039,-0.2195693406225595,0.0,2.0,0.0
1.0,0.0,0.0,1.0,1.0,0.0,0.0,0.0,0.0,0.0,0.0,0.0,1.0,0.0,0.0,1.0,0.0,0.0,0.0,1.0,0.0,-0.6086956521739131,-0.47389003910743044,-0.4748102655937492,2.581278589757894,0.0,0.0,0.0
1.0,1.0,0.0,1.0,0.0,0.0,0.0,0.0,0.0,0.0,0.0,1.0,1.0,0.0,0.0,1.0,0.0,0.0,0.0,1.0,0.0,-0.32608695652173914,-0.47665056360708535,-0.45544988055700125,2.565212540444048,0.0,0.0,0.0
0.0,1.0,1.0,1.0,1.0,0.0,1.0,0.0,0.0,0.0,0.0,0.0,0.0,1.0,0.0,1.0,0.0,1.0,0.0,0.0,0.0,-0.5869565217391305,0.05613066482631695,0.038797779482823855,1.7271003012384247,0.0,1.0,0.0
1.0,0.0,0.0,1.0,1.0,0.0,0.0,0.0,0.0,0.0,0.0,0.0,0.0,1.0,0.0,0.0,1.0,0.0,0.0,1.0,0.0,-0.6086956521739131,0.08833678398895785,0.08657527204808635,5.853397300011157,0.0,0.0,0.0
0.0,0.0,0.0,0.0,0.0,0.0,0.0,0.0,1.0,0.0,0.0,0.0,1.0,0.0,0.0,1.0,0.0,0.0,0.0,0.0,1.0,-0.6086956521739131,-0.735219691741431,-0.7357488788347989,-0.5757001004128081,0.0,1.0,0.0
0.0,0.0,0.0,1.0,0.0,0.0,0.0,0.0,0.0,0.0,0.0,0.0,0.0,0.0,1.0,1.0,0.0,0.0,0.0,0.0,1.0,-0.4782608695652174,-0.9229353577179664,-0.9017887911838571,-0.03213209862769132,0.0,0.0,0.0
1.0,0.0,0.0,1.0,1.0,0.0,0.0,0.0,0.0,0.0,0.0,0.0,0.0,0.0,1.0,1.0,0.0,0.0,0.0,1.0,0.0,-0.06521739130434782,-0.9238555325511848,-0.9357994597607985,-0.03748744839897333,0.0,0.0,0.0
0.0,0.0,0.0,1.0,1.0,1.0,1.0,0.0,1.0,0.0,0.0,0.0,0.0,1.0,0.0,1.0,0.0,0.0,0.0,1.0,0.0,-0.5869565217391305,0.2898550724637681,0.37186203053874106,0.0977351333258955,0.0,3.0,0.0
1.0,1.0,0.0,0.0,0.0,1.0,0.0,1.0,0.0,0.0,0.0,0.0,1.0,0.0,0.0,1.0,0.0,0.0,0.0,0.0,1.0,-0.2608695652173913,-0.6643662295836209,-0.65640797489158,-0.983599241325449,0.0,2.0,0.0
1.0,0.0,0.0,1.0,1.0,0.0,0.0,1.0,0.0,0.0,0.0,0.0,1.0,0.0,0.0,1.0,0.0,0.0,0.0,0.0,1.0,-0.10869565217391304,-0.3827927306188175,-0.4029908937568641,0.449849380787683,0.0,1.0,0.0
0.0,0.0,0.0,1.0,0.0,0.0,0.0,0.0,0.0,0.0,0.0,0.0,1.0,0.0,0.0,1.0,0.0,1.0,0.0,0.0,0.0,-0.3695652173913043,-0.4913733609385784,-0.46876151252859566,2.4795269441035366,0.0,0.0,0.0
1.0,0.0,0.0,1.0,0.0,0.0,0.0,0.0,0.0,0.0,0.0,2.0,0.0,0.0,1.0,1.0,0.0,0.0,1.0,0.0,0.0,-0.043478260869565216,-0.9321371060501495,-0.9772566172505174,-0.08568559634051069,0.0,0.0,0.0
0.0,1.0,1.0,1.0,1.0,0.0,0.0,0.0,0.0,0.0,0.0,2.0,0.0,0.0,1.0,1.0,0.0,0.0,0.0,0.0,1.0,0.8913043478260869,-0.9440993788819876,-0.9292477237241125,-0.1553051433671761,0.0,0.0,0.0
0.0,1.0,0.0,1.0,1.0,1.0,0.0,1.0,1.0,1.0,1.0,1.0,0.0,1.0,0.0,0.0,1.0,0.0,0.0,0.0,1.0,0.30434782608695654,0.7186565447435013,0.7670626628020748,-0.2561642307263192,1.0,5.0,0.0
0.0,0.0,0.0,1.0,1.0,0.0,0.0,0.0,0.0,1.0,1.0,1.0,0.0,1.0,0.0,1.0,0.0,0.0,0.0,0.0,1.0,0.1956521739130435,0.3423050379572118,0.3189827915507707,0.9693183086020307,0.0,2.0,0.0
0.0,0.0,0.0,1.0,0.0,0.0,0.0,0.0,0.0,0.0,1.0,0.0,0.0,1.0,0.0,1.0,0.0,0.0,0.0,1.0,0.0,-0.5869565217391305,0.18863584080975385,0.16788888920242748,2.1126854847707244,0.0,1.0,0.0
1.0,1.0,0.0,1.0,1.0,0.0,1.0,1.0,0.0,1.0,1.0,0.0,0.0,1.0,0.0,0.0,1.0,0.0,0.0,1.0,0.0,0.7391304347826086,0.5870715435932828,0.5824782267784362,-0.01820818922235839,0.0,4.0,0.0
0.0,1.0,0.0,1.0,1.0,1.0,1.0,1.0,1.0,0.0,0.0,2.0,0.0,1.0,0.0,0.0,1.0,1.0,0.0,0.0,0.0,0.9347826086956522,0.4803312629399585,0.44539138741936146,-0.14245230391609934,1.0,4.0,0.0
0.0,0.0,0.0,0.0,0.0,1.0,0.0,1.0,1.0,0.0,1.0,2.0,1.0,0.0,0.0,1.0,0.0,0.0,0.0,0.0,1.0,-0.3695652173913043,-0.3800322061191626,-0.45168718425607407,-1.1439027111458215,0.0,4.0,0.0
0.0,1.0,0.0,1.0,0.0,0.0,1.0,0.0,1.0,0.0,0.0,0.0,1.0,0.0,0.0,1.0,0.0,0.0,0.0,1.0,0.0,0.13043478260869565,-0.25120772946859904,-0.32000593940839017,-0.18208189222358578,0.0,2.0,0.0
0.0,1.0,0.0,1.0,0.0,1.0,1.0,1.0,0.0,0.0,0.0,0.0,0.0,1.0,0.0,0.0,1.0,0.0,0.0,1.0,0.0,-0.2826086956521739,0.3717506326201979,0.2819346827536435,0.21689166573691868,0.0,3.0,0.0
0.0,1.0,1.0,1.0,1.0,0.0,1.0,0.0,0.0,1.0,1.0,0.0,0.0,1.0,0.0,0.0,1.0,0.0,0.0,1.0,0.0,0.06521739130434782,0.5217391304347825,0.47706439397571343,0.4351221689166574,0.0,3.0,0.0
1.0,1.0,1.0,1.0,1.0,0.0,0.0,1.0,0.0,0.0,1.0,2.0,0.0,1.0,0.0,0.0,1.0,0.0,1.0,0.0,0.0,0.9347826086956522,0.3735909822866344,0.36481791304514455,1.0300122726765593,0.0,2.0,0.0
1.0,0.0,0.0,0.0,1.0,0.0,1.0,0.0,0.0,1.0,0.0,1.0,1.0,0.0,0.0,1.0,0.0,0.0,0.0,1.0,0.0,0.08695652173913043,-0.5778697952610996,-0.5682213888783975,-0.8157982818252816,0.0,2.0,0.0
1.0,1.0,1.0,1.0,1.0,0.0,1.0,1.0,1.0,1.0,1.0,1.0,0.0,1.0,0.0,1.0,0.0,1.0,0.0,0.0,0.0,0.45652173913043476,0.6054750402576491,0.6273429840521432,-0.3659489010375988,0.0,5.0,0.0
1.0,0.0,0.0,1.0,1.0,1.0,0.0,0.0,0.0,0.0,1.0,0.0,1.0,0.0,0.0,0.0,1.0,0.0,0.0,0.0,1.0,0.021739130434782608,-0.11042097998619738,-0.14039844423470912,0.09104094611179309,0.0,2.0,0.0
0.0,1.0,0.0,1.0,0.0,0.0,0.0,0.0,0.0,0.0,0.0,0.0,0.0,0.0,1.0,1.0,0.0,0.0,0.0,0.0,1.0,-0.5652173913043478,-0.9137336093857833,-0.8561114081819027,0.021421399085128055,0.0,0.0,0.0
1.0,0.0,0.0,1.0,1.0,0.0,0.0,0.0,0.0,0.0,0.0,2.0,0.0,0.0,1.0,1.0,0.0,0.0,0.0,0.0,1.0,0.9347826086956522,-0.9146537842190017,-0.908891245054212,0.01606604931384604,0.0,0.0,0.0
0.0,0.0,0.0,1.0,1.0,0.0,0.0,0.0,0.0,0.0,0.0,0.0,0.0,1.0,0.0,1.0,0.0,0.0,0.0,1.0,0.0,-0.6086956521739131,-0.007361398665746597,-0.00897971308243891,5.296440923797835,0.0,0.0,0.0
1.0,0.0,0.0,1.0,1.0,0.0,0.0,0.0,0.0,0.0,0.0,2.0,0.0,0.0,1.0,0.0,1.0,0.0,0.0,0.0,1.0,0.9130434782608695,-0.8438003220611917,-0.8398706841381853,0.42842798170255497,1.0,0.0,1.0
1.0,1.0,0.0,1.0,0.0,0.0,0.0,0.0,0.0,0.0,0.0,0.0,1.0,0.0,0.0,1.0,0.0,0.0,1.0,0.0,0.0,-0.6086956521739131,-0.4748102139406487,-0.4757290635276965,2.5759232399866123,0.0,0.0,0.0
1.0,0.0,0.0,1.0,1.0,0.0,0.0,0.0,0.0,0.0,0.0,0.0,1.0,0.0,0.0,1.0,0.0,0.0,0.0,1.0,0.0,-0.6086956521739131,-0.47296986427421217,-0.4738914676598019,2.5866339395291753,0.0,0.0,0.0
0.0,1.0,0.0,1.0,1.0,0.0,1.0,0.0,0.0,1.0,1.0,0.0,0.0,1.0,0.0,0.0,1.0,0.0,0.0,1.0,0.0,-0.32608695652173914,0.546583850931677,0.5008218834106379,0.4712707798728107,1.0,3.0,1.0
0.0,0.0,1.0,1.0,1.0,0.0,1.0,0.0,0.0,0.0,1.0,0.0,0.0,1.0,0.0,1.0,0.0,1.0,0.0,0.0,0.0,-0.30434782608695654,0.28341384863124003,0.2581454729138564,0.8550708468146831,0.0,2.0,0.0
1.0,0.0,0.0,0.0,1.0,0.0,1.0,0.0,0.0,1.0,1.0,0.0,1.0,0.0,0.0,1.0,0.0,0.0,1.0,0.0,0.0,-0.5434782608695652,-0.35978835978835977,-0.34457065845671125,-0.8474841013053663,1.0,3.0,1.0
0.0,0.0,0.0,1.0,1.0,0.0,0.0,0.0,0.0,1.0,0.0,0.0,0.0,1.0,0.0,1.0,0.0,0.0,0.0,0.0,1.0,-0.5869565217391305,0.16839199447895112,0.10587002866098082,2.0537766372866235,0.0,1.0,0.0
0.0,0.0,0.0,1.0,1.0,0.0,0.0,0.0,0.0,1.0,0.0,0.0,0.0,1.0,0.0,0.0,1.0,0.0,1.0,0.0,0.0,-0.5217391304347826,0.2328042328042329,0.3421848572722415,2.2412138792814913,1.0,1.0,1.0
1.0,0.0,0.0,1.0,1.0,0.0,1.0,0.0,1.0,1.0,1.0,1.0,1.0,0.0,0.0,1.0,0.0,1.0,0.0,0.0,0.0,0.5869565217391305,0.0966183574879227,0.10883971484034625,-0.5890884748410129,0.0,4.0,0.0
1.0,1.0,1.0,1.0,0.0,0.0,0.0,0.0,0.0,0.0,0.0,2.0,0.0,0.0,1.0,0.0,1.0,0.0,0.0,0.0,1.0,0.8913043478260869,-0.8309178743961353,-0.8468840517881171,0.5034028785005024,0.0,0.0,0.0
1.0,0.0,0.0,1.0,0.0,0.0,0.0,0.0,0.0,0.0,0.0,0.0,0.0,1.0,0.0,0.0,1.0,0.0,0.0,1.0,0.0,-0.4782608695652174,0.05705083965953521,0.06793679967372583,5.671315407787571,0.0,0.0,0.0
1.0,0.0,0.0,1.0,1.0,0.0,0.0,0.0,0.0,1.0,1.0,0.0,0.0,1.0,0.0,0.0,1.0,0.0,0.0,1.0,0.0,0.5652173913043478,0.4840119622728318,0.4682773446437801,1.2442262635278367,0.0,2.0,0.0
1.0,1.0,1.0,1.0,0.0,0.0,0.0,0.0,0.0,0.0,0.0,2.0,0.0,0.0,1.0,0.0,1.0,1.0,0.0,0.0,0.0,0.13043478260869565,-0.8290775247296986,-0.872256000449835,0.514113578043066,0.0,0.0,0.0
1.0,0.0,0.0,1.0,0.0,0.0,0.0,0.0,0.0,0.0,0.0,0.0,0.0,0.0,1.0,1.0,0.0,0.0,0.0,0.0,1.0,-0.2826086956521739,-0.9293765815504946,-0.9804936784900262,-0.06961954702666504,0.0,0.0,0.0
1.0,0.0,1.0,1.0,0.0,0.0,0.0,0.0,0.0,0.0,0.0,0.0,0.0,0.0,1.0,1.0,0.0,0.0,0.0,0.0,1.0,-0.5869565217391305,-0.9431792040487693,-0.852895615413087,-0.14994979359589408,0.0,0.0,0.0
1.0,0.0,0.0,1.0,1.0,0.0,0.0,0.0,0.0,0.0,0.0,1.0,0.0,0.0,1.0,1.0,0.0,0.0,0.0,0.0,1.0,-0.43478260869565216,-0.9266160570508397,-0.9628961458384513,-0.05355349771281937,0.0,0.0,0.0
1.0,0.0,0.0,1.0,1.0,0.0,0.0,0.0,0.0,1.0,1.0,0.0,0.0,1.0,0.0,0.0,1.0,0.0,0.0,1.0,0.0,-0.10869565217391304,0.4343225212790429,0.4813904009147155,1.1478299676447616,0.0,2.0,0.0
0.0,1.0,1.0,1.0,1.0,0.0,0.0,0.0,0.0,0.0,0.0,0.0,0.0,1.0,0.0,1.0,0.0,0.0,0.0,0.0,1.0,-0.6086956521739131,-0.025764895330112825,-0.027355671761386067,5.189333928372196,0.0,0.0,0.0
1.0,0.0,0.0,1.0,0.0,0.0,0.0,0.0,0.0,0.0,0.0,2.0,0.0,0.0,1.0,1.0,0.0,1.0,0.0,0.0,0.0,0.717391304347826,-0.9321371060501495,-0.9255695681240199,-0.08568559634051069,0.0,0.0,0.0
1.0,0.0,0.0,1.0,1.0,0.0,0.0,1.0,0.0,1.0,1.0,0.0,1.0,0.0,0.0,1.0,0.0,0.0,0.0,1.0,0.0,-0.5217391304347826,-0.008281573498964856,-0.024047999199175454,-0.33604819814794146,0.0,3.0,0.0
1.0,0.0,0.0,1.0,1.0,0.0,0.0,0.0,0.0,0.0,1.0,0.0,0.0,1.0,0.0,1.0,0.0,0.0,0.0,1.0,0.0,-0.41304347826086957,0.1610305958132045,0.16108978449121694,2.0323552382014953,1.0,1.0,1.0
1.0,1.0,0.0,1.0,0.0,1.0,1.0,0.0,1.0,1.0,0.0,2.0,1.0,0.0,0.0,0.0,1.0,0.0,1.0,0.0,0.0,0.9130434782608695,0.05521048999309869,0.089538718905466,-0.6372866227825504,0.0,4.0,0.0
1.0,0.0,0.0,1.0,1.0,0.0,0.0,0.0,0.0,0.0,0.0,2.0,0.0,0.0,1.0,1.0,0.0,0.0,1.0,0.0,0.0,0.15217391304347827,-0.9560616517138257,-0.9454389850934515,-0.22492469039384114,0.0,0.0,0.0
0.0,1.0,0.0,1.0,1.0,0.0,0.0,0.0,0.0,1.0,1.0,0.0,0.0,1.0,0.0,0.0,1.0,0.0,0.0,1.0,0.0,0.10869565217391304,0.4996549344375433,0.4364481206015112,1.2745732455651015,0.0,2.0,0.0
1.0,1.0,1.0,1.0,0.0,0.0,0.0,0.0,0.0,0.0,0.0,1.0,0.0,0.0,1.0,0.0,1.0,0.0,0.0,0.0,1.0,-0.3695652173913043,-0.8115942028985508,-0.8148420676487671,0.6158652236974228,0.0,0.0,0.0
1.0,1.0,1.0,1.0,0.0,0.0,0.0,0.0,0.0,0.0,0.0,1.0,0.0,0.0,1.0,1.0,0.0,0.0,1.0,0.0,0.0,0.5217391304347826,-0.9256958822176213,-0.9267895058555513,-0.04819814794153736,0.0,0.0,0.0
0.0,0.0,0.0,1.0,0.0,0.0,0.0,0.0,0.0,0.0,0.0,1.0,0.0,0.0,1.0,1.0,0.0,0.0,0.0,0.0,1.0,-0.4782608695652174,-0.9312169312169313,-0.8425919528681058,-0.08033024656922906,0.0,0.0,0.0
0.0,1.0,0.0,1.0,1.0,0.0,0.0,0.0,0.0,0.0,0.0,2.0,0.0,0.0,1.0,0.0,1.0,0.0,1.0,0.0,0.0,0.9347826086956522,-0.8244766505636071,-0.8026679950239648,0.5408903268994757,1.0,0.0,1.0
1.0,1.0,0.0,1.0,1.0,1.0,0.0,0.0,0.0,1.0,1.0,0.0,0.0,1.0,0.0,0.0,1.0,0.0,0.0,1.0,0.0,-0.2391304347826087,0.5318610536001842,0.48221987127175153,0.449849380787683,0.0,3.0,0.0
1.0,1.0,0.0,1.0,1.0,1.0,1.0,1.0,1.0,0.0,1.0,1.0,1.0,0.0,0.0,1.0,0.0,0.0,1.0,0.0,0.0,0.043478260869565216,0.09201748332183116,0.14001374543218587,-0.863996429766819,0.0,5.0,0.0
1.0,1.0,1.0,1.0,1.0,0.0,0.0,1.0,1.0,1.0,0.0,1.0,1.0,0.0,0.0,0.0,1.0,0.0,0.0,1.0,0.0,0.45652173913043476,-0.01564297216471119,-0.03207829314187532,-0.3467588976905051,0.0,3.0,0.0
1.0,1.0,1.0,1.0,0.0,0.0,0.0,0.0,0.0,0.0,0.0,1.0,0.0,0.0,1.0,1.0,0.0,0.0,0.0,0.0,1.0,-0.15217391304347827,-0.9302967563837129,-0.9350445034164712,-0.07497489679794704,0.0,0.0,0.0
1.0,1.0,0.0,1.0,0.0,0.0,1.0,1.0,1.0,1.0,1.0,2.0,0.0,1.0,0.0,0.0,1.0,0.0,1.0,0.0,0.0,0.9347826086956522,0.7214170692431563,0.7187210116862843,-0.25348655584067803,1.0,5.0,0.0
1.0,1.0,1.0,1.0,1.0,0.0,0.0,0.0,0.0,0.0,0.0,0.0,0.0,1.0,0.0,1.0,0.0,0.0,1.0,0.0,0.0,-0.6086956521739131,-0.010121923165401375,-0.011736106884280827,5.28037487448399,0.0,0.0,0.0
0.0,0.0,0.0,1.0,1.0,0.0,0.0,0.0,0.0,0.0,0.0,0.0,0.0,0.0,1.0,1.0,0.0,0.0,0.0,0.0,1.0,-0.6086956521739131,-0.9266160570508397,-0.9268588490958493,-0.05355349771281937,0.0,0.0,0.0
1.0,1.0,0.0,0.0,0.0,0.0,0.0,0.0,1.0,1.0,0.0,0.0,1.0,0.0,0.0,1.0,0.0,0.0,0.0,0.0,1.0,-0.43478260869565216,-0.549344375431332,-0.6254931267611159,-0.7604596675220351,0.0,2.0,0.0
1.0,1.0,1.0,1.0,1.0,1.0,0.0,1.0,0.0,1.0,1.0,2.0,0.0,1.0,0.0,0.0,1.0,1.0,0.0,0.0,0.0,0.9347826086956522,0.6450425580860363,0.6278110605551602,0.049269217895793915,0.0,4.0,0.0
1.0,0.0,0.0,1.0,1.0,0.0,0.0,1.0,1.0,1.0,1.0,1.0,0.0,1.0,0.0,0.0,1.0,0.0,0.0,1.0,0.0,0.6304347826086957,0.6284794110881069,0.6734020076540508,0.02998995871917897,0.0,4.0,0.0
0.0,0.0,0.0,1.0,1.0,1.0,1.0,1.0,0.0,1.0,1.0,1.0,0.0,1.0,0.0,0.0,1.0,0.0,0.0,1.0,0.0,0.13043478260869565,0.6965723487462617,0.6591963958536209,-0.2775856298114469,1.0,5.0,1.0
0.0,1.0,1.0,1.0,0.0,0.0,0.0,0.0,0.0,0.0,0.0,2.0,0.0,0.0,1.0,1.0,0.0,0.0,1.0,0.0,0.0,0.9130434782608695,-0.9312169312169313,-0.935490373348566,-0.08033024656922906,0.0,0.0,0.0
1.0,1.0,0.0,1.0,0.0,1.0,1.0,1.0,1.0,0.0,1.0,2.0,1.0,0.0,0.0,0.0,1.0,0.0,1.0,0.0,0.0,0.9347826086956522,0.16655164481251433,0.18593305973856042,-0.791699207854513,0.0,5.0,0.0
0.0,1.0,0.0,1.0,0.0,1.0,0.0,0.0,0.0,0.0,0.0,0.0,0.0,1.0,0.0,0.0,1.0,0.0,0.0,1.0,0.0,-0.2608695652173913,0.15458937198067643,0.16099790469782255,2.013611514002009,0.0,1.0,0.0
0.0,1.0,0.0,1.0,0.0,1.0,1.0,1.0,1.0,1.0,1.0,2.0,1.0,0.0,0.0,0.0,1.0,1.0,0.0,0.0,0.0,0.9347826086956522,0.3229813664596273,0.36711490788001294,-0.8645064630783699,0.0,6.0,0.0
1.0,1.0,0.0,1.0,0.0,0.0,0.0,0.0,1.0,1.0,1.0,1.0,0.0,1.0,0.0,0.0,1.0,0.0,0.0,1.0,0.0,0.45652173913043476,0.5318610536001842,0.5624207220394228,0.449849380787683,0.0,3.0,0.0
1.0,1.0,1.0,1.0,1.0,0.0,0.0,0.0,0.0,0.0,0.0,2.0,0.0,0.0,1.0,1.0,0.0,0.0,1.0,0.0,0.0,-0.06521739130434782,-0.945019553715206,-0.9326190053740577,-0.16066049313845812,0.0,0.0,0.0
1.0,1.0,0.0,0.0,1.0,0.0,0.0,1.0,0.0,1.0,1.0,0.0,1.0,0.0,0.0,1.0,0.0,0.0,0.0,1.0,0.0,-0.6086956521739131,-0.3708304577869795,-0.3719048969916451,-0.8635501506192121,0.0,3.0,0.0
0.0,0.0,0.0,1.0,1.0,0.0,1.0,1.0,0.0,1.0,0.0,0.0,0.0,1.0,0.0,1.0,0.0,0.0,1.0,0.0,0.0,0.32608695652173914,0.3248217161260641,0.3622146522322937,0.14861095615307407,0.0,3.0,0.0
1.0,0.0,0.0,1.0,1.0,0.0,0.0,1.0,0.0,0.0,1.0,0.0,0.0,1.0,0.0,1.0,0.0,0.0,1.0,0.0,0.0,0.5,0.2447665056360708,0.23351226471551378,0.7800959500167357,0.0,2.0,0.0
1.0,1.0,0.0,1.0,1.0,0.0,0.0,1.0,0.0,1.0,1.0,0.0,0.0,1.0,0.0,0.0,1.0,0.0,0.0,1.0,0.0,0.13043478260869565,0.5576259489302967,0.5076472394913899,0.48733682918665633,1.0,3.0,1.0
1.0,0.0,0.0,1.0,0.0,0.0,0.0,0.0,1.0,0.0,0.0,0.0,0.0,1.0,0.0,1.0,0.0,0.0,0.0,1.0,0.0,-0.6086956521739131,0.07729468599033822,0.07554969684071816,1.7886868236081672,1.0,1.0,0.0
1.0,0.0,0.0,1.0,1.0,1.0,1.0,0.0,0.0,0.0,0.0,0.0,1.0,0.0,0.0,1.0,0.0,0.0,0.0,0.0,1.0,-0.5869565217391305,-0.3064182194616977,-0.30345445091256695,-0.2891888876492245,0.0,2.0,0.0
0.0,0.0,0.0,0.0,1.0,0.0,0.0,1.0,0.0,1.0,0.0,0.0,1.0,0.0,0.0,1.0,0.0,0.0,0.0,1.0,0.0,0.13043478260869565,-0.5640671727628249,-0.5439301215961317,-0.7890215329688719,1.0,2.0,1.0
0.0,0.0,0.0,1.0,0.0,1.0,1.0,1.0,1.0,1.0,1.0,1.0,1.0,0.0,0.0,1.0,0.0,1.0,0.0,0.0,0.0,0.15217391304347827,0.28249367379802154,0.23600754713869157,-0.8981686616407133,0.0,6.0,0.0
0.0,1.0,1.0,1.0,1.0,1.0,1.0,1.0,1.0,1.0,1.0,2.0,1.0,0.0,0.0,0.0,1.0,1.0,0.0,0.0,0.0,0.9347826086956522,0.3616287094547965,0.41704902337356875,-0.8323743644506779,1.0,6.0,0.0
1.0,0.0,0.0,0.0,1.0,1.0,0.0,0.0,0.0,1.0,1.0,1.0,1.0,0.0,0.0,1.0,0.0,0.0,0.0,0.0,1.0,-0.10869565217391304,-0.366229583620888,-0.31038371866442016,-0.8568559634051097,0.0,3.0,0.0
1.0,1.0,0.0,1.0,1.0,0.0,0.0,1.0,1.0,1.0,1.0,0.0,0.0,1.0,0.0,0.0,1.0,0.0,0.0,1.0,0.0,-0.17391304347826086,0.6551644812514377,0.6716745468422775,0.061050987392614116,0.0,4.0,0.0
0.0,0.0,0.0,1.0,0.0,1.0,1.0,0.0,0.0,0.0,0.0,0.0,0.0,1.0,0.0,0.0,1.0,0.0,0.0,0.0,1.0,0.3695652173913043,0.2530480791350357,0.23989468380851928,0.7961619993305813,0.0,2.0,0.0
0.0,0.0,0.0,1.0,0.0,0.0,0.0,0.0,0.0,0.0,0.0,0.0,0.0,0.0,1.0,0.0,1.0,0.0,0.0,0.0,1.0,-0.2608695652173913,-0.8410397975615368,-0.7834182775254794,0.444494031016401,0.0,0.0,0.0
0.0,1.0,0.0,1.0,1.0,0.0,1.0,0.0,0.0,1.0,1.0,0.0,0.0,1.0,0.0,1.0,0.0,0.0,0.0,1.0,0.0,-0.30434782608695654,0.4444444444444446,0.27713396354876846,0.322659823719737,1.0,3.0,1.0
0.0,1.0,0.0,0.0,1.0,0.0,1.0,1.0,0.0,0.0,0.0,0.0,1.0,0.0,0.0,1.0,0.0,0.0,1.0,0.0,0.0,-0.2608695652173913,-0.6413618587531631,-0.5987939397393516,-0.9389713265647662,0.0,2.0,0.0
0.0,1.0,0.0,1.0,0.0,1.0,0.0,1.0,1.0,0.0,0.0,2.0,1.0,0.0,0.0,1.0,0.0,0.0,1.0,0.0,0.0,0.782608695652174,-0.2134805613066483,-0.20670502846791014,-0.6346089478969095,0.0,3.0,0.0
1.0,1.0,1.0,1.0,1.0,0.0,0.0,0.0,0.0,0.0,1.0,1.0,0.0,1.0,0.0,1.0,0.0,1.0,0.0,0.0,0.0,0.10869565217391304,0.1555095468138947,0.13359610749127473,2.0162891888876495,0.0,1.0,0.0
1.0,0.0,0.0,1.0,1.0,1.0,1.0,0.0,1.0,0.0,1.0,0.0,0.0,1.0,0.0,1.0,0.0,0.0,1.0,0.0,0.0,0.45652173913043476,0.4232804232804233,0.4476628600893981,-0.20885864107999547,0.0,4.0,0.0
1.0,1.0,1.0,1.0,1.0,0.0,0.0,0.0,0.0,0.0,0.0,0.0,0.0,1.0,0.0,1.0,0.0,0.0,0.0,0.0,1.0,-0.6086956521739131,-0.011042097998619634,-0.012654904818228133,5.275019524712709,0.0,0.0,0.0
1.0,1.0,1.0,1.0,1.0,1.0,0.0,1.0,1.0,1.0,1.0,2.0,1.0,0.0,0.0,0.0,1.0,0.0,0.0,0.0,1.0,0.8043478260869565,0.2484472049689441,0.29384773323811986,-0.7122615195804974,0.0,5.0,0.0
0.0,0.0,0.0,1.0,0.0,0.0,0.0,0.0,0.0,0.0,0.0,0.0,0.0,1.0,0.0,1.0,0.0,0.0,0.0,1.0,0.0,-0.6086956521739131,0.01564297216471119,0.013990235266245035,5.430324668079884,0.0,0.0,0.0
1.0,0.0,1.0,1.0,0.0,0.0,0.0,0.0,0.0,0.0,0.0,2.0,0.0,0.0,1.0,1.0,0.0,0.0,1.0,0.0,0.0,0.9347826086956522,-0.9312169312169313,-0.9067346221259189,-0.08033024656922906,0.0,0.0,0.0
0.0,1.0,1.0,1.0,0.0,0.0,0.0,0.0,0.0,0.0,0.0,2.0,0.0,0.0,1.0,0.0,1.0,0.0,0.0,0.0,1.0,0.6521739130434783,-0.8290775247296986,-0.8193439179776704,0.514113578043066,0.0,0.0,0.0
1.0,1.0,1.0,1.0,0.0,1.0,1.0,0.0,1.0,1.0,0.0,1.0,1.0,0.0,0.0,0.0,1.0,0.0,0.0,0.0,1.0,-0.17391304347826086,0.12882447665056362,0.12481476701332403,-0.5516010264420393,0.0,4.0,0.0
1.0,1.0,1.0,1.0,1.0,0.0,0.0,1.0,0.0,1.0,0.0,1.0,0.0,1.0,0.0,0.0,1.0,0.0,0.0,1.0,0.0,-0.43478260869565216,0.36530940878766954,0.2707432134748679,1.0139462233627132,0.0,2.0,0.0
0.0,0.0,0.0,0.0,0.0,0.0,0.0,0.0,0.0,0.0,0.0,0.0,1.0,0.0,0.0,1.0,0.0,0.0,0.0,1.0,0.0,0.13043478260869565,-0.8530020703933748,-0.8705496614296468,0.3748744839897356,0.0,0.0,0.0
0.0,0.0,0.0,1.0,0.0,0.0,1.0,0.0,0.0,0.0,0.0,0.0,1.0,0.0,0.0,1.0,0.0,0.0,0.0,1.0,0.0,-0.41304347826086957,-0.3551874856222682,-0.3815522752980923,0.530179627356912,0.0,1.0,0.0
1.0,1.0,1.0,1.0,0.0,0.0,0.0,0.0,0.0,0.0,0.0,2.0,0.0,0.0,1.0,0.0,1.0,1.0,0.0,0.0,0.0,0.5869565217391305,-0.8530020703933748,-0.836997129734605,0.3748744839897356,0.0,0.0,0.0
0.0,0.0,0.0,1.0,1.0,1.0,1.0,0.0,1.0,0.0,0.0,1.0,1.0,0.0,0.0,0.0,1.0,0.0,1.0,0.0,0.0,0.8043478260869565,-0.1223832528180354,-0.1348967935756788,-0.5020640410576814,1.0,3.0,0.0
1.0,1.0,0.0,1.0,1.0,0.0,1.0,0.0,1.0,0.0,0.0,0.0,0.0,1.0,0.0,0.0,1.0,0.0,0.0,1.0,0.0,-0.5217391304347826,0.27421210029905696,0.17698498874850638,0.8372196809104099,0.0,2.0,0.0
1.0,0.0,0.0,1.0,0.0,0.0,0.0,0.0,0.0,0.0,0.0,0.0,0.0,0.0,1.0,1.0,0.0,0.0,0.0,0.0,1.0,-0.43478260869565216,-0.9247757073844031,-0.9326779026775159,-0.042842798170255346,0.0,0.0,0.0
1.0,1.0,0.0,1.0,0.0,0.0,1.0,1.0,0.0,1.0,1.0,2.0,1.0,0.0,0.0,1.0,0.0,0.0,0.0,1.0,0.0,0.391304347826087,0.05705083965953521,0.08014368651045495,-0.6351444828740377,0.0,4.0,0.0
0.0,0.0,0.0,1.0,1.0,0.0,1.0,0.0,1.0,0.0,0.0,0.0,1.0,0.0,0.0,1.0,0.0,0.0,0.0,1.0,0.0,-0.3695652173913043,-0.298136645962733,-0.2948790035290585,-0.27312283833537887,0.0,2.0,0.0
0.0,1.0,0.0,1.0,1.0,1.0,0.0,1.0,1.0,1.0,1.0,2.0,1.0,0.0,0.0,1.0,0.0,0.0,1.0,0.0,0.0,0.717391304347826,0.17391304347826092,0.13137408098877768,-0.7845587414928035,1.0,5.0,0.0
1.0,1.0,0.0,1.0,1.0,0.0,0.0,0.0,0.0,0.0,0.0,0.0,0.0,1.0,0.0,0.0,1.0,0.0,0.0,1.0,0.0,0.10869565217391304,0.09293765815504941,0.013720000579790175,5.880174048867567,1.0,0.0,1.0
1.0,0.0,0.0,1.0,0.0,0.0,0.0,0.0,0.0,0.0,0.0,0.0,0.0,0.0,1.0,1.0,0.0,1.0,0.0,0.0,0.0,-0.2826086956521739,-0.9247757073844031,-0.9210589371378065,-0.042842798170255346,0.0,0.0,0.0
1.0,0.0,1.0,1.0,1.0,0.0,0.0,0.0,0.0,0.0,0.0,0.0,0.0,0.0,1.0,1.0,0.0,0.0,0.0,0.0,1.0,-0.6086956521739131,-0.9247757073844031,-0.9250212532279545,-0.042842798170255346,0.0,0.0,0.0
1.0,0.0,0.0,1.0,1.0,0.0,0.0,0.0,0.0,0.0,0.0,0.0,1.0,0.0,0.0,1.0,0.0,0.0,1.0,0.0,0.0,0.3695652173913043,-0.4656084656084656,-0.4721537411325536,2.6294767376994317,0.0,0.0,0.0
0.0,0.0,0.0,1.0,1.0,0.0,0.0,0.0,0.0,0.0,0.0,1.0,0.0,0.0,1.0,1.0,0.0,0.0,1.0,0.0,0.0,-0.13043478260869565,-0.9358178053830228,-0.9151541623720851,-0.10710699542563874,0.0,0.0,0.0
0.0,0.0,0.0,1.0,0.0,1.0,1.0,0.0,1.0,1.0,1.0,1.0,1.0,0.0,0.0,1.0,0.0,0.0,1.0,0.0,0.0,-0.2608695652173913,0.17207269381182413,0.20250595253732656,-0.7863438580832312,0.0,5.0,0.0
0.0,0.0,0.0,1.0,0.0,0.0,1.0,1.0,1.0,1.0,1.0,1.0,1.0,0.0,0.0,1.0,0.0,0.0,0.0,0.0,1.0,-0.043478260869565216,0.14170692431562001,0.11778037224918739,-0.8157982818252816,0.0,5.0,0.0
1.0,0.0,1.0,1.0,1.0,0.0,0.0,0.0,0.0,0.0,0.0,0.0,1.0,0.0,0.0,1.0,0.0,0.0,1.0,0.0,0.0,-0.2391304347826087,-0.45732689210950084,-0.5343279539816724,2.6776748856409687,0.0,0.0,0.0
1.0,1.0,0.0,0.0,1.0,0.0,1.0,1.0,0.0,0.0,0.0,0.0,1.0,0.0,0.0,1.0,0.0,0.0,1.0,0.0,0.0,-0.21739130434782608,-0.6662065792500576,-0.738940492710616,-0.9871694745063038,1.0,2.0,1.0
0.0,1.0,1.0,1.0,1.0,0.0,0.0,1.0,1.0,1.0,1.0,1.0,1.0,0.0,0.0,0.0,1.0,0.0,0.0,1.0,0.0,0.08695652173913043,0.159190246146768,0.11246866836842119,-0.5162557179515784,0.0,4.0,0.0
0.0,1.0,1.0,1.0,0.0,1.0,1.0,0.0,1.0,0.0,0.0,2.0,1.0,0.0,0.0,0.0,1.0,0.0,1.0,0.0,0.0,0.9347826086956522,-0.06901311249137336,-0.08220280398507686,-0.42441146937409335,0.0,3.0,0.0
1.0,0.0,1.0,1.0,0.0,0.0,0.0,0.0,1.0,1.0,1.0,0.0,1.0,0.0,0.0,1.0,0.0,0.0,0.0,0.0,1.0,-0.5652173913043478,0.0036806993328732983,0.08504394215817418,-0.31864331139127505,0.0,3.0,0.0
1.0,1.0,0.0,1.0,1.0,1.0,1.0,1.0,0.0,1.0,1.0,0.0,0.0,1.0,0.0,0.0,1.0,0.0,0.0,1.0,0.0,0.9130434782608695,0.6809293765815505,0.6992582041993208,-0.29275912083007893,1.0,5.0,1.0
1.0,0.0,0.0,1.0,1.0,1.0,0.0,0.0,0.0,0.0,0.0,0.0,1.0,0.0,0.0,1.0,0.0,0.0,0.0,0.0,1.0,-0.4782608695652174,-0.3588681849551415,-0.36770467786502864,0.5194689278143481,0.0,1.0,0.0
1.0,0.0,0.0,1.0,1.0,1.0,1.0,1.0,1.0,1.0,1.0,0.0,0.0,1.0,0.0,0.0,1.0,0.0,0.0,1.0,0.0,0.5652173913043478,0.8465608465608466,0.8353287665472596,-0.4291930316698809,1.0,6.0,0.0
0.0,1.0,1.0,1.0,0.0,0.0,1.0,1.0,1.0,1.0,1.0,2.0,1.0,0.0,0.0,1.0,0.0,1.0,0.0,0.0,0.0,0.021739130434782608,0.18955601564297211,0.15413754679101557,-0.7693852504741715,0.0,5.0,0.0
0.0,1.0,1.0,1.0,1.0,0.0,1.0,1.0,0.0,1.0,1.0,1.0,0.0,1.0,0.0,0.0,1.0,0.0,1.0,0.0,0.0,0.9347826086956522,0.6017943409247758,0.5820370579291991,-0.0010710699542561743,0.0,4.0,0.0
1.0,1.0,1.0,1.0,0.0,1.0,0.0,1.0,1.0,0.0,1.0,2.0,1.0,0.0,0.0,0.0,1.0,0.0,0.0,0.0,1.0,0.7391304347826086,0.09569818265470445,0.06697424945720945,-0.5901595447952692,0.0,4.0,0.0
0.0,0.0,0.0,1.0,1.0,0.0,1.0,0.0,0.0,0.0,0.0,0.0,0.0,1.0,0.0,0.0,1.0,0.0,0.0,0.0,1.0,-0.5434782608695652,0.180354267310789,0.1922370344520325,2.0885864107999557,0.0,1.0,0.0
1.0,0.0,0.0,1.0,1.0,0.0,0.0,0.0,0.0,0.0,1.0,0.0,0.0,1.0,0.0,1.0,0.0,0.0,1.0,0.0,0.0,-0.391304347826087,0.159190246146768,0.08557294702923482,2.026999888430214,1.0,1.0,1.0
1.0,0.0,0.0,1.0,0.0,0.0,0.0,0.0,1.0,0.0,0.0,0.0,1.0,0.0,0.0,1.0,0.0,0.0,0.0,0.0,1.0,-0.1956521739130435,-0.3772716816195077,-0.37553414883073716,0.4659154301015287,0.0,1.0,0.0
0.0,0.0,0.0,0.0,1.0,1.0,0.0,0.0,0.0,0.0,0.0,0.0,1.0,0.0,0.0,1.0,0.0,1.0,0.0,0.0,0.0,-0.34782608695652173,-0.729698642742121,-0.7400601614479364,-0.5596340510989622,0.0,1.0,0.0
0.0,1.0,1.0,1.0,1.0,0.0,1.0,1.0,0.0,0.0,0.0,0.0,1.0,0.0,0.0,1.0,0.0,0.0,0.0,0.0,1.0,-0.41304347826086957,-0.2751322751322752,-0.28406781450627766,-0.22849492357469595,0.0,2.0,0.0
1.0,1.0,1.0,1.0,1.0,0.0,1.0,1.0,1.0,1.0,1.0,0.0,0.0,1.0,0.0,0.0,1.0,1.0,0.0,0.0,0.0,0.30434782608695654,0.7407407407407408,0.7062296926172342,-0.23474283164119156,1.0,5.0,0.0
0.0,1.0,0.0,1.0,1.0,0.0,0.0,0.0,1.0,1.0,0.0,0.0,0.0,1.0,0.0,0.0,1.0,0.0,0.0,1.0,0.0,-0.2391304347826087,0.3377041637911202,0.33092447814841996,0.9603927256498939,0.0,2.0,0.0
1.0,0.0,0.0,1.0,1.0,0.0,0.0,0.0,0.0,0.0,0.0,0.0,1.0,0.0,0.0,1.0,0.0,0.0,0.0,0.0,1.0,-0.6086956521739131,-0.45364619277662754,-0.4545967110469073,2.6990962847260964,1.0,0.0,1.0
0.0,0.0,0.0,1.0,1.0,0.0,1.0,0.0,0.0,0.0,1.0,0.0,0.0,1.0,0.0,1.0,0.0,0.0,0.0,1.0,0.0,-0.2826086956521739,0.2898550724637681,0.24196697262693317,0.8675666629476739,0.0,2.0,0.0
0.0,0.0,1.0,0.0,0.0,0.0,0.0,0.0,0.0,0.0,0.0,0.0,1.0,0.0,0.0,1.0,0.0,0.0,0.0,0.0,1.0,-0.6086956521739131,-0.8428801472279733,-0.8432482371066397,0.43378333147383696,0.0,0.0,0.0
1.0,0.0,0.0,1.0,1.0,0.0,0.0,0.0,0.0,0.0,1.0,0.0,0.0,1.0,0.0,0.0,1.0,0.0,0.0,1.0,0.0,-0.6086956521739131,0.2962962962962962,0.29422360512018914,2.425973446390717,0.0,1.0,0.0
1.0,0.0,0.0,1.0,1.0,0.0,0.0,0.0,0.0,1.0,1.0,0.0,0.0,1.0,0.0,1.0,0.0,0.0,0.0,0.0,1.0,0.30434782608695654,0.35058661145617664,0.35103950526823635,0.9853843579158763,1.0,2.0,1.0
1.0,0.0,0.0,1.0,0.0,0.0,0.0,0.0,0.0,0.0,0.0,1.0,0.0,0.0,1.0,1.0,0.0,0.0,0.0,0.0,1.0,-0.5869565217391305,-0.9302967563837129,-0.8588678019837448,-0.07497489679794704,0.0,0.0,0.0
1.0,0.0,0.0,1.0,1.0,0.0,0.0,0.0,0.0,0.0,0.0,2.0,0.0,0.0,1.0,0.0,1.0,0.0,1.0,0.0,0.0,0.6304347826086957,-0.8474810213940649,-0.8175852603308688,0.4070065826174273,0.0,0.0,0.0
1.0,0.0,0.0,0.0,1.0,0.0,1.0,1.0,0.0,1.0,1.0,1.0,1.0,0.0,0.0,1.0,0.0,0.0,0.0,1.0,0.0,0.5434782608695652,-0.2769726247987117,-0.2874945905043702,-1.0239428762691063,1.0,4.0,1.0
1.0,0.0,1.0,1.0,0.0,0.0,0.0,0.0,0.0,0.0,0.0,1.0,1.0,0.0,0.0,1.0,0.0,0.0,0.0,0.0,1.0,-0.2608695652173913,-0.47665056360708535,-0.5605827550745996,2.565212540444048,0.0,0.0,0.0
1.0,1.0,0.0,1.0,1.0,0.0,0.0,0.0,1.0,1.0,1.0,0.0,0.0,1.0,0.0,0.0,1.0,0.0,1.0,0.0,0.0,0.8043478260869565,0.543823326432022,0.6161648327030164,0.46725426754434907,1.0,3.0,0.0
0.0,0.0,0.0,1.0,1.0,0.0,0.0,0.0,0.0,1.0,0.0,0.0,0.0,1.0,0.0,0.0,1.0,0.0,0.0,1.0,0.0,-0.5217391304347826,0.2705314009661836,0.4478466196761874,2.3509985495927705,0.0,1.0,0.0
0.0,0.0,0.0,1.0,0.0,1.0,0.0,1.0,1.0,0.0,1.0,2.0,1.0,0.0,0.0,0.0,1.0,1.0,0.0,0.0,0.0,0.5869565217391305,0.05060961582700713,0.03321936345528628,-0.6426419725538323,1.0,4.0,0.0
1.0,1.0,1.0,1.0,1.0,0.0,0.0,0.0,0.0,0.0,0.0,0.0,0.0,0.0,1.0,1.0,0.0,0.0,1.0,0.0,0.0,-0.41304347826086957,-0.9284564067172764,-0.8956197193416391,-0.06426419725538302,0.0,0.0,0.0
0.0,0.0,0.0,1.0,1.0,1.0,0.0,0.0,0.0,1.0,0.0,0.0,0.0,1.0,0.0,1.0,0.0,0.0,0.0,0.0,1.0,-0.41304347826086957,0.26132965263400054,0.23183722540516363,0.8122280486444274,0.0,2.0,0.0
0.0,1.0,0.0,1.0,0.0,1.0,1.0,1.0,1.0,1.0,1.0,2.0,0.0,1.0,0.0,0.0,1.0,0.0,1.0,0.0,0.0,0.9347826086956522,0.765585461237635,0.7359484729477973,-0.4965174287945682,0.0,6.0,0.0
0.0,1.0,1.0,1.0,0.0,0.0,0.0,0.0,0.0,0.0,0.0,0.0,0.0,0.0,1.0,1.0,0.0,0.0,0.0,0.0,1.0,-0.4782608695652174,-0.9174143087186566,-0.8798688976168273,0.0,0.0,0.0,0.0
0.0,0.0,0.0,0.0,1.0,0.0,0.0,0.0,0.0,0.0,0.0,0.0,1.0,0.0,0.0,1.0,0.0,0.0,0.0,0.0,1.0,-0.5434782608695652,-0.8511617207269382,-0.8558817086984158,0.38558518353229965,0.0,0.0,0.0
0.0,1.0,0.0,1.0,0.0,1.0,1.0,1.0,0.0,0.0,1.0,1.0,1.0,0.0,0.0,0.0,1.0,0.0,0.0,1.0,0.0,0.43478260869565216,0.023924545663676047,0.004952263752722325,-0.6737030012272676,0.0,4.0,0.0
0.0,1.0,1.0,1.0,0.0,1.0,1.0,1.0,0.0,1.0,1.0,2.0,0.0,1.0,0.0,0.0,1.0,1.0,0.0,0.0,0.0,0.8043478260869565,0.7131354957441914,0.6748008463058388,-0.2615195804976012,0.0,5.0,0.0
1.0,1.0,0.0,1.0,1.0,1.0,1.0,1.0,1.0,1.0,1.0,2.0,0.0,1.0,0.0,1.0,0.0,0.0,0.0,1.0,0.0,0.5,0.658845180584311,0.6418826079730393,-0.585263225004383,0.0,6.0,0.0
1.0,0.0,0.0,1.0,1.0,0.0,1.0,1.0,1.0,1.0,1.0,0.0,0.0,1.0,0.0,0.0,1.0,0.0,0.0,1.0,0.0,0.5,0.7407407407407408,0.763800026131439,-0.23474283164119156,1.0,5.0,0.0
1.0,0.0,0.0,1.0,0.0,0.0,0.0,0.0,0.0,0.0,0.0,0.0,0.0,1.0,0.0,1.0,0.0,0.0,0.0,0.0,1.0,-0.6086956521739131,-0.02024384633080275,-0.021842884157701713,5.22146602699989,0.0,0.0,0.0
0.0,1.0,1.0,1.0,0.0,0.0,0.0,0.0,0.0,0.0,0.0,0.0,0.0,0.0,1.0,0.0,1.0,0.0,0.0,0.0,1.0,-0.2608695652173913,-0.8539222452265931,-0.8540576245648439,0.36951913421845395,0.0,0.0,0.0
1.0,1.0,0.0,1.0,1.0,1.0,1.0,0.0,1.0,0.0,1.0,2.0,1.0,0.0,0.0,1.0,0.0,0.0,1.0,0.0,0.0,0.8260869565217391,-0.023924545663676047,-0.015850127484045386,-0.7293986388485997,0.0,4.0,0.0
0.0,0.0,0.0,1.0,1.0,0.0,0.0,1.0,0.0,0.0,0.0,0.0,1.0,0.0,0.0,1.0,0.0,0.0,1.0,0.0,0.0,-0.10869565217391304,-0.3901541292845641,-0.35287812310948546,0.42842798170255497,0.0,1.0,0.0
0.0,1.0,0.0,0.0,0.0,0.0,1.0,1.0,1.0,1.0,1.0,2.0,1.0,0.0,0.0,1.0,0.0,0.0,1.0,0.0,0.0,0.6739130434782609,-0.17851391764435248,-0.19352027811576566,-1.1264085685596341,0.0,5.0,0.0
1.0,0.0,0.0,1.0,1.0,0.0,0.0,0.0,0.0,0.0,0.0,0.0,0.0,1.0,0.0,1.0,0.0,0.0,0.0,0.0,1.0,-0.45652173913043476,-0.007361398665746597,-0.030686314271945084,5.296440923797835,0.0,0.0,0.0
0.0,0.0,0.0,1.0,1.0,0.0,1.0,0.0,0.0,0.0,0.0,0.0,1.0,0.0,0.0,0.0,1.0,0.0,0.0,1.0,0.0,0.06521739130434782,-0.2999769956291695,-0.2981713627923697,0.6908401204953702,0.0,1.0,0.0
1.0,1.0,0.0,1.0,1.0,0.0,1.0,1.0,0.0,0.0,0.0,0.0,0.0,1.0,0.0,0.0,1.0,0.0,0.0,1.0,0.0,-0.32608695652173914,0.2236024844720498,0.25825922884853547,0.7390382684369076,0.0,2.0,0.0
0.0,1.0,0.0,1.0,1.0,0.0,1.0,0.0,0.0,1.0,0.0,0.0,0.0,1.0,0.0,0.0,1.0,0.0,0.0,1.0,0.0,-0.6086956521739131,0.3699102829537611,0.3677274398359778,1.02287180631485,1.0,2.0,1.0
1.0,0.0,0.0,1.0,1.0,0.0,0.0,0.0,0.0,0.0,0.0,0.0,1.0,0.0,0.0,1.0,0.0,0.0,0.0,1.0,0.0,-0.5869565217391305,-0.4849321371060502,-0.4458681306744074,2.5170143925025106,1.0,0.0,1.0
1.0,1.0,0.0,1.0,1.0,0.0,1.0,0.0,0.0,1.0,1.0,0.0,0.0,1.0,0.0,0.0,1.0,0.0,0.0,1.0,0.0,0.30434782608695654,0.56130664826317,0.5782390036789862,0.4926921789579384,1.0,3.0,1.0
0.0,1.0,0.0,1.0,1.0,1.0,0.0,0.0,1.0,1.0,0.0,0.0,1.0,0.0,0.0,0.0,1.0,0.0,1.0,0.0,0.0,-0.08695652173913043,-0.01840349666436623,-0.008869457330364962,-0.3507754100189667,1.0,3.0,0.0
1.0,1.0,1.0,1.0,1.0,0.0,0.0,0.0,0.0,0.0,0.0,1.0,0.0,0.0,1.0,1.0,0.0,0.0,0.0,0.0,1.0,0.30434782608695654,-0.9440993788819876,-0.9654056275340128,-0.1553051433671761,0.0,0.0,0.0
0.0,1.0,1.0,1.0,0.0,0.0,0.0,0.0,0.0,0.0,0.0,2.0,0.0,0.0,1.0,1.0,0.0,0.0,1.0,0.0,0.0,0.391304347826087,-0.9247757073844031,-0.9556543673236038,-0.042842798170255346,0.0,0.0,0.0
0.0,0.0,0.0,1.0,1.0,0.0,0.0,1.0,0.0,0.0,1.0,0.0,0.0,1.0,0.0,0.0,1.0,1.0,0.0,0.0,0.0,0.7391304347826086,0.3515067862893949,0.3184332014749928,0.9871694745063035,1.0,2.0,1.0
1.0,0.0,0.0,1.0,1.0,0.0,0.0,0.0,0.0,0.0,0.0,2.0,0.0,0.0,1.0,1.0,0.0,1.0,0.0,0.0,0.0,0.6304347826086957,-0.945019553715206,-0.9690601886826729,-0.16066049313845812,0.0,0.0,0.0
0.0,0.0,0.0,1.0,1.0,0.0,0.0,0.0,0.0,0.0,0.0,0.0,0.0,0.0,1.0,0.0,1.0,0.0,0.0,0.0,1.0,-0.41304347826086957,-0.8465608465608466,-0.800707892764877,0.41236193238870933,0.0,0.0,0.0
0.0,0.0,0.0,0.0,0.0,1.0,1.0,1.0,0.0,1.0,1.0,1.0,1.0,0.0,0.0,1.0,0.0,0.0,0.0,1.0,0.0,-0.08695652173913043,-0.17391304347826092,-0.16502835418405812,-1.1219457770835657,0.0,5.0,0.0
0.0,1.0,0.0,1.0,1.0,0.0,0.0,0.0,0.0,1.0,1.0,0.0,0.0,1.0,0.0,0.0,1.0,0.0,0.0,1.0,0.0,0.2826086956521739,0.4518058431101909,0.4286743694544863,1.181747182862881,1.0,2.0,1.0
0.0,1.0,1.0,1.0,1.0,0.0,0.0,0.0,0.0,1.0,1.0,0.0,0.0,1.0,0.0,0.0,1.0,0.0,0.0,1.0,0.0,0.43478260869565216,0.4619277662755923,0.49677167210997214,1.201383465357581,0.0,2.0,0.0
1.0,1.0,0.0,1.0,1.0,1.0,1.0,1.0,1.0,1.0,1.0,1.0,0.0,1.0,0.0,1.0,0.0,1.0,0.0,0.0,0.0,0.8913043478260869,0.717736369910283,0.6808143986709254,-0.5363000270955196,0.0,6.0,0.0
0.0,0.0,0.0,1.0,0.0,0.0,0.0,0.0,0.0,0.0,0.0,0.0,0.0,0.0,1.0,1.0,0.0,0.0,1.0,0.0,0.0,-0.5869565217391305,-0.9229353577179664,-0.9746363416611119,-0.03213209862769132,0.0,0.0,0.0
1.0,1.0,1.0,1.0,1.0,1.0,0.0,1.0,1.0,1.0,1.0,2.0,1.0,0.0,0.0,1.0,0.0,0.0,0.0,1.0,0.0,0.9347826086956522,0.18955601564297211,0.16491555699951466,-0.7693852504741715,0.0,5.0,0.0
1.0,1.0,1.0,1.0,0.0,1.0,0.0,0.0,0.0,0.0,0.0,2.0,1.0,0.0,0.0,0.0,1.0,1.0,0.0,0.0,0.0,0.9347826086956522,-0.27973314929836673,-0.28043345823421933,0.7497489679794712,0.0,1.0,0.0
0.0,0.0,1.0,1.0,1.0,1.0,1.0,0.0,1.0,0.0,0.0,0.0,1.0,0.0,0.0,1.0,0.0,0.0,0.0,1.0,0.0,-0.6086956521739131,-0.1932367149758454,-0.19457689573980508,-0.6051545241548587,0.0,3.0,0.0
1.0,1.0,0.0,1.0,1.0,0.0,1.0,1.0,0.0,0.0,1.0,0.0,0.0,1.0,0.0,0.0,1.0,1.0,0.0,0.0,0.0,0.8695652173913043,0.4573268921095007,0.4025086022051156,0.3414035479192235,1.0,3.0,1.0
0.0,0.0,0.0,1.0,1.0,0.0,0.0,0.0,0.0,1.0,1.0,0.0,0.0,1.0,0.0,1.0,0.0,1.0,0.0,0.0,0.0,-0.43478260869565216,0.3735909822866344,0.3561914213319723,1.0300122726765593,0.0,2.0,0.0
1.0,0.0,0.0,1.0,1.0,0.0,0.0,0.0,0.0,0.0,0.0,0.0,0.0,0.0,1.0,1.0,0.0,0.0,1.0,0.0,0.0,-0.41304347826086957,-0.9293765815504946,-0.932187877112744,-0.06961954702666504,0.0,0.0,0.0
1.0,1.0,1.0,1.0,1.0,1.0,1.0,0.0,0.0,1.0,0.0,0.0,0.0,1.0,0.0,0.0,1.0,0.0,1.0,0.0,0.0,0.8913043478260869,0.49781458477110646,0.4535825439209728,0.40031239540332486,0.0,3.0,0.0
1.0,0.0,1.0,1.0,0.0,0.0,0.0,1.0,0.0,1.0,1.0,0.0,0.0,1.0,0.0,1.0,0.0,0.0,0.0,0.0,1.0,-0.5,0.4416839199447895,0.4652731538233895,0.3186433113912754,0.0,3.0,0.0
0.0,1.0,1.0,1.0,0.0,1.0,1.0,1.0,0.0,0.0,0.0,1.0,1.0,0.0,0.0,1.0,0.0,1.0,0.0,0.0,0.0,0.782608695652174,-0.16839199447895098,-0.20189900850572404,-0.5690059131987056,0.0,3.0,0.0
1.0,0.0,1.0,1.0,1.0,1.0,1.0,0.0,1.0,1.0,1.0,1.0,0.0,1.0,0.0,1.0,0.0,0.0,0.0,1.0,0.0,0.5434782608695652,0.6505636070853461,0.6856485397583181,-0.3222135445721298,0.0,5.0,0.0
0.0,0.0,0.0,1.0,0.0,0.0,0.0,0.0,0.0,0.0,1.0,1.0,1.0,0.0,0.0,1.0,0.0,0.0,1.0,0.0,0.0,0.3695652173913043,-0.2732919254658385,-0.22299971008778538,0.7684926921789581,0.0,1.0,0.0
1.0,1.0,1.0,1.0,1.0,0.0,0.0,1.0,0.0,1.0,0.0,0.0,0.0,1.0,0.0,0.0,1.0,0.0,1.0,0.0,0.0,0.5652173913043478,0.3662295836208881,0.4065341234825177,1.0157313399531411,0.0,2.0,0.0
0.0,1.0,1.0,1.0,1.0,0.0,0.0,0.0,0.0,0.0,0.0,2.0,0.0,0.0,1.0,0.0,1.0,0.0,0.0,0.0,1.0,0.7608695652173914,-0.8548424200598115,-0.8494644793785022,0.36416378444717196,0.0,0.0,0.0
1.0,0.0,0.0,1.0,1.0,1.0,0.0,1.0,1.0,0.0,1.0,2.0,1.0,0.0,0.0,0.0,1.0,1.0,0.0,0.0,0.0,0.7391304347826086,0.025764895330112825,0.009367077408129127,-0.6715608613187547,0.0,4.0,0.0
1.0,1.0,0.0,1.0,0.0,0.0,0.0,0.0,0.0,0.0,0.0,1.0,0.0,0.0,1.0,0.0,1.0,1.0,0.0,0.0,0.0,0.6739130434782609,-0.8530020703933748,-0.835928480232859,0.3748744839897356,0.0,0.0,0.0
0.0,0.0,0.0,1.0,1.0,0.0,0.0,1.0,1.0,0.0,1.0,2.0,0.0,1.0,0.0,0.0,1.0,1.0,0.0,0.0,0.0,0.5434782608695652,0.45272601794340916,0.4264114041727268,0.3347093607051211,0.0,3.0,0.0
1.0,0.0,0.0,1.0,0.0,0.0,0.0,0.0,0.0,0.0,0.0,0.0,1.0,0.0,0.0,1.0,0.0,0.0,0.0,1.0,0.0,-0.5,-0.47389003910743044,-0.46730674913317916,2.581278589757894,0.0,0.0,0.0
0.0,1.0,1.0,1.0,1.0,1.0,1.0,1.0,0.0,1.0,0.0,2.0,0.0,1.0,0.0,0.0,1.0,0.0,1.0,0.0,0.0,0.9130434782608695,0.5244996549344375,0.5305358455682552,-0.0910409461117927,0.0,4.0,0.0
0.0,1.0,1.0,1.0,1.0,0.0,0.0,1.0,0.0,1.0,1.0,0.0,0.0,1.0,0.0,1.0,0.0,1.0,0.0,0.0,0.0,0.2608695652173913,0.4490453186105361,0.4275165346596741,0.3293540109338394,0.0,3.0,0.0
1.0,1.0,0.0,1.0,1.0,0.0,1.0,1.0,0.0,0.0,0.0,0.0,0.0,1.0,0.0,0.0,1.0,1.0,0.0,0.0,0.0,0.391304347826087,0.23648493213710595,0.29219052033017795,0.7640299007028897,0.0,2.0,0.0
1.0,0.0,0.0,1.0,0.0,0.0,0.0,0.0,0.0,0.0,0.0,1.0,0.0,0.0,1.0,1.0,0.0,0.0,0.0,0.0,1.0,-0.41304347826086957,-0.9385783298826778,-0.8821133897126129,-0.1231730447394844,0.0,0.0,0.0
0.0,1.0,0.0,1.0,1.0,0.0,1.0,0.0,0.0,1.0,0.0,0.0,0.0,1.0,0.0,0.0,1.0,0.0,0.0,1.0,0.0,0.45652173913043476,0.3229813664596273,0.30795044625336293,0.9318308602030569,1.0,2.0,1.0
1.0,0.0,1.0,1.0,0.0,0.0,0.0,0.0,0.0,1.0,0.0,0.0,1.0,0.0,0.0,1.0,0.0,0.0,0.0,1.0,0.0,-0.43478260869565216,-0.27881297446514836,-0.37884692582591406,0.7524266428651124,0.0,1.0,0.0
1.0,1.0,1.0,1.0,1.0,0.0,0.0,1.0,1.0,0.0,1.0,2.0,0.0,1.0,0.0,0.0,1.0,1.0,0.0,0.0,0.0,0.5,0.47389003910743044,0.4663391950159819,0.3655026218899924,0.0,3.0,0.0
1.0,0.0,0.0,1.0,0.0,0.0,0.0,0.0,0.0,0.0,0.0,1.0,0.0,0.0,1.0,1.0,0.0,0.0,0.0,0.0,1.0,0.1956521739130435,-0.927536231884058,-0.944074220910863,-0.058908847484101,0.0,0.0,0.0
1.0,0.0,0.0,1.0,0.0,0.0,0.0,0.0,0.0,1.0,0.0,0.0,0.0,1.0,0.0,1.0,0.0,0.0,0.0,1.0,0.0,-0.1956521739130435,0.15274902231423965,0.21088863251116388,2.0082561642307266,0.0,1.0,0.0
1.0,0.0,0.0,1.0,1.0,0.0,0.0,0.0,0.0,1.0,1.0,0.0,0.0,1.0,0.0,1.0,0.0,0.0,0.0,1.0,0.0,-0.5652173913043478,0.39567517828387394,0.3371008420377327,1.072855070846815,0.0,2.0,0.0
1.0,1.0,0.0,1.0,1.0,0.0,1.0,1.0,0.0,1.0,1.0,0.0,0.0,1.0,0.0,0.0,1.0,0.0,0.0,1.0,0.0,0.391304347826087,0.6183574879227052,0.7105954603360354,0.01820818922235877,0.0,4.0,0.0
0.0,0.0,0.0,1.0,1.0,0.0,0.0,0.0,0.0,0.0,0.0,2.0,0.0,0.0,1.0,1.0,0.0,0.0,1.0,0.0,0.0,-0.17391304347826086,-0.9137336093857833,-0.9162707967141702,0.021421399085128055,0.0,0.0,0.0
0.0,0.0,0.0,1.0,0.0,0.0,0.0,0.0,0.0,0.0,0.0,0.0,0.0,0.0,1.0,1.0,0.0,1.0,0.0,0.0,0.0,-0.43478260869565216,-0.9385783298826778,-0.9901538178788895,-0.1231730447394844,0.0,0.0,0.0
1.0,1.0,0.0,1.0,1.0,0.0,1.0,1.0,0.0,1.0,1.0,2.0,0.0,1.0,0.0,0.0,1.0,1.0,0.0,0.0,0.0,0.9347826086956522,0.6312399355877616,0.609396818628965,0.03320316858194825,0.0,4.0,0.0
0.0,1.0,1.0,1.0,1.0,0.0,0.0,0.0,0.0,0.0,0.0,0.0,0.0,1.0,0.0,1.0,0.0,0.0,0.0,1.0,0.0,-0.5652173913043478,-0.01748332183114797,-0.07084544063489422,5.237532076313735,0.0,0.0,0.0
0.0,0.0,1.0,1.0,0.0,1.0,0.0,0.0,0.0,0.0,0.0,0.0,1.0,0.0,0.0,0.0,1.0,0.0,0.0,0.0,1.0,-0.2391304347826087,-0.23648493213710609,-0.2837002953326987,0.8755996876045968,0.0,1.0,0.0
0.0,1.0,0.0,1.0,1.0,0.0,0.0,0.0,0.0,0.0,0.0,2.0,0.0,0.0,1.0,0.0,1.0,0.0,1.0,0.0,0.0,0.8478260869565217,-0.8382792730618818,-0.8607324213202849,0.46056008033024665,0.0,0.0,0.0
1.0,1.0,0.0,1.0,0.0,0.0,1.0,1.0,0.0,1.0,1.0,2.0,1.0,0.0,0.0,0.0,1.0,1.0,0.0,0.0,0.0,0.6956521739130435,0.1913963653094089,0.18875765211200238,-0.47876826955260504,0.0,4.0,0.0
1.0,1.0,0.0,1.0,1.0,1.0,0.0,0.0,0.0,0.0,1.0,0.0,1.0,0.0,0.0,1.0,0.0,1.0,0.0,0.0,0.0,-0.13043478260869565,-0.19415688980906368,-0.17380407288534308,-0.07140466361709225,0.0,2.0,0.0
1.0,0.0,0.0,1.0,0.0,1.0,1.0,0.0,0.0,1.0,0.0,1.0,0.0,1.0,0.0,0.0,1.0,1.0,0.0,0.0,0.0,0.391304347826087,0.44720496894409933,0.4762824382872476,0.32667633604819823,0.0,3.0,0.0
1.0,0.0,0.0,1.0,1.0,0.0,0.0,0.0,0.0,0.0,0.0,0.0,0.0,1.0,0.0,0.0,1.0,0.0,1.0,0.0,0.0,-0.30434782608695654,0.0680929376581551,0.09196555326057758,5.735579605042955,1.0,0.0,1.0
0.0,1.0,1.0,1.0,0.0,0.0,0.0,0.0,0.0,0.0,0.0,1.0,0.0,0.0,1.0,1.0,0.0,0.0,0.0,0.0,1.0,0.13043478260869565,-0.9358178053830228,-0.9249950018584132,-0.10710699542563874,0.0,0.0,0.0
0.0,1.0,0.0,1.0,0.0,0.0,0.0,0.0,0.0,0.0,0.0,1.0,0.0,0.0,1.0,1.0,0.0,0.0,0.0,0.0,1.0,0.06521739130434782,-0.942259029215551,-0.9564900824656515,-0.14459444382461206,0.0,0.0,0.0
1.0,0.0,0.0,1.0,0.0,1.0,0.0,0.0,1.0,0.0,1.0,1.0,0.0,1.0,0.0,0.0,1.0,0.0,1.0,0.0,0.0,0.9130434782608695,0.4996549344375433,0.43379030536838975,0.40299007028896605,0.0,3.0,0.0
0.0,1.0,0.0,1.0,1.0,0.0,1.0,1.0,0.0,1.0,1.0,0.0,0.0,1.0,0.0,0.0,1.0,0.0,0.0,1.0,0.0,0.5,0.6358408097538532,0.6905965676632871,0.03855851835322989,0.0,4.0,0.0
1.0,0.0,0.0,0.0,1.0,1.0,1.0,1.0,1.0,1.0,1.0,2.0,1.0,0.0,0.0,1.0,0.0,1.0,0.0,0.0,0.0,0.9347826086956522,-0.1251437773176903,-0.15762080106325577,-1.2370857971661273,0.0,6.0,0.0
1.0,0.0,0.0,1.0,0.0,0.0,0.0,0.0,0.0,0.0,0.0,0.0,0.0,0.0,1.0,0.0,1.0,0.0,0.0,1.0,0.0,-0.3695652173913043,-0.8373590982286635,-0.8129279052863768,0.4659154301015287,0.0,0.0,0.0
1.0,1.0,0.0,1.0,1.0,0.0,0.0,0.0,0.0,0.0,0.0,2.0,0.0,0.0,1.0,1.0,0.0,0.0,1.0,0.0,0.0,0.32608695652173914,-0.9413388543823327,-0.9432928030507715,-0.13923909405333007,1.0,0.0,1.0
1.0,1.0,0.0,1.0,1.0,1.0,1.0,1.0,0.0,1.0,1.0,2.0,0.0,1.0,0.0,0.0,1.0,0.0,0.0,1.0,0.0,0.9347826086956522,0.720496894409938,0.7140759776868844,-0.25437911413589165,0.0,5.0,0.0
0.0,0.0,0.0,1.0,1.0,0.0,1.0,0.0,1.0,0.0,0.0,0.0,0.0,1.0,0.0,0.0,1.0,0.0,0.0,1.0,0.0,-0.2391304347826087,0.2751322751322752,0.24016766000628634,0.8390047975008371,1.0,2.0,0.0
0.0,0.0,0.0,1.0,1.0,0.0,0.0,0.0,0.0,0.0,0.0,0.0,0.0,1.0,0.0,0.0,1.0,0.0,0.0,1.0,0.0,-0.4782608695652174,0.061651713825626765,0.044966851325041884,5.69809215664398,0.0,0.0,0.0
1.0,0.0,0.0,1.0,1.0,0.0,0.0,0.0,0.0,0.0,0.0,0.0,0.0,1.0,0.0,0.0,1.0,0.0,0.0,0.0,1.0,-0.41304347826086957,0.06717276282493684,0.19462590908029553,5.730224255271674,0.0,0.0,0.0
1.0,1.0,1.0,1.0,0.0,0.0,0.0,0.0,0.0,0.0,0.0,1.0,0.0,0.0,1.0,1.0,0.0,0.0,0.0,0.0,1.0,0.2826086956521739,-0.9247757073844031,-0.9230961527949221,-0.042842798170255346,0.0,0.0,0.0
1.0,1.0,0.0,1.0,1.0,0.0,1.0,1.0,0.0,1.0,1.0,2.0,0.0,1.0,0.0,0.0,1.0,1.0,0.0,0.0,0.0,0.9347826086956522,0.6119162640901772,0.5777748564022768,0.010710699542564027,0.0,4.0,0.0
1.0,1.0,1.0,1.0,1.0,0.0,0.0,1.0,0.0,0.0,1.0,0.0,0.0,1.0,0.0,0.0,1.0,0.0,0.0,1.0,0.0,0.0,0.34414538762364855,0.4126851732246431,0.9728885417828855,0.0,2.0,0.0
1.0,1.0,0.0,1.0,1.0,1.0,0.0,0.0,1.0,0.0,0.0,2.0,0.0,1.0,0.0,0.0,1.0,0.0,1.0,0.0,0.0,0.7391304347826086,0.2604094778007823,0.27147241818435003,0.8104429320540002,0.0,2.0,0.0
0.0,0.0,0.0,1.0,1.0,0.0,0.0,0.0,0.0,0.0,0.0,0.0,0.0,0.0,1.0,1.0,0.0,0.0,0.0,0.0,1.0,-0.6086956521739131,-0.9312169312169313,-0.931452838765586,-0.08033024656922906,0.0,0.0,0.0
0.0,1.0,0.0,1.0,1.0,1.0,1.0,1.0,1.0,1.0,1.0,1.0,1.0,0.0,0.0,0.0,1.0,0.0,1.0,0.0,0.0,-0.06521739130434782,0.360708534621578,0.3373010928694904,-0.8331394144180042,0.0,6.0,0.0
0.0,0.0,0.0,1.0,1.0,1.0,1.0,0.0,1.0,0.0,0.0,1.0,0.0,1.0,0.0,0.0,1.0,0.0,0.0,1.0,0.0,0.782608695652174,0.3561076604554865,0.3551893818758039,0.19413142920897022,0.0,3.0,0.0
1.0,1.0,1.0,1.0,1.0,1.0,0.0,0.0,0.0,1.0,0.0,1.0,1.0,0.0,0.0,0.0,1.0,0.0,0.0,1.0,0.0,0.9130434782608695,-0.07913503565677474,-0.08262589677390934,0.15173491018632168,0.0,2.0,0.0
0.0,1.0,0.0,1.0,1.0,0.0,1.0,0.0,0.0,1.0,1.0,2.0,0.0,1.0,0.0,0.0,1.0,1.0,0.0,0.0,0.0,0.6956521739130435,0.5622268230963883,0.5016761287965329,0.49403101640075875,0.0,3.0,0.0
0.0,0.0,0.0,1.0,1.0,0.0,1.0,0.0,0.0,0.0,0.0,1.0,0.0,1.0,0.0,0.0,1.0,0.0,0.0,0.0,1.0,0.5,0.17851391764435248,0.2215678915741983,2.0832310610286737,0.0,1.0,0.0
0.0,1.0,0.0,0.0,0.0,0.0,0.0,0.0,0.0,1.0,1.0,0.0,1.0,0.0,0.0,1.0,0.0,0.0,0.0,1.0,0.0,-0.5869565217391305,-0.47665056360708535,-0.4049816226137501,-0.6194354568782772,0.0,2.0,0.0
1.0,1.0,0.0,1.0,1.0,0.0,1.0,1.0,0.0,0.0,1.0,0.0,0.0,1.0,0.0,0.0,1.0,0.0,0.0,1.0,0.0,0.0,0.46744881527490234,0.44237185129735623,0.3561307597902491,1.0,3.0,1.0
1.0,0.0,0.0,1.0,1.0,0.0,0.0,0.0,0.0,0.0,0.0,1.0,0.0,0.0,1.0,1.0,0.0,0.0,0.0,0.0,1.0,-0.2608695652173913,-0.927536231884058,-0.9950120370198269,-0.058908847484101,0.0,0.0,0.0
0.0,1.0,1.0,1.0,0.0,0.0,0.0,0.0,0.0,0.0,0.0,2.0,0.0,0.0,1.0,1.0,0.0,0.0,1.0,0.0,0.0,0.6304347826086957,-0.9376581550494595,-0.9550722822055087,-0.1178176949682024,0.0,0.0,0.0
0.0,0.0,0.0,1.0,1.0,0.0,0.0,1.0,0.0,0.0,1.0,0.0,0.0,1.0,0.0,1.0,0.0,0.0,1.0,0.0,0.0,-0.5434782608695652,0.22728318380492285,0.17110468197124343,0.7461787347986164,0.0,2.0,0.0
1.0,1.0,0.0,1.0,1.0,1.0,1.0,1.0,0.0,1.0,0.0,0.0,0.0,1.0,0.0,0.0,1.0,0.0,0.0,1.0,0.0,-0.13043478260869565,0.5291005291005291,0.44970019463858585,-0.08568559634051069,0.0,4.0,0.0
0.0,0.0,0.0,1.0,1.0,0.0,0.0,0.0,1.0,0.0,0.0,0.0,0.0,1.0,0.0,0.0,1.0,0.0,1.0,0.0,0.0,0.043478260869565216,0.17207269381182413,0.1279804563617788,2.0644873368291865,0.0,1.0,0.0
0.0,0.0,0.0,1.0,1.0,0.0,1.0,1.0,0.0,1.0,1.0,1.0,0.0,1.0,0.0,0.0,1.0,0.0,0.0,1.0,0.0,0.6956521739130435,0.6155969634230505,0.6377636588492277,0.014994979359589485,0.0,4.0,0.0
1.0,0.0,0.0,1.0,1.0,0.0,0.0,0.0,0.0,1.0,0.0,0.0,0.0,1.0,0.0,1.0,0.0,0.0,0.0,1.0,0.0,-0.5,0.16931216931216936,0.22684508996404976,2.056454312172264,1.0,1.0,1.0
0.0,0.0,0.0,1.0,0.0,1.0,0.0,1.0,1.0,1.0,1.0,2.0,1.0,0.0,0.0,0.0,1.0,0.0,1.0,0.0,0.0,0.6956521739130435,0.2935357717966414,0.26189999255869717,-0.6685261631150283,0.0,5.0,0.0
1.0,1.0,1.0,1.0,1.0,0.0,0.0,1.0,1.0,1.0,1.0,1.0,0.0,1.0,0.0,0.0,1.0,1.0,0.0,0.0,0.0,0.6304347826086957,0.6358408097538532,0.6053634365108802,0.03855851835322989,0.0,4.0,0.0
0.0,0.0,0.0,1.0,1.0,0.0,0.0,0.0,0.0,0.0,0.0,1.0,0.0,0.0,1.0,1.0,0.0,0.0,0.0,0.0,1.0,-0.41304347826086957,-0.9330572808833679,-0.932831035666507,-0.0910409461117927,0.0,0.0,0.0
0.0,1.0,0.0,1.0,0.0,0.0,1.0,1.0,1.0,0.0,0.0,0.0,0.0,1.0,0.0,0.0,1.0,0.0,0.0,1.0,0.0,0.5652173913043478,0.36714975845410636,0.38837533522432205,0.21019747852281626,1.0,3.0,0.0
1.0,1.0,1.0,1.0,1.0,1.0,1.0,1.0,1.0,1.0,1.0,2.0,0.0,1.0,0.0,0.0,1.0,1.0,0.0,0.0,0.0,0.9347826086956522,0.848401196227283,0.8307633152981987,-0.42766293173522907,0.0,6.0,0.0
1.0,1.0,0.0,1.0,0.0,1.0,1.0,1.0,1.0,0.0,1.0,2.0,0.0,1.0,0.0,0.0,1.0,1.0,0.0,0.0,0.0,0.9347826086956522,0.6459627329192545,0.6378285102516693,-0.32667633604819823,0.0,5.0,0.0
1.0,1.0,0.0,1.0,1.0,0.0,0.0,0.0,0.0,1.0,1.0,0.0,0.0,1.0,0.0,0.0,1.0,1.0,0.0,0.0,0.0,0.2391304347826087,0.4895330112721416,0.4058345841464445,1.2549369630704008,0.0,2.0,0.0
0.0,1.0,0.0,1.0,0.0,0.0,0.0,0.0,0.0,0.0,0.0,0.0,1.0,0.0,0.0,1.0,0.0,0.0,0.0,0.0,1.0,-0.5,-0.45732689210950084,-0.3065171106923915,2.6776748856409687,0.0,0.0,0.0
0.0,1.0,1.0,1.0,1.0,0.0,1.0,1.0,0.0,1.0,1.0,1.0,0.0,1.0,0.0,0.0,1.0,0.0,0.0,1.0,0.0,0.8913043478260869,0.6625258799171843,0.644679388497253,0.06961954702666541,0.0,4.0,0.0
1.0,0.0,0.0,1.0,1.0,0.0,0.0,0.0,0.0,1.0,1.0,0.0,0.0,1.0,0.0,1.0,0.0,0.0,0.0,1.0,0.0,0.021739130434782608,0.36346905912123306,0.39060550839126706,1.0103759901818588,0.0,2.0,0.0
0.0,0.0,0.0,1.0,0.0,0.0,0.0,0.0,0.0,1.0,1.0,0.0,0.0,1.0,0.0,1.0,0.0,0.0,0.0,1.0,0.0,-0.6086956521739131,0.36899010812054284,0.3668086419020305,1.0210866897244228,0.0,2.0,0.0
1.0,0.0,0.0,1.0,0.0,1.0,1.0,1.0,1.0,1.0,1.0,2.0,0.0,1.0,0.0,0.0,1.0,0.0,1.0,0.0,0.0,0.8260869565217391,0.8410397975615368,0.8290737098935449,-0.4337833314738366,0.0,6.0,0.0
1.0,1.0,1.0,1.0,0.0,0.0,0.0,0.0,0.0,0.0,0.0,1.0,0.0,0.0,1.0,1.0,0.0,0.0,1.0,0.0,0.0,0.10869565217391304,-0.9367379802162411,-0.9302638061451836,-0.11246234519692037,0.0,0.0,0.0
0.0,0.0,0.0,1.0,1.0,0.0,0.0,0.0,0.0,1.0,1.0,0.0,0.0,1.0,0.0,0.0,1.0,0.0,0.0,1.0,0.0,-0.5869565217391305,0.42972164711295135,0.2726318536724263,1.1389043846926252,1.0,2.0,1.0
1.0,1.0,0.0,1.0,1.0,0.0,0.0,0.0,0.0,0.0,0.0,0.0,0.0,1.0,0.0,1.0,0.0,0.0,0.0,0.0,1.0,-0.4782608695652174,-0.007361398665746597,-0.06975163357067116,5.296440923797835,1.0,0.0,1.0
1.0,0.0,0.0,1.0,1.0,0.0,0.0,0.0,0.0,0.0,0.0,0.0,0.0,1.0,0.0,1.0,0.0,0.0,0.0,1.0,0.0,-0.45652173913043476,-0.014722797331492931,-0.008864863340695334,5.2535981256275806,1.0,0.0,1.0
1.0,1.0,0.0,1.0,1.0,0.0,0.0,0.0,1.0,0.0,1.0,0.0,0.0,1.0,0.0,0.0,1.0,1.0,0.0,0.0,0.0,0.13043478260869565,0.3561076604554865,0.36258217140587257,0.9960950574584404,0.0,2.0,0.0
1.0,1.0,0.0,1.0,1.0,1.0,0.0,0.0,0.0,0.0,1.0,0.0,0.0,1.0,0.0,0.0,1.0,0.0,0.0,1.0,0.0,-0.43478260869565216,0.3229813664596273,0.33893843790562733,0.9318308602030569,0.0,2.0,0.0
1.0,0.0,1.0,1.0,1.0,0.0,0.0,0.0,0.0,0.0,0.0,0.0,0.0,0.0,1.0,1.0,0.0,0.0,0.0,0.0,1.0,-0.5,-0.9256958822176213,-0.9959218271308923,-0.04819814794153736,0.0,0.0,0.0
1.0,0.0,0.0,1.0,1.0,0.0,0.0,0.0,1.0,0.0,0.0,0.0,1.0,0.0,0.0,1.0,0.0,0.0,0.0,1.0,0.0,-0.5217391304347826,-0.39199447895100065,-0.49998532898390674,0.4230726319312733,0.0,1.0,0.0
0.0,1.0,0.0,1.0,1.0,0.0,0.0,0.0,0.0,0.0,0.0,0.0,0.0,1.0,0.0,0.0,1.0,0.0,1.0,0.0,0.0,-0.5652173913043478,0.07821486082355648,0.10862642246282299,5.794488452527056,0.0,0.0,0.0
1.0,0.0,0.0,1.0,1.0,0.0,0.0,0.0,0.0,0.0,0.0,1.0,0.0,0.0,1.0,1.0,0.0,0.0,0.0,0.0,1.0,0.13043478260869565,-0.945019553715206,-0.9621669411289692,-0.16066049313845812,0.0,0.0,0.0
0.0,1.0,0.0,1.0,1.0,0.0,0.0,0.0,0.0,0.0,0.0,0.0,1.0,0.0,0.0,0.0,1.0,0.0,0.0,1.0,0.0,-0.30434782608695654,-0.35702783528870485,-0.42593021550774984,3.2614080107107,0.0,0.0,0.0
1.0,1.0,0.0,1.0,1.0,0.0,1.0,0.0,0.0,0.0,0.0,0.0,0.0,1.0,0.0,1.0,0.0,0.0,0.0,1.0,0.0,-0.2608695652173913,0.10950080515297912,0.03609543261827291,1.882405444605601,1.0,1.0,1.0
0.0,1.0,1.0,1.0,0.0,0.0,0.0,0.0,0.0,0.0,0.0,1.0,0.0,0.0,1.0,0.0,1.0,0.0,1.0,0.0,0.0,0.08695652173913043,-0.8530020703933748,-0.8514895761505311,0.3748744839897356,0.0,0.0,0.0
0.0,0.0,0.0,0.0,1.0,0.0,1.0,0.0,0.0,1.0,1.0,0.0,1.0,0.0,0.0,1.0,0.0,0.0,0.0,1.0,0.0,-0.5652173913043478,-0.366229583620888,-0.34556602288515426,-0.8568559634051097,0.0,3.0,0.0
1.0,1.0,0.0,1.0,0.0,1.0,1.0,1.0,0.0,0.0,1.0,2.0,1.0,0.0,0.0,1.0,0.0,1.0,0.0,0.0,0.0,0.8478260869565217,0.008281573498964856,-0.015830162384075867,-0.691911190449626,0.0,4.0,0.0
0.0,1.0,1.0,1.0,0.0,1.0,1.0,1.0,1.0,1.0,1.0,2.0,0.0,1.0,0.0,0.0,1.0,0.0,1.0,0.0,0.0,0.6739130434782609,0.8235564757303888,0.7727488824188721,-0.44831928085303047,0.0,6.0,0.0
0.0,1.0,1.0,1.0,0.0,1.0,0.0,0.0,0.0,0.0,0.0,1.0,0.0,1.0,0.0,0.0,1.0,0.0,1.0,0.0,0.0,-0.13043478260869565,0.2088796871405566,0.14965274760038547,2.1715943322548252,0.0,1.0,0.0
0.0,1.0,1.0,1.0,0.0,0.0,0.0,0.0,0.0,0.0,0.0,2.0,0.0,0.0,1.0,0.0,1.0,1.0,0.0,0.0,0.0,0.13043478260869565,-0.8502415458937199,-0.8657719121731207,0.39094053330358164,0.0,0.0,0.0
0.0,1.0,1.0,1.0,0.0,0.0,0.0,0.0,0.0,0.0,0.0,2.0,0.0,0.0,1.0,1.0,0.0,0.0,1.0,0.0,0.0,0.7391304347826086,-0.9293765815504946,-0.9444180985001766,-0.06961954702666504,0.0,0.0,0.0
0.0,0.0,0.0,1.0,0.0,0.0,0.0,0.0,0.0,0.0,0.0,0.0,1.0,0.0,0.0,1.0,0.0,0.0,0.0,1.0,0.0,-0.5869565217391305,-0.47941108810674027,-0.5372885251021695,2.5491464911302026,0.0,0.0,0.0
1.0,1.0,1.0,1.0,0.0,1.0,1.0,0.0,0.0,1.0,0.0,0.0,0.0,1.0,0.0,1.0,0.0,0.0,0.0,1.0,0.0,-0.5652173913043478,0.3561076604554865,0.22439496214019003,0.19413142920897022,0.0,3.0,0.0
0.0,1.0,0.0,1.0,1.0,0.0,1.0,1.0,0.0,1.0,1.0,0.0,0.0,1.0,0.0,0.0,1.0,0.0,0.0,1.0,0.0,0.6739130434782609,0.6514837819185646,0.6633506750835403,0.05676670757558865,1.0,4.0,1.0
1.0,0.0,0.0,0.0,1.0,0.0,0.0,1.0,0.0,0.0,1.0,0.0,1.0,0.0,0.0,1.0,0.0,0.0,0.0,1.0,0.0,-0.6086956521739131,-0.5677478720956982,-0.5685276548563797,-0.7961619993305812,1.0,2.0,1.0
1.0,1.0,0.0,1.0,1.0,0.0,1.0,1.0,1.0,1.0,1.0,2.0,0.0,1.0,0.0,0.0,1.0,0.0,0.0,1.0,0.0,0.5652173913043478,0.7931907062341844,0.8053091322326524,-0.183867008814013,1.0,5.0,0.0
1.0,0.0,0.0,1.0,1.0,0.0,1.0,1.0,0.0,1.0,1.0,0.0,0.0,1.0,0.0,0.0,1.0,0.0,0.0,1.0,0.0,-0.5652173913043478,0.6349206349206349,0.506465927862029,0.037487448398973715,1.0,4.0,1.0
1.0,0.0,0.0,1.0,1.0,0.0,0.0,0.0,1.0,0.0,0.0,0.0,0.0,1.0,0.0,1.0,0.0,0.0,0.0,1.0,0.0,-0.6086956521739131,0.09937888198757774,0.0976008472554548,1.8529510208635507,0.0,1.0,0.0
1.0,1.0,0.0,0.0,0.0,0.0,0.0,0.0,0.0,1.0,1.0,0.0,1.0,0.0,0.0,1.0,0.0,0.0,0.0,1.0,0.0,-0.32608695652173914,-0.4444444444444444,-0.4207324443385619,-0.5569563762133212,0.0,2.0,0.0
1.0,1.0,1.0,1.0,1.0,1.0,0.0,0.0,0.0,1.0,1.0,0.0,0.0,1.0,0.0,0.0,1.0,0.0,1.0,0.0,0.0,0.06521739130434782,0.5346215780998389,0.5431317079136158,0.4538658931161442,0.0,3.0,0.0
1.0,0.0,0.0,1.0,0.0,0.0,0.0,0.0,0.0,0.0,0.0,0.0,0.0,0.0,1.0,1.0,0.0,1.0,0.0,0.0,0.0,0.13043478260869565,-0.9155739590522199,-0.9086666500036915,0.010710699542564027,0.0,0.0,0.0
0.0,1.0,1.0,0.0,1.0,0.0,0.0,1.0,1.0,1.0,1.0,2.0,1.0,0.0,0.0,1.0,0.0,0.0,1.0,0.0,0.0,0.6304347826086957,-0.27605244996549344,-0.2937753899187421,-1.0228718063148499,0.0,4.0,0.0
0.0,1.0,1.0,0.0,1.0,1.0,0.0,0.0,1.0,1.0,0.0,2.0,1.0,0.0,0.0,1.0,0.0,0.0,1.0,0.0,0.0,0.13043478260869565,-0.4444444444444444,-0.4245126415525167,-0.9706571460448509,0.0,3.0,0.0
0.0,1.0,0.0,1.0,1.0,1.0,0.0,1.0,0.0,0.0,0.0,1.0,0.0,1.0,0.0,1.0,0.0,0.0,1.0,0.0,0.0,0.6521739130434783,0.19783758914193697,0.14785442238847363,0.6890550039049426,0.0,2.0,0.0
0.0,1.0,0.0,1.0,1.0,0.0,0.0,0.0,0.0,0.0,0.0,0.0,0.0,1.0,0.0,1.0,0.0,0.0,1.0,0.0,0.0,-0.5869565217391305,-0.0018403496664365184,0.12516478527387553,5.3285730224255285,0.0,0.0,0.0
1.0,0.0,0.0,1.0,1.0,0.0,1.0,1.0,0.0,1.0,1.0,0.0,0.0,1.0,0.0,0.0,1.0,0.0,1.0,0.0,0.0,-0.10869565217391304,0.5971934667586842,0.6145012515953386,-0.006426419725538188,1.0,4.0,1.0
0.0,1.0,1.0,1.0,1.0,0.0,0.0,0.0,0.0,0.0,0.0,1.0,0.0,0.0,1.0,1.0,0.0,1.0,0.0,0.0,0.0,0.5217391304347826,-0.9321371060501495,-0.9367402608383019,-0.08568559634051069,0.0,0.0,0.0
0.0,0.0,1.0,1.0,0.0,0.0,0.0,0.0,0.0,0.0,0.0,1.0,0.0,0.0,1.0,1.0,0.0,1.0,0.0,0.0,0.0,-0.2391304347826087,-0.9266160570508397,-0.8981208914951625,-0.05355349771281937,0.0,0.0,0.0
1.0,0.0,0.0,1.0,0.0,0.0,0.0,0.0,1.0,0.0,0.0,0.0,1.0,0.0,0.0,1.0,0.0,0.0,0.0,0.0,1.0,-0.6086956521739131,-0.3947550034506557,-0.3957936432742765,0.41503960727435013,0.0,1.0,0.0
1.0,1.0,1.0,1.0,0.0,1.0,1.0,1.0,1.0,0.0,1.0,1.0,1.0,0.0,0.0,0.0,1.0,1.0,0.0,0.0,0.0,0.8913043478260869,0.1444674488152748,0.13250204306068364,-0.8131206069396408,0.0,5.0,0.0
0.0,0.0,0.0,1.0,1.0,0.0,0.0,1.0,1.0,1.0,1.0,0.0,0.0,1.0,0.0,0.0,1.0,0.0,0.0,1.0,0.0,0.45652173913043476,0.6340004600874167,0.6221793396633593,0.03641637844471754,1.0,4.0,0.0
1.0,1.0,0.0,1.0,1.0,0.0,1.0,1.0,1.0,1.0,0.0,2.0,1.0,0.0,0.0,0.0,1.0,1.0,0.0,0.0,0.0,0.7608695652173914,0.10305958132045079,0.08646042230634304,-0.5815909851612183,0.0,4.0,0.0
1.0,1.0,0.0,0.0,0.0,1.0,1.0,1.0,0.0,0.0,0.0,2.0,1.0,0.0,0.0,1.0,0.0,1.0,0.0,0.0,0.0,0.9347826086956522,-0.5226593052680009,-0.541167894156614,-1.0844583286845921,0.0,3.0,0.0
1.0,1.0,0.0,1.0,1.0,1.0,1.0,0.0,1.0,0.0,0.0,2.0,0.0,1.0,0.0,1.0,0.0,0.0,1.0,0.0,0.0,0.9347826086956522,0.263170002300437,0.2703476199199739,0.058908847484101384,1.0,3.0,0.0
1.0,1.0,0.0,1.0,1.0,0.0,0.0,0.0,0.0,0.0,1.0,0.0,0.0,1.0,0.0,0.0,1.0,1.0,0.0,0.0,0.0,-0.30434782608695654,0.27789279963193,0.35125033022052193,2.372419948677898,1.0,1.0,1.0
0.0,1.0,0.0,1.0,0.0,1.0,0.0,1.0,0.0,1.0,1.0,0.0,0.0,1.0,0.0,0.0,1.0,1.0,0.0,0.0,0.0,0.782608695652174,0.6395215090867264,0.6214287524280883,0.04284279817025573,1.0,4.0,1.0
1.0,1.0,0.0,1.0,0.0,0.0,0.0,0.0,1.0,0.0,0.0,0.0,0.0,1.0,0.0,1.0,0.0,1.0,0.0,0.0,0.0,-0.021739130434782608,0.11134115481941564,0.058355049791131944,1.8877607943768828,0.0,1.0,0.0
1.0,0.0,0.0,1.0,0.0,0.0,0.0,1.0,0.0,0.0,1.0,0.0,0.0,1.0,0.0,1.0,0.0,0.0,1.0,0.0,0.0,-0.5652173913043478,0.27973314929836673,0.27554138046325954,0.8479303804529735,0.0,2.0,0.0
0.0,0.0,0.0,1.0,1.0,1.0,1.0,0.0,1.0,1.0,1.0,0.0,0.0,1.0,0.0,1.0,0.0,0.0,1.0,0.0,0.0,0.30434782608695654,0.6928916494133887,0.6689649578078352,-0.28115586299230133,1.0,5.0,0.0
1.0,1.0,1.0,1.0,0.0,0.0,0.0,0.0,1.0,1.0,1.0,0.0,1.0,0.0,0.0,0.0,1.0,1.0,0.0,0.0,0.0,-0.043478260869565216,0.02024384633080275,0.03485035132216112,-0.29454423742050656,0.0,3.0,0.0
1.0,1.0,0.0,1.0,1.0,0.0,1.0,1.0,0.0,1.0,1.0,2.0,0.0,1.0,0.0,0.0,1.0,1.0,0.0,0.0,0.0,0.9347826086956522,0.6192776627559238,0.6655072980118336,0.019279259176615323,1.0,4.0,1.0
0.0,0.0,0.0,0.0,0.0,1.0,0.0,0.0,0.0,0.0,0.0,0.0,1.0,0.0,0.0,1.0,0.0,0.0,0.0,0.0,1.0,-0.6086956521739131,-0.747181964573269,-0.7476932519761145,-0.6105098739261408,0.0,1.0,0.0
0.0,0.0,0.0,1.0,1.0,0.0,0.0,1.0,0.0,0.0,1.0,0.0,1.0,0.0,0.0,1.0,0.0,0.0,0.0,1.0,0.0,0.5,-0.2033586381412468,-0.22154008126295266,-0.08925582952136549,0.0,2.0,0.0
1.0,0.0,0.0,1.0,1.0,0.0,0.0,0.0,0.0,1.0,0.0,0.0,0.0,1.0,0.0,0.0,1.0,0.0,0.0,1.0,0.0,-0.5869565217391305,0.27881297446514847,0.37048383363781995,2.3750976235635397,0.0,1.0,0.0
1.0,0.0,0.0,0.0,0.0,0.0,0.0,0.0,0.0,0.0,0.0,0.0,1.0,0.0,0.0,1.0,0.0,0.0,0.0,1.0,0.0,-0.5652173913043478,-0.8355187485622269,-0.80833391561664,0.47662612964409273,0.0,0.0,0.0
1.0,1.0,0.0,1.0,1.0,0.0,0.0,0.0,0.0,0.0,1.0,0.0,0.0,1.0,0.0,0.0,1.0,0.0,0.0,1.0,0.0,0.0,0.2539682539682539,0.1968627068091468,2.302800401651233,1.0,1.0,1.0
0.0,1.0,1.0,1.0,0.0,0.0,0.0,0.0,0.0,0.0,0.0,2.0,0.0,0.0,1.0,0.0,1.0,0.0,1.0,0.0,0.0,0.782608695652174,-0.8189556015642973,-0.8292966438634698,0.5730224255271674,0.0,0.0,0.0
0.0,1.0,0.0,1.0,1.0,1.0,1.0,0.0,1.0,0.0,0.0,1.0,1.0,0.0,0.0,0.0,1.0,0.0,1.0,0.0,0.0,0.5652173913043478,-0.08189556015642978,-0.1404179338878536,-0.44315519357358024,0.0,3.0,0.0
1.0,1.0,1.0,1.0,0.0,1.0,1.0,1.0,0.0,0.0,0.0,2.0,1.0,0.0,0.0,0.0,1.0,0.0,1.0,0.0,0.0,0.9347826086956522,-0.11134115481941564,-0.09248823641232086,-0.48599799174383557,0.0,3.0,0.0
0.0,0.0,0.0,1.0,1.0,0.0,0.0,0.0,0.0,0.0,0.0,2.0,0.0,0.0,1.0,1.0,0.0,0.0,0.0,0.0,1.0,0.7391304347826086,-0.9183344835518749,-0.9183271539949095,-0.005355349771281633,0.0,0.0,0.0
1.0,1.0,1.0,1.0,1.0,0.0,0.0,0.0,1.0,0.0,0.0,0.0,1.0,0.0,0.0,0.0,1.0,0.0,0.0,0.0,1.0,-0.5217391304347826,-0.27237175063262015,-0.34378968021285594,0.7711703670645993,0.0,1.0,0.0
1.0,0.0,0.0,1.0,0.0,0.0,0.0,0.0,0.0,0.0,0.0,2.0,0.0,0.0,1.0,1.0,0.0,0.0,0.0,0.0,1.0,0.6521739130434783,-0.9413388543823327,-0.9546563798093413,-0.13923909405333007,0.0,0.0,0.0
0.0,1.0,1.0,0.0,1.0,1.0,0.0,1.0,0.0,0.0,1.0,2.0,1.0,0.0,0.0,1.0,0.0,0.0,1.0,0.0,0.0,0.8695652173913043,-0.48861283643892334,-0.5088057891498015,-1.0349213433002342,0.0,3.0,0.0
1.0,0.0,0.0,1.0,0.0,1.0,0.0,1.0,1.0,1.0,0.0,1.0,1.0,0.0,0.0,1.0,0.0,0.0,1.0,0.0,0.0,-0.043478260869565216,-0.02116402116402127,0.014568737669100978,-0.7261854289858306,0.0,4.0,0.0
1.0,0.0,0.0,0.0,0.0,0.0,0.0,1.0,0.0,1.0,1.0,1.0,1.0,0.0,0.0,1.0,0.0,0.0,0.0,1.0,0.0,-0.30434782608695654,-0.36346905912123306,-0.4540454322865389,-0.8528394510766484,0.0,3.0,0.0
1.0,0.0,1.0,1.0,1.0,0.0,0.0,0.0,0.0,0.0,0.0,0.0,0.0,0.0,1.0,1.0,0.0,0.0,0.0,0.0,1.0,-0.6086956521739131,-0.942259029215551,-0.9424784139729544,-0.14459444382461206,0.0,0.0,0.0
0.0,0.0,0.0,1.0,1.0,0.0,0.0,1.0,0.0,0.0,0.0,1.0,1.0,0.0,0.0,1.0,0.0,0.0,0.0,0.0,1.0,0.2391304347826087,-0.3726708074534162,-0.3675176368570465,0.47930380452973353,0.0,1.0,0.0
0.0,0.0,0.0,1.0,1.0,0.0,1.0,0.0,1.0,1.0,1.0,0.0,1.0,0.0,0.0,1.0,0.0,0.0,0.0,1.0,0.0,-0.5652173913043478,0.08833678398895785,0.19805608803369903,-0.5987281044293206,0.0,4.0,0.0
1.0,0.0,0.0,1.0,0.0,0.0,0.0,0.0,0.0,0.0,0.0,0.0,1.0,0.0,0.0,1.0,0.0,0.0,0.0,0.0,1.0,-0.4782608695652174,-0.48953301127214177,-0.5662962884453648,2.490237643646101,0.0,0.0,0.0
1.0,1.0,0.0,1.0,0.0,0.0,1.0,1.0,0.0,1.0,0.0,0.0,0.0,1.0,0.0,0.0,1.0,0.0,1.0,0.0,0.0,-0.021739130434782608,0.4803312629399585,0.46456217923164367,0.3748744839897356,0.0,3.0,0.0
0.0,0.0,0.0,1.0,1.0,1.0,1.0,0.0,1.0,0.0,0.0,1.0,1.0,0.0,0.0,1.0,0.0,0.0,1.0,0.0,0.0,0.34782608695652173,-0.14630779848171158,-0.1551910909712617,-0.5368738145710141,0.0,3.0,0.0
0.0,0.0,0.0,0.0,0.0,0.0,0.0,1.0,0.0,0.0,1.0,0.0,1.0,0.0,0.0,1.0,0.0,0.0,0.0,1.0,0.0,-0.5217391304347826,-0.5705083965953531,-0.5225877581590118,-0.8015173491018631,0.0,2.0,0.0
1.0,0.0,0.0,1.0,0.0,1.0,0.0,0.0,1.0,0.0,0.0,0.0,1.0,0.0,0.0,1.0,0.0,0.0,0.0,0.0,1.0,-0.3695652173913043,-0.25488842880147233,-0.29434303806758905,-0.18922235858529501,0.0,2.0,0.0
0.0,1.0,0.0,1.0,1.0,0.0,0.0,0.0,0.0,1.0,1.0,0.0,0.0,1.0,0.0,0.0,1.0,0.0,0.0,1.0,0.0,-0.17391304347826086,0.4380032206119162,0.4077607783865413,1.1549704340064713,0.0,2.0,0.0
1.0,1.0,1.0,1.0,0.0,0.0,0.0,0.0,0.0,0.0,0.0,2.0,0.0,0.0,1.0,0.0,1.0,0.0,0.0,0.0,1.0,0.8913043478260869,-0.829997699562917,-0.8293218855649519,0.5087582282717841,0.0,0.0,0.0
0.0,1.0,0.0,1.0,1.0,0.0,0.0,1.0,0.0,1.0,1.0,1.0,0.0,1.0,0.0,0.0,1.0,0.0,0.0,1.0,0.0,0.8913043478260869,0.4996549344375433,0.5358674617483443,0.40299007028896605,0.0,3.0,0.0
1.0,0.0,0.0,1.0,0.0,1.0,0.0,1.0,1.0,0.0,1.0,2.0,0.0,1.0,0.0,0.0,1.0,0.0,1.0,0.0,0.0,0.7608695652173914,0.5291005291005291,0.5833721861769663,-0.08568559634051069,0.0,4.0,0.0
0.0,1.0,0.0,1.0,0.0,1.0,1.0,1.0,1.0,1.0,1.0,2.0,1.0,0.0,0.0,1.0,0.0,0.0,1.0,0.0,0.0,0.8913043478260869,0.2935357717966414,0.26487457397295644,-0.8889880620328015,0.0,6.0,0.0
1.0,1.0,0.0,1.0,1.0,1.0,1.0,1.0,1.0,1.0,1.0,2.0,0.0,1.0,0.0,0.0,1.0,0.0,0.0,1.0,0.0,0.9347826086956522,0.8290775247296986,0.8531845371029972,-0.4437289810490747,0.0,6.0,0.0
0.0,0.0,0.0,1.0,0.0,0.0,0.0,0.0,0.0,0.0,0.0,0.0,0.0,0.0,1.0,1.0,0.0,0.0,1.0,0.0,0.0,-0.2608695652173913,-0.9348976305498045,-0.9292369143366541,-0.10175164565435672,0.0,0.0,0.0
1.0,0.0,1.0,1.0,0.0,0.0,0.0,0.0,0.0,0.0,0.0,0.0,0.0,0.0,1.0,1.0,0.0,0.0,0.0,0.0,1.0,-0.6086956521739131,-0.9155739590522199,-0.9158332738884809,0.010710699542564027,0.0,0.0,0.0
1.0,1.0,1.0,1.0,0.0,0.0,0.0,0.0,0.0,0.0,0.0,1.0,0.0,0.0,1.0,1.0,0.0,0.0,1.0,0.0,0.0,0.17391304347826086,-0.9330572808833679,-0.9608792050284946,-0.0910409461117927,0.0,0.0,0.0
1.0,0.0,0.0,1.0,1.0,0.0,0.0,0.0,0.0,0.0,0.0,0.0,0.0,0.0,1.0,1.0,0.0,0.0,1.0,0.0,0.0,-0.45652173913043476,-0.9210950080515298,-0.924332154777494,-0.021421399085127673,0.0,0.0,0.0
1.0,1.0,0.0,1.0,0.0,1.0,0.0,0.0,0.0,1.0,0.0,0.0,0.0,1.0,0.0,0.0,1.0,1.0,0.0,0.0,0.0,0.1956521739130435,0.3901541292845641,0.38525713725997374,1.062144371304251,0.0,2.0,0.0
1.0,1.0,0.0,1.0,1.0,1.0,0.0,0.0,1.0,0.0,1.0,0.0,0.0,1.0,0.0,1.0,0.0,0.0,0.0,1.0,0.0,-0.10869565217391304,0.3450655624568668,0.3951382448654069,0.17806537989512455,0.0,3.0,0.0
0.0,0.0,0.0,1.0,1.0,0.0,0.0,1.0,0.0,1.0,1.0,0.0,0.0,1.0,0.0,0.0,1.0,0.0,0.0,1.0,0.0,-0.5217391304347826,0.5521048999309869,0.5919141357191331,0.47930380452973353,0.0,3.0,0.0
1.0,0.0,1.0,1.0,0.0,0.0,0.0,0.0,0.0,0.0,0.0,2.0,0.0,0.0,1.0,1.0,0.0,1.0,0.0,0.0,0.0,0.5217391304347826,-0.9339774557165862,-0.9322676218390865,-0.09639629588307472,0.0,0.0,0.0
0.0,1.0,1.0,0.0,0.0,0.0,1.0,0.0,0.0,0.0,0.0,0.0,1.0,0.0,0.0,1.0,0.0,0.0,0.0,0.0,1.0,-0.3695652173913043,-0.7600644122383252,-0.8238003475047538,-0.6479973223251143,0.0,1.0,0.0
1.0,1.0,0.0,1.0,0.0,0.0,0.0,0.0,0.0,0.0,0.0,2.0,0.0,0.0,1.0,1.0,0.0,0.0,1.0,0.0,0.0,0.10869565217391304,-0.9284564067172764,-0.9301557122706016,-0.06426419725538302,0.0,0.0,0.0
1.0,0.0,1.0,1.0,1.0,1.0,1.0,1.0,1.0,1.0,1.0,2.0,0.0,1.0,0.0,0.0,1.0,0.0,0.0,1.0,0.0,0.8913043478260869,0.8115942028985507,0.7721297876205222,-0.4582649304282686,0.0,6.0,0.0
1.0,0.0,0.0,1.0,0.0,0.0,0.0,0.0,0.0,0.0,0.0,0.0,0.0,0.0,1.0,1.0,0.0,0.0,0.0,0.0,1.0,-0.5652173913043478,-0.9164941338854382,-0.9449285417968138,0.005355349771282014,0.0,0.0,0.0
0.0,1.0,1.0,1.0,1.0,1.0,0.0,1.0,1.0,1.0,1.0,2.0,1.0,0.0,0.0,0.0,1.0,1.0,0.0,0.0,0.0,0.5652173913043478,0.26869105129974685,0.25912552404340017,-0.6926252370857973,0.0,5.0,0.0
0.0,1.0,0.0,1.0,0.0,1.0,1.0,1.0,1.0,1.0,1.0,0.0,0.0,1.0,0.0,0.0,1.0,0.0,0.0,1.0,0.0,0.41304347826086957,0.8640441683919946,0.7850531180843169,-0.414657082290687,1.0,6.0,0.0
0.0,1.0,1.0,1.0,1.0,0.0,0.0,0.0,0.0,1.0,0.0,1.0,0.0,1.0,0.0,0.0,1.0,0.0,0.0,1.0,0.0,0.8478260869565217,0.23004370830457788,0.23936596376980307,2.233180854624568,0.0,1.0,0.0
0.0,1.0,0.0,1.0,0.0,0.0,0.0,0.0,0.0,0.0,0.0,1.0,0.0,0.0,1.0,0.0,1.0,0.0,0.0,1.0,0.0,0.5869565217391305,-0.8502415458937199,-0.8831175045975697,0.39094053330358164,0.0,0.0,0.0
0.0,1.0,0.0,1.0,1.0,0.0,0.0,0.0,0.0,1.0,0.0,0.0,0.0,1.0,0.0,0.0,1.0,0.0,0.0,1.0,0.0,-0.4782608695652174,0.2944559466298597,0.23200785930718235,2.4206180966194357,0.0,1.0,0.0
1.0,0.0,0.0,1.0,1.0,0.0,1.0,1.0,0.0,1.0,1.0,1.0,0.0,1.0,0.0,1.0,0.0,1.0,0.0,0.0,0.0,0.13043478260869565,0.5861513687600644,0.606667405401374,-0.019279259176614945,0.0,4.0,0.0
0.0,0.0,0.0,1.0,1.0,0.0,0.0,1.0,0.0,0.0,1.0,0.0,0.0,1.0,0.0,0.0,1.0,0.0,0.0,1.0,0.0,-0.5869565217391305,0.3321831147918104,0.3498108801240044,0.9496820261073302,1.0,2.0,1.0
0.0,0.0,0.0,1.0,1.0,0.0,1.0,1.0,0.0,0.0,1.0,0.0,0.0,1.0,0.0,1.0,0.0,0.0,0.0,1.0,0.0,-0.17391304347826086,0.35978835978835977,0.3329881274762541,0.19948677898025224,0.0,3.0,0.0
1.0,1.0,1.0,0.0,1.0,1.0,0.0,0.0,0.0,0.0,1.0,0.0,1.0,0.0,0.0,1.0,0.0,0.0,0.0,1.0,0.0,0.43478260869565216,-0.576029445594663,-0.6077922032989463,-0.8122280486444268,0.0,2.0,0.0
1.0,1.0,1.0,1.0,0.0,0.0,0.0,0.0,0.0,0.0,0.0,2.0,0.0,0.0,1.0,1.0,0.0,0.0,1.0,0.0,0.0,0.6739130434782609,-0.9358178053830228,-0.9413299165555202,-0.10710699542563874,0.0,0.0,0.0
1.0,0.0,0.0,1.0,1.0,0.0,0.0,1.0,0.0,0.0,0.0,0.0,0.0,1.0,0.0,0.0,1.0,0.0,1.0,0.0,0.0,0.06521739130434782,0.19507706464228194,0.20696651383062614,2.1314292089702107,1.0,1.0,1.0
1.0,1.0,0.0,1.0,1.0,0.0,1.0,1.0,0.0,1.0,1.0,0.0,0.0,1.0,0.0,0.0,1.0,0.0,0.0,1.0,0.0,0.5434782608695652,0.6220381872555786,0.4989964409545679,0.022492469039384226,0.0,4.0,0.0
0.0,1.0,1.0,0.0,1.0,1.0,1.0,1.0,0.0,1.0,1.0,2.0,1.0,0.0,0.0,1.0,0.0,0.0,1.0,0.0,0.0,0.391304347826087,-0.1932367149758454,-0.21465360804116537,-1.1406895012830525,0.0,5.0,0.0
0.0,0.0,1.0,1.0,1.0,0.0,1.0,0.0,1.0,0.0,0.0,1.0,1.0,0.0,0.0,1.0,0.0,0.0,1.0,0.0,0.0,-0.08695652173913043,-0.2898550724637681,-0.36631860555324514,-0.25705678902153284,0.0,2.0,0.0
1.0,0.0,0.0,1.0,1.0,0.0,0.0,0.0,0.0,0.0,0.0,0.0,1.0,0.0,0.0,1.0,0.0,0.0,1.0,0.0,0.0,-0.5434782608695652,-0.47296986427421217,-0.48767343666901225,2.5866339395291753,0.0,0.0,0.0
1.0,0.0,0.0,1.0,0.0,0.0,0.0,0.0,0.0,0.0,0.0,2.0,0.0,0.0,1.0,1.0,0.0,1.0,0.0,0.0,0.0,0.9347826086956522,-0.9321371060501495,-0.9311210506227717,-0.08568559634051069,0.0,0.0,0.0
0.0,0.0,0.0,1.0,1.0,0.0,0.0,0.0,0.0,0.0,0.0,0.0,0.0,1.0,0.0,1.0,0.0,0.0,0.0,0.0,1.0,-0.6086956521739131,0.005521048999309817,0.0038834579928241505,5.371415820595783,0.0,0.0,0.0
1.0,0.0,0.0,1.0,0.0,0.0,0.0,0.0,0.0,1.0,0.0,0.0,0.0,1.0,0.0,0.0,1.0,1.0,0.0,0.0,0.0,-0.2391304347826087,0.2539682539682539,0.27288707532074524,2.302800401651233,0.0,1.0,0.0
0.0,0.0,0.0,0.0,1.0,0.0,0.0,0.0,0.0,0.0,0.0,0.0,1.0,0.0,0.0,1.0,0.0,0.0,0.0,0.0,1.0,-0.6086956521739131,-0.8345985737290086,-0.8349790557011135,0.48198147941537434,0.0,0.0,0.0
1.0,1.0,1.0,0.0,0.0,1.0,1.0,1.0,0.0,1.0,1.0,0.0,1.0,0.0,0.0,1.0,0.0,0.0,0.0,0.0,1.0,-0.4782608695652174,-0.21440073613986654,-0.07460813693582158,-1.1612183420729665,0.0,5.0,0.0
1.0,1.0,1.0,1.0,1.0,0.0,0.0,0.0,0.0,0.0,0.0,2.0,0.0,0.0,1.0,1.0,0.0,1.0,0.0,0.0,0.0,0.6739130434782609,-0.9118932597193466,-0.9080081781510294,0.0321320986276917,0.0,0.0,0.0
1.0,0.0,0.0,1.0,1.0,0.0,0.0,0.0,0.0,1.0,0.0,0.0,0.0,1.0,0.0,0.0,1.0,0.0,0.0,1.0,0.0,-0.43478260869565216,0.2732919254658384,0.25175472283995587,2.359031574249693,0.0,1.0,0.0
1.0,1.0,0.0,1.0,1.0,0.0,0.0,0.0,0.0,0.0,0.0,0.0,1.0,0.0,0.0,0.0,1.0,0.0,0.0,1.0,0.0,0.0,-0.34782608695652173,-0.383405712509676,3.3149615084235196,1.0,0.0,1.0
0.0,1.0,1.0,1.0,1.0,0.0,0.0,1.0,0.0,0.0,1.0,1.0,0.0,1.0,0.0,0.0,1.0,0.0,0.0,1.0,0.0,0.4782608695652174,0.3616287094547965,0.344036865656747,1.0068057570010045,0.0,2.0,0.0
1.0,0.0,0.0,0.0,1.0,0.0,0.0,0.0,0.0,0.0,0.0,0.0,1.0,0.0,0.0,1.0,0.0,1.0,0.0,0.0,0.0,-0.5434782608695652,-0.8336783988957902,-0.8262504753286136,0.48733682918665633,1.0,0.0,1.0
0.0,0.0,0.0,1.0,0.0,0.0,0.0,0.0,0.0,0.0,0.0,2.0,0.0,0.0,1.0,1.0,0.0,0.0,0.0,0.0,1.0,0.17391304347826086,-0.9321371060501495,-0.9076385896127341,-0.08568559634051069,0.0,0.0,0.0
0.0,0.0,0.0,1.0,0.0,0.0,0.0,0.0,0.0,0.0,0.0,1.0,0.0,0.0,1.0,1.0,0.0,1.0,0.0,0.0,0.0,0.45652173913043476,-0.9339774557165862,-0.9336395778483808,-0.09639629588307472,0.0,0.0,0.0
1.0,1.0,1.0,0.0,1.0,0.0,1.0,1.0,0.0,0.0,0.0,1.0,1.0,0.0,0.0,1.0,0.0,0.0,1.0,0.0,0.0,0.5869565217391305,-0.6330802852541982,-0.6502022283419144,-0.9229052772509203,0.0,2.0,0.0
1.0,1.0,1.0,1.0,0.0,0.0,0.0,0.0,0.0,0.0,0.0,0.0,0.0,0.0,1.0,1.0,0.0,1.0,0.0,0.0,0.0,-0.391304347826087,-0.9118932597193466,-0.8505150934933141,0.0321320986276917,0.0,0.0,0.0
1.0,1.0,1.0,1.0,1.0,0.0,1.0,0.0,0.0,1.0,0.0,0.0,0.0,1.0,0.0,0.0,1.0,1.0,0.0,0.0,0.0,0.13043478260869565,0.3524269611226134,0.3627921823622033,0.9889545910967316,0.0,2.0,0.0
1.0,1.0,1.0,1.0,1.0,0.0,1.0,1.0,0.0,1.0,1.0,0.0,0.0,1.0,0.0,0.0,1.0,1.0,0.0,0.0,0.0,0.45652173913043476,0.6137566137566137,0.5470400446251443,0.012852839451076755,0.0,4.0,0.0
1.0,0.0,1.0,1.0,1.0,0.0,0.0,0.0,0.0,0.0,0.0,0.0,0.0,1.0,0.0,0.0,1.0,0.0,0.0,1.0,0.0,-0.6086956521739131,0.07085346215780988,0.0691181113030865,5.7516456543568,0.0,0.0,0.0
1.0,1.0,1.0,0.0,0.0,1.0,1.0,1.0,0.0,1.0,1.0,1.0,1.0,0.0,0.0,1.0,0.0,0.0,0.0,1.0,0.0,0.4782608695652174,-0.20611916264090183,-0.21091708644745713,-1.1531853174160438,0.0,5.0,0.0
0.0,0.0,0.0,1.0,0.0,1.0,1.0,0.0,1.0,0.0,1.0,2.0,1.0,0.0,0.0,0.0,1.0,0.0,0.0,0.0,1.0,0.391304347826087,0.06533241315850007,0.06984142031491748,-0.6255048532857302,0.0,4.0,0.0
0.0,0.0,0.0,1.0,0.0,0.0,1.0,0.0,1.0,0.0,0.0,0.0,1.0,0.0,0.0,1.0,0.0,1.0,0.0,0.0,0.0,0.06521739130434782,-0.2916954221302048,-0.2462018546534723,-0.26062702220238765,1.0,2.0,0.0
0.0,1.0,1.0,0.0,1.0,0.0,1.0,1.0,1.0,1.0,1.0,2.0,1.0,0.0,0.0,1.0,0.0,0.0,0.0,1.0,0.0,0.8260869565217391,-0.20151828847481026,-0.1715658071851236,-1.1487225259399754,0.0,5.0,0.0
0.0,1.0,1.0,1.0,1.0,1.0,1.0,1.0,1.0,0.0,1.0,1.0,1.0,0.0,0.0,0.0,1.0,1.0,0.0,0.0,0.0,0.45652173913043476,0.17575339314469746,0.18845158696416933,-0.7827736249023763,0.0,5.0,0.0
1.0,0.0,0.0,1.0,1.0,0.0,0.0,1.0,0.0,1.0,1.0,0.0,0.0,1.0,0.0,0.0,1.0,1.0,0.0,0.0,0.0,-0.5652173913043478,0.5714285714285714,0.5303546741446603,0.5074193908289636,0.0,3.0,0.0
0.0,0.0,1.0,1.0,0.0,0.0,1.0,1.0,0.0,0.0,0.0,0.0,0.0,1.0,0.0,0.0,1.0,1.0,0.0,0.0,0.0,-0.5434782608695652,0.24936737980216236,0.23519083786407158,0.7890215329688721,0.0,2.0,0.0
0.0,1.0,1.0,1.0,1.0,0.0,0.0,0.0,0.0,1.0,1.0,0.0,0.0,1.0,0.0,0.0,1.0,0.0,0.0,1.0,0.0,-0.32608695652173914,0.4656084656084656,0.46997652419954833,1.2085239317192906,1.0,2.0,1.0
1.0,0.0,0.0,1.0,0.0,0.0,1.0,0.0,0.0,0.0,1.0,0.0,0.0,1.0,0.0,0.0,1.0,0.0,0.0,1.0,0.0,0.21739130434782608,0.3717506326201979,0.3111153517519908,1.0264420394957048,1.0,2.0,1.0
0.0,1.0,0.0,1.0,1.0,1.0,1.0,0.0,0.0,0.0,0.0,0.0,1.0,0.0,0.0,1.0,0.0,0.0,0.0,0.0,1.0,-0.6086956521739131,-0.31193926846100767,-0.3131018292190143,-0.29989958719178855,0.0,2.0,0.0
1.0,1.0,0.0,1.0,1.0,0.0,0.0,1.0,0.0,1.0,1.0,0.0,0.0,1.0,0.0,0.0,1.0,0.0,0.0,1.0,0.0,-0.10869565217391304,0.5622268230963883,0.5341829988694413,0.49403101640075875,0.0,3.0,0.0
1.0,1.0,1.0,1.0,0.0,0.0,0.0,0.0,1.0,1.0,0.0,0.0,0.0,1.0,0.0,1.0,0.0,0.0,0.0,1.0,0.0,-0.08695652173913043,0.28341384863124003,0.31925166084091533,0.8550708468146831,0.0,2.0,0.0
1.0,1.0,0.0,1.0,0.0,1.0,1.0,1.0,1.0,0.0,1.0,1.0,1.0,0.0,0.0,0.0,1.0,0.0,1.0,0.0,0.0,0.7391304347826086,0.1748332183114792,0.17300061421589655,-0.78366618319759,0.0,5.0,0.0
1.0,1.0,0.0,1.0,1.0,0.0,1.0,0.0,0.0,0.0,0.0,0.0,0.0,1.0,0.0,0.0,1.0,0.0,0.0,1.0,0.0,-0.5217391304347826,0.19875776397515524,0.23284790313250586,2.142139908512775,0.0,1.0,0.0
0.0,0.0,0.0,1.0,1.0,0.0,0.0,0.0,0.0,0.0,0.0,0.0,1.0,0.0,0.0,0.0,1.0,0.0,0.0,1.0,0.0,-0.30434782608695654,-0.3938348286174373,-0.4646422351247319,3.0471940198594227,0.0,0.0,0.0
1.0,1.0,1.0,1.0,1.0,1.0,0.0,0.0,0.0,0.0,0.0,1.0,1.0,0.0,0.0,1.0,0.0,0.0,0.0,1.0,0.0,-0.4782608695652174,-0.38187255578559925,-0.42742654357160687,0.45252705567332385,0.0,1.0,0.0
0.0,1.0,1.0,1.0,0.0,1.0,0.0,0.0,1.0,1.0,1.0,2.0,0.0,1.0,0.0,0.0,1.0,0.0,1.0,0.0,0.0,0.8260869565217391,0.6662065792500576,0.6253474097932179,0.07390382684369087,0.0,4.0,0.0
0.0,0.0,0.0,1.0,1.0,0.0,0.0,0.0,0.0,0.0,0.0,0.0,0.0,1.0,0.0,1.0,0.0,0.0,0.0,1.0,0.0,-0.6086956521739131,-0.023924545663676047,-0.025518075893491195,5.200044627914761,0.0,0.0,0.0
0.0,1.0,1.0,1.0,1.0,0.0,0.0,0.0,0.0,0.0,0.0,0.0,0.0,0.0,1.0,1.0,0.0,0.0,0.0,0.0,1.0,-0.6086956521739131,-0.9201748332183115,-0.9204272635582177,-0.01606604931384566,0.0,0.0,0.0
1.0,0.0,0.0,1.0,1.0,0.0,0.0,0.0,0.0,0.0,1.0,0.0,1.0,0.0,0.0,1.0,0.0,1.0,0.0,0.0,0.0,-0.41304347826086957,-0.2530480791350357,-0.37236429595861875,0.8274015396630594,0.0,1.0,0.0
1.0,1.0,0.0,1.0,1.0,0.0,0.0,0.0,0.0,0.0,0.0,2.0,0.0,0.0,1.0,1.0,0.0,0.0,0.0,1.0,0.0,0.2608695652173913,-0.9339774557165862,-0.8940062205308047,-0.09639629588307472,0.0,0.0,0.0
1.0,1.0,1.0,1.0,0.0,0.0,1.0,0.0,1.0,1.0,1.0,2.0,1.0,0.0,0.0,1.0,0.0,1.0,0.0,0.0,0.0,0.6739130434782609,0.11870255348516223,0.09452287417673108,-0.5633827959388595,0.0,4.0,0.0
1.0,1.0,0.0,1.0,1.0,0.0,0.0,0.0,0.0,0.0,1.0,0.0,0.0,1.0,0.0,0.0,1.0,0.0,0.0,1.0,0.0,-0.15217391304347827,0.26869105129974685,0.2679125733753332,2.345643199821488,0.0,1.0,0.0
0.0,0.0,0.0,1.0,1.0,0.0,0.0,1.0,0.0,0.0,0.0,0.0,0.0,1.0,0.0,1.0,0.0,1.0,0.0,0.0,0.0,-0.45652173913043476,0.06533241315850007,0.08140703366963246,1.7538770500948344,1.0,1.0,1.0
0.0,0.0,0.0,1.0,1.0,0.0,1.0,0.0,0.0,0.0,0.0,0.0,0.0,1.0,0.0,0.0,1.0,1.0,0.0,0.0,0.0,-0.41304347826086957,0.17575339314469746,0.22935647098350595,2.075198036371751,0.0,1.0,0.0
0.0,1.0,0.0,1.0,0.0,1.0,1.0,1.0,0.0,0.0,1.0,1.0,0.0,1.0,0.0,1.0,0.0,1.0,0.0,0.0,0.0,0.7608695652173914,0.4876926616057051,0.5493335939677603,-0.13388374428204844,1.0,4.0,1.0
1.0,1.0,0.0,1.0,1.0,0.0,1.0,0.0,0.0,1.0,1.0,0.0,0.0,1.0,0.0,0.0,1.0,0.0,0.0,1.0,0.0,-0.3695652173913043,0.5677478720956981,0.5688676208759534,0.5020640410576817,1.0,3.0,1.0
0.0,1.0,1.0,1.0,1.0,1.0,1.0,0.0,1.0,1.0,1.0,2.0,1.0,0.0,0.0,0.0,1.0,0.0,1.0,0.0,0.0,0.391304347826087,0.27237175063262015,0.308709334249019,-0.6890550039049425,0.0,5.0,0.0
0.0,1.0,0.0,1.0,1.0,0.0,1.0,0.0,0.0,1.0,1.0,0.0,1.0,0.0,0.0,1.0,0.0,1.0,0.0,0.0,0.0,-0.10869565217391304,-0.019323671497584488,-0.06131291207019043,-0.35211424746178716,0.0,3.0,0.0
0.0,1.0,1.0,1.0,1.0,0.0,0.0,0.0,0.0,0.0,0.0,0.0,0.0,1.0,0.0,1.0,0.0,0.0,0.0,1.0,0.0,-0.5869565217391305,0.02116402116402127,-0.04986622114309623,5.462456766707577,0.0,0.0,0.0
0.0,0.0,0.0,1.0,1.0,0.0,0.0,0.0,0.0,1.0,1.0,0.0,0.0,1.0,0.0,0.0,1.0,1.0,0.0,0.0,0.0,-0.043478260869565216,0.4619277662755923,0.46916953765438796,1.201383465357581,0.0,2.0,0.0
1.0,0.0,0.0,0.0,1.0,0.0,1.0,1.0,0.0,0.0,1.0,1.0,1.0,0.0,0.0,1.0,0.0,1.0,0.0,0.0,0.0,-0.15217391304347827,-0.49229353577179663,-0.5423836772813322,-1.0402766930715162,0.0,3.0,0.0
0.0,1.0,0.0,1.0,1.0,1.0,1.0,1.0,0.0,1.0,1.0,2.0,0.0,1.0,0.0,0.0,1.0,0.0,1.0,0.0,0.0,0.9347826086956522,0.7389003910743043,0.7613940712851728,-0.23652794823161877,0.0,5.0,0.0
1.0,1.0,0.0,1.0,1.0,0.0,1.0,0.0,1.0,0.0,1.0,0.0,1.0,0.0,0.0,1.0,0.0,0.0,0.0,0.0,1.0,-0.5869565217391305,-0.11594202898550719,0.02271881563874509,-0.492692178957938,0.0,3.0,0.0
1.0,0.0,0.0,1.0,1.0,0.0,0.0,0.0,0.0,0.0,1.0,0.0,0.0,1.0,0.0,0.0,1.0,0.0,0.0,1.0,0.0,-0.06521739130434782,0.24752703013572586,0.29606120098808375,2.2840566774517463,0.0,1.0,0.0
1.0,0.0,0.0,1.0,0.0,1.0,0.0,0.0,0.0,0.0,1.0,0.0,0.0,1.0,0.0,0.0,1.0,0.0,0.0,0.0,1.0,-0.5869565217391305,0.3726708074534162,0.30846497309637333,1.028227156086132,0.0,2.0,0.0
0.0,0.0,0.0,1.0,1.0,0.0,0.0,0.0,0.0,0.0,0.0,0.0,0.0,0.0,1.0,1.0,0.0,0.0,0.0,1.0,0.0,-0.6086956521739131,-0.939498504715896,-0.9397220201711122,-0.12852839451076642,1.0,0.0,1.0
1.0,0.0,0.0,1.0,0.0,0.0,0.0,1.0,1.0,0.0,0.0,0.0,1.0,0.0,0.0,0.0,1.0,0.0,0.0,1.0,0.0,-0.043478260869565216,-0.2033586381412468,-0.20025983110903497,-0.08925582952136549,0.0,2.0,0.0
1.0,0.0,0.0,1.0,1.0,0.0,0.0,0.0,0.0,1.0,1.0,0.0,0.0,1.0,0.0,0.0,1.0,0.0,0.0,1.0,0.0,-0.6086956521739131,0.4324821716126064,0.43020569934439823,1.1442597344639072,1.0,2.0,1.0
1.0,0.0,0.0,1.0,0.0,0.0,0.0,0.0,0.0,0.0,0.0,2.0,0.0,0.0,1.0,1.0,0.0,1.0,0.0,0.0,0.0,0.5,-0.9109730848861284,-0.9058678501433597,0.037487448398973715,0.0,0.0,0.0
0.0,1.0,0.0,1.0,1.0,0.0,1.0,0.0,0.0,1.0,1.0,0.0,0.0,1.0,0.0,1.0,0.0,1.0,0.0,0.0,0.0,-0.2826086956521739,0.4444444444444446,0.38099258500734295,0.322659823719737,0.0,3.0,0.0
0.0,0.0,0.0,1.0,0.0,0.0,0.0,0.0,0.0,0.0,0.0,2.0,0.0,0.0,1.0,1.0,0.0,0.0,1.0,0.0,0.0,-0.5,-0.9358178053830228,-0.9392626212041385,-0.10710699542563874,0.0,0.0,0.0
1.0,0.0,0.0,1.0,1.0,0.0,1.0,0.0,0.0,0.0,0.0,0.0,0.0,1.0,0.0,0.0,1.0,0.0,0.0,1.0,0.0,-0.043478260869565216,0.20151828847481026,0.14711384702928462,2.150172933169698,1.0,1.0,1.0
0.0,1.0,1.0,1.0,0.0,0.0,0.0,0.0,0.0,0.0,0.0,1.0,0.0,0.0,1.0,1.0,0.0,0.0,0.0,0.0,1.0,-0.13043478260869565,-0.9284564067172764,-0.9654883100578969,-0.06426419725538302,0.0,0.0,0.0
1.0,0.0,1.0,1.0,0.0,0.0,0.0,0.0,0.0,0.0,0.0,0.0,0.0,0.0,1.0,1.0,0.0,0.0,0.0,0.0,1.0,-0.6086956521739131,-0.9376581550494595,-0.9378844243032176,-0.1178176949682024,0.0,0.0,0.0
1.0,0.0,1.0,1.0,0.0,0.0,0.0,0.0,0.0,0.0,0.0,2.0,0.0,0.0,1.0,1.0,0.0,0.0,0.0,0.0,1.0,0.06521739130434782,-0.9201748332183115,-0.8969979162425601,-0.01606604931384566,0.0,0.0,0.0
0.0,1.0,0.0,1.0,1.0,0.0,0.0,0.0,0.0,0.0,0.0,2.0,0.0,0.0,1.0,0.0,1.0,0.0,1.0,0.0,0.0,0.9130434782608695,-0.8198757763975155,-0.8307732905105092,0.5676670757558854,0.0,0.0,0.0
0.0,0.0,0.0,1.0,0.0,0.0,0.0,0.0,0.0,0.0,0.0,2.0,0.0,0.0,1.0,1.0,0.0,0.0,0.0,0.0,1.0,-0.2608695652173913,-0.9404186795491144,-0.9101042985356327,-0.13388374428204844,0.0,0.0,0.0
0.0,0.0,0.0,1.0,1.0,0.0,1.0,1.0,0.0,0.0,0.0,0.0,0.0,1.0,0.0,0.0,1.0,1.0,0.0,0.0,0.0,0.391304347826087,0.2705314009661836,0.2547934895292993,0.8300792145487006,1.0,2.0,1.0
1.0,0.0,0.0,1.0,0.0,1.0,1.0,1.0,0.0,0.0,0.0,1.0,0.0,1.0,0.0,0.0,1.0,1.0,0.0,0.0,0.0,0.021739130434782608,0.3662295836208881,0.4306038451157756,0.20885864107999585,0.0,3.0,0.0
1.0,1.0,0.0,1.0,0.0,1.0,0.0,0.0,0.0,0.0,0.0,0.0,0.0,1.0,0.0,1.0,0.0,0.0,0.0,1.0,0.0,-0.45652173913043476,0.08281573498964803,0.15674846425331596,1.804752872922013,0.0,1.0,0.0
0.0,1.0,1.0,1.0,0.0,0.0,0.0,0.0,0.0,0.0,0.0,2.0,0.0,0.0,1.0,1.0,0.0,0.0,1.0,0.0,0.0,0.08695652173913043,-0.9330572808833679,-0.94000044378746,-0.0910409461117927,0.0,0.0,0.0
0.0,1.0,1.0,1.0,0.0,0.0,0.0,0.0,0.0,1.0,1.0,0.0,0.0,1.0,0.0,1.0,0.0,0.0,0.0,1.0,0.0,-0.34782608695652173,0.3285024154589371,0.431336527570795,0.942541559745621,0.0,2.0,0.0
1.0,0.0,0.0,1.0,1.0,0.0,1.0,0.0,0.0,0.0,0.0,0.0,0.0,1.0,0.0,1.0,0.0,0.0,0.0,1.0,0.0,-0.5217391304347826,0.07637451115711996,0.11285289295898066,1.7860091487225265,0.0,1.0,0.0
1.0,0.0,0.0,1.0,0.0,0.0,0.0,0.0,0.0,0.0,0.0,0.0,0.0,0.0,1.0,1.0,0.0,0.0,0.0,0.0,1.0,-0.6086956521739131,-0.9293765815504946,-0.9296152428976914,-0.06961954702666504,0.0,0.0,0.0
0.0,1.0,1.0,0.0,1.0,1.0,1.0,1.0,1.0,1.0,1.0,2.0,1.0,0.0,0.0,1.0,0.0,0.0,1.0,0.0,0.0,0.9347826086956522,-0.09753853232114097,-0.07603920117818012,-1.2141342981463474,0.0,6.0,0.0
0.0,0.0,0.0,1.0,0.0,0.0,0.0,0.0,1.0,0.0,0.0,0.0,1.0,0.0,0.0,0.0,1.0,0.0,1.0,0.0,0.0,-0.30434782608695654,-0.28525419829767656,-0.3696385287545749,0.7336829186656255,1.0,1.0,0.0
1.0,0.0,0.0,1.0,1.0,0.0,0.0,0.0,0.0,0.0,0.0,0.0,0.0,1.0,0.0,1.0,0.0,0.0,0.0,1.0,0.0,-0.6086956521739131,-0.02116402116402127,-0.022761682091649277,5.216110677228606,0.0,0.0,0.0
1.0,0.0,0.0,1.0,1.0,0.0,1.0,0.0,1.0,1.0,0.0,1.0,0.0,1.0,0.0,1.0,0.0,0.0,0.0,1.0,0.0,0.2608695652173913,0.35058661145617664,0.37451758066490615,0.1860984045520474,0.0,3.0,0.0
0.0,0.0,0.0,1.0,1.0,1.0,1.0,0.0,1.0,1.0,0.0,1.0,0.0,1.0,0.0,0.0,1.0,0.0,1.0,0.0,0.0,0.9130434782608695,0.5364619277662757,0.5614902773711018,-0.07711703670645978,1.0,4.0,0.0
0.0,0.0,0.0,1.0,1.0,0.0,0.0,0.0,0.0,0.0,0.0,0.0,1.0,0.0,0.0,1.0,0.0,0.0,0.0,0.0,1.0,-0.5869565217391305,-0.4646882907752473,-0.6153863494876949,2.634832087470713,0.0,0.0,0.0
1.0,0.0,0.0,1.0,1.0,0.0,0.0,0.0,0.0,0.0,0.0,0.0,1.0,0.0,0.0,1.0,0.0,0.0,0.0,1.0,0.0,-0.41304347826086957,-0.4591672417759375,-0.5573183200622218,2.6669641860984044,0.0,0.0,0.0
1.0,1.0,0.0,1.0,1.0,1.0,1.0,1.0,0.0,0.0,0.0,1.0,0.0,1.0,0.0,0.0,1.0,0.0,0.0,1.0,0.0,0.5869565217391305,0.4168391994478952,0.42690787104576594,0.2824947004351225,0.0,3.0,0.0
0.0,0.0,0.0,1.0,1.0,0.0,0.0,0.0,0.0,0.0,0.0,0.0,0.0,1.0,0.0,1.0,0.0,0.0,0.0,1.0,0.0,-0.6086956521739131,-0.010121923165401375,-0.011736106884280827,5.28037487448399,1.0,0.0,1.0
0.0,1.0,1.0,1.0,1.0,1.0,1.0,1.0,1.0,1.0,1.0,2.0,1.0,0.0,0.0,0.0,1.0,0.0,0.0,0.0,1.0,0.7608695652173914,0.3699102829537611,0.3731971587865082,-0.8254889147447443,0.0,6.0,0.0
1.0,1.0,0.0,1.0,0.0,1.0,1.0,1.0,0.0,1.0,1.0,2.0,0.0,1.0,0.0,0.0,1.0,0.0,1.0,0.0,0.0,0.7391304347826086,0.6993328732459168,0.7422761468143277,-0.27490795492580605,1.0,5.0,1.0
1.0,0.0,0.0,1.0,0.0,0.0,0.0,0.0,0.0,0.0,0.0,0.0,0.0,0.0,1.0,1.0,0.0,0.0,1.0,0.0,0.0,-0.6086956521739131,-0.942259029215551,-0.9424784139729544,-0.14459444382461206,0.0,0.0,0.0
0.0,0.0,0.0,1.0,1.0,1.0,0.0,0.0,0.0,0.0,0.0,0.0,1.0,0.0,0.0,0.0,1.0,0.0,0.0,1.0,0.0,-0.2826086956521739,-0.30181734529560617,-0.27612021237763307,0.6854847707240882,1.0,1.0,1.0
0.0,1.0,1.0,1.0,0.0,1.0,1.0,0.0,0.0,0.0,0.0,0.0,0.0,1.0,0.0,1.0,0.0,0.0,0.0,1.0,0.0,-0.06521739130434782,0.2107200368069934,0.1659099398062335,0.7140466361709251,0.0,2.0,0.0
1.0,1.0,0.0,1.0,0.0,1.0,1.0,0.0,1.0,0.0,0.0,2.0,1.0,0.0,0.0,0.0,1.0,1.0,0.0,0.0,0.0,0.9130434782608695,-0.09845870715435923,-0.08542111302366487,-0.46725426754434873,0.0,3.0,0.0
1.0,1.0,1.0,1.0,1.0,1.0,1.0,1.0,1.0,1.0,1.0,2.0,1.0,0.0,0.0,0.0,1.0,0.0,1.0,0.0,0.0,0.8478260869565217,0.3377041637911202,0.36013384514658947,-0.852265663601154,0.0,6.0,0.0
1.0,0.0,0.0,1.0,0.0,0.0,0.0,1.0,1.0,0.0,0.0,0.0,1.0,0.0,0.0,0.0,1.0,0.0,0.0,1.0,0.0,-0.21739130434782608,-0.20151828847481026,-0.1901279794280601,-0.08568559634051107,0.0,2.0,0.0
0.0,0.0,0.0,1.0,0.0,0.0,0.0,0.0,0.0,0.0,0.0,1.0,0.0,0.0,1.0,0.0,1.0,1.0,0.0,0.0,0.0,0.41304347826086957,-0.8456406717276284,-0.8362232612366672,0.4177172821599913,0.0,0.0,0.0
1.0,1.0,0.0,1.0,0.0,1.0,1.0,1.0,1.0,1.0,1.0,2.0,1.0,0.0,0.0,0.0,1.0,1.0,0.0,0.0,0.0,0.9130434782608695,0.36899010812054284,0.360325293100515,-0.8262539647120702,0.0,6.0,0.0
1.0,1.0,1.0,1.0,1.0,1.0,1.0,1.0,1.0,1.0,1.0,2.0,0.0,1.0,0.0,0.0,1.0,0.0,1.0,0.0,0.0,0.9347826086956522,0.8327582240625719,0.8465104909994627,-0.44066878117977076,1.0,6.0,0.0
1.0,0.0,0.0,1.0,1.0,1.0,1.0,1.0,1.0,1.0,0.0,0.0,0.0,1.0,0.0,0.0,1.0,1.0,0.0,0.0,0.0,-0.2608695652173913,0.6652864044168393,0.5103032604096914,-0.307932611848711,0.0,5.0,0.0
1.0,1.0,1.0,1.0,0.0,0.0,0.0,0.0,0.0,0.0,0.0,2.0,0.0,0.0,1.0,0.0,1.0,0.0,0.0,0.0,1.0,0.21739130434782608,-0.8336783988957902,-0.8316336888646898,0.48733682918665633,0.0,0.0,0.0
0.0,0.0,0.0,1.0,0.0,0.0,0.0,0.0,0.0,0.0,0.0,1.0,0.0,0.0,1.0,1.0,0.0,0.0,0.0,0.0,1.0,-0.34782608695652173,-0.9256958822176213,-0.9108859003979951,-0.04819814794153736,0.0,0.0,0.0
1.0,0.0,0.0,1.0,1.0,0.0,1.0,1.0,0.0,1.0,1.0,1.0,0.0,1.0,0.0,0.0,1.0,0.0,0.0,1.0,0.0,0.391304347826087,0.599953991258339,0.6144735573313724,-0.003213209862769284,0.0,4.0,0.0
1.0,0.0,0.0,1.0,0.0,0.0,0.0,0.0,0.0,0.0,0.0,2.0,0.0,0.0,1.0,1.0,0.0,1.0,0.0,0.0,0.0,0.13043478260869565,-0.9026915113871635,-0.9267538436176838,0.08568559634051107,0.0,0.0,0.0
1.0,0.0,0.0,1.0,1.0,0.0,0.0,1.0,0.0,1.0,1.0,0.0,0.0,1.0,0.0,1.0,0.0,0.0,0.0,1.0,0.0,-0.43478260869565216,0.43340234644582465,0.36007079038641665,0.306593774405891,0.0,3.0,0.0
1.0,0.0,0.0,1.0,1.0,1.0,1.0,0.0,1.0,1.0,1.0,2.0,0.0,1.0,0.0,0.0,1.0,0.0,1.0,0.0,0.0,0.5434782608695652,0.6901311249137336,0.6631890347062718,-0.2838335378779425,0.0,5.0,0.0
0.0,1.0,1.0,1.0,0.0,1.0,1.0,1.0,1.0,1.0,1.0,2.0,1.0,0.0,0.0,0.0,1.0,0.0,1.0,0.0,0.0,0.9347826086956522,0.35426731078904994,0.38628205366874807,-0.838494764189286,0.0,6.0,0.0
1.0,0.0,1.0,1.0,1.0,1.0,1.0,0.0,0.0,0.0,0.0,1.0,0.0,1.0,0.0,0.0,1.0,0.0,1.0,0.0,0.0,0.9130434782608695,0.2751322751322752,0.2632562325013721,0.8390047975008371,0.0,2.0,0.0
0.0,0.0,0.0,1.0,1.0,0.0,0.0,1.0,1.0,1.0,1.0,2.0,1.0,0.0,0.0,1.0,0.0,1.0,0.0,0.0,0.0,0.43478260869565216,0.07269381182424667,0.09865090203710879,-0.6169362936516789,0.0,4.0,0.0
0.0,1.0,0.0,1.0,1.0,0.0,0.0,0.0,0.0,0.0,0.0,2.0,0.0,0.0,1.0,1.0,0.0,0.0,0.0,0.0,1.0,0.5434782608695652,-0.9487002530480791,-0.9462556943680713,-0.18208189222358578,1.0,0.0,1.0
1.0,0.0,0.0,1.0,1.0,1.0,0.0,0.0,0.0,0.0,1.0,0.0,0.0,1.0,0.0,1.0,0.0,0.0,0.0,1.0,0.0,-0.21739130434782608,0.3091787439613526,0.2863896437886381,0.9050541113466473,1.0,2.0,1.0
0.0,1.0,0.0,1.0,1.0,1.0,1.0,1.0,1.0,1.0,1.0,2.0,1.0,0.0,0.0,0.0,1.0,0.0,0.0,1.0,0.0,0.9347826086956522,0.40303657694962053,0.43482521117896705,-0.7979471159210083,0.0,6.0,0.0
1.0,0.0,0.0,1.0,1.0,0.0,0.0,1.0,0.0,1.0,0.0,0.0,0.0,1.0,0.0,0.0,1.0,0.0,0.0,0.0,1.0,-0.10869565217391304,0.3561076604554865,0.3605684726006382,0.9960950574584404,0.0,2.0,0.0
1.0,0.0,0.0,0.0,0.0,1.0,0.0,1.0,1.0,0.0,0.0,0.0,1.0,0.0,0.0,1.0,0.0,0.0,0.0,0.0,1.0,-0.5652173913043478,-0.5364619277662755,-0.6401938937042736,-1.1045408903268994,0.0,3.0,0.0
0.0,1.0,0.0,1.0,1.0,0.0,0.0,0.0,0.0,0.0,0.0,0.0,0.0,0.0,1.0,1.0,0.0,1.0,0.0,0.0,0.0,-0.6086956521739131,-0.9238555325511848,-0.9241024552940073,-0.03748744839897333,0.0,0.0,0.0
1.0,0.0,0.0,1.0,0.0,0.0,0.0,0.0,0.0,0.0,0.0,0.0,1.0,0.0,0.0,1.0,0.0,0.0,1.0,0.0,0.0,-0.391304347826087,-0.4656084656084656,-0.4752279010182707,2.6294767376994317,0.0,0.0,0.0
0.0,0.0,0.0,1.0,1.0,0.0,0.0,0.0,0.0,0.0,0.0,2.0,0.0,0.0,1.0,0.0,1.0,0.0,1.0,0.0,0.0,0.6304347826086957,-0.8428801472279733,-0.815874395212484,0.43378333147383696,0.0,0.0,0.0
1.0,0.0,0.0,1.0,0.0,0.0,0.0,0.0,0.0,0.0,0.0,0.0,0.0,0.0,1.0,1.0,0.0,0.0,0.0,0.0,1.0,-0.5869565217391305,-0.9293765815504946,-0.9966874920758484,-0.06961954702666504,0.0,0.0,0.0
1.0,0.0,0.0,0.0,1.0,1.0,1.0,1.0,1.0,1.0,1.0,2.0,1.0,0.0,0.0,1.0,0.0,1.0,0.0,0.0,0.0,0.9347826086956522,-0.09109730848861289,-0.07016910326684982,-1.2087789483750657,0.0,6.0,0.0
1.0,1.0,0.0,1.0,1.0,0.0,1.0,1.0,0.0,1.0,0.0,0.0,0.0,1.0,0.0,0.0,1.0,0.0,0.0,1.0,0.0,0.6739130434782609,0.4646882907752473,0.46172046847879267,0.35211424746178754,0.0,3.0,0.0
0.0,1.0,0.0,1.0,0.0,1.0,0.0,0.0,0.0,0.0,0.0,2.0,0.0,1.0,0.0,0.0,1.0,1.0,0.0,0.0,0.0,0.9347826086956522,0.14722797331492984,0.13268106281686134,1.9921901149168808,1.0,1.0,1.0
0.0,0.0,0.0,1.0,1.0,0.0,0.0,0.0,0.0,0.0,0.0,0.0,0.0,1.0,0.0,0.0,1.0,0.0,0.0,1.0,0.0,-0.5434782608695652,0.0947780078214862,0.09185836016828382,5.890884748410132,0.0,0.0,0.0
0.0,0.0,0.0,1.0,1.0,0.0,0.0,0.0,0.0,0.0,0.0,0.0,0.0,1.0,0.0,0.0,1.0,0.0,0.0,0.0,1.0,-0.6086956521739131,0.07269381182424667,0.07095570717098137,5.7623563538993645,1.0,0.0,1.0
1.0,0.0,0.0,1.0,1.0,0.0,0.0,0.0,0.0,1.0,1.0,0.0,0.0,1.0,0.0,1.0,0.0,0.0,0.0,1.0,0.0,-0.41304347826086957,0.3496664366229584,0.28889457710329464,0.9835992413254492,0.0,2.0,0.0
1.0,0.0,0.0,1.0,1.0,0.0,0.0,1.0,0.0,1.0,1.0,0.0,0.0,1.0,0.0,0.0,1.0,0.0,0.0,1.0,0.0,0.17391304347826086,0.5631469979296065,0.5623387751966655,0.4953698538435792,1.0,3.0,1.0
1.0,1.0,0.0,0.0,1.0,0.0,1.0,0.0,0.0,1.0,1.0,0.0,1.0,0.0,0.0,1.0,0.0,0.0,0.0,1.0,0.0,-0.5434782608695652,-0.4039567517828388,-0.37374249285953987,-0.9117482985607497,0.0,3.0,0.0
1.0,0.0,0.0,1.0,1.0,0.0,0.0,0.0,0.0,0.0,0.0,0.0,0.0,1.0,0.0,0.0,1.0,0.0,1.0,0.0,0.0,-0.5869565217391305,0.05060961582700713,-0.09304972403862194,5.633827959388598,0.0,0.0,0.0
0.0,1.0,0.0,1.0,1.0,0.0,0.0,0.0,0.0,0.0,0.0,0.0,0.0,0.0,1.0,1.0,0.0,0.0,0.0,0.0,1.0,-0.6086956521739131,-0.9137336093857833,-0.9139956780205862,0.021421399085128055,1.0,0.0,1.0
0.0,1.0,0.0,1.0,1.0,0.0,0.0,0.0,0.0,0.0,0.0,0.0,0.0,1.0,0.0,0.0,1.0,0.0,0.0,1.0,0.0,0.0,0.08189556015642978,0.06461916969548248,5.815909851612184,0.0,0.0,0.0
1.0,0.0,0.0,1.0,1.0,1.0,0.0,0.0,1.0,1.0,0.0,2.0,0.0,1.0,0.0,1.0,0.0,0.0,0.0,1.0,0.0,0.08695652173913043,0.339544513457557,0.38880410759349765,0.17003235523820173,0.0,3.0,0.0
0.0,0.0,0.0,1.0,1.0,0.0,0.0,1.0,0.0,1.0,1.0,1.0,0.0,1.0,0.0,0.0,1.0,0.0,0.0,1.0,0.0,0.6521739130434783,0.5337014032666206,0.5373468821504631,0.45252705567332385,1.0,3.0,1.0
1.0,1.0,0.0,1.0,1.0,1.0,0.0,0.0,0.0,0.0,1.0,0.0,0.0,1.0,0.0,0.0,1.0,0.0,0.0,1.0,0.0,-0.5217391304347826,0.3432252127904303,0.2216385683383481,0.9711034251924583,0.0,2.0,0.0
0.0,0.0,0.0,1.0,1.0,0.0,1.0,0.0,0.0,0.0,0.0,0.0,0.0,1.0,0.0,0.0,1.0,0.0,0.0,1.0,0.0,-0.32608695652173914,0.1555095468138947,0.14911915998036,2.0162891888876495,1.0,1.0,1.0
1.0,1.0,1.0,1.0,1.0,0.0,0.0,0.0,0.0,1.0,0.0,0.0,0.0,1.0,0.0,1.0,0.0,0.0,1.0,0.0,0.0,-0.45652173913043476,0.18311479181044404,0.04304721992733043,2.0966194354568786,1.0,1.0,1.0
1.0,0.0,1.0,1.0,0.0,0.0,0.0,0.0,0.0,0.0,0.0,1.0,0.0,0.0,1.0,1.0,0.0,0.0,1.0,0.0,0.0,0.391304347826087,-0.9192546583850932,-0.9010543113764766,-0.010710699542563646,0.0,0.0,0.0
0.0,1.0,1.0,1.0,0.0,0.0,0.0,1.0,0.0,1.0,0.0,0.0,0.0,1.0,0.0,0.0,1.0,0.0,0.0,1.0,0.0,-0.2608695652173913,0.32666206579250057,0.2817387626059634,0.9389713265647666,0.0,2.0,0.0
1.0,1.0,1.0,1.0,1.0,0.0,1.0,1.0,0.0,1.0,1.0,2.0,0.0,1.0,0.0,0.0,1.0,0.0,0.0,1.0,0.0,0.9347826086956522,0.6054750402576491,0.5845254690003064,0.003213209862769284,0.0,4.0,0.0
1.0,0.0,0.0,0.0,1.0,0.0,0.0,0.0,0.0,0.0,0.0,0.0,1.0,0.0,0.0,1.0,0.0,0.0,0.0,1.0,0.0,-0.5869565217391305,-0.8364389233954452,-0.7793917806972984,0.4712707798728107,0.0,0.0,0.0
1.0,1.0,0.0,1.0,0.0,0.0,1.0,1.0,0.0,1.0,1.0,1.0,0.0,1.0,0.0,0.0,1.0,1.0,0.0,0.0,0.0,0.6739130434782609,0.5889118932597194,0.5887289695481159,-0.01606604931384566,0.0,4.0,0.0
1.0,0.0,0.0,1.0,1.0,0.0,1.0,0.0,0.0,0.0,0.0,0.0,0.0,1.0,0.0,0.0,1.0,0.0,1.0,0.0,0.0,-0.2391304347826087,0.18495514147688055,0.1440001429197965,2.1019747852281605,1.0,1.0,1.0
1.0,0.0,0.0,1.0,0.0,1.0,0.0,0.0,0.0,0.0,0.0,0.0,0.0,1.0,0.0,1.0,0.0,1.0,0.0,0.0,0.0,-0.08695652173913043,0.06993328732459163,0.13784419676234902,1.7672654245230393,0.0,1.0,0.0
0.0,1.0,0.0,1.0,0.0,1.0,1.0,1.0,1.0,1.0,1.0,2.0,1.0,0.0,0.0,0.0,1.0,1.0,0.0,0.0,0.0,0.9130434782608695,0.3211410167931908,0.3503220423548626,-0.8660365630130216,0.0,6.0,0.0
1.0,0.0,0.0,1.0,0.0,0.0,0.0,0.0,0.0,0.0,0.0,0.0,0.0,0.0,1.0,1.0,0.0,0.0,0.0,0.0,1.0,-0.6086956521739131,-0.9091327352196917,-0.9094016883508494,0.04819814794153774,0.0,0.0,0.0
0.0,1.0,1.0,1.0,0.0,0.0,0.0,0.0,0.0,0.0,0.0,2.0,0.0,0.0,1.0,1.0,0.0,0.0,1.0,0.0,0.0,0.9130434782608695,-0.9348976305498045,-0.9306893306232917,-0.10175164565435672,0.0,0.0,0.0
1.0,0.0,0.0,1.0,1.0,0.0,0.0,0.0,0.0,0.0,0.0,0.0,0.0,1.0,0.0,0.0,1.0,0.0,0.0,0.0,1.0,0.8260869565217391,0.09569818265470445,0.09089499367783904,5.896240098181413,1.0,0.0,1.0
0.0,1.0,0.0,1.0,1.0,1.0,1.0,1.0,1.0,1.0,1.0,2.0,0.0,1.0,0.0,0.0,1.0,0.0,1.0,0.0,0.0,0.9347826086956522,0.8327582240625719,0.8578806154320616,-0.44066878117977076,1.0,6.0,0.0
0.0,0.0,0.0,0.0,1.0,0.0,1.0,0.0,0.0,0.0,1.0,0.0,1.0,0.0,0.0,1.0,0.0,0.0,0.0,1.0,0.0,0.2608695652173913,-0.5548654244306418,-0.5451319220992811,-0.7711703670645986,0.0,2.0,0.0
1.0,0.0,0.0,1.0,1.0,0.0,1.0,0.0,0.0,1.0,0.0,0.0,0.0,1.0,0.0,0.0,1.0,0.0,1.0,0.0,0.0,-0.10869565217391304,0.36899010812054284,0.4505341036329836,1.0210866897244228,0.0,2.0,0.0
1.0,0.0,1.0,1.0,1.0,0.0,1.0,0.0,0.0,0.0,0.0,0.0,1.0,0.0,0.0,0.0,1.0,0.0,1.0,0.0,0.0,0.5434782608695652,-0.28525419829767656,-0.24471944224615436,0.7336829186656255,0.0,1.0,0.0
0.0,1.0,1.0,0.0,0.0,1.0,0.0,0.0,1.0,0.0,0.0,2.0,1.0,0.0,0.0,1.0,0.0,0.0,0.0,0.0,1.0,-0.13043478260869565,-0.6606855302507476,-0.6472246952857839,-0.9764587749637398,0.0,2.0,0.0
1.0,1.0,1.0,1.0,1.0,0.0,0.0,0.0,0.0,1.0,1.0,1.0,1.0,0.0,0.0,1.0,0.0,0.0,0.0,1.0,0.0,-0.34782608695652173,-0.10582010582010583,-0.05696923594015085,0.09996652906392951,0.0,2.0,0.0
0.0,0.0,0.0,1.0,1.0,0.0,1.0,1.0,0.0,1.0,0.0,1.0,0.0,1.0,0.0,0.0,1.0,0.0,0.0,1.0,0.0,0.782608695652174,0.46008741660915575,0.44260240377627275,0.3454200602476851,0.0,3.0,0.0
1.0,1.0,1.0,1.0,0.0,0.0,0.0,0.0,0.0,0.0,0.0,2.0,0.0,0.0,1.0,1.0,0.0,0.0,0.0,0.0,1.0,0.5652173913043478,-0.9201748332183115,-0.9035714978245288,-0.01606604931384566,0.0,0.0,0.0
1.0,0.0,0.0,1.0,0.0,0.0,0.0,0.0,0.0,0.0,0.0,1.0,0.0,0.0,1.0,1.0,0.0,0.0,1.0,0.0,0.0,0.32608695652173914,-0.9385783298826778,-0.9482000192888993,-0.1231730447394844,0.0,0.0,0.0
0.0,1.0,0.0,0.0,1.0,1.0,0.0,1.0,0.0,1.0,1.0,1.0,1.0,0.0,0.0,1.0,0.0,0.0,0.0,1.0,0.0,0.8478260869565217,-0.29629629629629634,-0.29087502625808187,-1.0464353453084905,0.0,4.0,0.0
0.0,0.0,0.0,1.0,0.0,0.0,0.0,0.0,0.0,0.0,0.0,0.0,1.0,0.0,0.0,0.0,1.0,0.0,0.0,0.0,1.0,-0.30434782608695654,-0.39843570278352886,-0.5236290624841523,3.020417271003013,0.0,0.0,0.0
1.0,1.0,1.0,1.0,0.0,1.0,0.0,0.0,0.0,0.0,1.0,0.0,0.0,1.0,0.0,1.0,0.0,0.0,0.0,1.0,0.0,-0.34782608695652173,0.24936737980216236,0.2511107789888133,0.7890215329688721,0.0,2.0,0.0
1.0,1.0,1.0,1.0,1.0,0.0,0.0,0.0,0.0,0.0,0.0,1.0,0.0,0.0,1.0,1.0,0.0,1.0,0.0,0.0,0.0,0.08695652173913043,-0.939498504715896,-0.9628868650512397,-0.12852839451076642,0.0,0.0,0.0
1.0,0.0,0.0,1.0,1.0,0.0,1.0,0.0,0.0,0.0,0.0,0.0,1.0,0.0,0.0,1.0,0.0,0.0,0.0,0.0,1.0,-0.6086956521739131,-0.37451115711985283,-0.3755800887274346,0.4739484547584515,0.0,1.0,0.0
1.0,1.0,0.0,1.0,0.0,0.0,0.0,1.0,0.0,0.0,0.0,0.0,1.0,0.0,0.0,0.0,1.0,0.0,1.0,0.0,0.0,-0.08695652173913043,-0.2751322751322752,-0.26418502721565684,0.7631373424076761,0.0,1.0,0.0
0.0,0.0,0.0,1.0,1.0,0.0,1.0,1.0,1.0,0.0,1.0,0.0,0.0,1.0,0.0,1.0,0.0,0.0,0.0,1.0,0.0,-0.391304347826087,0.43616287094547973,0.3732402274396621,-0.19386366172040598,0.0,4.0,0.0
1.0,1.0,0.0,1.0,1.0,0.0,1.0,0.0,0.0,0.0,0.0,0.0,0.0,1.0,0.0,0.0,1.0,0.0,0.0,1.0,0.0,-0.5217391304347826,0.1518288474810214,0.21741209784219018,2.0055784893450856,0.0,1.0,0.0
0.0,1.0,1.0,1.0,0.0,0.0,0.0,0.0,0.0,0.0,0.0,2.0,0.0,0.0,1.0,1.0,0.0,1.0,0.0,0.0,0.0,0.5,-0.927536231884058,-0.9159216198436683,-0.058908847484101,0.0,0.0,0.0
0.0,1.0,0.0,1.0,0.0,0.0,1.0,1.0,0.0,0.0,1.0,1.0,1.0,0.0,0.0,0.0,1.0,1.0,0.0,0.0,0.0,-0.17391304347826086,0.022084195997239528,0.012852675919453169,-0.29186656253486537,1.0,3.0,1.0
1.0,0.0,0.0,1.0,1.0,1.0,1.0,0.0,0.0,1.0,1.0,0.0,0.0,1.0,0.0,0.0,1.0,0.0,0.0,1.0,0.0,0.21739130434782608,0.6606855302507477,0.6067326972692073,0.06747740711815269,0.0,4.0,0.0
1.0,0.0,0.0,1.0,1.0,0.0,0.0,0.0,0.0,0.0,0.0,0.0,0.0,0.0,1.0,1.0,0.0,0.0,1.0,0.0,0.0,-0.5869565217391305,-0.9312169312169313,-0.9874995127363748,-0.08033024656922906,0.0,0.0,0.0
0.0,0.0,0.0,1.0,0.0,0.0,0.0,0.0,0.0,0.0,0.0,0.0,0.0,1.0,0.0,1.0,0.0,1.0,0.0,0.0,0.0,0.2608695652173913,-0.004600874166091558,-0.011691287472868801,5.312506973111682,0.0,0.0,0.0
0.0,1.0,1.0,1.0,1.0,0.0,0.0,0.0,0.0,0.0,0.0,0.0,0.0,0.0,1.0,0.0,1.0,0.0,0.0,0.0,1.0,-0.5217391304347826,-0.8502415458937199,-0.8110903094184821,0.39094053330358164,0.0,0.0,0.0
1.0,0.0,0.0,1.0,1.0,0.0,1.0,0.0,0.0,0.0,0.0,0.0,0.0,1.0,0.0,0.0,1.0,0.0,0.0,1.0,0.0,-0.10869565217391304,0.17943409247757075,0.12815087855920435,2.0859087359143147,0.0,1.0,0.0
1.0,0.0,0.0,1.0,0.0,0.0,0.0,0.0,0.0,0.0,0.0,0.0,0.0,0.0,1.0,1.0,0.0,0.0,0.0,0.0,1.0,-0.6086956521739131,-0.9256958822176213,-0.9259400511619018,-0.04819814794153736,0.0,0.0,0.0
0.0,0.0,0.0,1.0,1.0,0.0,0.0,0.0,0.0,1.0,0.0,0.0,0.0,1.0,0.0,1.0,0.0,0.0,0.0,1.0,0.0,-0.4782608695652174,0.15642972164711297,0.0756809536884251,2.0189668637732905,0.0,1.0,0.0
0.0,0.0,0.0,1.0,1.0,0.0,1.0,1.0,0.0,1.0,0.0,0.0,0.0,1.0,0.0,0.0,1.0,1.0,0.0,0.0,0.0,0.2391304347826087,0.4214400736139868,0.4285518630632929,0.2891888876492249,0.0,3.0,0.0
1.0,1.0,1.0,1.0,0.0,0.0,1.0,0.0,1.0,1.0,1.0,1.0,0.0,1.0,0.0,1.0,0.0,1.0,0.0,0.0,0.0,-0.21739130434782608,0.5429031515988038,0.5294842339967103,-0.06961954702666504,0.0,4.0,0.0
1.0,0.0,0.0,1.0,0.0,0.0,0.0,0.0,0.0,0.0,0.0,1.0,0.0,0.0,1.0,1.0,0.0,0.0,0.0,0.0,1.0,-0.13043478260869565,-0.9210950080515298,-0.9127572981965701,-0.021421399085127673,0.0,0.0,0.0
0.0,0.0,0.0,1.0,1.0,0.0,0.0,0.0,0.0,0.0,0.0,0.0,1.0,0.0,0.0,1.0,0.0,0.0,0.0,0.0,1.0,-0.6086956521739131,-0.46376811594202905,-0.4647034883203283,2.6401874372419947,0.0,0.0,0.0
0.0,0.0,0.0,0.0,1.0,0.0,1.0,0.0,0.0,0.0,1.0,2.0,1.0,0.0,0.0,1.0,0.0,0.0,0.0,0.0,1.0,-0.30434782608695654,-0.5833908442604095,-0.5584208775829587,-0.8265089813678457,0.0,2.0,0.0
1.0,0.0,0.0,1.0,1.0,0.0,0.0,1.0,0.0,1.0,0.0,0.0,0.0,1.0,0.0,0.0,1.0,0.0,0.0,1.0,0.0,-0.6086956521739131,0.33678398895790196,0.33465071421387294,0.9586076090594666,1.0,2.0,1.0
1.0,0.0,0.0,1.0,1.0,1.0,1.0,1.0,0.0,1.0,1.0,0.0,0.0,1.0,0.0,0.0,1.0,1.0,0.0,0.0,0.0,0.7391304347826086,0.7158960202438465,0.7538121653183335,-0.25884190561196,1.0,5.0,1.0
1.0,0.0,0.0,1.0,1.0,0.0,1.0,0.0,0.0,0.0,0.0,0.0,0.0,1.0,0.0,1.0,0.0,0.0,0.0,1.0,0.0,-0.6086956521739131,0.07085346215780988,0.0691181113030865,1.76994309940868,0.0,1.0,0.0
1.0,0.0,0.0,1.0,0.0,0.0,0.0,0.0,0.0,0.0,0.0,0.0,1.0,0.0,0.0,1.0,0.0,0.0,0.0,0.0,1.0,-0.5434782608695652,-0.47757073844030373,-0.28301119688223825,2.5598571906727656,0.0,0.0,0.0
0.0,1.0,1.0,1.0,1.0,0.0,0.0,0.0,0.0,1.0,0.0,0.0,0.0,1.0,0.0,1.0,0.0,0.0,1.0,0.0,0.0,0.2826086956521739,0.13710605014952848,0.18344282565567924,1.9627356911748302,0.0,1.0,0.0
0.0,1.0,1.0,1.0,0.0,1.0,1.0,1.0,1.0,0.0,0.0,1.0,1.0,0.0,0.0,1.0,0.0,0.0,0.0,0.0,1.0,-0.043478260869565216,-0.08005521048999299,-0.02140049996728278,-0.7947339060582392,0.0,4.0,0.0
1.0,1.0,1.0,1.0,1.0,1.0,1.0,1.0,1.0,1.0,1.0,2.0,0.0,1.0,0.0,0.0,1.0,1.0,0.0,0.0,0.0,0.9130434782608695,0.8382792730618818,0.850393993925676,-0.4360784813758147,0.0,6.0,0.0
1.0,1.0,0.0,1.0,1.0,1.0,1.0,0.0,0.0,0.0,1.0,0.0,0.0,1.0,0.0,0.0,1.0,0.0,1.0,0.0,0.0,-0.4782608695652174,0.4453646192776628,0.4698452673518414,0.32399866116255743,1.0,3.0,1.0
0.0,0.0,0.0,1.0,1.0,0.0,0.0,0.0,0.0,0.0,0.0,0.0,0.0,0.0,1.0,1.0,0.0,1.0,0.0,0.0,0.0,-0.1956521739130435,-0.9385783298826778,-0.9176708697563757,-0.1231730447394844,0.0,0.0,0.0
1.0,0.0,0.0,1.0,0.0,0.0,1.0,0.0,1.0,1.0,1.0,0.0,0.0,1.0,0.0,1.0,0.0,0.0,0.0,1.0,0.0,0.32608695652173914,0.5530250747642051,0.5396888258827163,-0.05783777752984483,0.0,4.0,0.0
0.0,1.0,1.0,1.0,0.0,0.0,0.0,0.0,0.0,0.0,0.0,1.0,0.0,0.0,1.0,1.0,0.0,0.0,1.0,0.0,0.0,0.5,-0.9367379802162411,-0.9393686363503633,-0.11246234519692037,0.0,0.0,0.0
0.0,1.0,0.0,1.0,1.0,0.0,0.0,1.0,0.0,1.0,0.0,0.0,0.0,1.0,0.0,1.0,0.0,0.0,0.0,1.0,0.0,-0.4782608695652174,0.2898550724637681,0.24408348929620505,0.8675666629476739,0.0,2.0,0.0
1.0,1.0,1.0,1.0,1.0,0.0,1.0,0.0,1.0,1.0,0.0,0.0,0.0,1.0,0.0,0.0,1.0,0.0,1.0,0.0,0.0,0.5869565217391305,0.48677248677248686,0.4853992038050929,0.3842463460894792,0.0,3.0,0.0
1.0,1.0,0.0,1.0,1.0,0.0,1.0,0.0,1.0,1.0,1.0,0.0,0.0,1.0,0.0,0.0,1.0,0.0,0.0,1.0,0.0,-0.021739130434782608,0.6496434322521278,0.6704057306477786,0.05462456766707593,1.0,4.0,0.0
0.0,1.0,1.0,1.0,1.0,0.0,0.0,0.0,0.0,0.0,0.0,2.0,0.0,0.0,1.0,1.0,0.0,1.0,0.0,0.0,0.0,0.5434782608695652,-0.9229353577179664,-0.9254125930887099,-0.03213209862769132,0.0,0.0,0.0
1.0,1.0,1.0,0.0,1.0,1.0,1.0,1.0,1.0,1.0,1.0,2.0,1.0,0.0,0.0,1.0,0.0,0.0,1.0,0.0,0.0,0.9347826086956522,-0.09937888198757774,-0.08373413387498904,-1.2156643980809998,0.0,6.0,0.0
0.0,0.0,0.0,1.0,0.0,0.0,0.0,0.0,0.0,0.0,0.0,2.0,0.0,0.0,1.0,1.0,0.0,0.0,1.0,0.0,0.0,0.21739130434782608,-0.9164941338854382,-0.9378844243032176,0.005355349771282014,0.0,0.0,0.0
0.0,0.0,0.0,1.0,0.0,0.0,0.0,0.0,0.0,0.0,0.0,1.0,0.0,0.0,1.0,1.0,0.0,0.0,0.0,1.0,0.0,-0.3695652173913043,-0.9266160570508397,-0.8979167141765074,-0.05355349771281937,0.0,0.0,0.0
0.0,0.0,0.0,1.0,0.0,1.0,0.0,1.0,1.0,1.0,0.0,1.0,1.0,0.0,0.0,0.0,1.0,0.0,1.0,0.0,0.0,0.5,0.06441223832528181,0.0731643560506625,-0.6265759232399865,0.0,4.0,0.0
0.0,1.0,1.0,1.0,0.0,0.0,0.0,0.0,0.0,0.0,0.0,0.0,1.0,0.0,0.0,0.0,1.0,0.0,0.0,1.0,0.0,-0.4782608695652174,-0.39935587761674723,-0.37886150992010365,3.0150619212317307,0.0,0.0,0.0
1.0,1.0,1.0,1.0,0.0,0.0,0.0,0.0,0.0,0.0,0.0,2.0,0.0,0.0,1.0,0.0,1.0,0.0,0.0,0.0,1.0,0.043478260869565216,-0.8235564757303888,-0.8492352429988128,0.5462456766707577,0.0,0.0,0.0
1.0,1.0,1.0,1.0,1.0,1.0,0.0,1.0,0.0,0.0,0.0,1.0,1.0,0.0,0.0,1.0,0.0,0.0,1.0,0.0,0.0,-0.10869565217391304,-0.26224982746721875,-0.1836661702741802,-0.20350329130871345,0.0,2.0,0.0
0.0,1.0,0.0,1.0,1.0,0.0,0.0,0.0,0.0,0.0,0.0,0.0,0.0,1.0,0.0,0.0,1.0,0.0,1.0,0.0,0.0,-0.5652173913043478,0.06625258799171832,0.09943844312334942,5.72486890550039,0.0,0.0,0.0
0.0,0.0,0.0,1.0,1.0,0.0,0.0,0.0,0.0,0.0,0.0,2.0,0.0,0.0,1.0,1.0,0.0,0.0,0.0,0.0,1.0,0.391304347826087,-0.9192546583850932,-0.9273866691855638,-0.010710699542563646,0.0,0.0,0.0
1.0,1.0,1.0,1.0,1.0,0.0,0.0,0.0,0.0,0.0,0.0,1.0,1.0,0.0,0.0,0.0,1.0,0.0,0.0,1.0,0.0,-0.021739130434782608,-0.3588681849551415,-0.3902808556705923,3.250697311168136,1.0,0.0,1.0
0.0,1.0,0.0,1.0,0.0,0.0,0.0,1.0,0.0,0.0,0.0,0.0,0.0,1.0,0.0,0.0,1.0,0.0,0.0,0.0,1.0,0.06521739130434782,0.16195077064642277,0.17868476492630903,2.0350329130871363,1.0,1.0,1.0
1.0,0.0,0.0,1.0,1.0,0.0,1.0,0.0,1.0,1.0,1.0,0.0,0.0,1.0,0.0,0.0,1.0,0.0,0.0,1.0,0.0,0.10869565217391304,0.641361858753163,0.6164784687179024,0.04498493807876845,0.0,4.0,0.0
1.0,1.0,1.0,1.0,1.0,0.0,0.0,1.0,0.0,0.0,0.0,0.0,1.0,0.0,0.0,1.0,0.0,0.0,0.0,1.0,0.0,-0.5652173913043478,-0.37451115711985283,-0.2671619325216464,0.4739484547584515,0.0,1.0,0.0
1.0,0.0,0.0,1.0,0.0,0.0,1.0,0.0,0.0,0.0,0.0,0.0,0.0,1.0,0.0,0.0,1.0,0.0,0.0,1.0,0.0,-0.41304347826086957,0.17207269381182413,0.16788888920242748,2.0644873368291865,0.0,1.0,0.0
1.0,0.0,1.0,1.0,0.0,1.0,1.0,0.0,1.0,0.0,0.0,2.0,1.0,0.0,0.0,0.0,1.0,1.0,0.0,0.0,0.0,0.8043478260869565,-0.08833678398895785,-0.07794524285176023,-0.45252705567332346,0.0,3.0,0.0
1.0,0.0,0.0,1.0,0.0,0.0,0.0,0.0,0.0,0.0,0.0,0.0,1.0,0.0,0.0,1.0,0.0,1.0,0.0,0.0,0.0,-0.6086956521739131,-0.4646882907752473,-0.46562228625427565,2.634832087470713,1.0,0.0,1.0
0.0,1.0,1.0,1.0,0.0,0.0,1.0,0.0,1.0,1.0,1.0,2.0,1.0,0.0,0.0,0.0,1.0,1.0,0.0,0.0,0.0,0.43478260869565216,0.16195077064642277,0.16636068447555577,-0.5130425080888095,0.0,4.0,0.0
1.0,1.0,1.0,1.0,1.0,0.0,0.0,0.0,0.0,0.0,0.0,0.0,0.0,0.0,1.0,1.0,0.0,1.0,0.0,0.0,0.0,-0.6086956521739131,-0.9266160570508397,-0.9268588490958493,-0.05355349771281937,0.0,0.0,0.0
1.0,1.0,0.0,1.0,1.0,0.0,0.0,0.0,0.0,1.0,1.0,0.0,0.0,1.0,0.0,1.0,0.0,0.0,0.0,1.0,0.0,-0.4782608695652174,0.3496664366229584,0.4792957603867286,0.9835992413254492,1.0,2.0,1.0
1.0,1.0,0.0,1.0,0.0,0.0,0.0,0.0,0.0,0.0,0.0,0.0,0.0,0.0,1.0,1.0,0.0,1.0,0.0,0.0,0.0,-0.5652173913043478,-0.9293765815504946,-0.993012300340059,-0.06961954702666504,0.0,0.0,0.0
1.0,1.0,0.0,1.0,0.0,1.0,0.0,0.0,1.0,1.0,0.0,1.0,0.0,1.0,0.0,1.0,0.0,0.0,0.0,0.0,1.0,0.10869565217391304,0.3616287094547965,0.3938861574848322,0.20216445386589343,1.0,3.0,0.0
0.0,1.0,1.0,1.0,0.0,1.0,1.0,1.0,1.0,1.0,1.0,2.0,1.0,0.0,0.0,1.0,0.0,1.0,0.0,0.0,0.0,0.9347826086956522,0.27237175063262015,0.267170110398406,-0.9065842112812993,0.0,6.0,0.0
1.0,0.0,0.0,1.0,1.0,1.0,0.0,1.0,0.0,1.0,1.0,0.0,1.0,0.0,0.0,1.0,0.0,0.0,0.0,1.0,0.0,-0.5652173913043478,0.1269841269841271,-0.034399789254982334,-0.5537431663505521,0.0,4.0,0.0
0.0,0.0,0.0,1.0,1.0,0.0,0.0,0.0,0.0,0.0,0.0,0.0,0.0,1.0,0.0,1.0,0.0,0.0,0.0,1.0,0.0,-0.2391304347826087,0.011042097998619634,-0.023323169717950367,5.403547919223474,0.0,0.0,0.0
1.0,1.0,1.0,1.0,0.0,1.0,1.0,0.0,1.0,0.0,0.0,1.0,1.0,0.0,0.0,1.0,0.0,0.0,0.0,0.0,1.0,0.8260869565217391,-0.19231654014262717,-0.20169415137739724,-0.6038156867120383,0.0,3.0,0.0
1.0,1.0,1.0,1.0,0.0,0.0,0.0,0.0,0.0,0.0,0.0,1.0,0.0,0.0,1.0,0.0,1.0,0.0,0.0,0.0,1.0,0.32608695652173914,-0.8244766505636071,-0.8333502775454796,0.5408903268994757,0.0,0.0,0.0
0.0,1.0,0.0,1.0,1.0,0.0,0.0,0.0,0.0,0.0,0.0,0.0,0.0,1.0,0.0,1.0,0.0,1.0,0.0,0.0,0.0,-0.4782608695652174,-0.023924545663676047,-0.04350026402931804,5.200044627914761,0.0,0.0,0.0
1.0,1.0,0.0,1.0,1.0,1.0,0.0,1.0,1.0,1.0,1.0,1.0,0.0,1.0,0.0,1.0,0.0,1.0,0.0,0.0,0.0,0.5,0.6247987117552336,0.6398506510037327,-0.3472051768381119,1.0,5.0,0.0
1.0,0.0,0.0,1.0,1.0,0.0,0.0,0.0,0.0,0.0,0.0,0.0,0.0,1.0,0.0,1.0,0.0,0.0,1.0,0.0,0.0,-0.2826086956521739,-0.010121923165401375,0.08737922024029034,5.28037487448399,0.0,0.0,0.0
1.0,1.0,0.0,1.0,1.0,0.0,1.0,1.0,0.0,0.0,0.0,0.0,1.0,0.0,0.0,1.0,0.0,0.0,0.0,0.0,1.0,-0.45652173913043476,-0.2898550724637681,-0.2730192693505607,-0.25705678902153284,0.0,2.0,0.0
1.0,0.0,0.0,1.0,0.0,0.0,0.0,1.0,1.0,1.0,0.0,0.0,1.0,0.0,0.0,1.0,0.0,1.0,0.0,0.0,0.0,-0.4782608695652174,-0.11410167931907068,-0.12645459177999388,-0.4900145040722972,0.0,3.0,0.0
1.0,1.0,1.0,1.0,1.0,0.0,0.0,0.0,0.0,0.0,0.0,2.0,0.0,0.0,1.0,1.0,0.0,0.0,1.0,0.0,0.0,0.9347826086956522,-0.9330572808833679,-0.9360851116825706,-0.0910409461117927,0.0,0.0,0.0
1.0,1.0,0.0,0.0,0.0,1.0,0.0,0.0,0.0,0.0,0.0,0.0,1.0,0.0,0.0,1.0,0.0,1.0,0.0,0.0,0.0,-0.4782608695652174,-0.7490223142397057,-0.7184229749375058,-0.6158652236974226,1.0,1.0,1.0
1.0,0.0,0.0,1.0,1.0,0.0,0.0,0.0,0.0,0.0,0.0,1.0,0.0,0.0,1.0,1.0,0.0,0.0,0.0,0.0,1.0,-0.17391304347826086,-0.9229353577179664,-0.9272526196389698,-0.03213209862769132,0.0,0.0,0.0
1.0,0.0,0.0,1.0,1.0,0.0,0.0,1.0,1.0,1.0,1.0,1.0,1.0,0.0,0.0,1.0,0.0,0.0,0.0,1.0,0.0,0.13043478260869565,0.04600874166091558,0.0003395231047416117,-0.6479973223251143,1.0,4.0,0.0
0.0,1.0,1.0,0.0,1.0,0.0,1.0,0.0,0.0,1.0,1.0,0.0,1.0,0.0,0.0,1.0,0.0,0.0,0.0,1.0,0.0,0.6739130434782609,-0.38187255578559925,-0.3570663103583953,-0.8796161999330581,0.0,3.0,0.0
1.0,0.0,0.0,1.0,1.0,0.0,0.0,1.0,0.0,1.0,1.0,0.0,0.0,1.0,0.0,0.0,1.0,0.0,0.0,1.0,0.0,-0.45652173913043476,0.5539452495974234,0.585023151214528,0.48198147941537434,1.0,3.0,1.0
1.0,0.0,0.0,1.0,1.0,0.0,0.0,0.0,0.0,0.0,0.0,0.0,0.0,1.0,0.0,1.0,0.0,0.0,0.0,1.0,0.0,-0.5869565217391305,-0.012882447665056413,0.05028275365716582,5.264308825170144,0.0,0.0,0.0
0.0,1.0,1.0,0.0,0.0,0.0,0.0,0.0,1.0,0.0,0.0,1.0,1.0,0.0,0.0,1.0,0.0,0.0,1.0,0.0,0.0,-0.3695652173913043,-0.7407407407407408,-0.7323033865824963,-0.5917661497266539,0.0,1.0,0.0
1.0,0.0,0.0,0.0,1.0,0.0,1.0,0.0,0.0,0.0,0.0,0.0,1.0,0.0,0.0,1.0,0.0,0.0,0.0,1.0,0.0,-0.5652173913043478,-0.7527030135725787,-0.8104777774625173,-0.6265759232399865,0.0,1.0,0.0
0.0,1.0,1.0,1.0,1.0,1.0,1.0,1.0,0.0,1.0,0.0,2.0,1.0,0.0,0.0,1.0,0.0,0.0,1.0,0.0,0.0,0.9347826086956522,0.002760524499655039,-0.0181804535043285,-0.6983376101751644,0.0,4.0,0.0
0.0,0.0,0.0,1.0,1.0,1.0,1.0,0.0,1.0,1.0,1.0,1.0,0.0,1.0,0.0,0.0,1.0,0.0,1.0,0.0,0.0,0.5,0.7499424890729238,0.7936432897936901,-0.22581724868905473,0.0,5.0,0.0
1.0,0.0,0.0,1.0,0.0,0.0,0.0,0.0,0.0,0.0,0.0,2.0,0.0,0.0,1.0,1.0,0.0,0.0,1.0,0.0,0.0,0.3695652173913043,-0.9440993788819876,-0.9343490496443332,-0.1553051433671761,0.0,0.0,0.0
0.0,1.0,0.0,1.0,0.0,1.0,0.0,1.0,0.0,1.0,1.0,1.0,1.0,0.0,0.0,0.0,1.0,0.0,0.0,1.0,0.0,-0.3695652173913043,0.15366919714745791,0.045459064503942145,-0.5226821376771169,0.0,4.0,0.0
0.0,0.0,0.0,1.0,0.0,0.0,0.0,0.0,1.0,1.0,1.0,0.0,0.0,1.0,0.0,0.0,1.0,0.0,1.0,0.0,0.0,0.17391304347826086,0.5484242005981136,0.4616931528645402,0.4739484547584515,0.0,3.0,0.0
1.0,0.0,0.0,1.0,0.0,0.0,0.0,0.0,0.0,0.0,0.0,1.0,0.0,0.0,1.0,1.0,0.0,1.0,0.0,0.0,0.0,0.2826086956521739,-0.9330572808833679,-0.9252837669233681,-0.0910409461117927,0.0,0.0,0.0
1.0,0.0,0.0,1.0,0.0,0.0,0.0,0.0,1.0,0.0,0.0,0.0,0.0,1.0,0.0,0.0,1.0,1.0,0.0,0.0,0.0,0.6304347826086957,0.18679549114331734,0.22596325516537613,2.107330134999443,0.0,1.0,0.0
1.0,0.0,0.0,1.0,0.0,0.0,0.0,0.0,0.0,0.0,0.0,1.0,0.0,0.0,1.0,1.0,0.0,0.0,1.0,0.0,0.0,-0.3695652173913043,-0.9284564067172764,-0.8882693358700602,-0.06426419725538302,0.0,0.0,0.0
1.0,1.0,1.0,1.0,0.0,0.0,0.0,0.0,0.0,0.0,0.0,2.0,0.0,0.0,1.0,1.0,0.0,1.0,0.0,0.0,0.0,0.8478260869565217,-0.9302967563837129,-0.9248320889474358,-0.07497489679794704,0.0,0.0,0.0
1.0,0.0,0.0,1.0,0.0,0.0,0.0,0.0,0.0,0.0,0.0,0.0,1.0,0.0,0.0,1.0,0.0,0.0,0.0,0.0,1.0,-0.6086956521739131,-0.4453646192776628,-0.44632752964138117,2.7472944326676334,0.0,0.0,0.0
0.0,1.0,1.0,1.0,0.0,1.0,0.0,0.0,1.0,0.0,0.0,0.0,1.0,0.0,0.0,1.0,0.0,1.0,0.0,0.0,0.0,0.32608695652173914,-0.26224982746721875,-0.28664462507557553,-0.20350329130871345,0.0,2.0,0.0
0.0,1.0,0.0,1.0,1.0,1.0,1.0,1.0,1.0,1.0,1.0,2.0,0.0,1.0,0.0,1.0,0.0,1.0,0.0,0.0,0.0,0.9130434782608695,0.7214170692431563,0.7486144763130566,-0.5332398272262154,1.0,6.0,0.0
1.0,0.0,0.0,0.0,0.0,0.0,1.0,0.0,1.0,0.0,0.0,0.0,1.0,0.0,0.0,1.0,0.0,0.0,0.0,1.0,0.0,0.0,-0.6662065792500576,-0.6604708136258706,-0.9871694745063038,0.0,2.0,0.0
1.0,0.0,0.0,1.0,0.0,0.0,0.0,0.0,0.0,0.0,0.0,2.0,0.0,0.0,1.0,0.0,1.0,1.0,0.0,0.0,0.0,0.10869565217391304,-0.8171152518978606,-0.7672852667441096,0.5837331250697314,0.0,0.0,0.0
1.0,1.0,0.0,1.0,1.0,0.0,1.0,1.0,0.0,0.0,1.0,0.0,0.0,1.0,0.0,1.0,0.0,0.0,0.0,1.0,0.0,-0.5,0.3772716816195077,0.32913792661018887,0.2249246903938415,0.0,3.0,0.0
0.0,1.0,0.0,1.0,1.0,0.0,1.0,1.0,0.0,1.0,0.0,1.0,0.0,1.0,0.0,0.0,1.0,0.0,1.0,0.0,0.0,0.717391304347826,0.5051759834368531,0.462378446354071,0.4110230949458889,1.0,3.0,1.0
0.0,0.0,0.0,1.0,1.0,0.0,0.0,0.0,0.0,0.0,0.0,1.0,0.0,0.0,1.0,1.0,0.0,0.0,0.0,0.0,1.0,-0.15217391304347827,-0.9284564067172764,-0.9488264724256815,-0.06426419725538302,1.0,0.0,1.0
0.0,1.0,0.0,1.0,0.0,0.0,1.0,1.0,0.0,1.0,1.0,1.0,0.0,1.0,0.0,0.0,1.0,0.0,1.0,0.0,0.0,0.8043478260869565,0.6275592362548883,0.6015615140255806,0.028918888764922414,1.0,4.0,1.0
1.0,0.0,1.0,0.0,0.0,0.0,1.0,0.0,1.0,0.0,0.0,0.0,1.0,0.0,0.0,1.0,0.0,0.0,0.0,0.0,1.0,-0.6086956521739131,-0.6790890269151139,-0.67970220486401,-1.0121611067722858,0.0,2.0,0.0
1.0,1.0,1.0,1.0,0.0,1.0,0.0,1.0,0.0,1.0,1.0,0.0,0.0,1.0,0.0,0.0,1.0,0.0,1.0,0.0,0.0,0.45652173913043476,0.6524039567517829,0.6660795049473639,0.05783777752984521,0.0,4.0,0.0
1.0,1.0,0.0,1.0,0.0,1.0,1.0,1.0,1.0,0.0,0.0,2.0,0.0,1.0,0.0,0.0,1.0,0.0,0.0,0.0,1.0,0.8043478260869565,0.4803312629399585,0.4915285008449758,-0.14245230391609934,0.0,4.0,0.0
1.0,1.0,0.0,1.0,0.0,1.0,1.0,1.0,1.0,1.0,1.0,2.0,0.0,1.0,0.0,0.0,1.0,1.0,0.0,0.0,0.0,0.9347826086956522,0.8217161260639523,0.833825975078023,-0.44984938078768266,0.0,6.0,0.0
1.0,0.0,1.0,1.0,0.0,0.0,0.0,0.0,0.0,0.0,0.0,0.0,0.0,0.0,1.0,1.0,0.0,0.0,0.0,0.0,1.0,-0.043478260869565216,-0.945019553715206,-0.931418809212477,-0.16066049313845812,0.0,0.0,0.0
1.0,0.0,1.0,1.0,0.0,0.0,0.0,0.0,0.0,0.0,0.0,1.0,0.0,0.0,1.0,1.0,0.0,0.0,0.0,0.0,1.0,-0.4782608695652174,-0.939498504715896,-0.9381469379986311,-0.12852839451076642,0.0,0.0,0.0
1.0,0.0,0.0,1.0,1.0,0.0,1.0,0.0,0.0,0.0,0.0,0.0,1.0,0.0,0.0,0.0,1.0,0.0,1.0,0.0,0.0,-0.32608695652173914,-0.27605244996549344,-0.28967248190335654,0.7604596675220352,0.0,1.0,0.0
1.0,0.0,0.0,0.0,0.0,0.0,0.0,1.0,1.0,0.0,0.0,0.0,1.0,0.0,0.0,1.0,0.0,0.0,0.0,1.0,0.0,-0.06521739130434782,-0.6395215090867264,-0.5744645030449625,-0.9354010933839116,0.0,2.0,0.0
0.0,0.0,0.0,1.0,0.0,0.0,0.0,0.0,0.0,0.0,0.0,0.0,0.0,1.0,0.0,0.0,1.0,0.0,0.0,1.0,0.0,-0.391304347826087,0.0874166091557396,0.18739246352758276,5.8480419502398755,0.0,0.0,0.0
0.0,1.0,0.0,0.0,0.0,1.0,0.0,1.0,1.0,1.0,1.0,2.0,1.0,0.0,0.0,1.0,0.0,1.0,0.0,0.0,0.0,0.08695652173913043,-0.20151828847481026,-0.17436334119296318,-1.1487225259399754,0.0,5.0,0.0
1.0,1.0,1.0,1.0,1.0,1.0,1.0,1.0,1.0,1.0,1.0,2.0,1.0,0.0,0.0,0.0,1.0,0.0,0.0,0.0,1.0,0.391304347826087,0.3680699332873246,0.3912447571665882,-0.8270190146793961,0.0,6.0,0.0
0.0,0.0,0.0,1.0,1.0,0.0,0.0,0.0,0.0,0.0,0.0,0.0,0.0,0.0,1.0,1.0,0.0,0.0,0.0,0.0,1.0,-0.6086956521739131,-0.9459397285484242,-0.9461536057087437,-0.16601584290973975,0.0,0.0,0.0
1.0,0.0,0.0,1.0,0.0,0.0,0.0,0.0,0.0,0.0,0.0,0.0,1.0,0.0,0.0,0.0,1.0,0.0,0.0,1.0,0.0,-0.30434782608695654,-0.3487462617897401,-0.3593479918943646,3.309606158652237,0.0,0.0,0.0
1.0,1.0,1.0,1.0,1.0,0.0,1.0,1.0,1.0,1.0,1.0,1.0,0.0,1.0,0.0,0.0,1.0,0.0,0.0,1.0,0.0,0.8043478260869565,0.6984126984126985,0.6730885410653006,-0.27580051322101967,1.0,5.0,0.0
1.0,1.0,1.0,1.0,0.0,0.0,0.0,0.0,0.0,0.0,0.0,2.0,0.0,0.0,1.0,0.0,1.0,0.0,1.0,0.0,0.0,0.15217391304347827,-0.8355187485622269,-0.8219372294720273,0.47662612964409273,0.0,0.0,0.0
1.0,1.0,1.0,1.0,1.0,0.0,1.0,1.0,0.0,0.0,1.0,0.0,0.0,1.0,0.0,0.0,1.0,1.0,0.0,0.0,0.0,0.34782608695652173,0.4683689901081206,0.5227592778906953,0.35746959723306954,0.0,3.0,0.0
0.0,0.0,0.0,1.0,1.0,0.0,1.0,1.0,0.0,1.0,1.0,0.0,0.0,1.0,0.0,0.0,1.0,0.0,0.0,1.0,0.0,-0.10869565217391304,0.6192776627559238,0.6129316384581789,0.019279259176615323,0.0,4.0,0.0
0.0,0.0,0.0,1.0,0.0,0.0,0.0,1.0,0.0,0.0,0.0,0.0,0.0,1.0,0.0,1.0,0.0,0.0,0.0,1.0,0.0,-0.5652173913043478,0.061651713825626765,-0.0941216549615606,1.7431663505522703,1.0,1.0,1.0
0.0,1.0,1.0,1.0,0.0,1.0,1.0,1.0,1.0,1.0,1.0,2.0,0.0,1.0,0.0,0.0,1.0,0.0,1.0,0.0,0.0,0.6956521739130435,0.8207959512307338,0.8140373018162099,-0.4506144307550085,0.0,6.0,0.0
0.0,1.0,1.0,1.0,1.0,0.0,0.0,0.0,0.0,0.0,0.0,1.0,0.0,0.0,1.0,0.0,1.0,0.0,1.0,0.0,0.0,0.10869565217391304,-0.8263170002300437,-0.8014429311120349,0.530179627356912,0.0,0.0,0.0
0.0,1.0,0.0,1.0,0.0,1.0,1.0,1.0,1.0,0.0,0.0,2.0,1.0,0.0,0.0,0.0,1.0,0.0,1.0,0.0,0.0,0.8478260869565217,0.007361398665746597,0.0300827108446468,-0.6929822604038823,0.0,4.0,0.0
1.0,0.0,0.0,1.0,1.0,0.0,0.0,0.0,1.0,0.0,0.0,0.0,0.0,1.0,0.0,1.0,0.0,0.0,1.0,0.0,0.0,-0.2826086956521739,0.07453416149068318,0.04718181063009344,1.780653798951244,0.0,1.0,0.0
1.0,1.0,0.0,1.0,1.0,0.0,0.0,0.0,0.0,0.0,1.0,0.0,0.0,1.0,0.0,1.0,0.0,0.0,1.0,0.0,0.0,0.06521739130434782,0.180354267310789,0.1287538397033574,2.0885864107999557,1.0,1.0,1.0
0.0,1.0,1.0,0.0,0.0,1.0,1.0,0.0,1.0,0.0,0.0,0.0,1.0,0.0,0.0,1.0,0.0,0.0,1.0,0.0,0.0,-0.06521739130434782,-0.5824706694271912,-0.572591568794993,-1.1714827624679236,0.0,3.0,0.0
0.0,1.0,1.0,1.0,0.0,0.0,0.0,0.0,0.0,0.0,0.0,0.0,0.0,0.0,1.0,1.0,0.0,1.0,0.0,0.0,0.0,0.15217391304347827,-0.9440993788819876,-0.9383438232701913,-0.1553051433671761,0.0,0.0,0.0
0.0,0.0,0.0,1.0,0.0,0.0,0.0,0.0,0.0,0.0,0.0,1.0,0.0,0.0,1.0,1.0,0.0,0.0,0.0,0.0,1.0,-0.5652173913043478,-0.9247757073844031,-0.8610116638296219,-0.042842798170255346,0.0,0.0,0.0
1.0,0.0,0.0,1.0,0.0,1.0,0.0,0.0,1.0,1.0,1.0,0.0,0.0,1.0,0.0,1.0,0.0,0.0,1.0,0.0,0.0,-0.45652173913043476,0.5484242005981136,0.6147692343260738,-0.06319312730112685,1.0,4.0,0.0
0.0,1.0,0.0,1.0,0.0,1.0,0.0,1.0,1.0,0.0,0.0,1.0,1.0,0.0,0.0,0.0,1.0,0.0,1.0,0.0,0.0,0.17391304347826086,-0.044168391994479056,-0.0658210231042091,-0.38826285841794045,0.0,3.0,0.0
1.0,0.0,0.0,1.0,0.0,0.0,0.0,0.0,0.0,0.0,0.0,2.0,0.0,0.0,1.0,1.0,0.0,0.0,0.0,0.0,1.0,-0.6086956521739131,-0.9210950080515298,-0.921346061492165,-0.021421399085127673,0.0,0.0,0.0
1.0,1.0,1.0,0.0,1.0,1.0,1.0,1.0,1.0,0.0,1.0,2.0,1.0,0.0,0.0,1.0,0.0,0.0,0.0,0.0,1.0,0.8478260869565217,-0.2594893029675639,-0.23012626874297423,-1.2049536985384357,0.0,5.0,0.0
1.0,0.0,0.0,1.0,1.0,0.0,0.0,0.0,0.0,0.0,1.0,0.0,0.0,1.0,0.0,0.0,1.0,0.0,0.0,1.0,0.0,-0.08695652173913043,0.263170002300437,0.20487969402314818,2.329577150507643,0.0,1.0,0.0
0.0,1.0,0.0,1.0,1.0,0.0,1.0,0.0,0.0,1.0,1.0,0.0,1.0,0.0,0.0,0.0,1.0,1.0,0.0,0.0,0.0,-0.2608695652173913,0.09017713365539463,0.13246112180816327,-0.19279259176614943,0.0,3.0,0.0
1.0,1.0,0.0,1.0,0.0,0.0,1.0,1.0,0.0,1.0,1.0,1.0,0.0,1.0,0.0,0.0,1.0,0.0,0.0,1.0,0.0,0.8260869565217391,0.6183574879227052,0.6339457128467254,0.01820818922235877,0.0,4.0,0.0
0.0,0.0,0.0,0.0,0.0,0.0,1.0,0.0,0.0,0.0,0.0,0.0,1.0,0.0,0.0,1.0,0.0,0.0,0.0,1.0,0.0,-0.5217391304347826,-0.7738670347365999,-0.8155005395014294,-0.6881624456097288,1.0,1.0,1.0
1.0,1.0,0.0,1.0,1.0,0.0,1.0,1.0,0.0,1.0,0.0,1.0,1.0,0.0,0.0,0.0,1.0,0.0,1.0,0.0,0.0,0.6086956521739131,0.011042097998619634,0.03757271557089411,-0.3079326118487114,1.0,3.0,1.0
1.0,0.0,0.0,1.0,0.0,0.0,0.0,0.0,0.0,0.0,0.0,0.0,0.0,1.0,0.0,1.0,0.0,1.0,0.0,0.0,0.0,-0.45652173913043476,0.0036806993328732983,-0.025977474860464977,5.360705121053219,0.0,0.0,0.0
1.0,0.0,0.0,0.0,1.0,1.0,1.0,0.0,0.0,1.0,0.0,0.0,1.0,0.0,0.0,1.0,0.0,0.0,0.0,1.0,0.0,0.5652173913043478,-0.4720496894409938,-0.4688631371485626,-1.0108222693294655,1.0,3.0,1.0
0.0,0.0,0.0,0.0,0.0,1.0,1.0,1.0,1.0,0.0,0.0,2.0,1.0,0.0,0.0,1.0,0.0,1.0,0.0,0.0,0.0,0.5869565217391305,-0.4683689901081206,-0.45705777694140914,-1.2467254267544348,0.0,4.0,0.0
0.0,1.0,0.0,1.0,1.0,0.0,0.0,0.0,0.0,1.0,1.0,0.0,0.0,1.0,0.0,0.0,1.0,0.0,0.0,1.0,0.0,-0.21739130434782608,0.44996549344375436,0.40530143955582504,1.1781769496820265,1.0,2.0,1.0
0.0,1.0,1.0,1.0,1.0,1.0,1.0,0.0,0.0,0.0,0.0,0.0,0.0,1.0,0.0,1.0,0.0,1.0,0.0,0.0,0.0,0.4782608695652174,0.159190246146768,0.15080104919558313,0.6140801071069959,0.0,2.0,0.0
0.0,1.0,1.0,0.0,0.0,1.0,0.0,0.0,1.0,0.0,0.0,2.0,1.0,0.0,0.0,1.0,0.0,0.0,1.0,0.0,0.0,0.8260869565217391,-0.6404416839199447,-0.5989302670886378,-0.9371862099743388,0.0,2.0,0.0
1.0,0.0,0.0,1.0,1.0,0.0,1.0,0.0,1.0,0.0,0.0,0.0,0.0,1.0,0.0,1.0,0.0,0.0,0.0,0.0,1.0,0.5217391304347826,0.18587531631009882,0.21042229922016054,0.6658484882293874,0.0,2.0,0.0
0.0,0.0,0.0,1.0,0.0,0.0,0.0,0.0,0.0,0.0,0.0,0.0,0.0,0.0,1.0,1.0,0.0,0.0,0.0,0.0,1.0,-0.6086956521739131,-0.9339774557165862,-0.9342092325674282,-0.09639629588307472,0.0,0.0,0.0
1.0,0.0,0.0,1.0,1.0,0.0,0.0,0.0,0.0,0.0,0.0,0.0,0.0,0.0,1.0,1.0,0.0,0.0,0.0,0.0,1.0,-0.2826086956521739,-0.9348976305498045,-0.9038889007471653,-0.10175164565435672,0.0,0.0,0.0
0.0,0.0,0.0,1.0,1.0,0.0,1.0,1.0,0.0,0.0,0.0,0.0,1.0,0.0,0.0,1.0,0.0,0.0,1.0,0.0,0.0,-0.06521739130434782,-0.2898550724637681,-0.3027830216531437,-0.25705678902153284,0.0,2.0,0.0
1.0,0.0,0.0,1.0,1.0,1.0,0.0,1.0,0.0,1.0,1.0,0.0,1.0,0.0,0.0,1.0,0.0,0.0,0.0,1.0,0.0,0.34782608695652173,0.10029905682079601,0.039736995148636725,-0.5848041950239873,0.0,4.0,0.0
1.0,1.0,0.0,1.0,0.0,0.0,0.0,0.0,0.0,0.0,0.0,0.0,0.0,0.0,1.0,0.0,1.0,0.0,0.0,1.0,0.0,0.391304347826087,-0.829997699562917,-0.851732456326494,0.5087582282717841,0.0,0.0,0.0
1.0,1.0,0.0,1.0,1.0,0.0,0.0,0.0,0.0,1.0,1.0,0.0,0.0,1.0,0.0,0.0,1.0,0.0,0.0,1.0,0.0,0.08695652173913043,0.4416839199447895,0.4321825070204668,1.1621109003681804,1.0,2.0,1.0
0.0,0.0,0.0,1.0,0.0,1.0,1.0,1.0,1.0,1.0,1.0,0.0,1.0,0.0,0.0,1.0,0.0,0.0,0.0,0.0,1.0,-0.30434782608695654,0.256728778467909,0.28056414250217165,-0.9195900607258409,0.0,6.0,0.0
0.0,1.0,1.0,1.0,0.0,0.0,0.0,0.0,0.0,0.0,0.0,2.0,0.0,0.0,1.0,1.0,0.0,0.0,0.0,0.0,1.0,0.2826086956521739,-0.9293765815504946,-0.9324372651233868,-0.06961954702666504,0.0,0.0,0.0
1.0,0.0,1.0,1.0,0.0,0.0,0.0,0.0,0.0,0.0,0.0,0.0,0.0,0.0,1.0,1.0,0.0,0.0,0.0,0.0,1.0,-0.6086956521739131,-0.9284564067172764,-0.928696444963744,-0.06426419725538302,0.0,0.0,0.0
0.0,0.0,0.0,1.0,1.0,0.0,1.0,1.0,0.0,1.0,1.0,1.0,0.0,1.0,0.0,0.0,1.0,1.0,0.0,0.0,0.0,0.5869565217391305,0.6303197607545434,0.5111419530615824,0.0321320986276917,1.0,4.0,1.0
0.0,0.0,0.0,1.0,1.0,1.0,1.0,0.0,1.0,0.0,1.0,1.0,0.0,1.0,0.0,1.0,0.0,0.0,0.0,0.0,1.0,0.5217391304347826,0.48309178743961356,0.5080608223888812,-0.13923909405333007,1.0,4.0,0.0
0.0,0.0,0.0,1.0,0.0,1.0,0.0,1.0,1.0,1.0,1.0,0.0,0.0,1.0,0.0,1.0,0.0,0.0,0.0,1.0,0.0,-0.30434782608695654,0.6367609845870714,0.6418354901302732,-0.3356019190003347,0.0,5.0,0.0
1.0,0.0,0.0,0.0,0.0,1.0,1.0,1.0,1.0,1.0,0.0,2.0,1.0,0.0,0.0,1.0,0.0,0.0,0.0,0.0,1.0,-0.2826086956521739,-0.2880147227973315,-0.24493850749429466,-1.232623005690059,0.0,5.0,0.0
1.0,0.0,0.0,1.0,1.0,0.0,0.0,0.0,0.0,0.0,0.0,1.0,0.0,0.0,1.0,1.0,0.0,0.0,0.0,0.0,1.0,-0.1956521739130435,-0.9348976305498045,-0.9150063557479283,-0.10175164565435672,0.0,0.0,0.0
1.0,1.0,0.0,1.0,1.0,1.0,0.0,1.0,0.0,1.0,0.0,0.0,0.0,1.0,0.0,0.0,1.0,0.0,0.0,1.0,0.0,-0.30434782608695654,0.478490913273522,0.408460814907644,0.3721968091040948,1.0,3.0,1.0
1.0,0.0,1.0,1.0,1.0,1.0,0.0,0.0,0.0,0.0,0.0,0.0,0.0,1.0,0.0,0.0,1.0,0.0,0.0,0.0,1.0,0.1956521739130435,0.18311479181044404,0.2322531023647398,2.0966194354568786,1.0,1.0,1.0
0.0,0.0,0.0,1.0,1.0,0.0,0.0,0.0,0.0,0.0,1.0,0.0,1.0,0.0,0.0,1.0,0.0,0.0,0.0,1.0,0.0,-0.6086956521739131,-0.26224982746721875,-0.26348674078585693,0.8006247908066497,0.0,1.0,0.0
0.0,1.0,0.0,1.0,1.0,0.0,0.0,0.0,0.0,0.0,0.0,2.0,0.0,0.0,1.0,1.0,0.0,1.0,0.0,0.0,0.0,0.6086956521739131,-0.9367379802162411,-0.931468958027585,-0.11246234519692037,0.0,0.0,0.0
1.0,1.0,0.0,1.0,1.0,1.0,1.0,1.0,0.0,1.0,1.0,2.0,0.0,1.0,0.0,0.0,1.0,1.0,0.0,0.0,0.0,0.9347826086956522,0.7186565447435013,0.7243996933613758,-0.2561642307263192,1.0,5.0,1.0
0.0,0.0,0.0,1.0,1.0,0.0,0.0,0.0,1.0,1.0,1.0,0.0,0.0,1.0,0.0,0.0,1.0,0.0,0.0,1.0,0.0,0.5434782608695652,0.5447435012652403,0.554379538639728,0.4685931049871695,0.0,3.0,0.0
1.0,1.0,1.0,1.0,1.0,1.0,0.0,0.0,0.0,0.0,0.0,0.0,1.0,0.0,0.0,0.0,1.0,1.0,0.0,0.0,0.0,0.021739130434782608,-0.29537612146307796,-0.3240048980351895,0.7042284949235751,0.0,1.0,0.0
0.0,0.0,0.0,1.0,0.0,0.0,0.0,0.0,0.0,0.0,0.0,0.0,0.0,1.0,0.0,0.0,1.0,0.0,0.0,1.0,0.0,-0.5217391304347826,0.09385783298826766,0.18213025717861162,5.885529398638848,0.0,0.0,0.0
0.0,1.0,0.0,1.0,1.0,1.0,1.0,1.0,0.0,1.0,1.0,0.0,0.0,1.0,0.0,0.0,1.0,0.0,1.0,0.0,0.0,0.782608695652174,0.7158960202438465,0.7461166997411597,-0.25884190561196,1.0,5.0,1.0
0.0,0.0,0.0,1.0,0.0,0.0,0.0,0.0,0.0,0.0,0.0,2.0,0.0,0.0,1.0,0.0,1.0,0.0,1.0,0.0,0.0,-0.08695652173913043,-0.8419599723947551,-0.7884143764086614,0.439138681245119,0.0,0.0,0.0
1.0,1.0,1.0,1.0,0.0,0.0,0.0,0.0,0.0,0.0,0.0,1.0,0.0,0.0,1.0,1.0,0.0,1.0,0.0,0.0,0.0,0.32608695652173914,-0.9293765815504946,-0.9376129612772786,-0.06961954702666504,0.0,0.0,0.0
0.0,1.0,0.0,1.0,1.0,1.0,0.0,0.0,0.0,0.0,0.0,2.0,0.0,1.0,0.0,0.0,1.0,0.0,1.0,0.0,0.0,0.9130434782608695,0.1877156659765356,0.17190701256145097,2.1100078098850834,1.0,1.0,1.0
0.0,1.0,1.0,1.0,0.0,1.0,1.0,0.0,0.0,1.0,1.0,1.0,1.0,0.0,0.0,0.0,1.0,0.0,0.0,1.0,0.0,-0.10869565217391304,0.14538762364849334,0.10587002866098108,-0.5323217672654242,0.0,4.0,0.0
1.0,1.0,0.0,1.0,1.0,0.0,1.0,0.0,0.0,0.0,1.0,1.0,0.0,1.0,0.0,0.0,1.0,0.0,1.0,0.0,0.0,0.4782608695652174,0.36530940878766954,0.36554754669857314,1.0139462233627132,0.0,2.0,0.0
1.0,0.0,0.0,1.0,0.0,1.0,1.0,1.0,0.0,0.0,0.0,0.0,0.0,1.0,0.0,0.0,1.0,1.0,0.0,0.0,0.0,0.717391304347826,0.3717506326201979,0.35861355710408055,0.21689166573691868,0.0,3.0,0.0
0.0,1.0,0.0,1.0,0.0,1.0,0.0,0.0,0.0,0.0,0.0,0.0,0.0,1.0,0.0,0.0,1.0,0.0,0.0,1.0,0.0,0.391304347826087,0.18127444214400726,0.19868816888187568,2.091264085685596,1.0,1.0,1.0
1.0,0.0,1.0,1.0,0.0,0.0,0.0,0.0,0.0,0.0,0.0,2.0,0.0,0.0,1.0,1.0,0.0,1.0,0.0,0.0,0.0,-0.3695652173913043,-0.9413388543823327,-0.9720330808482611,-0.13923909405333007,0.0,0.0,0.0
1.0,0.0,1.0,0.0,1.0,0.0,0.0,0.0,0.0,0.0,0.0,0.0,1.0,0.0,0.0,1.0,0.0,0.0,0.0,1.0,0.0,-0.6086956521739131,-0.8428801472279733,-0.8432482371066397,0.43378333147383696,0.0,0.0,0.0
1.0,0.0,0.0,1.0,0.0,0.0,1.0,1.0,1.0,1.0,1.0,1.0,0.0,1.0,0.0,0.0,1.0,0.0,0.0,1.0,0.0,0.8478260869565217,0.6984126984126985,0.6422183226027509,-0.27580051322101967,0.0,5.0,0.0
1.0,1.0,0.0,1.0,1.0,0.0,1.0,1.0,0.0,1.0,1.0,1.0,0.0,1.0,0.0,0.0,1.0,1.0,0.0,0.0,0.0,0.5,0.6367609845870714,0.6027983573982018,0.03962958830748644,1.0,4.0,1.0
0.0,1.0,1.0,1.0,1.0,0.0,1.0,0.0,1.0,0.0,0.0,0.0,1.0,0.0,0.0,0.0,1.0,0.0,0.0,1.0,0.0,-0.06521739130434782,-0.19231654014262717,-0.1548918926696942,-0.06783443043623782,0.0,2.0,0.0
1.0,0.0,0.0,1.0,1.0,0.0,0.0,0.0,0.0,0.0,0.0,0.0,0.0,1.0,0.0,1.0,0.0,0.0,0.0,1.0,0.0,-0.34782608695652173,-0.006441223832528076,0.019927083454828007,5.301796273569119,0.0,0.0,0.0
0.0,1.0,0.0,1.0,1.0,1.0,0.0,0.0,1.0,0.0,1.0,1.0,1.0,0.0,0.0,0.0,1.0,0.0,0.0,1.0,0.0,0.6304347826086957,-0.038647342995168976,-0.03861886712408552,-0.3802298337610172,0.0,3.0,0.0
1.0,1.0,1.0,1.0,0.0,0.0,0.0,0.0,0.0,0.0,0.0,1.0,0.0,0.0,1.0,1.0,0.0,1.0,0.0,0.0,0.0,0.13043478260869565,-0.9284564067172764,-0.9050702123765262,-0.06426419725538302,0.0,0.0,0.0
1.0,0.0,0.0,1.0,1.0,0.0,0.0,1.0,0.0,1.0,1.0,1.0,0.0,1.0,0.0,1.0,0.0,1.0,0.0,0.0,0.0,0.4782608695652174,0.4324821716126064,0.4704706676262091,0.30525493696307054,1.0,3.0,1.0
1.0,1.0,1.0,1.0,1.0,0.0,0.0,0.0,0.0,0.0,0.0,2.0,0.0,0.0,1.0,1.0,0.0,0.0,1.0,0.0,0.0,0.782608695652174,-0.9321371060501495,-0.9389304404126344,-0.08568559634051069,0.0,0.0,0.0
0.0,0.0,0.0,1.0,0.0,0.0,1.0,1.0,0.0,0.0,0.0,1.0,1.0,0.0,0.0,1.0,0.0,1.0,0.0,0.0,0.0,-0.13043478260869565,-0.2705314009661836,-0.23624238465750494,-0.2195693406225595,0.0,2.0,0.0
1.0,1.0,0.0,1.0,1.0,0.0,0.0,1.0,1.0,0.0,0.0,0.0,0.0,1.0,0.0,1.0,0.0,0.0,0.0,0.0,1.0,-0.5434782608695652,0.18587531631009882,0.16903738661986167,0.6658484882293874,0.0,2.0,0.0
0.0,1.0,0.0,1.0,1.0,0.0,0.0,1.0,0.0,1.0,1.0,0.0,0.0,1.0,0.0,0.0,1.0,0.0,0.0,1.0,0.0,0.10869565217391304,0.5511847250977686,0.5483793277312159,0.4779649670869131,0.0,3.0,0.0
1.0,1.0,0.0,1.0,1.0,0.0,0.0,1.0,0.0,1.0,1.0,1.0,1.0,0.0,0.0,0.0,1.0,0.0,0.0,0.0,1.0,-0.34782608695652173,0.08833678398895785,0.10148806928369346,-0.19547026665179063,0.0,3.0,0.0
1.0,0.0,0.0,1.0,1.0,0.0,1.0,1.0,0.0,0.0,1.0,0.0,0.0,1.0,0.0,0.0,1.0,0.0,0.0,1.0,0.0,0.8478260869565217,0.46744881527490234,0.46025579647820547,0.3561307597902491,1.0,3.0,1.0
1.0,1.0,1.0,0.0,0.0,1.0,0.0,1.0,1.0,0.0,0.0,2.0,1.0,0.0,0.0,1.0,0.0,0.0,0.0,0.0,1.0,0.8695652173913043,-0.5778697952610996,-0.5569028636051327,-1.1647885752538212,0.0,3.0,0.0
0.0,1.0,1.0,1.0,0.0,0.0,0.0,0.0,0.0,0.0,0.0,2.0,0.0,0.0,1.0,1.0,0.0,1.0,0.0,0.0,0.0,0.15217391304347827,-0.9247757073844031,-0.930661651655798,-0.042842798170255346,0.0,0.0,0.0
0.0,1.0,0.0,1.0,0.0,0.0,0.0,0.0,0.0,0.0,0.0,1.0,0.0,0.0,1.0,1.0,0.0,1.0,0.0,0.0,0.0,-0.5434782608695652,-0.9201748332183115,-0.9339795330839412,-0.01606604931384566,0.0,0.0,0.0
1.0,1.0,1.0,1.0,1.0,1.0,0.0,0.0,1.0,0.0,0.0,1.0,1.0,0.0,0.0,0.0,1.0,0.0,0.0,0.0,1.0,-0.2608695652173913,-0.1545893719806763,-0.11172294087266971,0.005355349771282014,0.0,2.0,0.0
1.0,1.0,0.0,1.0,1.0,0.0,0.0,0.0,0.0,1.0,0.0,0.0,0.0,1.0,0.0,0.0,1.0,0.0,0.0,1.0,0.0,-0.32608695652173914,0.2870945479641131,0.3246095653643053,2.3991966975343075,0.0,1.0,0.0
1.0,1.0,1.0,1.0,0.0,1.0,0.0,1.0,0.0,1.0,0.0,2.0,1.0,0.0,0.0,0.0,1.0,0.0,1.0,0.0,0.0,0.8913043478260869,-0.028525419829767605,-0.021659124570912406,-0.365502621889992,0.0,3.0,0.0
1.0,1.0,0.0,1.0,1.0,0.0,0.0,1.0,1.0,1.0,1.0,0.0,0.0,1.0,0.0,0.0,1.0,1.0,0.0,0.0,0.0,0.2826086956521739,0.6560846560846562,0.6772748390110996,0.062122057346870665,0.0,4.0,0.0
1.0,1.0,0.0,1.0,1.0,1.0,0.0,1.0,0.0,1.0,1.0,1.0,1.0,0.0,0.0,0.0,1.0,0.0,0.0,1.0,0.0,0.30434782608695654,0.17851391764435248,0.23345473711678721,-0.49376324891219453,0.0,4.0,0.0
1.0,1.0,0.0,1.0,1.0,1.0,0.0,0.0,0.0,0.0,0.0,0.0,0.0,1.0,0.0,1.0,0.0,0.0,0.0,0.0,1.0,-0.45652173913043476,0.08281573498964803,0.21451788435025604,1.804752872922013,0.0,1.0,0.0
1.0,1.0,1.0,1.0,1.0,0.0,1.0,1.0,1.0,1.0,1.0,2.0,0.0,1.0,0.0,0.0,1.0,0.0,1.0,0.0,0.0,0.7608695652173914,0.7122153209109732,0.6384139249075002,-0.26241213879281483,0.0,5.0,0.0
0.0,0.0,0.0,1.0,0.0,1.0,0.0,1.0,1.0,0.0,0.0,1.0,1.0,0.0,0.0,1.0,0.0,0.0,1.0,0.0,0.0,0.5,-0.23096388313779614,-0.22205248780303855,-0.6600468593104986,0.0,3.0,0.0
1.0,0.0,0.0,1.0,1.0,0.0,0.0,1.0,0.0,1.0,1.0,2.0,1.0,0.0,0.0,0.0,1.0,1.0,0.0,0.0,0.0,0.5652173913043478,0.13434552564987343,0.1473328736074781,-0.12852839451076642,0.0,3.0,0.0
1.0,1.0,0.0,1.0,1.0,0.0,0.0,0.0,0.0,0.0,0.0,0.0,0.0,1.0,0.0,1.0,0.0,0.0,0.0,1.0,0.0,-0.5434782608695652,-0.005521048999309817,-0.009209412565925541,5.3071516233404,1.0,0.0,1.0
0.0,0.0,0.0,1.0,1.0,0.0,0.0,0.0,1.0,0.0,0.0,0.0,1.0,0.0,0.0,1.0,0.0,1.0,0.0,0.0,0.0,-0.5,-0.3837129054520359,-0.47833232434054734,0.4471717059020418,0.0,1.0,0.0
1.0,0.0,0.0,1.0,1.0,0.0,0.0,0.0,0.0,0.0,0.0,0.0,0.0,1.0,0.0,0.0,1.0,0.0,0.0,1.0,0.0,-0.6086956521739131,0.07729468599033822,0.07554969684071816,5.789133102755774,1.0,0.0,1.0
0.0,0.0,0.0,0.0,0.0,1.0,0.0,0.0,0.0,0.0,0.0,0.0,1.0,0.0,0.0,1.0,0.0,1.0,0.0,0.0,0.0,-0.5,-0.7554635380722337,-0.8026679950239648,-0.6346089478969095,0.0,1.0,0.0
0.0,0.0,0.0,1.0,0.0,0.0,0.0,0.0,0.0,0.0,0.0,0.0,0.0,1.0,0.0,1.0,0.0,0.0,0.0,1.0,0.0,-0.6086956521739131,-0.007361398665746597,-0.00897971308243891,5.296440923797835,0.0,0.0,0.0
0.0,0.0,0.0,1.0,1.0,0.0,0.0,0.0,0.0,0.0,0.0,0.0,0.0,0.0,1.0,1.0,0.0,0.0,0.0,0.0,1.0,-0.6086956521739131,-0.9404186795491144,-0.9406408181050596,-0.13388374428204844,0.0,0.0,0.0
0.0,1.0,0.0,1.0,1.0,1.0,1.0,0.0,1.0,1.0,0.0,0.0,1.0,0.0,0.0,0.0,1.0,0.0,0.0,1.0,0.0,-0.34782608695652173,0.10489993098688756,0.09017978701972602,-0.5794488452527055,0.0,4.0,0.0
0.0,0.0,0.0,1.0,1.0,0.0,1.0,1.0,0.0,0.0,0.0,0.0,0.0,1.0,0.0,1.0,0.0,0.0,0.0,1.0,0.0,-0.34782608695652173,0.1610305958132045,0.27422208086579686,0.6176503402878504,0.0,2.0,0.0
1.0,1.0,1.0,1.0,1.0,0.0,0.0,0.0,0.0,0.0,0.0,2.0,0.0,0.0,1.0,0.0,1.0,1.0,0.0,0.0,0.0,-0.10869565217391304,-0.8539222452265931,-0.8473828278094028,0.36951913421845395,0.0,0.0,0.0
0.0,0.0,0.0,1.0,1.0,0.0,0.0,0.0,0.0,0.0,0.0,2.0,0.0,0.0,1.0,0.0,1.0,0.0,0.0,0.0,1.0,0.8260869565217391,-0.8171152518978606,-0.8145460867222842,0.5837331250697314,0.0,0.0,0.0
1.0,1.0,1.0,1.0,0.0,0.0,1.0,1.0,1.0,1.0,1.0,1.0,1.0,0.0,0.0,1.0,0.0,0.0,1.0,0.0,0.0,0.6521739130434783,0.11502185415228894,0.1174717991828585,-0.8416824723864776,0.0,5.0,0.0
1.0,1.0,1.0,1.0,0.0,1.0,1.0,1.0,1.0,1.0,1.0,2.0,1.0,0.0,0.0,1.0,0.0,1.0,0.0,0.0,0.0,0.9130434782608695,0.2751322751322752,0.2635021080048226,-0.9042890613793212,0.0,6.0,0.0
0.0,0.0,0.0,1.0,1.0,1.0,0.0,1.0,1.0,1.0,1.0,0.0,0.0,1.0,0.0,0.0,1.0,1.0,0.0,0.0,0.0,0.7608695652173914,0.7076144467448816,0.7446930046733173,-0.26687493026888287,1.0,5.0,0.0
1.0,0.0,0.0,1.0,1.0,1.0,0.0,0.0,0.0,1.0,0.0,0.0,0.0,1.0,0.0,1.0,0.0,1.0,0.0,0.0,0.0,-0.5,0.2696112261329654,0.24522104864299693,0.8282940979582735,1.0,2.0,1.0
0.0,0.0,0.0,1.0,0.0,0.0,1.0,1.0,0.0,0.0,0.0,1.0,0.0,1.0,0.0,1.0,0.0,0.0,0.0,1.0,0.0,0.17391304347826086,0.17575339314469746,0.20229414697226697,0.6462122057346873,0.0,2.0,0.0
1.0,0.0,0.0,1.0,1.0,0.0,0.0,0.0,0.0,0.0,1.0,0.0,0.0,1.0,0.0,0.0,1.0,0.0,0.0,1.0,0.0,0.0,0.26501035196687384,0.2972651431084286,2.334932500278925,0.0,1.0,0.0
1.0,1.0,1.0,1.0,0.0,0.0,0.0,0.0,0.0,0.0,0.0,2.0,0.0,0.0,1.0,0.0,1.0,1.0,0.0,0.0,0.0,0.9347826086956522,-0.8419599723947551,-0.8454941876118444,0.439138681245119,0.0,0.0,0.0
1.0,0.0,0.0,1.0,1.0,0.0,0.0,0.0,1.0,1.0,1.0,0.0,0.0,1.0,0.0,1.0,0.0,0.0,0.0,1.0,0.0,-0.10869565217391304,0.4692891649413389,0.3279511459455066,0.35880843467588996,0.0,3.0,0.0
1.0,1.0,0.0,1.0,0.0,0.0,0.0,1.0,0.0,1.0,0.0,0.0,0.0,1.0,0.0,1.0,0.0,1.0,0.0,0.0,0.0,-0.17391304347826086,0.29537612146307796,0.3280441195459658,0.8782773624902376,1.0,2.0,1.0
0.0,0.0,0.0,1.0,1.0,0.0,0.0,0.0,0.0,0.0,0.0,0.0,1.0,0.0,0.0,1.0,0.0,0.0,1.0,0.0,0.0,-0.5217391304347826,-0.48677248677248686,-0.5541944070868009,2.5063036929599463,0.0,0.0,0.0
0.0,0.0,0.0,1.0,0.0,0.0,1.0,0.0,0.0,1.0,1.0,2.0,0.0,1.0,0.0,0.0,1.0,1.0,0.0,0.0,0.0,0.7391304347826086,0.4959742351046699,0.5267524028798187,0.39763472051768406,0.0,3.0,0.0
1.0,1.0,0.0,1.0,1.0,0.0,0.0,0.0,0.0,1.0,1.0,1.0,0.0,1.0,0.0,0.0,1.0,1.0,0.0,0.0,0.0,0.6956521739130435,0.478490913273522,0.41204061232242284,1.2335155639852728,0.0,2.0,0.0
0.0,0.0,0.0,1.0,0.0,0.0,0.0,0.0,0.0,0.0,0.0,2.0,0.0,0.0,1.0,1.0,0.0,0.0,0.0,0.0,1.0,0.5217391304347826,-0.9533011272141707,-0.9484419326385749,-0.20885864107999547,0.0,0.0,0.0
0.0,0.0,0.0,0.0,1.0,0.0,0.0,0.0,0.0,0.0,0.0,0.0,1.0,0.0,0.0,1.0,0.0,0.0,0.0,0.0,1.0,-0.6086956521739131,-0.8226363008971705,-0.8230346825597978,0.5516010264420398,1.0,0.0,1.0
1.0,0.0,0.0,1.0,1.0,0.0,1.0,1.0,1.0,0.0,0.0,1.0,0.0,1.0,0.0,1.0,0.0,0.0,0.0,1.0,0.0,-0.06521739130434782,0.2705314009661836,0.2468701731398253,0.06961954702666541,0.0,3.0,0.0
1.0,1.0,1.0,1.0,0.0,0.0,0.0,0.0,0.0,0.0,0.0,2.0,0.0,0.0,1.0,1.0,0.0,0.0,0.0,0.0,1.0,-0.45652173913043476,-0.9266160570508397,-0.9169817713059152,-0.05355349771281937,0.0,0.0,0.0
1.0,0.0,0.0,1.0,1.0,1.0,1.0,0.0,0.0,0.0,1.0,1.0,1.0,0.0,0.0,0.0,1.0,0.0,0.0,1.0,0.0,0.6739130434782609,0.02300437083045779,0.04264141750650353,-0.29052772509204494,1.0,3.0,1.0
0.0,1.0,1.0,1.0,1.0,0.0,0.0,1.0,1.0,0.0,1.0,0.0,0.0,1.0,0.0,0.0,1.0,1.0,0.0,0.0,0.0,-0.1956521739130435,0.46008741660915575,0.46346618455329264,0.3454200602476851,0.0,3.0,0.0
0.0,0.0,0.0,1.0,1.0,1.0,1.0,1.0,0.0,0.0,1.0,0.0,0.0,1.0,0.0,0.0,1.0,1.0,0.0,0.0,0.0,0.6521739130434783,0.5327812284334024,0.45440590255379115,-0.08140131652348523,0.0,4.0,0.0
1.0,0.0,0.0,1.0,1.0,0.0,0.0,0.0,0.0,0.0,0.0,0.0,0.0,0.0,1.0,1.0,0.0,0.0,0.0,1.0,0.0,-0.5434782608695652,-0.9256958822176213,-1.0412491918722953,-0.04819814794153736,0.0,0.0,0.0
1.0,0.0,0.0,1.0,0.0,0.0,0.0,0.0,0.0,0.0,0.0,0.0,0.0,0.0,1.0,1.0,0.0,0.0,0.0,0.0,1.0,-0.5869565217391305,-0.9339774557165862,-0.9360468284353228,-0.09639629588307472,0.0,0.0,0.0
0.0,1.0,1.0,1.0,0.0,1.0,0.0,0.0,0.0,0.0,0.0,0.0,1.0,0.0,0.0,1.0,0.0,0.0,1.0,0.0,0.0,0.15217391304347827,-0.35794801012192323,-0.3706798330797155,0.5221466026999889,0.0,1.0,0.0
1.0,0.0,0.0,1.0,1.0,0.0,0.0,0.0,0.0,0.0,0.0,0.0,0.0,0.0,1.0,1.0,0.0,0.0,0.0,0.0,1.0,-0.08695652173913043,-0.9266160570508397,-0.9028965989785022,-0.05355349771281937,0.0,0.0,0.0
1.0,1.0,0.0,1.0,0.0,1.0,0.0,1.0,1.0,1.0,1.0,2.0,1.0,0.0,0.0,0.0,1.0,0.0,0.0,1.0,0.0,0.9130434782608695,0.23372440763745117,0.28840023793319913,-0.7265424523039159,0.0,5.0,0.0
1.0,1.0,0.0,1.0,0.0,1.0,0.0,1.0,1.0,1.0,0.0,0.0,0.0,1.0,0.0,0.0,1.0,1.0,0.0,0.0,0.0,0.6956521739130435,0.5318610536001842,0.4933617606073698,-0.08247238647774141,0.0,4.0,0.0
0.0,1.0,1.0,1.0,0.0,1.0,1.0,0.0,0.0,1.0,1.0,1.0,1.0,0.0,0.0,1.0,0.0,1.0,0.0,0.0,0.0,0.17391304347826086,0.08465608465608455,0.023352041241870895,-0.6030123842463461,0.0,4.0,0.0
0.0,0.0,0.0,1.0,0.0,1.0,1.0,0.0,1.0,1.0,1.0,1.0,1.0,0.0,0.0,0.0,1.0,1.0,0.0,0.0,0.0,0.5434782608695652,0.2199217851391765,0.18318517332499568,-0.7399308267321207,1.0,5.0,0.0
0.0,1.0,1.0,1.0,0.0,1.0,1.0,1.0,1.0,1.0,1.0,2.0,0.0,1.0,0.0,0.0,1.0,0.0,1.0,0.0,0.0,0.9130434782608695,0.7941108810674029,0.8165667009772478,-0.4728008798074621,0.0,6.0,0.0
1.0,0.0,0.0,1.0,1.0,0.0,1.0,0.0,0.0,0.0,0.0,0.0,0.0,1.0,0.0,0.0,1.0,0.0,0.0,1.0,0.0,-0.6086956521739131,0.159190246146768,0.15732271296203307,2.026999888430214,0.0,1.0,0.0
1.0,0.0,0.0,1.0,0.0,1.0,1.0,1.0,1.0,1.0,1.0,2.0,1.0,0.0,0.0,0.0,1.0,1.0,0.0,0.0,0.0,0.9347826086956522,0.2972164711295147,0.29156929997767483,-0.8859278621634973,0.0,6.0,0.0
0.0,1.0,0.0,1.0,1.0,0.0,1.0,0.0,0.0,1.0,0.0,0.0,0.0,1.0,0.0,0.0,1.0,0.0,0.0,1.0,0.0,0.021739130434782608,0.35978835978835977,0.3121095382343643,1.0032355238201496,1.0,2.0,1.0
1.0,1.0,0.0,1.0,0.0,0.0,0.0,0.0,0.0,0.0,0.0,0.0,1.0,0.0,0.0,0.0,1.0,0.0,0.0,1.0,0.0,0.021739130434782608,-0.37911203128594434,-0.4138939625730393,3.1328796161999333,0.0,0.0,0.0
1.0,0.0,0.0,1.0,1.0,0.0,1.0,1.0,1.0,0.0,0.0,0.0,0.0,1.0,0.0,0.0,1.0,0.0,0.0,1.0,0.0,0.4782608695652174,0.31009891879457085,0.3145452535416131,0.12718955706794602,0.0,3.0,0.0
0.0,0.0,1.0,1.0,1.0,0.0,0.0,0.0,0.0,0.0,1.0,0.0,0.0,1.0,0.0,0.0,1.0,0.0,0.0,1.0,0.0,-0.15217391304347827,0.26224982746721875,0.22034389852233124,2.326899475622002,0.0,1.0,0.0
1.0,1.0,0.0,1.0,1.0,0.0,1.0,1.0,1.0,1.0,1.0,2.0,0.0,1.0,0.0,1.0,0.0,0.0,0.0,1.0,0.0,0.9130434782608695,0.6395215090867264,0.5900894806672098,-0.33292424411469346,0.0,5.0,0.0
0.0,1.0,1.0,0.0,1.0,1.0,0.0,1.0,1.0,1.0,1.0,1.0,1.0,0.0,0.0,1.0,0.0,0.0,1.0,0.0,0.0,0.30434782608695654,-0.18587531631009896,-0.1687009818325899,-1.1335490349213433,0.0,5.0,0.0
0.0,0.0,0.0,1.0,1.0,0.0,0.0,0.0,0.0,0.0,0.0,0.0,0.0,1.0,0.0,1.0,0.0,0.0,0.0,0.0,1.0,-0.6086956521739131,-0.006441223832528076,-0.008060915148491344,5.301796273569119,0.0,0.0,0.0
0.0,1.0,0.0,1.0,1.0,1.0,1.0,1.0,1.0,1.0,0.0,2.0,0.0,1.0,0.0,1.0,0.0,0.0,0.0,1.0,0.0,0.9130434782608695,0.5318610536001842,0.5581256652186182,-0.4373535646546914,1.0,5.0,0.0
0.0,0.0,0.0,1.0,1.0,1.0,0.0,1.0,1.0,1.0,1.0,1.0,1.0,0.0,0.0,1.0,0.0,1.0,0.0,0.0,0.0,0.2608695652173913,0.17207269381182413,0.19120618798955513,-0.7863438580832312,0.0,5.0,0.0
1.0,1.0,0.0,1.0,1.0,0.0,0.0,0.0,0.0,0.0,0.0,0.0,0.0,1.0,0.0,0.0,1.0,0.0,0.0,1.0,0.0,-0.2391304347826087,0.04876926616057061,0.03609243001064546,5.623117259846035,0.0,0.0,0.0
1.0,1.0,1.0,1.0,1.0,0.0,0.0,0.0,0.0,0.0,0.0,2.0,0.0,0.0,1.0,0.0,1.0,0.0,1.0,0.0,0.0,0.8043478260869565,-0.8318380492293537,-0.8315126816775849,0.49804752872922037,0.0,0.0,0.0
0.0,0.0,0.0,1.0,0.0,0.0,0.0,0.0,0.0,1.0,0.0,0.0,0.0,1.0,0.0,1.0,0.0,0.0,0.0,1.0,0.0,-0.6086956521739131,0.138946399815965,0.13710915841519103,1.9680910409461119,0.0,1.0,0.0
0.0,1.0,0.0,1.0,1.0,0.0,0.0,1.0,0.0,1.0,1.0,0.0,0.0,1.0,0.0,0.0,1.0,0.0,0.0,1.0,0.0,0.17391304347826086,0.5337014032666206,0.5712535983936142,0.45252705567332385,0.0,3.0,0.0
0.0,0.0,0.0,1.0,0.0,1.0,1.0,0.0,0.0,0.0,0.0,0.0,1.0,0.0,0.0,1.0,0.0,0.0,0.0,1.0,0.0,-0.5,-0.26224982746721875,-0.10545349614691121,-0.20350329130871345,0.0,2.0,0.0
0.0,1.0,1.0,1.0,0.0,0.0,0.0,0.0,0.0,0.0,0.0,0.0,0.0,0.0,1.0,1.0,0.0,0.0,0.0,0.0,1.0,-0.6086956521739131,-0.9192546583850932,-0.9195084656242705,-0.010710699542563646,0.0,0.0,0.0
0.0,1.0,0.0,1.0,1.0,0.0,0.0,1.0,1.0,0.0,1.0,0.0,0.0,1.0,0.0,0.0,1.0,0.0,1.0,0.0,0.0,0.08695652173913043,0.45088566827697263,0.3779455865559379,0.3320316858194802,0.0,3.0,0.0
1.0,1.0,0.0,1.0,1.0,0.0,1.0,1.0,0.0,1.0,0.0,1.0,0.0,1.0,0.0,0.0,1.0,0.0,0.0,1.0,0.0,0.3695652173913043,0.4444444444444446,0.42561170967466144,0.322659823719737,0.0,3.0,0.0
1.0,0.0,0.0,1.0,1.0,1.0,0.0,1.0,1.0,1.0,1.0,2.0,0.0,1.0,0.0,0.0,1.0,0.0,1.0,0.0,0.0,0.6956521739130435,0.7563837129054519,0.7742428076934412,-0.2195693406225595,0.0,5.0,0.0
0.0,1.0,1.0,1.0,0.0,0.0,0.0,0.0,0.0,0.0,0.0,1.0,0.0,0.0,1.0,1.0,0.0,0.0,1.0,0.0,0.0,0.5652173913043478,-0.945019553715206,-0.9636608827046861,-0.16066049313845812,0.0,0.0,0.0
0.0,1.0,0.0,1.0,1.0,0.0,0.0,1.0,0.0,0.0,0.0,0.0,0.0,1.0,0.0,0.0,1.0,0.0,1.0,0.0,0.0,0.17391304347826086,0.1555095468138947,0.11317074737937338,2.0162891888876495,0.0,1.0,0.0
0.0,1.0,1.0,0.0,1.0,1.0,1.0,0.0,0.0,0.0,0.0,0.0,1.0,0.0,0.0,1.0,0.0,0.0,0.0,1.0,0.0,0.06521739130434782,-0.6505636070853462,-0.6935703111795279,-0.9568224924690393,0.0,2.0,0.0
1.0,1.0,1.0,1.0,0.0,0.0,0.0,0.0,0.0,0.0,0.0,2.0,0.0,0.0,1.0,1.0,0.0,0.0,0.0,0.0,1.0,-0.45652173913043476,-0.9348976305498045,-0.997950839235026,-0.10175164565435672,0.0,0.0,0.0
1.0,1.0,1.0,1.0,1.0,1.0,1.0,1.0,1.0,1.0,0.0,2.0,0.0,1.0,0.0,1.0,0.0,0.0,1.0,0.0,0.0,0.8913043478260869,0.5631469979296065,0.5390963802019306,-0.4070065826174273,0.0,5.0,0.0
1.0,1.0,0.0,1.0,1.0,0.0,1.0,0.0,0.0,0.0,0.0,0.0,1.0,0.0,0.0,1.0,0.0,1.0,0.0,0.0,0.0,0.021739130434782608,-0.36991028295376127,-0.3614918537402419,0.48733682918665633,1.0,1.0,1.0
0.0,0.0,0.0,1.0,1.0,0.0,0.0,1.0,0.0,0.0,0.0,1.0,0.0,1.0,0.0,0.0,1.0,1.0,0.0,0.0,0.0,0.6739130434782609,0.16011042097998626,0.16222296860975227,2.0296775633158544,0.0,1.0,0.0
0.0,0.0,0.0,1.0,0.0,0.0,0.0,0.0,0.0,0.0,0.0,0.0,0.0,0.0,1.0,1.0,0.0,0.0,0.0,0.0,1.0,-0.6086956521739131,-0.9220151828847482,-0.9222648594261125,-0.026776748856409686,0.0,0.0,0.0
1.0,1.0,0.0,1.0,1.0,1.0,0.0,1.0,1.0,1.0,1.0,0.0,0.0,1.0,0.0,0.0,1.0,1.0,0.0,0.0,0.0,0.08695652173913043,0.7250977685760296,0.7602490541629426,-0.2499163226598236,1.0,5.0,0.0
0.0,1.0,0.0,1.0,1.0,0.0,0.0,1.0,1.0,1.0,1.0,0.0,0.0,1.0,0.0,0.0,1.0,0.0,0.0,1.0,0.0,0.6956521739130435,0.6597653554175292,0.7366775282300854,0.06640633716389613,0.0,4.0,0.0
0.0,0.0,0.0,1.0,1.0,1.0,1.0,1.0,1.0,0.0,1.0,0.0,0.0,1.0,0.0,1.0,0.0,1.0,0.0,0.0,0.0,-0.5,0.5088566827697264,0.44077187558479286,-0.4596675220350327,0.0,5.0,0.0
0.0,1.0,1.0,1.0,0.0,0.0,0.0,0.0,0.0,0.0,0.0,2.0,0.0,0.0,1.0,0.0,1.0,1.0,0.0,0.0,0.0,0.9347826086956522,-0.8336783988957902,-0.8409640033541873,0.48733682918665633,0.0,0.0,0.0
1.0,1.0,1.0,1.0,0.0,0.0,0.0,0.0,0.0,0.0,0.0,0.0,0.0,0.0,1.0,1.0,0.0,0.0,0.0,0.0,1.0,-0.5434782608695652,-0.9505406027145158,-0.9103204862847969,-0.19279259176614943,0.0,0.0,0.0
0.0,0.0,0.0,1.0,1.0,1.0,1.0,1.0,0.0,1.0,1.0,1.0,0.0,1.0,0.0,0.0,1.0,0.0,0.0,1.0,0.0,0.6304347826086957,0.6855302507476421,0.7092509684216862,-0.28829632935401095,0.0,5.0,0.0
1.0,0.0,0.0,1.0,0.0,0.0,0.0,0.0,0.0,0.0,0.0,0.0,0.0,0.0,1.0,1.0,0.0,0.0,0.0,0.0,1.0,-0.6086956521739131,-0.9183344835518749,-0.918589667690323,-0.005355349771281633,0.0,0.0,0.0
1.0,0.0,0.0,1.0,0.0,0.0,1.0,0.0,0.0,1.0,1.0,0.0,0.0,1.0,0.0,0.0,1.0,0.0,0.0,1.0,0.0,-0.45652173913043476,0.558546123763515,0.5853677004397582,0.48867566662947676,0.0,3.0,0.0
1.0,0.0,0.0,1.0,0.0,0.0,0.0,0.0,0.0,0.0,0.0,0.0,0.0,0.0,1.0,1.0,0.0,0.0,0.0,0.0,1.0,-0.5434782608695652,-0.9339774557165862,-0.9374250253362438,-0.09639629588307472,0.0,0.0,0.0
0.0,1.0,0.0,1.0,1.0,0.0,1.0,1.0,1.0,1.0,1.0,2.0,0.0,1.0,0.0,0.0,1.0,0.0,1.0,0.0,0.0,0.9347826086956522,0.741660915573959,0.7145864209835213,-0.23385027334597794,1.0,5.0,0.0
0.0,1.0,1.0,0.0,1.0,1.0,1.0,1.0,1.0,0.0,1.0,2.0,1.0,0.0,0.0,1.0,0.0,0.0,0.0,0.0,1.0,-0.10869565217391304,-0.33126293995859213,-0.3720963132278841,-1.2745732455651009,0.0,5.0,0.0
0.0,1.0,1.0,1.0,1.0,0.0,0.0,0.0,0.0,0.0,0.0,0.0,0.0,1.0,0.0,1.0,0.0,0.0,0.0,1.0,0.0,-0.4782608695652174,-0.027605244996549344,0.033547505574553126,5.178623228829633,0.0,0.0,0.0
1.0,1.0,0.0,1.0,0.0,1.0,0.0,0.0,0.0,0.0,0.0,0.0,0.0,1.0,0.0,1.0,0.0,0.0,0.0,1.0,0.0,-0.41304347826086957,0.08833678398895785,0.026761526548113444,1.8208189222358586,1.0,1.0,1.0
0.0,0.0,0.0,1.0,1.0,0.0,0.0,0.0,0.0,0.0,0.0,0.0,0.0,1.0,0.0,0.0,1.0,0.0,0.0,0.0,1.0,-0.5869565217391305,0.09109730848861289,0.15824151089598038,5.869463349325003,1.0,0.0,1.0
0.0,0.0,1.0,1.0,1.0,0.0,1.0,1.0,1.0,0.0,0.0,0.0,0.0,1.0,0.0,0.0,1.0,0.0,1.0,0.0,0.0,-0.2608695652173913,0.40855762594893036,0.3857250699538879,0.27044516344973807,0.0,3.0,0.0
1.0,1.0,0.0,1.0,1.0,1.0,0.0,0.0,1.0,0.0,1.0,1.0,1.0,0.0,0.0,0.0,1.0,0.0,0.0,0.0,1.0,0.6521739130434783,-0.025764895330112825,-0.021126533226149696,-0.36148610956153077,0.0,3.0,0.0
0.0,1.0,0.0,1.0,1.0,1.0,1.0,1.0,1.0,1.0,1.0,2.0,0.0,1.0,0.0,0.0,1.0,1.0,0.0,0.0,0.0,0.9347826086956522,0.7941108810674029,0.7912805263032939,-0.4728008798074621,0.0,6.0,0.0
0.0,1.0,0.0,1.0,1.0,1.0,1.0,0.0,0.0,0.0,1.0,1.0,0.0,1.0,0.0,0.0,1.0,0.0,1.0,0.0,0.0,0.8478260869565217,0.47941108810674027,0.48152326630222253,0.3735356465469152,1.0,3.0,1.0
0.0,1.0,1.0,1.0,0.0,0.0,0.0,0.0,0.0,0.0,0.0,1.0,0.0,0.0,1.0,1.0,0.0,0.0,0.0,0.0,1.0,-0.021739130434782608,-0.9312169312169313,-0.9407720749527665,-0.08033024656922906,0.0,0.0,0.0
1.0,1.0,1.0,1.0,1.0,1.0,0.0,1.0,1.0,0.0,0.0,1.0,1.0,0.0,0.0,1.0,0.0,0.0,0.0,0.0,1.0,0.17391304347826086,-0.2162410858063032,-0.20297023902829722,-0.6386254602253708,0.0,3.0,0.0
1.0,1.0,1.0,1.0,0.0,0.0,0.0,0.0,0.0,0.0,0.0,1.0,0.0,0.0,1.0,1.0,0.0,0.0,0.0,0.0,1.0,0.5652173913043478,-0.9385783298826778,-0.9542223221104997,-0.1231730447394844,0.0,0.0,0.0
1.0,0.0,0.0,1.0,1.0,1.0,0.0,1.0,1.0,1.0,1.0,0.0,0.0,1.0,0.0,0.0,1.0,0.0,1.0,0.0,0.0,0.34782608695652173,0.6984126984126985,0.7302238513760091,-0.27580051322101967,0.0,5.0,0.0
1.0,1.0,0.0,1.0,0.0,1.0,1.0,0.0,0.0,0.0,0.0,0.0,0.0,1.0,0.0,0.0,1.0,1.0,0.0,0.0,0.0,0.8260869565217391,0.24568668046928907,0.23569480538754284,0.781881066607163,1.0,2.0,1.0
1.0,0.0,0.0,1.0,0.0,0.0,1.0,1.0,0.0,1.0,1.0,2.0,0.0,1.0,0.0,0.0,1.0,0.0,1.0,0.0,0.0,0.782608695652174,0.6367609845870714,0.577736376830684,0.03962958830748644,0.0,4.0,0.0
0.0,1.0,1.0,1.0,0.0,1.0,0.0,0.0,1.0,1.0,1.0,2.0,1.0,0.0,0.0,1.0,0.0,0.0,1.0,0.0,0.0,0.8913043478260869,0.08925695882217612,0.1303494307582928,-0.5976570344750642,0.0,4.0,0.0
0.0,1.0,1.0,1.0,1.0,0.0,0.0,0.0,0.0,0.0,0.0,2.0,0.0,0.0,1.0,0.0,1.0,1.0,0.0,0.0,0.0,0.8695652173913043,-0.8263170002300437,-0.8514774707759073,0.530179627356912,0.0,0.0,0.0
0.0,1.0,1.0,1.0,1.0,0.0,0.0,0.0,0.0,0.0,0.0,2.0,0.0,0.0,1.0,0.0,1.0,1.0,0.0,0.0,0.0,0.782608695652174,-0.8318380492293537,-0.802806992660126,0.49804752872922037,0.0,0.0,0.0
1.0,1.0,1.0,1.0,1.0,0.0,1.0,0.0,1.0,0.0,0.0,2.0,0.0,1.0,0.0,0.0,1.0,0.0,0.0,1.0,0.0,0.9130434782608695,0.263170002300437,0.29520710713399184,0.8157982818252818,0.0,2.0,0.0
1.0,1.0,1.0,0.0,0.0,0.0,1.0,1.0,1.0,1.0,1.0,1.0,1.0,0.0,0.0,1.0,0.0,0.0,0.0,1.0,0.0,0.8913043478260869,-0.1867954911433172,-0.21066898526865457,-1.1344415932165568,0.0,5.0,0.0
1.0,1.0,1.0,1.0,1.0,1.0,1.0,1.0,0.0,0.0,0.0,2.0,1.0,0.0,0.0,1.0,0.0,1.0,0.0,0.0,0.0,0.5869565217391305,-0.1969174143087187,-0.16259944621724448,-0.6105098739261408,0.0,3.0,0.0
0.0,1.0,0.0,1.0,1.0,1.0,1.0,1.0,1.0,0.0,0.0,0.0,0.0,1.0,0.0,0.0,1.0,0.0,1.0,0.0,0.0,0.32608695652173914,0.45272601794340916,0.3986951065642493,-0.17458440254379104,0.0,4.0,0.0
1.0,0.0,0.0,1.0,1.0,0.0,1.0,0.0,0.0,0.0,0.0,0.0,1.0,0.0,0.0,1.0,0.0,1.0,0.0,0.0,0.0,-0.3695652173913043,-0.3947550034506557,-0.388979225264167,0.41503960727435013,0.0,1.0,0.0
0.0,1.0,1.0,1.0,1.0,0.0,0.0,0.0,0.0,0.0,0.0,0.0,1.0,0.0,0.0,1.0,0.0,0.0,0.0,1.0,0.0,-0.6086956521739131,-0.45640671727628246,-0.45735310484874936,2.683030235412251,0.0,0.0,0.0
0.0,1.0,1.0,1.0,0.0,0.0,0.0,0.0,0.0,0.0,1.0,0.0,0.0,1.0,0.0,0.0,1.0,0.0,1.0,0.0,0.0,0.08695652173913043,0.2880147227973316,0.2318010303350385,2.4018743724199494,0.0,1.0,0.0
0.0,0.0,0.0,1.0,1.0,0.0,1.0,1.0,0.0,0.0,1.0,0.0,0.0,1.0,0.0,0.0,1.0,0.0,1.0,0.0,0.0,-0.2826086956521739,0.4619277662755923,0.48952559095487463,0.3480977351333259,0.0,3.0,0.0
1.0,0.0,0.0,1.0,1.0,0.0,0.0,0.0,0.0,1.0,0.0,0.0,0.0,1.0,0.0,0.0,1.0,0.0,0.0,1.0,0.0,0.30434782608695654,0.2640901771336553,0.26080500119708067,2.3322548253932833,1.0,1.0,1.0
1.0,1.0,0.0,1.0,1.0,1.0,1.0,1.0,0.0,1.0,0.0,0.0,1.0,0.0,0.0,0.0,1.0,1.0,0.0,0.0,0.0,0.08695652173913043,0.041407867494824016,0.06572134318364471,-0.6533526720963961,0.0,4.0,0.0
0.0,0.0,0.0,1.0,1.0,0.0,0.0,1.0,0.0,0.0,1.0,0.0,0.0,1.0,0.0,0.0,1.0,0.0,0.0,1.0,0.0,0.043478260869565216,0.35702783528870496,0.3667197259729389,0.997880174048868,0.0,2.0,0.0
1.0,0.0,0.0,1.0,0.0,0.0,0.0,1.0,0.0,1.0,0.0,0.0,0.0,1.0,0.0,0.0,1.0,0.0,0.0,1.0,0.0,-0.5652173913043478,0.37819185645272596,0.47369546821790665,1.0389378556286957,1.0,2.0,1.0
1.0,1.0,0.0,1.0,0.0,1.0,0.0,1.0,1.0,1.0,1.0,1.0,1.0,0.0,0.0,0.0,1.0,0.0,0.0,1.0,0.0,0.43478260869565216,0.25488842880147217,0.22520125420467457,-0.7060136115140021,0.0,5.0,0.0
1.0,0.0,0.0,1.0,1.0,0.0,0.0,0.0,0.0,0.0,0.0,0.0,1.0,0.0,0.0,1.0,0.0,0.0,0.0,1.0,0.0,-0.5869565217391305,-0.4748102139406487,-0.43622075236796015,2.5759232399866123,1.0,0.0,1.0
1.0,0.0,0.0,1.0,1.0,0.0,1.0,1.0,0.0,1.0,0.0,0.0,0.0,1.0,0.0,0.0,1.0,0.0,0.0,1.0,0.0,-0.45652173913043476,0.4324821716126064,0.4799356375192989,0.30525493696307054,0.0,3.0,0.0
1.0,0.0,0.0,1.0,0.0,0.0,1.0,1.0,0.0,1.0,0.0,0.0,0.0,1.0,0.0,1.0,0.0,0.0,0.0,1.0,0.0,-0.06521739130434782,0.3551874856222682,0.3533800567135692,0.19279259176614982,0.0,3.0,0.0
1.0,0.0,0.0,1.0,0.0,0.0,0.0,0.0,0.0,0.0,0.0,0.0,0.0,0.0,1.0,1.0,0.0,0.0,0.0,0.0,1.0,-0.6086956521739131,-0.9376581550494595,-0.9378844243032176,-0.1178176949682024,0.0,0.0,0.0
0.0,1.0,1.0,0.0,0.0,1.0,1.0,0.0,1.0,1.0,1.0,2.0,1.0,0.0,0.0,1.0,0.0,0.0,0.0,0.0,1.0,0.9130434782608695,-0.21808143547273987,-0.2242760683934556,-1.1647885752538212,0.0,5.0,0.0
0.0,1.0,1.0,0.0,1.0,0.0,1.0,1.0,1.0,1.0,1.0,2.0,1.0,0.0,0.0,1.0,0.0,0.0,0.0,1.0,0.0,0.9347826086956522,-0.1932367149758454,-0.20886930804565287,-1.1406895012830525,0.0,5.0,0.0
0.0,1.0,0.0,1.0,0.0,1.0,1.0,1.0,0.0,0.0,1.0,1.0,1.0,0.0,0.0,0.0,1.0,0.0,0.0,0.0,1.0,0.8260869565217391,0.08465608465608455,0.09188235862178232,-0.6030123842463461,0.0,4.0,0.0
0.0,1.0,1.0,1.0,1.0,0.0,0.0,1.0,1.0,0.0,0.0,1.0,1.0,0.0,0.0,1.0,0.0,0.0,1.0,0.0,0.0,-0.2391304347826087,-0.29629629629629634,-0.3200438580532831,-0.26955260515452406,0.0,2.0,0.0
1.0,1.0,0.0,1.0,0.0,1.0,1.0,0.0,0.0,0.0,1.0,1.0,0.0,1.0,0.0,0.0,1.0,0.0,0.0,1.0,0.0,0.717391304347826,0.4711295146077754,0.48161392568090416,0.36148610956153077,0.0,3.0,0.0
1.0,0.0,0.0,1.0,1.0,0.0,0.0,1.0,1.0,1.0,0.0,0.0,0.0,1.0,0.0,0.0,1.0,1.0,0.0,0.0,0.0,0.043478260869565216,0.4803312629399585,0.40883623771936434,0.3748744839897356,1.0,3.0,0.0
1.0,1.0,0.0,1.0,0.0,0.0,0.0,0.0,0.0,0.0,0.0,0.0,0.0,0.0,1.0,1.0,0.0,0.0,0.0,0.0,1.0,-0.45652173913043476,-0.9247757073844031,-0.9334052843752241,-0.042842798170255346,0.0,0.0,0.0
0.0,0.0,0.0,0.0,1.0,1.0,1.0,1.0,1.0,0.0,0.0,2.0,1.0,0.0,0.0,1.0,0.0,1.0,0.0,0.0,0.0,0.8913043478260869,-0.47665056360708535,-0.4943281588477451,-1.2563650563427422,0.0,4.0,0.0
1.0,1.0,0.0,0.0,1.0,0.0,1.0,1.0,1.0,1.0,1.0,1.0,1.0,0.0,0.0,1.0,0.0,0.0,1.0,0.0,0.0,0.8695652173913043,-0.17851391764435248,-0.16171322471107935,-1.1264085685596341,0.0,5.0,0.0
0.0,0.0,0.0,1.0,0.0,0.0,0.0,0.0,0.0,1.0,1.0,0.0,0.0,1.0,0.0,1.0,0.0,0.0,0.0,1.0,0.0,-0.6086956521739131,0.3699102829537611,0.3677274398359778,1.02287180631485,0.0,2.0,0.0
0.0,0.0,0.0,1.0,1.0,1.0,0.0,1.0,0.0,1.0,1.0,1.0,1.0,0.0,0.0,0.0,1.0,0.0,0.0,1.0,0.0,-0.13043478260869565,0.1481481481481481,0.17537908975091132,-0.5291085574026554,0.0,4.0,0.0
1.0,1.0,0.0,1.0,0.0,1.0,0.0,1.0,1.0,1.0,1.0,2.0,1.0,0.0,0.0,0.0,1.0,0.0,1.0,0.0,0.0,0.9347826086956522,0.2972164711295147,0.25825011378966706,-0.6649559299341735,0.0,5.0,0.0
0.0,1.0,1.0,1.0,1.0,0.0,0.0,0.0,0.0,0.0,0.0,0.0,0.0,1.0,0.0,1.0,0.0,1.0,0.0,0.0,0.0,0.45652173913043476,-0.013802622498274672,0.01038854736517143,5.2589534753988625,0.0,0.0,0.0
1.0,0.0,0.0,1.0,1.0,0.0,0.0,1.0,0.0,0.0,1.0,0.0,0.0,1.0,0.0,0.0,1.0,0.0,0.0,0.0,1.0,0.32608695652173914,0.3662295836208881,0.39971831335432684,1.0157313399531411,0.0,2.0,0.0
0.0,1.0,0.0,1.0,0.0,0.0,0.0,0.0,0.0,0.0,0.0,2.0,0.0,0.0,1.0,1.0,0.0,1.0,0.0,0.0,0.0,0.9347826086956522,-0.9284564067172764,-0.9337881168477022,-0.06426419725538302,0.0,0.0,0.0
0.0,0.0,0.0,0.0,1.0,0.0,1.0,0.0,0.0,0.0,0.0,0.0,1.0,0.0,0.0,1.0,0.0,0.0,0.0,0.0,1.0,-0.45652173913043476,-0.759144237405107,-0.7758314387032523,-0.6453196474394732,0.0,1.0,0.0
1.0,0.0,0.0,0.0,0.0,0.0,0.0,1.0,1.0,0.0,0.0,1.0,1.0,0.0,0.0,1.0,0.0,0.0,0.0,0.0,1.0,0.21739130434782608,-0.6432022084195997,-0.6802911778985916,-0.9425415597456208,0.0,2.0,0.0
0.0,0.0,0.0,1.0,1.0,0.0,0.0,1.0,0.0,0.0,0.0,0.0,1.0,0.0,0.0,1.0,0.0,0.0,0.0,0.0,1.0,-0.2391304347826087,-0.3772716816195077,-0.3857889546601829,0.4659154301015287,0.0,1.0,0.0
1.0,1.0,1.0,1.0,1.0,0.0,1.0,0.0,0.0,1.0,1.0,0.0,0.0,1.0,0.0,1.0,0.0,0.0,0.0,0.0,1.0,0.06521739130434782,0.43156199677938817,0.3460495510819073,0.30391609952025017,1.0,3.0,1.0
1.0,1.0,0.0,1.0,1.0,0.0,0.0,1.0,0.0,1.0,1.0,1.0,0.0,1.0,0.0,0.0,1.0,0.0,1.0,0.0,0.0,0.9130434782608695,0.5180584311019095,0.5049647932093827,0.42976681914537573,0.0,3.0,0.0
0.0,1.0,0.0,1.0,1.0,0.0,0.0,0.0,0.0,0.0,0.0,0.0,0.0,1.0,0.0,1.0,0.0,0.0,0.0,1.0,0.0,-0.5869565217391305,0.0036806993328732983,0.002505261091903062,5.360705121053219,0.0,0.0,0.0
1.0,1.0,1.0,1.0,0.0,0.0,0.0,0.0,0.0,0.0,0.0,2.0,0.0,0.0,1.0,1.0,0.0,0.0,0.0,0.0,1.0,0.7391304347826086,-0.9348976305498045,-0.9249920850395753,-0.10175164565435672,0.0,0.0,0.0
1.0,0.0,0.0,1.0,1.0,0.0,1.0,0.0,0.0,0.0,1.0,2.0,1.0,0.0,0.0,1.0,0.0,0.0,0.0,1.0,0.0,0.30434782608695654,-0.1932367149758454,-0.20801698644801153,-0.06961954702666504,0.0,2.0,0.0
0.0,1.0,0.0,1.0,1.0,0.0,0.0,1.0,1.0,0.0,0.0,0.0,0.0,1.0,0.0,0.0,1.0,0.0,1.0,0.0,0.0,0.2826086956521739,0.28341384863124003,0.3347163426377264,0.8550708468146831,0.0,2.0,0.0
0.0,0.0,0.0,1.0,0.0,0.0,0.0,0.0,0.0,0.0,0.0,2.0,0.0,0.0,1.0,0.0,1.0,0.0,1.0,0.0,0.0,-0.10869565217391304,-0.8345985737290086,-0.8737217019158936,0.48198147941537434,0.0,0.0,0.0
1.0,1.0,1.0,0.0,0.0,1.0,1.0,1.0,0.0,1.0,1.0,2.0,1.0,0.0,0.0,1.0,0.0,0.0,0.0,1.0,0.0,0.7391304347826086,-0.21164021164021166,-0.21569466412640473,-1.1585406671873255,0.0,5.0,0.0
1.0,1.0,1.0,1.0,0.0,0.0,0.0,0.0,0.0,0.0,0.0,0.0,0.0,0.0,1.0,1.0,0.0,0.0,0.0,0.0,1.0,-0.4782608695652174,-0.9247757073844031,-0.9181958971472028,-0.042842798170255346,0.0,0.0,0.0
1.0,0.0,1.0,1.0,1.0,0.0,0.0,0.0,0.0,0.0,0.0,0.0,0.0,0.0,1.0,1.0,0.0,0.0,0.0,1.0,0.0,-0.1956521739130435,-0.9404186795491144,-0.9530445902133489,-0.13388374428204844,0.0,0.0,0.0
1.0,1.0,1.0,1.0,1.0,0.0,0.0,0.0,0.0,0.0,0.0,1.0,0.0,0.0,1.0,1.0,0.0,1.0,0.0,0.0,0.0,0.32608695652173914,-0.9201748332183115,-0.9358588924942881,-0.01606604931384566,0.0,0.0,0.0
1.0,1.0,0.0,1.0,0.0,1.0,1.0,0.0,1.0,0.0,0.0,0.0,1.0,0.0,0.0,1.0,0.0,0.0,0.0,0.0,1.0,-0.021739130434782608,-0.17667356797791584,-0.1252404659387062,-0.5810554501840901,0.0,3.0,0.0
1.0,1.0,0.0,1.0,0.0,1.0,0.0,0.0,0.0,1.0,0.0,0.0,1.0,0.0,0.0,1.0,0.0,1.0,0.0,0.0,0.0,-0.45652173913043476,-0.17667356797791584,-0.029308117371023994,-0.03748744839897333,1.0,2.0,1.0
0.0,1.0,1.0,1.0,1.0,0.0,1.0,1.0,1.0,1.0,1.0,2.0,0.0,1.0,0.0,0.0,1.0,0.0,0.0,1.0,0.0,0.8913043478260869,0.7306188175753394,0.7215433985143349,-0.2445609728885416,0.0,5.0,0.0
1.0,1.0,0.0,1.0,0.0,1.0,1.0,1.0,1.0,1.0,0.0,2.0,1.0,0.0,0.0,1.0,0.0,1.0,0.0,0.0,0.0,0.9347826086956522,0.0717736369910284,0.07104503474789294,-0.8836327122615194,1.0,5.0,0.0
1.0,0.0,0.0,1.0,0.0,1.0,1.0,0.0,0.0,0.0,0.0,0.0,1.0,0.0,0.0,0.0,1.0,0.0,0.0,1.0,0.0,-0.6086956521739131,-0.17207269381182427,-0.17344454325901587,-0.028561865446836896,0.0,2.0,0.0
1.0,1.0,0.0,1.0,0.0,0.0,0.0,0.0,0.0,0.0,0.0,2.0,0.0,0.0,1.0,0.0,1.0,0.0,1.0,0.0,0.0,0.8260869565217391,-0.8263170002300437,-0.8075933919086825,0.530179627356912,0.0,0.0,0.0
1.0,1.0,1.0,1.0,1.0,0.0,1.0,0.0,1.0,1.0,0.0,1.0,0.0,1.0,0.0,1.0,0.0,0.0,0.0,1.0,0.0,0.13043478260869565,0.35334713595583167,0.36489229192551154,0.190114916880509,0.0,3.0,0.0
1.0,1.0,0.0,1.0,0.0,1.0,0.0,1.0,1.0,0.0,1.0,2.0,1.0,0.0,0.0,0.0,1.0,0.0,1.0,0.0,0.0,0.34782608695652173,0.08557625948930307,0.12408264548500397,-0.6019413142920894,1.0,4.0,0.0
0.0,0.0,1.0,1.0,0.0,0.0,0.0,0.0,0.0,0.0,0.0,0.0,0.0,0.0,1.0,1.0,0.0,0.0,1.0,0.0,0.0,-0.391304347826087,-0.9348976305498045,-0.9359633013504185,-0.10175164565435672,0.0,0.0,0.0
1.0,0.0,0.0,1.0,1.0,0.0,0.0,0.0,1.0,1.0,0.0,0.0,1.0,0.0,0.0,1.0,0.0,0.0,0.0,1.0,0.0,-0.5434782608695652,-0.16931216931216936,-0.15139339284427925,-0.023206515675554883,0.0,2.0,0.0
0.0,0.0,0.0,1.0,0.0,0.0,0.0,0.0,0.0,0.0,0.0,1.0,0.0,0.0,1.0,1.0,0.0,0.0,0.0,0.0,1.0,-0.2826086956521739,-0.927536231884058,-0.9570069063034969,-0.058908847484101,0.0,0.0,0.0
0.0,0.0,0.0,1.0,1.0,0.0,0.0,0.0,0.0,0.0,0.0,0.0,0.0,0.0,1.0,1.0,0.0,0.0,0.0,0.0,1.0,-0.2391304347826087,-0.9376581550494595,-0.8997543100444022,-0.1178176949682024,0.0,0.0,0.0
0.0,0.0,0.0,1.0,1.0,0.0,0.0,0.0,0.0,1.0,1.0,0.0,0.0,1.0,0.0,0.0,1.0,0.0,0.0,1.0,0.0,-0.5434782608695652,0.4380032206119162,0.6527844988431456,1.1549704340064713,1.0,2.0,1.0
0.0,1.0,0.0,1.0,0.0,0.0,0.0,0.0,0.0,0.0,0.0,1.0,0.0,0.0,1.0,1.0,0.0,0.0,0.0,0.0,1.0,-0.1956521739130435,-0.9229353577179664,-0.9359090087452308,-0.03213209862769132,0.0,0.0,0.0
1.0,0.0,0.0,1.0,1.0,1.0,1.0,1.0,1.0,1.0,1.0,1.0,1.0,0.0,0.0,0.0,1.0,1.0,0.0,0.0,0.0,0.8260869565217391,0.33678398895790196,0.32191096375660294,-0.8530307135684799,0.0,6.0,0.0
1.0,1.0,0.0,1.0,1.0,1.0,1.0,1.0,1.0,1.0,0.0,1.0,0.0,1.0,0.0,1.0,0.0,0.0,1.0,0.0,0.0,0.2391304347826087,0.5088566827697264,0.5941192507606069,-0.4596675220350327,1.0,5.0,0.0
0.0,0.0,0.0,1.0,1.0,0.0,0.0,0.0,0.0,0.0,0.0,0.0,0.0,0.0,1.0,1.0,0.0,0.0,0.0,0.0,1.0,-0.5,-0.9118932597193466,-0.9617731705858489,0.0321320986276917,0.0,0.0,0.0
0.0,1.0,0.0,1.0,0.0,0.0,0.0,1.0,1.0,1.0,0.0,0.0,0.0,1.0,0.0,0.0,1.0,0.0,0.0,1.0,0.0,0.6521739130434783,0.42051989878076823,0.38052831952588834,0.28785005020640414,0.0,3.0,0.0
0.0,0.0,0.0,0.0,0.0,0.0,1.0,1.0,1.0,0.0,0.0,2.0,1.0,0.0,0.0,1.0,0.0,0.0,1.0,0.0,0.0,0.45652173913043476,-0.5668276972624798,-0.5868117337419321,-1.1487225259399754,0.0,3.0,0.0
1.0,1.0,0.0,1.0,1.0,0.0,0.0,0.0,1.0,1.0,0.0,0.0,0.0,1.0,0.0,1.0,0.0,0.0,0.0,1.0,0.0,-0.6086956521739131,0.263170002300437,0.26114687949808435,0.8157982818252818,0.0,2.0,0.0
0.0,1.0,0.0,1.0,0.0,0.0,0.0,0.0,0.0,0.0,0.0,1.0,1.0,0.0,0.0,1.0,0.0,0.0,0.0,1.0,0.0,-0.34782608695652173,-0.4913733609385784,-0.4594027310090935,2.4795269441035366,0.0,0.0,0.0
1.0,0.0,1.0,1.0,0.0,0.0,0.0,0.0,0.0,0.0,0.0,0.0,0.0,0.0,1.0,0.0,1.0,0.0,0.0,0.0,1.0,-0.17391304347826086,-0.8428801472279733,-0.8883568404351981,0.43378333147383696,0.0,0.0,0.0
0.0,0.0,0.0,1.0,1.0,0.0,1.0,1.0,0.0,1.0,1.0,0.0,0.0,1.0,0.0,0.0,1.0,0.0,0.0,1.0,0.0,0.2608695652173913,0.658845180584311,0.6943937199128226,0.06533526720963957,0.0,4.0,0.0
0.0,0.0,1.0,1.0,1.0,1.0,1.0,1.0,0.0,1.0,1.0,0.0,0.0,1.0,0.0,1.0,0.0,1.0,0.0,0.0,0.0,0.10869565217391304,0.641361858753163,0.6964409124399679,-0.3311391275242663,0.0,5.0,0.0
1.0,0.0,0.0,1.0,1.0,0.0,0.0,1.0,1.0,1.0,1.0,0.0,0.0,1.0,0.0,1.0,0.0,0.0,1.0,0.0,0.0,0.0,0.5208189556015642,0.48159501827069495,-0.09532522592881854,0.0,4.0,0.0
0.0,0.0,0.0,1.0,0.0,1.0,1.0,0.0,0.0,1.0,0.0,0.0,1.0,0.0,0.0,1.0,0.0,0.0,0.0,0.0,1.0,0.2391304347826087,-0.09937888198757774,-0.1091286878827007,-0.4685931049871695,0.0,3.0,0.0
1.0,0.0,0.0,1.0,0.0,0.0,0.0,0.0,0.0,0.0,0.0,0.0,0.0,1.0,0.0,1.0,0.0,0.0,0.0,1.0,0.0,-0.6086956521739131,-0.010121923165401375,-0.011736106884280827,5.28037487448399,0.0,0.0,0.0
0.0,1.0,1.0,1.0,1.0,0.0,1.0,0.0,0.0,1.0,1.0,0.0,0.0,1.0,0.0,0.0,1.0,0.0,0.0,1.0,0.0,0.43478260869565216,0.5125373821025994,0.5364112401174153,0.42173379448845255,0.0,3.0,0.0
1.0,0.0,0.0,1.0,1.0,1.0,0.0,1.0,0.0,0.0,0.0,0.0,1.0,0.0,0.0,0.0,1.0,0.0,0.0,1.0,0.0,0.13043478260869565,-0.20059811364159189,-0.19725453543302293,-0.08390047975008348,0.0,2.0,0.0
1.0,0.0,0.0,1.0,1.0,0.0,0.0,0.0,0.0,0.0,1.0,0.0,1.0,0.0,0.0,1.0,0.0,0.0,1.0,0.0,0.0,-0.45652173913043476,-0.2898550724637681,-0.2909358290625342,0.7202945442374207,0.0,1.0,0.0
1.0,0.0,0.0,1.0,1.0,1.0,0.0,1.0,1.0,1.0,0.0,0.0,1.0,0.0,0.0,1.0,0.0,0.0,0.0,1.0,0.0,-0.2391304347826087,-0.0395675178283875,0.029813977462005144,-0.7476068280709585,0.0,4.0,0.0
1.0,1.0,0.0,1.0,1.0,1.0,0.0,1.0,0.0,1.0,1.0,2.0,0.0,1.0,0.0,0.0,1.0,0.0,1.0,0.0,0.0,0.45652173913043476,0.6358408097538532,0.6004773324635226,0.03855851835322989,1.0,4.0,1.0
0.0,1.0,0.0,1.0,1.0,0.0,0.0,0.0,0.0,1.0,0.0,0.0,0.0,1.0,0.0,0.0,1.0,0.0,1.0,0.0,0.0,0.06521739130434782,0.2843340234644583,0.21233573925713095,2.391163672877385,1.0,1.0,1.0
0.0,0.0,0.0,1.0,0.0,0.0,0.0,1.0,0.0,0.0,0.0,0.0,1.0,0.0,0.0,1.0,0.0,0.0,1.0,0.0,0.0,-0.13043478260869565,-0.3827927306188175,-0.43326461988482523,0.449849380787683,0.0,1.0,0.0
1.0,0.0,0.0,1.0,1.0,0.0,0.0,0.0,0.0,1.0,0.0,0.0,0.0,1.0,0.0,1.0,0.0,0.0,0.0,1.0,0.0,-0.5652173913043478,0.14722797331492984,0.18549918293641868,1.9921901149168808,0.0,1.0,0.0
1.0,1.0,1.0,1.0,0.0,0.0,1.0,1.0,0.0,1.0,1.0,1.0,1.0,0.0,0.0,0.0,1.0,0.0,1.0,0.0,0.0,0.1956521739130435,0.1555095468138947,0.08713138658705476,-0.520539997768604,0.0,4.0,0.0
1.0,1.0,0.0,1.0,1.0,1.0,1.0,0.0,0.0,0.0,1.0,1.0,0.0,1.0,0.0,0.0,1.0,0.0,1.0,0.0,0.0,0.4782608695652174,0.47665056360708546,0.4723803260771581,0.36951913421845395,0.0,3.0,0.0
1.0,0.0,0.0,1.0,0.0,0.0,0.0,1.0,1.0,0.0,0.0,0.0,1.0,0.0,0.0,1.0,0.0,0.0,0.0,1.0,0.0,-0.5217391304347826,-0.2640901771336554,-0.22599978508080473,-0.20707352448956826,0.0,2.0,0.0
0.0,1.0,0.0,1.0,1.0,0.0,1.0,0.0,0.0,1.0,1.0,1.0,0.0,1.0,0.0,1.0,0.0,0.0,0.0,1.0,0.0,0.7391304347826086,0.4692891649413389,0.4849689730264985,0.35880843467588996,0.0,3.0,0.0
1.0,0.0,0.0,1.0,1.0,0.0,0.0,0.0,0.0,0.0,0.0,0.0,0.0,1.0,0.0,1.0,0.0,0.0,0.0,1.0,0.0,-0.6086956521739131,0.02116402116402127,0.01950302286992939,5.462456766707577,1.0,0.0,1.0
1.0,1.0,1.0,0.0,0.0,1.0,0.0,0.0,0.0,1.0,0.0,0.0,1.0,0.0,0.0,1.0,0.0,0.0,1.0,0.0,0.0,-0.5434782608695652,-0.5879917184265011,-0.5800126290307217,-0.8354345643199821,0.0,2.0,0.0
0.0,0.0,0.0,1.0,1.0,1.0,1.0,0.0,0.0,0.0,0.0,1.0,1.0,0.0,0.0,0.0,1.0,1.0,0.0,0.0,0.0,0.2826086956521739,-0.19047619047619052,-0.23762914178762412,-0.06426419725538302,0.0,2.0,0.0
0.0,1.0,1.0,1.0,0.0,1.0,1.0,1.0,0.0,1.0,0.0,2.0,0.0,1.0,0.0,0.0,1.0,1.0,0.0,0.0,0.0,0.9130434782608695,0.5521048999309869,0.5225125396661799,-0.058908847484101,0.0,4.0,0.0
1.0,0.0,0.0,1.0,1.0,0.0,0.0,0.0,0.0,0.0,0.0,0.0,1.0,0.0,0.0,1.0,0.0,0.0,0.0,0.0,1.0,-0.6086956521739131,-0.45640671727628246,-0.45735310484874936,2.683030235412251,0.0,0.0,0.0
1.0,1.0,0.0,1.0,0.0,1.0,0.0,1.0,0.0,0.0,1.0,1.0,0.0,1.0,0.0,1.0,0.0,1.0,0.0,0.0,0.0,0.0,0.360708534621578,0.38629349463918994,0.20082561642307264,1.0,3.0,1.0
1.0,0.0,0.0,1.0,1.0,0.0,1.0,0.0,0.0,1.0,1.0,0.0,0.0,1.0,0.0,1.0,0.0,0.0,0.0,1.0,0.0,0.043478260869565216,0.4416839199447895,0.4688544898562482,0.3186433113912754,0.0,3.0,0.0
1.0,0.0,0.0,1.0,0.0,1.0,0.0,0.0,1.0,0.0,1.0,0.0,1.0,0.0,0.0,1.0,0.0,0.0,0.0,0.0,1.0,-0.43478260869565216,-0.10213940648723252,-0.17865106488471766,-0.4726096173156307,0.0,3.0,0.0
0.0,0.0,0.0,1.0,0.0,0.0,0.0,0.0,1.0,1.0,0.0,0.0,1.0,0.0,0.0,1.0,0.0,0.0,0.0,1.0,0.0,-0.2826086956521739,-0.20427881297446518,-0.12118791076575991,-0.0910409461117927,1.0,2.0,0.0
1.0,0.0,0.0,1.0,0.0,0.0,0.0,0.0,0.0,0.0,0.0,0.0,0.0,0.0,1.0,1.0,0.0,0.0,0.0,0.0,1.0,-0.6086956521739131,-0.9220151828847482,-0.9222648594261125,-0.026776748856409686,0.0,0.0,0.0
0.0,1.0,0.0,1.0,1.0,0.0,1.0,0.0,1.0,1.0,0.0,0.0,0.0,1.0,0.0,0.0,1.0,0.0,1.0,0.0,0.0,0.021739130434782608,0.4343225212790429,0.4206808274291435,0.3079326118487114,0.0,3.0,0.0
0.0,1.0,0.0,1.0,0.0,0.0,0.0,0.0,0.0,0.0,0.0,1.0,0.0,0.0,1.0,1.0,0.0,0.0,1.0,0.0,0.0,0.43478260869565216,-0.9477800782148609,-0.9526039422246191,-0.17672654245230376,0.0,0.0,0.0
0.0,1.0,1.0,1.0,1.0,0.0,1.0,0.0,1.0,1.0,0.0,0.0,1.0,0.0,0.0,0.0,1.0,0.0,1.0,0.0,0.0,-0.13043478260869565,-0.01840349666436623,0.022818684979391407,-0.3507754100189667,0.0,3.0,0.0
0.0,0.0,0.0,1.0,1.0,0.0,0.0,1.0,0.0,0.0,0.0,0.0,0.0,1.0,0.0,1.0,0.0,0.0,0.0,1.0,0.0,-0.6086956521739131,0.08097538532321151,0.07922488857650764,1.7993975231507313,0.0,1.0,0.0
1.0,1.0,1.0,1.0,0.0,0.0,1.0,0.0,0.0,0.0,0.0,1.0,1.0,0.0,0.0,1.0,0.0,0.0,0.0,0.0,1.0,-0.41304347826086957,-0.38555325511847255,-0.4229900621191182,0.4418163561307598,0.0,1.0,0.0
1.0,1.0,1.0,1.0,0.0,0.0,0.0,0.0,0.0,0.0,0.0,2.0,0.0,0.0,1.0,0.0,1.0,0.0,0.0,0.0,1.0,0.45652173913043476,-0.8382792730618818,-0.8335273549654767,0.46056008033024665,0.0,0.0,0.0
0.0,1.0,0.0,1.0,1.0,1.0,1.0,0.0,0.0,0.0,1.0,0.0,0.0,1.0,0.0,0.0,1.0,0.0,1.0,0.0,0.0,0.6739130434782609,0.4343225212790429,0.37994745235747773,0.3079326118487114,0.0,3.0,0.0
0.0,0.0,0.0,1.0,1.0,0.0,0.0,0.0,0.0,0.0,0.0,0.0,0.0,0.0,1.0,1.0,0.0,0.0,0.0,0.0,1.0,-0.6086956521739131,-0.9238555325511848,-0.9241024552940073,-0.03748744839897333,0.0,0.0,0.0
1.0,0.0,0.0,1.0,0.0,0.0,0.0,0.0,0.0,0.0,1.0,0.0,1.0,0.0,0.0,0.0,1.0,1.0,0.0,0.0,0.0,-0.5869565217391305,-0.1555095468138947,-0.2101964606169102,1.111235077541002,0.0,1.0,0.0
1.0,1.0,0.0,1.0,1.0,0.0,0.0,0.0,0.0,0.0,0.0,0.0,0.0,1.0,0.0,0.0,1.0,0.0,0.0,1.0,0.0,0.06521739130434782,0.08097538532321151,0.025561346746894625,5.810554501840903,1.0,0.0,1.0
0.0,1.0,0.0,1.0,0.0,0.0,0.0,0.0,0.0,0.0,0.0,0.0,0.0,0.0,1.0,1.0,0.0,0.0,0.0,0.0,1.0,0.08695652173913043,-0.9284564067172764,-0.92435303654872,-0.06426419725538302,0.0,0.0,0.0
0.0,1.0,1.0,1.0,1.0,0.0,0.0,1.0,0.0,1.0,1.0,2.0,0.0,1.0,0.0,1.0,0.0,0.0,0.0,1.0,0.0,-0.10869565217391304,0.47941108810674027,0.43590990318432093,0.3735356465469152,1.0,3.0,1.0
1.0,1.0,1.0,1.0,1.0,0.0,1.0,1.0,1.0,1.0,1.0,1.0,0.0,1.0,0.0,0.0,1.0,0.0,0.0,1.0,0.0,0.2608695652173913,0.7628249367379802,0.735381071649157,-0.2133214325560635,1.0,5.0,0.0
0.0,1.0,0.0,0.0,1.0,0.0,1.0,0.0,0.0,1.0,0.0,0.0,1.0,0.0,0.0,1.0,0.0,0.0,0.0,1.0,0.0,0.2391304347826087,-0.5741890959282264,-0.5449145479539326,-0.8086578154635724,1.0,2.0,1.0
1.0,1.0,1.0,1.0,0.0,0.0,0.0,0.0,0.0,0.0,0.0,2.0,0.0,0.0,1.0,0.0,1.0,0.0,1.0,0.0,0.0,0.1956521739130435,-0.8364389233954452,-0.830989538356342,0.4712707798728107,0.0,0.0,0.0
1.0,1.0,1.0,1.0,1.0,1.0,0.0,1.0,1.0,1.0,1.0,2.0,0.0,1.0,0.0,0.0,1.0,1.0,0.0,0.0,0.0,0.7608695652173914,0.7563837129054519,0.7411613751147071,-0.2195693406225595,1.0,5.0,0.0
0.0,1.0,0.0,1.0,1.0,0.0,1.0,1.0,1.0,0.0,0.0,1.0,1.0,0.0,0.0,1.0,0.0,1.0,0.0,0.0,0.0,0.8478260869565217,-0.1812744421440074,-0.22270832659978154,-0.5877496373981925,1.0,3.0,0.0
1.0,1.0,0.0,0.0,0.0,0.0,1.0,0.0,0.0,1.0,1.0,2.0,1.0,0.0,0.0,1.0,0.0,0.0,0.0,1.0,0.0,0.9130434782608695,-0.38923395445134573,-0.3873303496291839,-0.8903268994756218,0.0,3.0,0.0
1.0,0.0,1.0,1.0,1.0,1.0,1.0,0.0,0.0,1.0,1.0,1.0,0.0,1.0,0.0,0.0,1.0,0.0,0.0,1.0,0.0,0.10869565217391304,0.6128364389233955,0.5787266830201242,0.0117817694968202,0.0,4.0,0.0
1.0,0.0,0.0,1.0,1.0,1.0,0.0,0.0,0.0,1.0,0.0,0.0,0.0,1.0,0.0,0.0,1.0,0.0,0.0,1.0,0.0,-0.21739130434782608,0.3699102829537611,0.3083440786313802,1.02287180631485,1.0,2.0,1.0
1.0,0.0,0.0,1.0,0.0,0.0,0.0,0.0,0.0,0.0,0.0,0.0,0.0,0.0,1.0,1.0,0.0,0.0,0.0,0.0,1.0,-0.6086956521739131,-0.9256958822176213,-0.9259400511619018,-0.04819814794153736,0.0,0.0,0.0
1.0,1.0,0.0,1.0,1.0,0.0,1.0,1.0,0.0,1.0,1.0,0.0,0.0,1.0,0.0,0.0,1.0,0.0,0.0,1.0,0.0,-0.2608695652173913,0.5898320680929376,0.5864013481154491,-0.014994979359589485,0.0,4.0,0.0
0.0,1.0,1.0,1.0,1.0,1.0,1.0,0.0,0.0,1.0,1.0,0.0,0.0,1.0,0.0,0.0,1.0,1.0,0.0,0.0,0.0,0.5434782608695652,0.6183574879227052,0.6241060929603995,0.01820818922235877,0.0,4.0,0.0
1.0,0.0,0.0,0.0,0.0,1.0,1.0,1.0,0.0,1.0,1.0,1.0,1.0,0.0,0.0,1.0,0.0,0.0,1.0,0.0,0.0,0.2391304347826087,-0.1555095468138947,-0.14333094097389107,-1.1040946111792926,0.0,5.0,0.0
0.0,0.0,0.0,1.0,0.0,1.0,1.0,1.0,1.0,1.0,1.0,2.0,0.0,1.0,0.0,0.0,1.0,0.0,1.0,0.0,0.0,0.30434782608695654,0.8198757763975155,0.7947761725771849,-0.4513794807223344,0.0,6.0,0.0
0.0,0.0,0.0,1.0,1.0,0.0,0.0,0.0,0.0,0.0,0.0,0.0,0.0,1.0,0.0,0.0,1.0,0.0,0.0,0.0,1.0,-0.34782608695652173,0.08281573498964803,0.1156234221136529,5.821265201383466,0.0,0.0,0.0
1.0,0.0,0.0,1.0,0.0,0.0,0.0,0.0,0.0,0.0,0.0,1.0,0.0,0.0,1.0,0.0,1.0,1.0,0.0,0.0,0.0,0.8043478260869565,-0.8290775247296986,-0.8240509287594667,0.514113578043066,0.0,0.0,0.0
1.0,0.0,0.0,1.0,0.0,0.0,0.0,0.0,0.0,0.0,0.0,0.0,1.0,0.0,0.0,1.0,0.0,0.0,1.0,0.0,0.0,-0.6086956521739131,-0.44720496894409933,-0.4481651255092758,2.7365837331250704,0.0,0.0,0.0
0.0,0.0,0.0,1.0,1.0,0.0,0.0,0.0,0.0,0.0,0.0,0.0,1.0,0.0,0.0,1.0,0.0,0.0,0.0,1.0,0.0,-0.5869565217391305,-0.4619277662755924,-0.5533674889462483,2.650898136784559,0.0,0.0,0.0
1.0,0.0,0.0,0.0,1.0,0.0,0.0,0.0,0.0,0.0,0.0,1.0,1.0,0.0,0.0,1.0,0.0,0.0,0.0,0.0,1.0,0.0,-0.8401196227283184,-0.7977835807199343,0.449849380787683,0.0,0.0,0.0
0.0,0.0,0.0,1.0,1.0,0.0,1.0,0.0,0.0,1.0,1.0,0.0,0.0,1.0,0.0,0.0,1.0,0.0,0.0,1.0,0.0,-0.08695652173913043,0.5475040257648953,0.4579533969496085,0.4726096173156311,0.0,3.0,0.0
0.0,0.0,0.0,0.0,1.0,1.0,0.0,0.0,0.0,1.0,0.0,0.0,1.0,0.0,0.0,1.0,0.0,0.0,0.0,1.0,0.0,-0.17391304347826086,-0.5263400046008742,-0.5620085647536103,-0.7158317527613521,1.0,2.0,1.0
0.0,1.0,0.0,1.0,1.0,1.0,0.0,0.0,0.0,0.0,1.0,0.0,0.0,1.0,0.0,1.0,0.0,0.0,0.0,1.0,0.0,0.1956521739130435,0.23832528180354273,0.22475764553516944,0.7676001338837445,1.0,2.0,1.0
0.0,1.0,1.0,1.0,0.0,0.0,0.0,0.0,0.0,0.0,0.0,1.0,0.0,0.0,1.0,1.0,0.0,0.0,1.0,0.0,0.0,-0.5,-0.9477800782148609,-0.974023809705147,-0.17672654245230376,0.0,0.0,0.0
1.0,1.0,0.0,1.0,1.0,0.0,0.0,1.0,1.0,1.0,1.0,1.0,0.0,1.0,0.0,0.0,1.0,0.0,0.0,1.0,0.0,0.5652173913043478,0.6192776627559238,0.621666483362047,0.019279259176615323,0.0,4.0,0.0
1.0,1.0,1.0,1.0,1.0,0.0,0.0,1.0,0.0,1.0,1.0,2.0,0.0,1.0,0.0,0.0,1.0,0.0,1.0,0.0,0.0,0.6521739130434783,0.5337014032666206,0.5285482239694418,0.45252705567332385,0.0,3.0,0.0
0.0,0.0,1.0,1.0,0.0,0.0,0.0,0.0,0.0,0.0,0.0,1.0,0.0,0.0,1.0,1.0,0.0,0.0,1.0,0.0,0.0,0.43478260869565216,-0.939498504715896,-0.9516288913559404,-0.12852839451076642,0.0,0.0,0.0
1.0,1.0,0.0,1.0,0.0,0.0,0.0,0.0,0.0,0.0,0.0,1.0,0.0,0.0,1.0,1.0,0.0,1.0,0.0,0.0,0.0,-0.41304347826086957,-0.9367379802162411,-0.9490018793039806,-0.11246234519692037,0.0,0.0,0.0
1.0,0.0,0.0,1.0,1.0,0.0,0.0,1.0,0.0,0.0,0.0,0.0,0.0,1.0,0.0,0.0,1.0,0.0,0.0,1.0,0.0,-0.13043478260869565,0.1932367149758454,0.23454168714986948,2.126073859198929,0.0,1.0,0.0
0.0,0.0,0.0,1.0,1.0,0.0,0.0,0.0,0.0,0.0,0.0,0.0,0.0,0.0,1.0,1.0,0.0,0.0,0.0,0.0,1.0,-0.6086956521739131,-0.9247757073844031,-0.9250212532279545,-0.042842798170255346,0.0,0.0,0.0
1.0,1.0,1.0,1.0,0.0,1.0,0.0,1.0,0.0,1.0,0.0,1.0,0.0,1.0,0.0,0.0,1.0,1.0,0.0,0.0,0.0,0.043478260869565216,0.5070163331032896,0.5298508172131404,0.4137007698315297,0.0,3.0,0.0
0.0,1.0,1.0,1.0,1.0,1.0,0.0,0.0,1.0,1.0,1.0,2.0,1.0,0.0,0.0,1.0,0.0,0.0,1.0,0.0,0.0,0.5869565217391305,0.038647342995168976,0.04311284835118365,-0.6565658819591654,1.0,4.0,0.0
0.0,1.0,0.0,1.0,1.0,0.0,1.0,1.0,1.0,1.0,1.0,2.0,1.0,0.0,0.0,1.0,0.0,0.0,1.0,0.0,0.0,0.9130434782608695,0.1877156659765356,0.17942562664065406,-0.7711703670645986,0.0,5.0,0.0
0.0,0.0,0.0,1.0,0.0,1.0,0.0,1.0,0.0,1.0,1.0,2.0,1.0,0.0,0.0,0.0,1.0,0.0,0.0,0.0,1.0,0.3695652173913043,0.16011042097998626,0.13850732918424155,-0.5151846479973222,0.0,4.0,0.0
1.0,0.0,0.0,1.0,1.0,0.0,1.0,0.0,0.0,0.0,0.0,0.0,0.0,1.0,0.0,1.0,0.0,0.0,0.0,1.0,0.0,-0.30434782608695654,0.0717736369910284,0.018951744109560693,1.7726207742943216,1.0,1.0,1.0
0.0,1.0,0.0,1.0,0.0,0.0,0.0,0.0,0.0,0.0,0.0,0.0,0.0,0.0,1.0,1.0,0.0,1.0,0.0,0.0,0.0,-0.5869565217391305,-0.9321371060501495,-0.8193594908240084,-0.08568559634051069,0.0,0.0,0.0
0.0,1.0,0.0,1.0,0.0,0.0,0.0,0.0,0.0,0.0,0.0,2.0,0.0,0.0,1.0,0.0,1.0,0.0,0.0,0.0,1.0,0.9130434782608695,-0.8585231193926846,-0.864367648771458,0.34274238536204427,0.0,0.0,0.0
1.0,1.0,1.0,1.0,0.0,0.0,0.0,0.0,0.0,0.0,0.0,2.0,0.0,0.0,1.0,1.0,0.0,0.0,0.0,0.0,1.0,0.2391304347826087,-0.9367379802162411,-0.9255036221432769,-0.11246234519692037,0.0,0.0,0.0
0.0,1.0,0.0,1.0,0.0,0.0,0.0,0.0,0.0,0.0,0.0,0.0,0.0,0.0,1.0,1.0,0.0,1.0,0.0,0.0,0.0,-0.45652173913043476,-0.9266160570508397,-0.9382289735284478,-0.05355349771281937,0.0,0.0,0.0
0.0,0.0,0.0,1.0,1.0,0.0,0.0,0.0,0.0,0.0,0.0,0.0,1.0,0.0,0.0,1.0,0.0,0.0,0.0,1.0,0.0,-0.3695652173913043,-0.4683689901081206,-0.49609575106352966,2.613410688385585,0.0,0.0,0.0
1.0,0.0,0.0,1.0,1.0,0.0,0.0,0.0,0.0,1.0,1.0,0.0,0.0,1.0,0.0,0.0,1.0,0.0,0.0,1.0,0.0,-0.5652173913043478,0.4481251437773176,0.7594416256755351,1.1746067165011713,1.0,2.0,1.0
1.0,0.0,0.0,1.0,1.0,0.0,0.0,0.0,0.0,1.0,1.0,0.0,0.0,1.0,0.0,0.0,1.0,0.0,0.0,1.0,0.0,-0.2391304347826087,0.4591672417759375,0.4920203825671897,1.1960281155862995,1.0,2.0,1.0
1.0,1.0,0.0,1.0,1.0,0.0,1.0,1.0,1.0,1.0,1.0,2.0,0.0,1.0,0.0,0.0,1.0,0.0,0.0,1.0,0.0,0.9347826086956522,0.6938118242466069,0.7039564393310475,-0.2802633046970877,0.0,5.0,0.0
0.0,1.0,0.0,1.0,1.0,1.0,1.0,1.0,1.0,1.0,1.0,2.0,1.0,0.0,0.0,0.0,1.0,0.0,1.0,0.0,0.0,0.8913043478260869,0.44720496894409933,0.503460146049544,-0.7612247174893609,0.0,6.0,0.0
0.0,0.0,0.0,1.0,0.0,0.0,0.0,1.0,1.0,1.0,1.0,2.0,1.0,0.0,0.0,1.0,0.0,0.0,0.0,0.0,1.0,0.391304347826087,0.07269381182424667,0.07531511013417852,-0.6169362936516789,0.0,4.0,0.0
0.0,0.0,0.0,1.0,1.0,1.0,1.0,0.0,0.0,0.0,0.0,0.0,1.0,0.0,0.0,0.0,1.0,1.0,0.0,0.0,0.0,0.0,-0.2199217851391765,-0.20791530712573056,-0.12138792814905719,1.0,2.0,1.0
1.0,1.0,1.0,1.0,0.0,0.0,0.0,0.0,0.0,0.0,0.0,2.0,0.0,0.0,1.0,1.0,0.0,0.0,0.0,1.0,0.0,0.9347826086956522,-0.9192546583850932,-0.9315166441776658,-0.010710699542563646,0.0,0.0,0.0
0.0,0.0,0.0,0.0,0.0,0.0,1.0,1.0,1.0,0.0,0.0,0.0,1.0,0.0,0.0,1.0,0.0,1.0,0.0,0.0,0.0,0.21739130434782608,-0.5410628019323671,-0.5446389085737483,-1.1112350775410018,0.0,3.0,0.0
0.0,1.0,1.0,1.0,0.0,0.0,0.0,0.0,0.0,0.0,0.0,0.0,0.0,0.0,1.0,1.0,0.0,0.0,0.0,0.0,1.0,-0.4782608695652174,-0.9210950080515298,-0.9013950206407367,-0.021421399085127673,0.0,0.0,0.0
0.0,1.0,0.0,1.0,0.0,1.0,1.0,0.0,0.0,1.0,0.0,1.0,0.0,1.0,0.0,0.0,1.0,0.0,0.0,0.0,1.0,0.9130434782608695,0.4628479411088108,0.4775561449826148,0.3494365725761467,0.0,3.0,0.0
0.0,0.0,0.0,1.0,0.0,0.0,0.0,0.0,0.0,1.0,1.0,1.0,0.0,1.0,0.0,1.0,0.0,0.0,1.0,0.0,0.0,0.4782608695652174,0.31377961812744415,0.31559016099590603,0.9139796942987841,0.0,2.0,0.0
0.0,1.0,1.0,1.0,0.0,1.0,0.0,1.0,0.0,1.0,1.0,1.0,0.0,1.0,0.0,1.0,0.0,0.0,0.0,1.0,0.0,0.5,0.5484242005981136,0.5561693622503732,-0.06319312730112685,0.0,4.0,0.0
0.0,0.0,0.0,1.0,0.0,0.0,1.0,0.0,0.0,1.0,1.0,1.0,0.0,1.0,0.0,1.0,0.0,0.0,1.0,0.0,0.0,0.3695652173913043,0.4554865424430642,0.4702333310754957,0.3387258730335827,1.0,3.0,1.0
1.0,1.0,1.0,1.0,1.0,0.0,1.0,1.0,0.0,1.0,0.0,0.0,0.0,1.0,0.0,0.0,1.0,0.0,0.0,1.0,0.0,0.1956521739130435,0.4444444444444446,0.4554968214209493,0.322659823719737,0.0,3.0,0.0
1.0,1.0,1.0,0.0,1.0,0.0,0.0,0.0,0.0,0.0,1.0,0.0,1.0,0.0,0.0,1.0,0.0,1.0,0.0,0.0,0.0,-0.41304347826086957,-0.661605705083966,-0.6308221547780105,-0.36148610956153077,1.0,1.0,1.0
0.0,1.0,0.0,1.0,1.0,1.0,1.0,1.0,1.0,1.0,1.0,2.0,0.0,1.0,0.0,0.0,1.0,1.0,0.0,0.0,0.0,0.9347826086956522,0.8125143777317692,0.8298700395290831,-0.4574998804609423,1.0,6.0,0.0
1.0,0.0,0.0,1.0,1.0,0.0,0.0,0.0,0.0,1.0,0.0,0.0,0.0,1.0,0.0,1.0,0.0,1.0,0.0,0.0,0.0,-0.21739130434782608,0.15090867264780314,0.14886010041251782,2.0029008144594447,0.0,1.0,0.0
0.0,1.0,0.0,1.0,1.0,0.0,0.0,0.0,1.0,1.0,0.0,0.0,0.0,1.0,0.0,1.0,0.0,0.0,0.0,0.0,1.0,-0.5652173913043478,0.2466068553025076,0.34077603377352195,0.7836661831975905,1.0,2.0,0.0
0.0,0.0,0.0,1.0,1.0,1.0,0.0,1.0,1.0,1.0,1.0,2.0,1.0,0.0,0.0,1.0,0.0,0.0,1.0,0.0,0.0,0.8695652173913043,0.2199217851391765,0.1823433117719907,-0.7399308267321207,0.0,5.0,0.0
0.0,0.0,0.0,1.0,0.0,0.0,0.0,0.0,0.0,0.0,0.0,2.0,0.0,0.0,1.0,1.0,0.0,0.0,0.0,0.0,1.0,0.5434782608695652,-0.927536231884058,-0.9298024054397916,-0.058908847484101,0.0,0.0,0.0
1.0,0.0,0.0,0.0,1.0,0.0,0.0,1.0,1.0,0.0,1.0,0.0,1.0,0.0,0.0,1.0,0.0,0.0,0.0,1.0,0.0,-0.3695652173913043,-0.4941338854382333,-0.4902001309873674,-1.0429543679571571,1.0,3.0,0.0
0.0,1.0,1.0,1.0,0.0,0.0,0.0,0.0,0.0,0.0,0.0,0.0,0.0,0.0,1.0,1.0,0.0,0.0,1.0,0.0,0.0,-0.45652173913043476,-0.9100529100529101,-0.9761293883037763,0.04284279817025573,0.0,0.0,0.0
1.0,1.0,0.0,1.0,1.0,1.0,1.0,0.0,0.0,0.0,1.0,0.0,0.0,1.0,0.0,1.0,0.0,0.0,0.0,1.0,0.0,-0.13043478260869565,0.3588681849551415,0.32002984274323243,0.19814794153743182,1.0,3.0,1.0
1.0,0.0,0.0,1.0,0.0,1.0,0.0,0.0,0.0,0.0,0.0,0.0,0.0,1.0,0.0,1.0,0.0,0.0,0.0,0.0,1.0,-0.4782608695652174,0.07085346215780988,0.10363866224996589,1.76994309940868,0.0,1.0,0.0
0.0,0.0,0.0,1.0,1.0,0.0,0.0,0.0,0.0,0.0,0.0,0.0,0.0,1.0,0.0,1.0,0.0,0.0,0.0,0.0,1.0,-0.5,-0.02300437083045779,-0.015717564598052746,5.205399977686043,0.0,0.0,0.0
1.0,0.0,0.0,1.0,0.0,0.0,0.0,0.0,0.0,0.0,0.0,1.0,0.0,0.0,1.0,1.0,0.0,1.0,0.0,0.0,0.0,0.34782608695652173,-0.9505406027145158,-0.9429684395377262,-0.19279259176614943,0.0,0.0,0.0
0.0,1.0,1.0,1.0,0.0,1.0,1.0,1.0,1.0,0.0,1.0,2.0,1.0,0.0,0.0,0.0,1.0,1.0,0.0,0.0,0.0,0.9347826086956522,0.19047619047619038,0.18946787956777458,-0.7684926921789579,0.0,5.0,0.0
0.0,0.0,0.0,1.0,1.0,0.0,0.0,0.0,0.0,0.0,0.0,0.0,0.0,0.0,1.0,1.0,0.0,0.0,0.0,0.0,1.0,-0.6086956521739131,-0.9229353577179664,-0.9231836573600598,-0.03213209862769132,0.0,0.0,0.0
0.0,1.0,1.0,1.0,0.0,0.0,0.0,0.0,0.0,0.0,0.0,2.0,0.0,0.0,1.0,0.0,1.0,0.0,0.0,0.0,1.0,-0.13043478260869565,-0.8585231193926846,-0.7972683926730132,0.34274238536204427,0.0,0.0,0.0
1.0,1.0,0.0,1.0,1.0,0.0,0.0,1.0,0.0,1.0,1.0,0.0,0.0,1.0,0.0,1.0,0.0,0.0,0.0,1.0,0.0,0.9347826086956522,0.4444444444444446,0.42493537230661677,0.322659823719737,0.0,3.0,0.0
0.0,1.0,1.0,1.0,1.0,1.0,0.0,0.0,0.0,1.0,1.0,2.0,1.0,0.0,0.0,0.0,1.0,0.0,0.0,1.0,0.0,0.8260869565217391,0.09201748332183116,0.13713658521918956,-0.1901149168805086,0.0,3.0,0.0
0.0,1.0,1.0,0.0,1.0,1.0,1.0,0.0,1.0,1.0,0.0,1.0,1.0,0.0,0.0,1.0,0.0,1.0,0.0,0.0,0.0,0.30434782608695654,-0.35426731078904994,-0.37765272592726934,-1.1139127524266428,0.0,4.0,0.0
1.0,0.0,0.0,1.0,1.0,0.0,0.0,0.0,0.0,0.0,0.0,0.0,1.0,0.0,0.0,1.0,0.0,0.0,0.0,1.0,0.0,-0.6086956521739131,-0.45732689210950084,-0.4582719027826968,2.6776748856409687,0.0,0.0,0.0
1.0,1.0,0.0,1.0,1.0,0.0,1.0,1.0,0.0,1.0,1.0,1.0,0.0,1.0,0.0,0.0,1.0,0.0,0.0,1.0,0.0,0.6739130434782609,0.6229583620887967,0.6444234376442247,0.0235635389936404,1.0,4.0,1.0
1.0,0.0,0.0,1.0,1.0,0.0,0.0,1.0,1.0,0.0,0.0,0.0,0.0,1.0,0.0,1.0,0.0,0.0,0.0,1.0,0.0,-0.5869565217391305,0.17207269381182413,0.10357303382611242,0.6390717393729777,0.0,2.0,0.0
0.0,0.0,0.0,1.0,0.0,0.0,0.0,1.0,0.0,0.0,0.0,0.0,0.0,1.0,0.0,1.0,0.0,0.0,0.0,1.0,0.0,-0.6086956521739131,0.09293765815504941,0.09116926171782314,1.8342072966640635,0.0,1.0,0.0
1.0,1.0,0.0,1.0,0.0,1.0,1.0,1.0,1.0,0.0,1.0,2.0,1.0,0.0,0.0,0.0,1.0,1.0,0.0,0.0,0.0,0.9347826086956522,0.15366919714745791,0.17374622603134177,-0.8041950239875042,0.0,5.0,0.0
0.0,1.0,1.0,1.0,0.0,1.0,0.0,0.0,0.0,1.0,0.0,0.0,0.0,1.0,0.0,0.0,1.0,0.0,0.0,1.0,0.0,0.06521739130434782,0.3515067862893949,0.3692204864786425,0.9871694745063035,0.0,2.0,0.0
0.0,0.0,0.0,1.0,0.0,1.0,1.0,1.0,1.0,1.0,1.0,2.0,1.0,0.0,0.0,0.0,1.0,0.0,0.0,1.0,0.0,0.6956521739130435,0.3524269611226134,0.30208610547298453,-0.8400248641239378,0.0,6.0,0.0
0.0,1.0,1.0,1.0,0.0,1.0,1.0,0.0,1.0,1.0,1.0,2.0,0.0,1.0,0.0,0.0,1.0,1.0,0.0,0.0,0.0,0.7608695652173914,0.732459167241776,0.7119608282764427,-0.24277585629811438,0.0,5.0,0.0
0.0,1.0,1.0,1.0,0.0,0.0,0.0,0.0,0.0,0.0,0.0,1.0,0.0,0.0,1.0,1.0,0.0,0.0,0.0,0.0,1.0,-0.32608695652173914,-0.9376581550494595,-0.9105829999802103,-0.1178176949682024,0.0,0.0,0.0
0.0,0.0,0.0,1.0,1.0,0.0,0.0,0.0,0.0,0.0,1.0,0.0,0.0,1.0,0.0,1.0,0.0,0.0,0.0,1.0,0.0,-0.34782608695652173,0.1840349666436623,0.13308058285865249,2.0992971103425195,0.0,1.0,0.0
1.0,1.0,0.0,1.0,1.0,0.0,0.0,0.0,0.0,0.0,0.0,1.0,0.0,0.0,1.0,1.0,0.0,1.0,0.0,0.0,0.0,-0.08695652173913043,-0.9118932597193466,-0.9331801788814071,0.0321320986276917,0.0,0.0,0.0
0.0,0.0,0.0,1.0,0.0,0.0,0.0,1.0,1.0,0.0,0.0,2.0,1.0,0.0,0.0,1.0,0.0,0.0,1.0,0.0,0.0,0.3695652173913043,-0.2972164711295146,-0.31436018291115936,-0.2713377217449513,0.0,2.0,0.0
1.0,0.0,0.0,1.0,1.0,0.0,0.0,0.0,0.0,0.0,0.0,0.0,1.0,0.0,0.0,1.0,0.0,0.0,0.0,1.0,0.0,-0.5434782608695652,-0.4527260179434093,-0.3794849799467108,2.7044516344973784,0.0,0.0,0.0
1.0,0.0,0.0,1.0,0.0,0.0,0.0,0.0,0.0,0.0,0.0,2.0,0.0,0.0,1.0,1.0,0.0,1.0,0.0,0.0,0.0,0.391304347826087,-0.9210950080515298,-0.9284423093649926,-0.021421399085127673,0.0,0.0,0.0
1.0,1.0,1.0,1.0,1.0,1.0,1.0,0.0,1.0,1.0,0.0,2.0,1.0,0.0,0.0,1.0,0.0,0.0,0.0,0.0,1.0,0.5217391304347826,-0.014722797331492931,-0.004021671401137898,-0.7186879393060357,0.0,4.0,0.0
1.0,1.0,0.0,1.0,1.0,0.0,0.0,1.0,0.0,1.0,1.0,0.0,1.0,0.0,0.0,1.0,0.0,0.0,0.0,0.0,1.0,-0.43478260869565216,-0.008281573498964856,-0.14475762998799283,-0.33604819814794146,0.0,3.0,0.0
0.0,1.0,1.0,1.0,1.0,1.0,1.0,1.0,0.0,1.0,1.0,1.0,0.0,1.0,0.0,0.0,1.0,0.0,1.0,0.0,0.0,0.8913043478260869,0.6928916494133887,0.7847435706851424,-0.28115586299230133,0.0,5.0,0.0
1.0,0.0,0.0,1.0,1.0,1.0,1.0,1.0,1.0,0.0,0.0,1.0,0.0,1.0,0.0,1.0,0.0,0.0,1.0,0.0,0.0,0.45652173913043476,0.360708534621578,0.3748756877620884,-0.28169139796942977,0.0,4.0,0.0
1.0,0.0,0.0,1.0,1.0,0.0,0.0,1.0,0.0,0.0,0.0,0.0,0.0,1.0,0.0,1.0,0.0,0.0,0.0,1.0,0.0,-0.43478260869565216,0.060731538992408504,0.14088643881030782,1.7404886756666296,0.0,1.0,0.0
0.0,1.0,0.0,1.0,0.0,0.0,0.0,0.0,0.0,0.0,0.0,2.0,0.0,0.0,1.0,1.0,0.0,1.0,0.0,0.0,0.0,0.8913043478260869,-0.9330572808833679,-0.9302321500819131,-0.0910409461117927,0.0,0.0,0.0
1.0,0.0,0.0,1.0,1.0,1.0,1.0,1.0,1.0,1.0,1.0,1.0,0.0,1.0,0.0,0.0,1.0,1.0,0.0,0.0,0.0,0.8260869565217391,0.880607315389924,0.8432945077667301,-0.4008861828788194,0.0,6.0,0.0
1.0,0.0,0.0,1.0,1.0,0.0,0.0,0.0,0.0,0.0,0.0,0.0,0.0,0.0,1.0,1.0,0.0,1.0,0.0,0.0,0.0,-0.6086956521739131,-0.9358178053830228,-0.9360468284353228,-0.10710699542563874,0.0,0.0,0.0
0.0,1.0,1.0,1.0,1.0,0.0,0.0,0.0,0.0,0.0,0.0,1.0,0.0,1.0,0.0,0.0,1.0,1.0,0.0,0.0,0.0,0.8043478260869565,0.06901311249137336,0.055795541260849915,5.740934954814237,0.0,0.0,0.0
0.0,1.0,1.0,1.0,0.0,0.0,0.0,0.0,0.0,0.0,0.0,2.0,0.0,0.0,1.0,1.0,0.0,0.0,1.0,0.0,0.0,0.6304347826086957,-0.9238555325511848,-0.92937762274236,-0.03748744839897333,0.0,0.0,0.0
0.0,1.0,1.0,0.0,1.0,1.0,0.0,1.0,1.0,1.0,0.0,2.0,1.0,0.0,0.0,1.0,0.0,1.0,0.0,0.0,0.0,-0.6304347826086957,-0.33034276512537386,-0.33147778789796145,-1.0860649336159767,0.0,4.0,0.0
0.0,0.0,0.0,1.0,0.0,0.0,0.0,0.0,0.0,0.0,0.0,0.0,0.0,1.0,0.0,1.0,0.0,0.0,0.0,1.0,0.0,-0.5869565217391305,-0.01564297216471119,0.036500784647955455,5.2482427758562995,0.0,0.0,0.0
0.0,0.0,0.0,1.0,1.0,0.0,0.0,0.0,0.0,0.0,0.0,2.0,0.0,0.0,1.0,1.0,0.0,0.0,0.0,0.0,1.0,0.2608695652173913,-0.9321371060501495,-0.9338954966875437,-0.08568559634051069,0.0,0.0,0.0
0.0,0.0,0.0,1.0,1.0,0.0,0.0,0.0,0.0,1.0,0.0,0.0,0.0,1.0,0.0,1.0,0.0,0.0,0.0,1.0,0.0,-0.5434782608695652,0.15366919714745791,0.04798575882229743,2.010933839116367,1.0,1.0,1.0
1.0,0.0,0.0,1.0,0.0,0.0,0.0,0.0,0.0,0.0,0.0,1.0,0.0,0.0,1.0,1.0,0.0,1.0,0.0,0.0,0.0,-0.13043478260869565,-0.9266160570508397,-0.9730783799470272,-0.05355349771281937,0.0,0.0,0.0
1.0,1.0,0.0,1.0,0.0,0.0,1.0,0.0,0.0,0.0,1.0,1.0,1.0,0.0,0.0,0.0,1.0,1.0,0.0,0.0,0.0,0.6956521739130435,-0.11870255348516223,-0.12149480433795953,0.07497489679794704,1.0,2.0,1.0
0.0,0.0,1.0,1.0,0.0,0.0,0.0,0.0,0.0,0.0,0.0,0.0,0.0,0.0,1.0,1.0,0.0,0.0,0.0,0.0,1.0,-0.45652173913043476,-0.9284564067172764,-0.921346061492165,-0.06426419725538302,0.0,0.0,0.0
1.0,0.0,1.0,1.0,1.0,0.0,1.0,0.0,0.0,0.0,0.0,0.0,0.0,1.0,0.0,1.0,0.0,0.0,0.0,1.0,0.0,-0.6086956521739131,0.08925695882217612,0.08749406998203366,1.8234965971214994,0.0,1.0,0.0
0.0,0.0,0.0,1.0,0.0,0.0,0.0,0.0,0.0,0.0,0.0,2.0,0.0,0.0,1.0,0.0,1.0,0.0,0.0,0.0,1.0,-0.15217391304347827,-0.8143547273982057,-0.7910438090414489,0.5997991743835771,0.0,0.0,0.0
1.0,0.0,0.0,1.0,1.0,1.0,0.0,0.0,0.0,0.0,0.0,0.0,1.0,0.0,0.0,1.0,0.0,0.0,0.0,1.0,0.0,-0.5869565217391305,-0.4177593742811135,-0.4477057265423021,0.3480977351333259,0.0,1.0,0.0
0.0,1.0,0.0,1.0,1.0,0.0,0.0,1.0,0.0,0.0,0.0,0.0,0.0,1.0,0.0,0.0,1.0,0.0,0.0,1.0,0.0,0.5652173913043478,0.13342535081665516,0.19237067778787928,1.9520249916322663,0.0,1.0,0.0
1.0,1.0,1.0,1.0,0.0,0.0,0.0,0.0,0.0,0.0,0.0,0.0,0.0,1.0,0.0,0.0,1.0,1.0,0.0,0.0,0.0,0.6739130434782609,0.07085346215780988,0.06675986327262168,5.7516456543568,0.0,0.0,0.0
0.0,1.0,1.0,1.0,1.0,1.0,0.0,0.0,1.0,1.0,0.0,1.0,0.0,1.0,0.0,0.0,1.0,0.0,0.0,0.0,1.0,0.4782608695652174,0.45364619277662765,0.5044481755364976,0.33604819814794185,0.0,3.0,0.0
0.0,0.0,0.0,1.0,1.0,0.0,0.0,0.0,0.0,1.0,0.0,0.0,0.0,1.0,0.0,1.0,0.0,0.0,0.0,0.0,1.0,-0.4782608695652174,0.180354267310789,0.08552521726643236,2.0885864107999557,0.0,1.0,0.0
0.0,0.0,0.0,1.0,1.0,0.0,0.0,0.0,0.0,0.0,0.0,0.0,0.0,1.0,0.0,1.0,0.0,0.0,0.0,1.0,0.0,-0.5869565217391305,-0.016563146997929712,-0.08753693643493785,5.242887426085016,1.0,0.0,1.0
0.0,0.0,0.0,1.0,0.0,0.0,1.0,0.0,1.0,0.0,0.0,0.0,0.0,1.0,0.0,0.0,1.0,0.0,1.0,0.0,0.0,0.13043478260869565,0.27237175063262015,0.23463299626131784,0.8336494477295551,0.0,2.0,0.0
0.0,0.0,0.0,1.0,0.0,1.0,1.0,1.0,1.0,1.0,1.0,2.0,1.0,0.0,0.0,0.0,1.0,0.0,1.0,0.0,0.0,0.8913043478260869,0.35426731078904994,0.37434278496039874,-0.838494764189286,0.0,6.0,0.0
1.0,0.0,0.0,1.0,1.0,0.0,0.0,0.0,0.0,1.0,1.0,0.0,0.0,1.0,0.0,1.0,0.0,0.0,0.0,1.0,0.0,-0.6086956521739131,0.3450655624568668,0.34291989561939923,0.9746736583733127,0.0,2.0,0.0
0.0,1.0,1.0,1.0,1.0,0.0,0.0,0.0,0.0,0.0,0.0,2.0,0.0,0.0,1.0,0.0,1.0,0.0,0.0,0.0,1.0,0.021739130434782608,-0.8355187485622269,-0.8135098106445436,0.47662612964409273,0.0,0.0,0.0
0.0,0.0,0.0,1.0,1.0,1.0,0.0,0.0,0.0,0.0,0.0,0.0,1.0,0.0,0.0,1.0,0.0,0.0,0.0,1.0,0.0,-0.45652173913043476,-0.3800322061191626,-0.45746795459049283,0.45788240544460584,0.0,1.0,0.0
1.0,0.0,0.0,1.0,1.0,0.0,0.0,0.0,0.0,0.0,0.0,0.0,0.0,1.0,0.0,1.0,0.0,0.0,0.0,0.0,1.0,-0.5217391304347826,-0.004600874166091558,-0.0773382793681223,5.312506973111682,1.0,0.0,1.0
0.0,0.0,0.0,1.0,0.0,0.0,1.0,0.0,1.0,1.0,0.0,0.0,1.0,0.0,0.0,1.0,0.0,0.0,0.0,0.0,1.0,-0.43478260869565216,-0.07821486082355648,-0.030112065563228246,-0.4377998438022982,0.0,3.0,0.0
1.0,0.0,0.0,1.0,1.0,0.0,1.0,0.0,0.0,0.0,0.0,0.0,0.0,1.0,0.0,1.0,0.0,0.0,0.0,1.0,0.0,-0.391304347826087,0.07453416149068318,0.08064484901988085,1.780653798951244,0.0,1.0,0.0
1.0,1.0,1.0,0.0,0.0,0.0,1.0,1.0,1.0,0.0,0.0,2.0,1.0,0.0,0.0,1.0,0.0,1.0,0.0,0.0,0.0,0.7391304347826086,-0.573268921095008,-0.59854172069866,-1.1580943880397188,0.0,3.0,0.0
1.0,1.0,1.0,1.0,1.0,0.0,0.0,0.0,0.0,0.0,0.0,2.0,0.0,0.0,1.0,0.0,1.0,0.0,0.0,0.0,1.0,0.21739130434782608,-0.859443294225903,-0.8712833535527258,0.3373870355907623,0.0,0.0,0.0
0.0,1.0,1.0,1.0,0.0,1.0,0.0,1.0,0.0,1.0,0.0,0.0,0.0,1.0,0.0,0.0,1.0,0.0,0.0,1.0,0.0,-0.2608695652173913,0.439843570278353,0.4401503358059462,0.3159656365056346,0.0,3.0,0.0
0.0,0.0,0.0,1.0,1.0,0.0,1.0,0.0,0.0,0.0,0.0,1.0,1.0,0.0,0.0,0.0,1.0,0.0,0.0,0.0,1.0,-0.32608695652173914,-0.29905682079595125,-0.28225647000792414,0.693517795381011,0.0,1.0,0.0
0.0,1.0,0.0,1.0,0.0,1.0,1.0,0.0,1.0,0.0,1.0,1.0,0.0,1.0,0.0,1.0,0.0,1.0,0.0,0.0,0.0,0.6956521739130435,0.4269611226132966,0.46837346925624407,-0.20457436126296963,0.0,4.0,0.0
0.0,1.0,1.0,1.0,1.0,1.0,1.0,1.0,1.0,1.0,1.0,2.0,0.0,1.0,0.0,0.0,1.0,1.0,0.0,0.0,0.0,0.9347826086956522,0.8299976995629169,0.8008896213624933,-0.44296393108174886,0.0,6.0,0.0
1.0,1.0,0.0,1.0,0.0,0.0,0.0,0.0,0.0,0.0,1.0,1.0,1.0,0.0,0.0,1.0,0.0,0.0,0.0,1.0,0.0,0.2391304347826087,-0.2705314009661836,-0.24818875518563335,0.7765257168358809,1.0,1.0,1.0
0.0,1.0,1.0,1.0,1.0,0.0,0.0,0.0,0.0,0.0,0.0,0.0,0.0,0.0,1.0,1.0,0.0,0.0,1.0,0.0,0.0,-0.6086956521739131,-0.9266160570508397,-0.9268588490958493,-0.05355349771281937,0.0,0.0,0.0
0.0,0.0,0.0,0.0,0.0,1.0,1.0,0.0,1.0,0.0,0.0,1.0,1.0,0.0,0.0,1.0,0.0,0.0,1.0,0.0,0.0,0.391304347826087,-0.5677478720956982,-0.593902116947096,-1.1500613633827959,0.0,3.0,0.0
1.0,1.0,1.0,1.0,0.0,0.0,0.0,0.0,0.0,1.0,0.0,0.0,0.0,1.0,0.0,1.0,0.0,0.0,0.0,1.0,0.0,0.10869565217391304,0.14354727398205655,0.08879119647701829,1.9814794153743167,0.0,1.0,0.0
0.0,0.0,0.0,0.0,1.0,1.0,1.0,0.0,1.0,0.0,0.0,1.0,1.0,0.0,0.0,1.0,0.0,0.0,0.0,0.0,1.0,-0.2391304347826087,-0.5576259489302967,-0.5703142063946107,-1.1353341515117705,0.0,3.0,0.0
0.0,0.0,0.0,1.0,1.0,0.0,0.0,0.0,0.0,0.0,0.0,2.0,0.0,0.0,1.0,1.0,0.0,1.0,0.0,0.0,0.0,-0.043478260869565216,-0.9247757073844031,-0.930840306809621,-0.042842798170255346,0.0,0.0,0.0
0.0,1.0,1.0,1.0,0.0,0.0,0.0,0.0,0.0,0.0,0.0,2.0,0.0,0.0,1.0,1.0,0.0,1.0,0.0,0.0,0.0,0.3695652173913043,-0.9247757073844031,-0.9414597466983605,-0.042842798170255346,0.0,0.0,0.0
1.0,1.0,1.0,1.0,0.0,1.0,1.0,0.0,1.0,0.0,1.0,2.0,0.0,1.0,0.0,1.0,0.0,1.0,0.0,0.0,0.0,0.8478260869565217,0.45272601794340916,0.5089520869774158,-0.17458440254379104,0.0,4.0,0.0
0.0,0.0,0.0,1.0,0.0,0.0,0.0,0.0,0.0,0.0,0.0,0.0,0.0,0.0,1.0,1.0,0.0,0.0,0.0,0.0,1.0,-0.5652173913043478,-0.9321371060501495,-0.9066452945490073,-0.08568559634051069,0.0,0.0,0.0
1.0,0.0,0.0,1.0,1.0,0.0,0.0,0.0,0.0,1.0,1.0,0.0,0.0,1.0,0.0,0.0,1.0,0.0,1.0,0.0,0.0,-0.15217391304347827,0.4444444444444446,0.46073484887692195,1.1674662501394626,0.0,2.0,0.0
1.0,1.0,0.0,1.0,1.0,0.0,1.0,0.0,0.0,1.0,1.0,0.0,0.0,1.0,0.0,0.0,1.0,0.0,0.0,1.0,0.0,0.15217391304347827,0.478490913273522,0.4567997950992079,0.3721968091040948,1.0,3.0,1.0
1.0,1.0,1.0,0.0,1.0,0.0,1.0,1.0,1.0,1.0,1.0,1.0,1.0,0.0,0.0,1.0,0.0,0.0,1.0,0.0,0.0,-0.021739130434782608,-0.1932367149758454,-0.19323151305081074,-1.1406895012830525,0.0,5.0,0.0
0.0,0.0,0.0,1.0,1.0,0.0,0.0,0.0,0.0,0.0,0.0,1.0,0.0,0.0,1.0,1.0,0.0,1.0,0.0,0.0,0.0,0.4782608695652174,-0.9321371060501495,-0.9379204555947448,-0.08568559634051069,0.0,0.0,0.0
0.0,0.0,0.0,1.0,1.0,0.0,0.0,0.0,1.0,1.0,1.0,0.0,0.0,1.0,0.0,0.0,1.0,0.0,0.0,0.0,1.0,-0.5434782608695652,0.558546123763515,0.5370159591657786,0.48867566662947676,0.0,3.0,0.0
1.0,0.0,0.0,1.0,1.0,0.0,0.0,1.0,1.0,1.0,1.0,0.0,0.0,1.0,0.0,1.0,0.0,0.0,0.0,1.0,0.0,-0.06521739130434782,0.5180584311019095,0.4959350900037093,-0.09853843579158744,0.0,4.0,0.0
1.0,1.0,1.0,1.0,1.0,0.0,1.0,1.0,0.0,1.0,0.0,0.0,0.0,1.0,0.0,0.0,1.0,0.0,0.0,1.0,0.0,0.17391304347826086,0.4131585001150219,0.3990410667199672,0.2771393506638405,0.0,3.0,0.0
0.0,0.0,0.0,1.0,1.0,0.0,0.0,0.0,0.0,0.0,0.0,0.0,1.0,0.0,0.0,1.0,0.0,0.0,1.0,0.0,0.0,-0.6086956521739131,-0.47757073844030373,-0.4784854573295387,2.5598571906727656,0.0,0.0,0.0
0.0,0.0,0.0,1.0,0.0,0.0,0.0,0.0,0.0,0.0,0.0,0.0,0.0,0.0,1.0,1.0,0.0,0.0,1.0,0.0,0.0,-0.5217391304347826,-0.9321371060501495,-0.9000299494245864,-0.08568559634051069,0.0,0.0,0.0
1.0,0.0,0.0,1.0,1.0,1.0,0.0,0.0,0.0,1.0,1.0,0.0,0.0,1.0,0.0,0.0,1.0,1.0,0.0,0.0,0.0,-0.15217391304347827,0.5677478720956981,0.6382716678410224,0.5020640410576817,0.0,3.0,0.0
1.0,1.0,1.0,1.0,1.0,0.0,0.0,0.0,0.0,0.0,0.0,1.0,0.0,0.0,1.0,0.0,1.0,0.0,0.0,0.0,1.0,0.5869565217391305,-0.8474810213940649,-0.8273497514281577,0.4070065826174273,0.0,0.0,0.0
1.0,0.0,0.0,1.0,0.0,0.0,0.0,0.0,0.0,0.0,0.0,1.0,0.0,0.0,1.0,1.0,0.0,1.0,0.0,0.0,0.0,0.13043478260869565,-0.9183344835518749,-0.90126376379303,-0.005355349771281633,0.0,0.0,0.0
1.0,0.0,0.0,1.0,1.0,1.0,0.0,0.0,0.0,0.0,0.0,0.0,0.0,1.0,0.0,1.0,0.0,0.0,0.0,1.0,0.0,-0.391304347826087,0.05521048999309869,0.02551697298303938,1.724422626352784,0.0,1.0,0.0
0.0,0.0,0.0,1.0,0.0,0.0,1.0,0.0,0.0,0.0,0.0,0.0,1.0,0.0,0.0,0.0,1.0,0.0,0.0,1.0,0.0,0.8260869565217391,-0.2870945479641132,-0.2753488335151773,0.7283275688943436,1.0,1.0,1.0
1.0,1.0,1.0,1.0,0.0,0.0,1.0,1.0,1.0,0.0,0.0,0.0,1.0,0.0,0.0,1.0,0.0,1.0,0.0,0.0,0.0,-0.34782608695652173,-0.16011042097998626,-0.2368416007013835,-0.5569563762133214,0.0,3.0,0.0
1.0,0.0,0.0,0.0,0.0,0.0,1.0,0.0,1.0,0.0,0.0,1.0,1.0,0.0,0.0,1.0,0.0,0.0,1.0,0.0,0.0,0.2391304347826087,-0.6349206349206349,-0.6618315850487339,-0.926475510431775,0.0,2.0,0.0
1.0,0.0,0.0,1.0,0.0,0.0,0.0,0.0,0.0,0.0,0.0,0.0,1.0,0.0,0.0,1.0,0.0,0.0,0.0,1.0,0.0,-0.6086956521739131,-0.4453646192776628,-0.44632752964138117,2.7472944326676334,1.0,0.0,1.0
0.0,1.0,1.0,0.0,0.0,1.0,1.0,1.0,1.0,0.0,0.0,2.0,1.0,0.0,0.0,1.0,0.0,1.0,0.0,0.0,0.0,0.8695652173913043,-0.44628479411088107,-0.4658486567597409,-1.2210197478522815,0.0,4.0,0.0
1.0,0.0,0.0,0.0,1.0,0.0,0.0,0.0,1.0,0.0,0.0,0.0,1.0,0.0,0.0,1.0,0.0,0.0,0.0,1.0,0.0,-0.30434782608695654,-0.7508626639061421,-0.760250157073395,-0.6212205734687046,0.0,1.0,0.0
1.0,0.0,0.0,1.0,0.0,0.0,0.0,0.0,0.0,0.0,0.0,0.0,0.0,0.0,1.0,1.0,0.0,0.0,0.0,0.0,1.0,-0.391304347826087,-0.9229353577179664,-0.9375503159636004,-0.03213209862769132,0.0,0.0,0.0
0.0,0.0,0.0,1.0,0.0,0.0,0.0,0.0,0.0,0.0,0.0,0.0,0.0,0.0,1.0,1.0,0.0,0.0,0.0,0.0,1.0,-0.5869565217391305,-0.927536231884058,-0.931452838765586,-0.058908847484101,0.0,0.0,0.0
1.0,1.0,1.0,1.0,0.0,0.0,0.0,0.0,0.0,0.0,0.0,0.0,0.0,0.0,1.0,1.0,0.0,0.0,0.0,0.0,1.0,-0.5869565217391305,-0.9238555325511848,-0.9273182480628229,-0.03748744839897333,0.0,0.0,0.0
0.0,1.0,0.0,1.0,0.0,0.0,0.0,1.0,0.0,1.0,1.0,0.0,0.0,1.0,0.0,0.0,1.0,1.0,0.0,0.0,0.0,0.13043478260869565,0.5806303197607545,0.5155489017233371,0.5208077652571684,1.0,3.0,1.0
0.0,1.0,1.0,1.0,1.0,1.0,1.0,1.0,1.0,1.0,1.0,2.0,1.0,0.0,0.0,1.0,0.0,0.0,1.0,0.0,0.0,0.8478260869565217,0.2668507016333103,0.21827414649198199,-0.9111745110852552,0.0,6.0,0.0
1.0,1.0,0.0,1.0,0.0,1.0,0.0,1.0,1.0,0.0,1.0,2.0,1.0,0.0,0.0,0.0,1.0,0.0,1.0,0.0,0.0,0.8913043478260869,0.1251437773176903,0.14621838364604053,-0.5558853062590651,0.0,4.0,0.0
1.0,0.0,0.0,0.0,0.0,0.0,1.0,0.0,0.0,0.0,0.0,1.0,1.0,0.0,0.0,1.0,0.0,0.0,0.0,0.0,1.0,0.5,-0.7435012652403956,-0.7234511218727342,-0.5997991743835768,0.0,1.0,0.0
1.0,1.0,0.0,1.0,1.0,0.0,0.0,0.0,0.0,1.0,0.0,0.0,0.0,1.0,0.0,0.0,1.0,0.0,1.0,0.0,0.0,-0.2826086956521739,0.2677708764665286,0.3005977657869492,2.3429655249358476,1.0,1.0,1.0
1.0,0.0,0.0,1.0,0.0,0.0,0.0,0.0,0.0,0.0,0.0,1.0,0.0,0.0,1.0,1.0,0.0,0.0,0.0,0.0,1.0,-0.5,-0.945019553715206,-0.9161395398664633,-0.16066049313845812,0.0,0.0,0.0
0.0,0.0,0.0,1.0,1.0,0.0,0.0,0.0,0.0,1.0,0.0,0.0,0.0,1.0,0.0,0.0,1.0,0.0,0.0,1.0,0.0,-0.2826086956521739,0.26224982746721875,0.2535093716721471,2.326899475622002,1.0,1.0,1.0
0.0,1.0,1.0,1.0,0.0,1.0,0.0,1.0,1.0,1.0,1.0,2.0,0.0,1.0,0.0,0.0,1.0,0.0,1.0,0.0,0.0,0.8478260869565217,0.759144237405107,0.7326793838935979,-0.2168916657369183,0.0,5.0,0.0
1.0,0.0,0.0,1.0,1.0,0.0,0.0,0.0,1.0,1.0,1.0,0.0,0.0,1.0,0.0,0.0,1.0,0.0,0.0,0.0,1.0,-0.3695652173913043,0.5419829767655855,0.43747951632148113,0.46457659265870827,0.0,3.0,0.0
1.0,1.0,0.0,1.0,1.0,1.0,1.0,0.0,0.0,0.0,1.0,0.0,0.0,1.0,0.0,0.0,1.0,0.0,1.0,0.0,0.0,0.45652173913043476,0.439843570278353,0.5091855697465131,0.3159656365056346,0.0,3.0,0.0
1.0,1.0,1.0,1.0,0.0,0.0,0.0,0.0,0.0,0.0,0.0,2.0,0.0,0.0,1.0,1.0,0.0,0.0,1.0,0.0,0.0,0.6956521739130435,-0.9192546583850932,-0.9037232158738304,-0.010710699542563646,0.0,0.0,0.0
1.0,0.0,0.0,1.0,0.0,0.0,1.0,0.0,0.0,0.0,0.0,0.0,1.0,0.0,0.0,1.0,0.0,0.0,0.0,0.0,1.0,-0.5434782608695652,-0.3910743041177824,-0.3395172698200008,0.42575030681691417,0.0,1.0,0.0
1.0,1.0,0.0,1.0,1.0,0.0,0.0,0.0,0.0,1.0,1.0,0.0,0.0,1.0,0.0,0.0,1.0,0.0,0.0,1.0,0.0,-0.34782608695652173,0.4554865424430642,0.4466733853913007,1.1888876492245901,1.0,2.0,1.0
0.0,0.0,0.0,1.0,1.0,1.0,1.0,0.0,0.0,0.0,1.0,0.0,0.0,1.0,0.0,0.0,1.0,0.0,0.0,1.0,0.0,-0.21739130434782608,0.45364619277662765,0.43334895543421836,0.33604819814794185,0.0,3.0,0.0
0.0,1.0,0.0,1.0,1.0,0.0,1.0,0.0,0.0,1.0,1.0,0.0,1.0,0.0,0.0,1.0,0.0,0.0,1.0,0.0,0.0,0.3695652173913043,-0.025764895330112825,-0.03159013180479565,-0.36148610956153077,0.0,3.0,0.0
0.0,1.0,1.0,1.0,0.0,1.0,1.0,1.0,1.0,0.0,1.0,0.0,1.0,0.0,0.0,1.0,0.0,1.0,0.0,0.0,0.0,0.06521739130434782,0.10674028065332408,0.08344561658557827,-0.8497154970434005,0.0,5.0,0.0
1.0,1.0,0.0,0.0,1.0,1.0,0.0,0.0,0.0,1.0,0.0,0.0,1.0,0.0,0.0,1.0,0.0,1.0,0.0,0.0,0.0,0.2826086956521739,-0.5585461237635151,-0.5857004257646815,-0.7783108334263081,0.0,2.0,0.0
1.0,0.0,0.0,0.0,1.0,0.0,0.0,0.0,1.0,0.0,1.0,0.0,1.0,0.0,0.0,1.0,0.0,0.0,0.0,1.0,0.0,-0.5434782608695652,-0.5603864734299517,-0.5508407946278931,-0.7818810666071627,0.0,2.0,0.0
0.0,1.0,1.0,1.0,1.0,1.0,1.0,1.0,1.0,1.0,1.0,2.0,1.0,0.0,0.0,0.0,1.0,1.0,0.0,0.0,0.0,0.8913043478260869,0.34046468829077525,0.3549167714997976,-0.849970513699176,0.0,6.0,0.0
1.0,0.0,0.0,1.0,0.0,0.0,1.0,0.0,1.0,0.0,0.0,2.0,1.0,0.0,0.0,0.0,1.0,1.0,0.0,0.0,0.0,0.391304347826087,-0.20059811364159189,-0.2203814334591777,-0.08390047975008348,1.0,2.0,0.0
1.0,1.0,0.0,1.0,0.0,1.0,1.0,1.0,0.0,0.0,0.0,1.0,0.0,1.0,0.0,0.0,1.0,1.0,0.0,0.0,0.0,0.7608695652173914,0.3487462617897401,0.3373640393625612,0.18342072966640657,0.0,3.0,0.0
0.0,0.0,0.0,1.0,1.0,0.0,0.0,0.0,0.0,0.0,0.0,0.0,0.0,0.0,1.0,1.0,0.0,1.0,0.0,0.0,0.0,-0.6086956521739131,-0.9431792040487693,-0.9433972119069017,-0.14994979359589408,0.0,0.0,0.0
1.0,1.0,1.0,1.0,0.0,1.0,0.0,1.0,1.0,1.0,1.0,2.0,0.0,1.0,0.0,0.0,1.0,1.0,0.0,0.0,0.0,0.782608695652174,0.7020933977455718,0.6642730068556949,-0.27223028004016486,0.0,5.0,0.0
0.0,1.0,1.0,0.0,0.0,0.0,1.0,1.0,1.0,1.0,0.0,2.0,1.0,0.0,0.0,1.0,0.0,0.0,1.0,0.0,0.0,0.6956521739130435,-0.3524269611226133,-0.3197744109360417,-1.1117706125181301,0.0,4.0,0.0
0.0,0.0,1.0,1.0,1.0,1.0,0.0,0.0,0.0,0.0,1.0,0.0,1.0,0.0,0.0,1.0,0.0,0.0,1.0,0.0,0.0,-0.5869565217391305,-0.1711525189786059,-0.13990841866993728,-0.026776748856409304,0.0,2.0,0.0
1.0,1.0,0.0,1.0,1.0,0.0,0.0,0.0,0.0,0.0,0.0,0.0,0.0,1.0,0.0,1.0,0.0,0.0,0.0,1.0,0.0,-0.17391304347826086,-0.025764895330112825,-0.006660842106285852,5.189333928372196,1.0,0.0,1.0
0.0,0.0,0.0,1.0,1.0,0.0,0.0,1.0,0.0,0.0,1.0,0.0,0.0,1.0,0.0,1.0,0.0,0.0,0.0,0.0,1.0,-0.5869565217391305,0.28893489763054986,0.34475749148729384,0.8657815463572468,0.0,2.0,0.0
1.0,1.0,1.0,1.0,1.0,0.0,1.0,0.0,0.0,1.0,0.0,0.0,0.0,1.0,0.0,1.0,0.0,0.0,0.0,0.0,1.0,0.21739130434782608,0.2907752472969864,0.24173432827827343,0.8693517795381012,0.0,2.0,0.0
0.0,1.0,0.0,1.0,1.0,1.0,0.0,1.0,1.0,0.0,1.0,1.0,0.0,1.0,0.0,0.0,1.0,0.0,0.0,1.0,0.0,0.17391304347826086,0.5281803542673108,0.5675784066578248,-0.08675666629476725,0.0,4.0,0.0
0.0,1.0,1.0,1.0,1.0,0.0,0.0,1.0,0.0,1.0,1.0,0.0,0.0,1.0,0.0,1.0,0.0,0.0,0.0,1.0,0.0,-0.45652173913043476,0.43616287094547973,0.4883196686665685,0.3106102867343526,0.0,3.0,0.0
1.0,1.0,0.0,1.0,1.0,0.0,1.0,1.0,1.0,1.0,1.0,2.0,0.0,1.0,0.0,0.0,1.0,0.0,0.0,1.0,0.0,0.5434782608695652,0.735219691741431,0.7710967476154225,-0.2400981814124732,1.0,5.0,0.0
0.0,1.0,0.0,1.0,0.0,1.0,1.0,1.0,1.0,0.0,0.0,1.0,0.0,1.0,0.0,0.0,1.0,0.0,0.0,1.0,0.0,0.5869565217391305,0.4628479411088108,0.4983772246220998,-0.16280263304697046,1.0,4.0,0.0
1.0,1.0,1.0,1.0,0.0,0.0,1.0,1.0,0.0,1.0,0.0,1.0,0.0,1.0,0.0,1.0,0.0,0.0,0.0,1.0,0.0,0.6739130434782609,0.3763515067862895,0.37305646785287255,0.2235858529510211,0.0,3.0,0.0
1.0,1.0,1.0,1.0,1.0,0.0,1.0,1.0,1.0,0.0,1.0,1.0,1.0,0.0,0.0,0.0,1.0,1.0,0.0,0.0,0.0,0.8478260869565217,0.09753853232114097,0.13347450188236978,-0.5880174048867566,0.0,4.0,0.0
0.0,0.0,0.0,1.0,1.0,0.0,0.0,0.0,0.0,0.0,1.0,0.0,1.0,0.0,0.0,1.0,0.0,0.0,0.0,0.0,1.0,-0.6086956521739131,-0.2898550724637681,-0.29105067880427765,0.7202945442374207,0.0,1.0,0.0
1.0,1.0,0.0,1.0,0.0,1.0,1.0,0.0,1.0,0.0,1.0,1.0,1.0,0.0,0.0,1.0,0.0,0.0,0.0,0.0,1.0,0.06521739130434782,0.0,-0.032782322058762546,-0.7015508200379337,0.0,4.0,0.0
1.0,1.0,1.0,1.0,0.0,1.0,1.0,1.0,1.0,1.0,1.0,2.0,0.0,1.0,0.0,1.0,0.0,0.0,1.0,0.0,0.0,0.9130434782608695,0.7140556705774097,0.7171941751352512,-0.5393602269648236,0.0,6.0,0.0
0.0,1.0,1.0,1.0,1.0,0.0,0.0,0.0,0.0,0.0,1.0,0.0,0.0,1.0,0.0,0.0,1.0,1.0,0.0,0.0,0.0,-0.5652173913043478,0.26224982746721875,0.3251564688964172,2.326899475622002,0.0,1.0,0.0
1.0,1.0,0.0,1.0,1.0,1.0,1.0,1.0,1.0,1.0,1.0,2.0,0.0,1.0,0.0,0.0,1.0,1.0,0.0,0.0,0.0,0.9130434782608695,0.8391994478951,0.8537715468941298,-0.43531343140848877,0.0,6.0,0.0
1.0,1.0,1.0,1.0,0.0,0.0,0.0,0.0,0.0,0.0,0.0,0.0,0.0,0.0,1.0,1.0,0.0,0.0,0.0,1.0,0.0,-0.6086956521739131,-0.9339774557165862,-0.9342092325674282,-0.09639629588307472,0.0,0.0,0.0
1.0,1.0,0.0,1.0,1.0,0.0,0.0,0.0,0.0,1.0,1.0,0.0,0.0,1.0,0.0,1.0,0.0,0.0,0.0,0.0,1.0,-0.1956521739130435,0.34046468829077525,0.37549128237783297,0.9657480754211762,0.0,2.0,0.0
0.0,0.0,1.0,0.0,1.0,0.0,0.0,0.0,0.0,0.0,1.0,0.0,1.0,0.0,0.0,1.0,0.0,0.0,0.0,1.0,0.0,-0.2391304347826087,-0.6533241315850011,-0.7325841303956468,-0.3373870355907619,0.0,1.0,0.0
1.0,0.0,0.0,1.0,0.0,1.0,0.0,1.0,0.0,0.0,1.0,0.0,1.0,0.0,0.0,1.0,0.0,0.0,1.0,0.0,0.0,-0.1956521739130435,-0.1122613296526339,-0.01210362605785996,-0.487336829186656,0.0,3.0,0.0
0.0,0.0,0.0,1.0,1.0,0.0,0.0,0.0,0.0,0.0,0.0,0.0,0.0,1.0,0.0,1.0,0.0,0.0,0.0,1.0,0.0,-0.5869565217391305,0.0036806993328732983,0.09622265035453371,5.360705121053219,0.0,0.0,0.0
0.0,1.0,1.0,1.0,1.0,0.0,1.0,1.0,0.0,1.0,0.0,0.0,0.0,1.0,0.0,0.0,1.0,0.0,1.0,0.0,0.0,0.2391304347826087,0.4757303887738669,0.501596298812108,0.3681802967756332,0.0,3.0,0.0
0.0,0.0,0.0,1.0,0.0,0.0,0.0,0.0,0.0,0.0,0.0,1.0,0.0,0.0,1.0,1.0,0.0,0.0,0.0,0.0,1.0,0.13043478260869565,-0.9155739590522199,-0.9293789805718191,0.010710699542564027,0.0,0.0,0.0
0.0,1.0,1.0,1.0,0.0,1.0,1.0,0.0,0.0,0.0,1.0,1.0,1.0,0.0,0.0,0.0,1.0,1.0,0.0,0.0,0.0,0.5869565217391305,-0.032206119162640906,-0.04514097462565276,-0.370857971661274,0.0,3.0,0.0
1.0,0.0,0.0,1.0,1.0,1.0,0.0,0.0,0.0,1.0,1.0,0.0,0.0,1.0,0.0,0.0,1.0,1.0,0.0,0.0,0.0,0.021739130434782608,0.5502645502645503,0.5014125392253185,0.47662612964409273,0.0,3.0,0.0
1.0,1.0,1.0,1.0,1.0,1.0,0.0,1.0,1.0,1.0,1.0,2.0,1.0,0.0,0.0,0.0,1.0,0.0,1.0,0.0,0.0,0.9347826086956522,0.24016563146997924,0.2580076532237642,-0.7202945442374205,0.0,5.0,0.0
0.0,0.0,0.0,1.0,1.0,0.0,1.0,1.0,1.0,1.0,1.0,0.0,0.0,1.0,0.0,1.0,0.0,1.0,0.0,0.0,0.0,0.2826086956521739,0.6128364389233955,0.5962456116934564,-0.3588084346758896,0.0,5.0,0.0
0.0,0.0,0.0,1.0,0.0,1.0,1.0,0.0,1.0,1.0,0.0,2.0,1.0,0.0,0.0,1.0,0.0,0.0,1.0,0.0,0.0,-0.17391304347826086,0.010121923165401375,0.03717894502777354,-0.6897690505411135,0.0,4.0,0.0
1.0,1.0,1.0,1.0,0.0,0.0,0.0,0.0,0.0,0.0,0.0,1.0,0.0,0.0,1.0,1.0,0.0,0.0,0.0,0.0,1.0,-0.5217391304347826,-0.927536231884058,-0.9843755997609539,-0.058908847484101,0.0,0.0,0.0
1.0,0.0,0.0,1.0,1.0,1.0,1.0,0.0,0.0,1.0,0.0,1.0,0.0,1.0,0.0,0.0,1.0,0.0,0.0,1.0,0.0,0.4782608695652174,0.44720496894409933,0.44591534245032177,0.32667633604819823,0.0,3.0,0.0
1.0,1.0,0.0,1.0,0.0,0.0,0.0,0.0,0.0,0.0,0.0,1.0,0.0,0.0,1.0,1.0,0.0,1.0,0.0,0.0,0.0,0.391304347826087,-0.9312169312169313,-0.9284618582572041,-0.08033024656922906,0.0,0.0,0.0
1.0,1.0,1.0,1.0,1.0,0.0,0.0,0.0,0.0,0.0,0.0,2.0,0.0,0.0,1.0,1.0,0.0,0.0,0.0,0.0,1.0,0.3695652173913043,-0.9256958822176213,-0.9306339101722853,-0.04819814794153736,0.0,0.0,0.0
0.0,1.0,0.0,1.0,1.0,1.0,1.0,1.0,0.0,1.0,0.0,2.0,1.0,0.0,0.0,1.0,0.0,0.0,1.0,0.0,0.0,0.717391304347826,0.027605244996549344,-0.027355671761386067,-0.669418721410242,0.0,4.0,0.0
1.0,0.0,0.0,1.0,1.0,0.0,0.0,0.0,1.0,0.0,1.0,1.0,0.0,1.0,0.0,1.0,0.0,0.0,1.0,0.0,0.0,-0.21739130434782608,0.31654014262709923,0.3721279983617256,0.9193350440700662,0.0,2.0,0.0
0.0,0.0,0.0,1.0,0.0,0.0,0.0,0.0,0.0,1.0,0.0,1.0,0.0,1.0,0.0,0.0,1.0,0.0,0.0,1.0,0.0,0.06521739130434782,0.24936737980216236,0.3003393538680263,2.2894120272230283,0.0,1.0,0.0
1.0,0.0,0.0,1.0,1.0,1.0,0.0,1.0,1.0,1.0,1.0,2.0,0.0,1.0,0.0,0.0,1.0,0.0,0.0,1.0,0.0,0.5,0.7140556705774097,0.728249613764091,-0.26062702220238765,0.0,5.0,0.0
1.0,1.0,1.0,1.0,0.0,0.0,0.0,0.0,0.0,0.0,0.0,2.0,0.0,0.0,1.0,1.0,0.0,0.0,1.0,0.0,0.0,-0.5434782608695652,-0.9385783298826778,-0.8522065169626265,-0.1231730447394844,0.0,0.0,0.0
0.0,1.0,1.0,1.0,1.0,1.0,0.0,0.0,0.0,0.0,0.0,2.0,1.0,0.0,0.0,1.0,0.0,1.0,0.0,0.0,0.0,0.7391304347826086,-0.3653094087876697,-0.3575541483090388,0.5007252036148612,0.0,1.0,0.0
1.0,0.0,0.0,1.0,1.0,1.0,0.0,0.0,0.0,0.0,0.0,0.0,1.0,0.0,0.0,0.0,1.0,0.0,1.0,0.0,0.0,-0.41304347826086957,-0.2944559466298597,-0.2530124443388569,0.7069061698092158,0.0,1.0,0.0
1.0,0.0,1.0,1.0,0.0,0.0,0.0,0.0,0.0,0.0,0.0,0.0,0.0,0.0,1.0,1.0,0.0,0.0,0.0,0.0,1.0,-0.5,-0.9376581550494595,-0.9032763687912003,-0.1178176949682024,0.0,0.0,0.0
0.0,1.0,0.0,1.0,1.0,0.0,0.0,1.0,0.0,1.0,1.0,0.0,0.0,1.0,0.0,0.0,1.0,1.0,0.0,0.0,0.0,0.5869565217391305,0.5548654244306419,0.5693543650195332,0.48332031685819515,1.0,3.0,1.0
1.0,0.0,0.0,1.0,1.0,1.0,1.0,0.0,1.0,1.0,0.0,0.0,1.0,0.0,0.0,1.0,0.0,0.0,0.0,0.0,1.0,0.5434782608695652,-0.011042097998619634,0.02433521941143024,-0.7144036594890102,0.0,4.0,0.0
1.0,0.0,0.0,1.0,1.0,0.0,0.0,0.0,0.0,0.0,0.0,0.0,0.0,1.0,0.0,0.0,1.0,0.0,0.0,0.0,1.0,-0.30434782608695654,0.10121923165401427,0.08822910832919166,5.9283721968091045,0.0,0.0,0.0
0.0,1.0,0.0,1.0,1.0,0.0,0.0,1.0,1.0,0.0,0.0,0.0,0.0,1.0,0.0,1.0,0.0,0.0,0.0,0.0,1.0,-0.1956521739130435,0.1932367149758454,0.24984566491053192,0.6801294209528062,0.0,2.0,0.0
1.0,0.0,0.0,1.0,1.0,0.0,0.0,1.0,0.0,1.0,1.0,0.0,0.0,1.0,0.0,1.0,0.0,1.0,0.0,0.0,0.0,-0.17391304347826086,0.4840119622728318,0.47947076951700407,0.3802298337610176,1.0,3.0,1.0
1.0,1.0,1.0,1.0,0.0,1.0,0.0,0.0,1.0,0.0,0.0,0.0,1.0,0.0,0.0,1.0,0.0,0.0,0.0,1.0,0.0,-0.08695652173913043,-0.298136645962733,-0.3439366878822876,-0.27312283833537887,0.0,2.0,0.0
1.0,1.0,0.0,1.0,1.0,0.0,1.0,0.0,0.0,0.0,1.0,0.0,0.0,1.0,0.0,0.0,1.0,1.0,0.0,0.0,0.0,0.717391304347826,0.3551874856222682,0.371387812250252,0.9943099408680132,1.0,2.0,1.0
0.0,1.0,0.0,1.0,1.0,0.0,1.0,1.0,0.0,1.0,1.0,0.0,0.0,1.0,0.0,0.0,1.0,0.0,0.0,1.0,0.0,0.8043478260869565,0.6386013342535083,0.6342484465847986,0.04177172821599917,0.0,4.0,0.0
1.0,1.0,0.0,1.0,1.0,1.0,1.0,1.0,1.0,1.0,0.0,0.0,0.0,1.0,0.0,0.0,1.0,0.0,0.0,1.0,0.0,0.6521739130434783,0.6671267540832758,0.6503746008723262,-0.3061474952582838,0.0,5.0,0.0
1.0,1.0,1.0,1.0,0.0,1.0,0.0,1.0,0.0,1.0,1.0,2.0,0.0,1.0,0.0,0.0,1.0,0.0,0.0,1.0,0.0,0.9130434782608695,0.6450425580860363,0.6195298370014379,0.049269217895793915,0.0,4.0,0.0
0.0,1.0,1.0,1.0,1.0,1.0,0.0,1.0,1.0,1.0,1.0,0.0,0.0,1.0,0.0,0.0,1.0,0.0,0.0,1.0,0.0,-0.2826086956521739,0.7812284334023465,0.8649693967141135,-0.19547026665179063,0.0,5.0,0.0
0.0,1.0,0.0,1.0,1.0,1.0,0.0,0.0,1.0,0.0,1.0,1.0,1.0,0.0,0.0,1.0,0.0,0.0,0.0,1.0,0.0,0.043478260869565216,-0.1196227283183805,-0.1644936730637867,-0.49804752872922,0.0,3.0,0.0
1.0,0.0,1.0,1.0,0.0,1.0,1.0,1.0,1.0,0.0,1.0,2.0,1.0,0.0,0.0,1.0,0.0,1.0,0.0,0.0,0.0,-0.32608695652173914,0.10305958132045079,0.08736281313432698,-0.8532857302242554,0.0,5.0,0.0
0.0,1.0,1.0,1.0,1.0,0.0,0.0,0.0,0.0,0.0,0.0,1.0,0.0,0.0,1.0,1.0,0.0,0.0,0.0,0.0,1.0,-0.391304347826087,-0.9293765815504946,-0.9691235540574278,-0.06961954702666504,0.0,0.0,0.0
1.0,1.0,0.0,0.0,1.0,0.0,0.0,1.0,0.0,0.0,0.0,0.0,1.0,0.0,0.0,1.0,0.0,0.0,0.0,1.0,0.0,-0.5434782608695652,-0.747181964573269,-0.7538951380302591,-0.6105098739261408,1.0,1.0,1.0
1.0,0.0,0.0,1.0,1.0,0.0,0.0,0.0,1.0,0.0,1.0,0.0,0.0,1.0,0.0,0.0,1.0,0.0,1.0,0.0,0.0,0.021739130434782608,0.35702783528870496,0.3708819794091973,0.997880174048868,0.0,2.0,0.0
1.0,0.0,0.0,1.0,1.0,0.0,0.0,0.0,0.0,0.0,0.0,0.0,1.0,0.0,0.0,1.0,0.0,1.0,0.0,0.0,0.0,-0.4782608695652174,-0.4757303887738671,-0.45052774876799767,2.57056789021533,0.0,0.0,0.0
1.0,1.0,0.0,1.0,1.0,1.0,1.0,0.0,1.0,0.0,0.0,1.0,1.0,0.0,0.0,1.0,0.0,1.0,0.0,0.0,0.0,0.32608695652173914,-0.19599723947550032,-0.2096326527938061,-0.6091710364833202,0.0,3.0,0.0
1.0,1.0,1.0,1.0,0.0,0.0,0.0,0.0,0.0,0.0,0.0,2.0,0.0,0.0,1.0,1.0,0.0,0.0,0.0,0.0,1.0,0.2826086956521739,-0.9164941338854382,-0.9344936224041261,0.005355349771282014,0.0,0.0,0.0
1.0,0.0,0.0,1.0,1.0,0.0,0.0,0.0,0.0,0.0,1.0,0.0,1.0,0.0,0.0,1.0,0.0,0.0,0.0,1.0,0.0,-0.6086956521739131,-0.28525419829767656,-0.28645668913454087,0.7336829186656255,0.0,1.0,0.0
1.0,1.0,0.0,1.0,1.0,1.0,1.0,1.0,1.0,1.0,1.0,2.0,1.0,0.0,0.0,1.0,0.0,0.0,0.0,0.0,1.0,0.8695652173913043,0.26132965263400054,0.2685238947938354,-0.9157648108892111,0.0,6.0,0.0
1.0,1.0,0.0,1.0,1.0,0.0,0.0,1.0,0.0,1.0,0.0,0.0,0.0,1.0,0.0,0.0,1.0,0.0,0.0,1.0,0.0,0.32608695652173914,0.34414538762364855,0.3901962256752358,0.9728885417828855,1.0,2.0,1.0
1.0,0.0,0.0,1.0,1.0,0.0,1.0,0.0,1.0,0.0,0.0,0.0,1.0,0.0,0.0,0.0,1.0,0.0,1.0,0.0,0.0,-0.30434782608695654,-0.2190016103059581,-0.1459418584361916,-0.1196028115586296,0.0,2.0,0.0
1.0,0.0,0.0,1.0,0.0,0.0,0.0,0.0,0.0,0.0,0.0,2.0,0.0,0.0,1.0,1.0,0.0,0.0,0.0,0.0,1.0,0.5434782608695652,-0.9293765815504946,-0.9059136591571604,-0.06961954702666504,0.0,0.0,0.0
1.0,0.0,1.0,1.0,0.0,0.0,0.0,0.0,0.0,0.0,0.0,2.0,0.0,0.0,1.0,1.0,0.0,0.0,0.0,0.0,1.0,-0.17391304347826086,-0.9367379802162411,-0.9497412928793953,-0.11246234519692037,0.0,0.0,0.0
0.0,1.0,1.0,1.0,1.0,0.0,0.0,0.0,0.0,1.0,0.0,0.0,0.0,1.0,0.0,0.0,1.0,0.0,0.0,1.0,0.0,-0.13043478260869565,0.24384633080285256,0.1808918773545957,2.2733459779091825,0.0,1.0,0.0
0.0,0.0,0.0,0.0,0.0,0.0,1.0,0.0,0.0,1.0,1.0,0.0,1.0,0.0,0.0,1.0,0.0,0.0,0.0,1.0,0.0,-0.5869565217391305,-0.351506786289395,-0.4077380164155921,-0.8354345643199821,0.0,3.0,0.0
1.0,0.0,0.0,1.0,1.0,0.0,0.0,0.0,0.0,0.0,0.0,0.0,0.0,1.0,0.0,1.0,0.0,0.0,0.0,1.0,0.0,-0.4782608695652174,-0.01748332183114797,0.07148073456180837,5.237532076313735,0.0,0.0,0.0
0.0,1.0,1.0,1.0,1.0,0.0,0.0,0.0,0.0,0.0,0.0,2.0,0.0,0.0,1.0,1.0,0.0,0.0,0.0,0.0,1.0,0.3695652173913043,-0.9431792040487693,-0.9519060797299794,-0.14994979359589408,0.0,0.0,0.0
1.0,1.0,0.0,1.0,0.0,1.0,1.0,0.0,1.0,0.0,0.0,0.0,1.0,0.0,0.0,0.0,1.0,0.0,0.0,1.0,0.0,-0.4782608695652174,-0.11594202898550719,-0.05019436326236307,-0.492692178957938,1.0,3.0,0.0
0.0,0.0,0.0,1.0,0.0,1.0,1.0,0.0,0.0,0.0,0.0,2.0,1.0,0.0,0.0,1.0,0.0,0.0,1.0,0.0,0.0,0.41304347826086957,-0.27605244996549344,-0.2912995199113884,-0.23028004016512316,0.0,2.0,0.0
0.0,1.0,0.0,1.0,1.0,0.0,1.0,0.0,0.0,1.0,1.0,1.0,0.0,1.0,0.0,0.0,1.0,0.0,0.0,1.0,0.0,0.5869565217391305,0.5106970324361629,0.5103872261872691,0.41905611960281175,0.0,3.0,0.0
1.0,0.0,0.0,1.0,0.0,0.0,0.0,0.0,0.0,0.0,0.0,2.0,0.0,0.0,1.0,1.0,0.0,0.0,0.0,0.0,1.0,0.6304347826086957,-0.9146537842190017,-0.91306103874295,0.01606604931384604,0.0,0.0,0.0
1.0,1.0,0.0,1.0,1.0,0.0,0.0,1.0,0.0,1.0,1.0,0.0,0.0,1.0,0.0,0.0,1.0,0.0,0.0,1.0,0.0,-0.2826086956521739,0.519898780768346,0.5261626585710254,0.4324444940310166,1.0,3.0,1.0
1.0,0.0,1.0,1.0,1.0,0.0,0.0,0.0,0.0,0.0,0.0,0.0,0.0,0.0,1.0,1.0,0.0,0.0,0.0,0.0,1.0,-0.6086956521739131,-0.9100529100529101,-0.9103204862847969,0.04284279817025573,0.0,0.0,0.0
1.0,1.0,0.0,1.0,0.0,1.0,1.0,1.0,0.0,0.0,0.0,1.0,1.0,0.0,0.0,1.0,0.0,0.0,1.0,0.0,0.0,0.6304347826086957,-0.1877156659765356,-0.16802680371746417,-0.5971214994979359,0.0,3.0,0.0
0.0,1.0,0.0,1.0,0.0,0.0,0.0,0.0,0.0,0.0,0.0,1.0,0.0,0.0,1.0,1.0,0.0,0.0,0.0,0.0,1.0,-0.10869565217391304,-0.9266160570508397,-0.9473403863734259,-0.05355349771281937,0.0,0.0,0.0
0.0,1.0,0.0,1.0,0.0,0.0,1.0,0.0,0.0,0.0,0.0,0.0,0.0,1.0,0.0,0.0,1.0,1.0,0.0,0.0,0.0,-0.06521739130434782,0.16195077064642277,0.1275677952549684,2.0350329130871363,0.0,1.0,0.0
1.0,1.0,1.0,1.0,0.0,0.0,0.0,0.0,0.0,0.0,0.0,2.0,0.0,0.0,1.0,1.0,0.0,1.0,0.0,0.0,0.0,0.8695652173913043,-0.9256958822176213,-0.9305473567437248,-0.04819814794153736,0.0,0.0,0.0
0.0,1.0,0.0,1.0,1.0,0.0,0.0,0.0,0.0,0.0,1.0,0.0,0.0,1.0,0.0,0.0,1.0,0.0,0.0,1.0,0.0,-0.45652173913043476,0.26501035196687384,0.45995178245594404,2.334932500278925,0.0,1.0,0.0
0.0,1.0,0.0,0.0,1.0,1.0,1.0,0.0,0.0,1.0,0.0,1.0,1.0,0.0,0.0,1.0,0.0,0.0,0.0,1.0,0.0,0.6304347826086957,-0.46284794110881067,-0.49236247440088154,-0.9974338949012606,0.0,3.0,0.0
0.0,0.0,1.0,1.0,1.0,0.0,0.0,0.0,0.0,0.0,0.0,0.0,0.0,0.0,1.0,1.0,0.0,0.0,0.0,1.0,0.0,-0.15217391304347827,-0.9192546583850932,-0.9046824080537561,-0.010710699542563646,0.0,0.0,0.0
1.0,1.0,0.0,1.0,0.0,1.0,1.0,1.0,1.0,0.0,1.0,2.0,0.0,1.0,0.0,1.0,0.0,0.0,1.0,0.0,0.0,0.8913043478260869,0.56130664826317,0.5629063723759381,-0.4087916992078545,0.0,5.0,0.0
1.0,1.0,1.0,1.0,1.0,0.0,0.0,0.0,0.0,0.0,0.0,2.0,0.0,0.0,1.0,0.0,1.0,1.0,0.0,0.0,0.0,-0.3695652173913043,-0.829997699562917,-0.8178281609340962,0.5087582282717841,0.0,0.0,0.0
1.0,1.0,1.0,1.0,0.0,0.0,0.0,0.0,0.0,0.0,0.0,2.0,0.0,0.0,1.0,1.0,0.0,0.0,0.0,0.0,1.0,-0.5434782608695652,-0.9312169312169313,-0.9450051082913096,-0.08033024656922906,0.0,0.0,0.0
1.0,1.0,0.0,0.0,1.0,0.0,0.0,0.0,0.0,0.0,0.0,0.0,1.0,0.0,0.0,1.0,0.0,0.0,0.0,1.0,0.0,-0.5217391304347826,-0.8382792730618818,-0.9281451662033756,0.46056008033024665,0.0,0.0,0.0
1.0,0.0,0.0,1.0,0.0,0.0,0.0,1.0,1.0,1.0,0.0,1.0,0.0,1.0,0.0,0.0,1.0,1.0,0.0,0.0,0.0,0.1956521739130435,0.45088566827697263,0.44645391543946716,0.3320316858194802,0.0,3.0,0.0
0.0,0.0,0.0,1.0,1.0,1.0,0.0,1.0,0.0,0.0,0.0,0.0,0.0,1.0,0.0,1.0,0.0,0.0,0.0,1.0,0.0,-0.5869565217391305,0.18311479181044404,-0.03746244903480695,0.6604931384581058,0.0,2.0,0.0
0.0,1.0,1.0,1.0,0.0,1.0,1.0,0.0,1.0,0.0,0.0,1.0,1.0,0.0,0.0,0.0,1.0,0.0,0.0,0.0,1.0,0.6521739130434783,-0.09201748332183116,-0.11319320077694245,-0.45788240544460546,0.0,3.0,0.0
1.0,1.0,1.0,1.0,0.0,1.0,0.0,1.0,0.0,0.0,1.0,0.0,0.0,1.0,0.0,1.0,0.0,0.0,0.0,1.0,0.0,0.391304347826087,0.35978835978835977,0.32041912068379486,0.19948677898025224,0.0,3.0,0.0
0.0,0.0,0.0,1.0,1.0,1.0,0.0,1.0,1.0,0.0,0.0,1.0,1.0,0.0,0.0,1.0,0.0,0.0,0.0,1.0,0.0,-0.17391304347826086,-0.18863584080975385,-0.19602072106457977,-0.5984603369407563,0.0,3.0,0.0
0.0,0.0,0.0,1.0,1.0,0.0,0.0,0.0,0.0,0.0,0.0,0.0,0.0,1.0,0.0,0.0,1.0,0.0,0.0,0.0,1.0,-0.30434782608695654,0.07269381182424667,0.10642130742134952,5.7623563538993645,1.0,0.0,1.0
0.0,1.0,1.0,0.0,1.0,0.0,1.0,0.0,0.0,0.0,0.0,0.0,1.0,0.0,0.0,1.0,0.0,0.0,0.0,1.0,0.0,-0.5217391304347826,-0.7361398665746492,-0.6826423582526416,-0.578377775298449,0.0,1.0,0.0
0.0,0.0,0.0,1.0,1.0,0.0,0.0,1.0,0.0,0.0,1.0,0.0,1.0,0.0,0.0,1.0,0.0,0.0,0.0,1.0,0.0,-0.30434782608695654,-0.2033586381412468,-0.20358111549248922,-0.08925582952136549,0.0,2.0,0.0
1.0,1.0,1.0,1.0,1.0,0.0,1.0,1.0,0.0,1.0,1.0,1.0,0.0,1.0,0.0,0.0,1.0,0.0,1.0,0.0,0.0,0.9347826086956522,0.6247987117552336,0.6065638583326276,0.02570567890215351,0.0,4.0,0.0
0.0,1.0,0.0,1.0,1.0,0.0,0.0,1.0,0.0,0.0,0.0,0.0,1.0,0.0,0.0,1.0,0.0,0.0,1.0,0.0,0.0,0.34782608695652173,-0.3726708074534162,-0.3899541719607443,0.47930380452973353,0.0,1.0,0.0
0.0,1.0,1.0,0.0,0.0,1.0,1.0,0.0,1.0,0.0,0.0,2.0,1.0,0.0,0.0,1.0,0.0,0.0,0.0,0.0,1.0,0.41304347826086957,-0.5723487462617898,-0.5396429448079096,-1.1567555505968983,0.0,3.0,0.0
1.0,0.0,0.0,1.0,1.0,0.0,1.0,1.0,0.0,1.0,1.0,0.0,0.0,1.0,0.0,1.0,0.0,0.0,0.0,1.0,0.0,-0.2608695652173913,0.576029445594663,0.5971566886363626,-0.031061028673435145,1.0,4.0,1.0
1.0,0.0,0.0,1.0,0.0,1.0,0.0,0.0,0.0,0.0,0.0,0.0,1.0,0.0,0.0,1.0,0.0,0.0,0.0,0.0,1.0,-0.043478260869565216,-0.3708304577869795,-0.33658222086433565,0.4846591543010155,0.0,1.0,0.0
1.0,1.0,1.0,1.0,1.0,0.0,1.0,1.0,1.0,1.0,1.0,2.0,0.0,1.0,0.0,0.0,1.0,1.0,0.0,0.0,0.0,0.34782608695652173,0.7223372440763746,0.7040687368563071,-0.2525939975454644,0.0,5.0,0.0
0.0,1.0,1.0,1.0,1.0,0.0,1.0,1.0,0.0,1.0,1.0,0.0,0.0,1.0,0.0,0.0,1.0,0.0,1.0,0.0,0.0,-0.41304347826086957,0.5815504945939728,0.6669799269226324,-0.024634608947896958,0.0,4.0,0.0
1.0,0.0,0.0,1.0,1.0,0.0,0.0,0.0,1.0,0.0,0.0,0.0,1.0,0.0,0.0,1.0,0.0,0.0,0.0,1.0,0.0,-0.6086956521739131,-0.3901541292845641,-0.3911996536045397,0.42842798170255497,0.0,1.0,0.0
1.0,0.0,0.0,1.0,1.0,0.0,1.0,1.0,1.0,0.0,1.0,0.0,0.0,1.0,0.0,1.0,0.0,1.0,0.0,0.0,0.0,-0.15217391304347827,0.44996549344375436,0.4926839588528187,-0.17779761240655995,0.0,4.0,0.0
1.0,0.0,0.0,1.0,0.0,0.0,0.0,0.0,0.0,0.0,0.0,0.0,0.0,1.0,0.0,1.0,0.0,0.0,1.0,0.0,0.0,-0.1956521739130435,0.0009201748332182592,0.0751362377704417,5.3446390717393735,0.0,0.0,0.0
0.0,1.0,1.0,0.0,1.0,0.0,0.0,0.0,0.0,0.0,0.0,0.0,1.0,0.0,0.0,1.0,0.0,0.0,0.0,1.0,0.0,-0.4782608695652174,-0.8428801472279733,-0.9058577534627668,0.43378333147383696,0.0,0.0,0.0
1.0,0.0,0.0,1.0,1.0,1.0,0.0,0.0,0.0,0.0,0.0,0.0,1.0,0.0,0.0,1.0,0.0,0.0,0.0,0.0,1.0,-0.6086956521739131,-0.36438923395445133,-0.36547331145401357,0.5034028785005024,0.0,1.0,0.0
1.0,1.0,0.0,1.0,0.0,1.0,0.0,0.0,1.0,0.0,0.0,0.0,1.0,0.0,0.0,1.0,0.0,0.0,0.0,0.0,1.0,-0.10869565217391304,-0.3110190936277893,-0.2900170311285869,-0.298114470601361,0.0,2.0,0.0
1.0,1.0,1.0,1.0,1.0,0.0,0.0,0.0,0.0,0.0,0.0,2.0,0.0,0.0,1.0,0.0,1.0,1.0,0.0,0.0,0.0,0.8478260869565217,-0.8557625948930297,-0.8473828278094028,0.35880843467588996,0.0,0.0,0.0
1.0,0.0,0.0,1.0,1.0,0.0,0.0,0.0,0.0,1.0,0.0,0.0,0.0,1.0,0.0,0.0,1.0,0.0,0.0,1.0,0.0,-0.1956521739130435,0.25488842880147217,0.3063517378482945,2.3054780765368736,1.0,1.0,1.0
1.0,1.0,0.0,0.0,1.0,0.0,0.0,1.0,0.0,1.0,0.0,1.0,1.0,0.0,0.0,1.0,0.0,0.0,1.0,0.0,0.0,-0.08695652173913043,-0.5962732919254659,-0.5838532043946216,-0.8515006136338278,0.0,2.0,0.0
1.0,0.0,0.0,0.0,1.0,0.0,1.0,1.0,0.0,0.0,1.0,0.0,1.0,0.0,0.0,1.0,0.0,0.0,0.0,1.0,0.0,-0.6086956521739131,-0.5005751092707615,-0.5014554056782227,-1.0523262300569005,1.0,3.0,1.0
0.0,0.0,0.0,0.0,1.0,0.0,1.0,0.0,1.0,1.0,0.0,0.0,1.0,0.0,0.0,1.0,0.0,0.0,0.0,1.0,0.0,0.7608695652173914,-0.49045318610536,-0.5072553176362653,-1.0375990181858752,1.0,3.0,0.0
0.0,1.0,0.0,1.0,1.0,1.0,0.0,1.0,0.0,1.0,1.0,2.0,0.0,1.0,0.0,1.0,0.0,1.0,0.0,0.0,0.0,0.7608695652173914,0.5244996549344375,0.5335130420426043,-0.0910409461117927,0.0,4.0,0.0
0.0,1.0,1.0,1.0,1.0,0.0,0.0,0.0,0.0,0.0,0.0,0.0,0.0,0.0,1.0,0.0,1.0,1.0,0.0,0.0,0.0,-0.1956521739130435,-0.8272371750632621,-0.830936344791745,0.5248242775856301,0.0,0.0,0.0
0.0,0.0,0.0,1.0,1.0,0.0,0.0,1.0,1.0,1.0,1.0,1.0,0.0,1.0,0.0,1.0,0.0,0.0,0.0,1.0,0.0,0.13043478260869565,0.5291005291005291,0.5572623279245473,-0.08568559634051069,0.0,4.0,0.0
1.0,1.0,1.0,1.0,1.0,1.0,1.0,1.0,1.0,1.0,1.0,2.0,0.0,1.0,0.0,0.0,1.0,0.0,1.0,0.0,0.0,0.9347826086956522,0.8060731538992408,0.7595819975821102,-0.46285523023222436,0.0,6.0,0.0
1.0,0.0,0.0,1.0,0.0,0.0,0.0,0.0,0.0,1.0,1.0,1.0,0.0,1.0,0.0,0.0,1.0,0.0,0.0,0.0,1.0,0.30434782608695654,0.4389233954451345,0.3786248106804698,1.1567555505968985,0.0,2.0,0.0
1.0,0.0,1.0,1.0,0.0,1.0,1.0,1.0,0.0,0.0,1.0,1.0,0.0,1.0,0.0,1.0,0.0,0.0,0.0,1.0,0.0,0.5217391304347826,0.4683689901081206,0.44924041880617543,-0.15637621332143228,0.0,4.0,0.0
1.0,0.0,0.0,1.0,0.0,0.0,0.0,0.0,0.0,0.0,0.0,2.0,0.0,0.0,1.0,0.0,1.0,1.0,0.0,0.0,0.0,0.8695652173913043,-0.8566827697262479,-0.8409046365794697,0.3534530849046079,0.0,0.0,0.0
1.0,0.0,0.0,1.0,1.0,0.0,0.0,1.0,0.0,0.0,0.0,0.0,1.0,0.0,0.0,1.0,0.0,0.0,0.0,0.0,1.0,-0.6086956521739131,-0.3837129054520359,-0.38476806806690816,0.4471717059020418,0.0,1.0,0.0
1.0,0.0,0.0,1.0,1.0,1.0,1.0,1.0,0.0,0.0,1.0,0.0,0.0,1.0,0.0,1.0,0.0,0.0,1.0,0.0,0.0,0.06521739130434782,0.4214400736139868,0.4137247614042176,-0.2110007809885082,0.0,4.0,0.0
0.0,1.0,0.0,1.0,0.0,0.0,0.0,0.0,0.0,0.0,0.0,2.0,0.0,0.0,1.0,1.0,0.0,0.0,1.0,0.0,0.0,0.9130434782608695,-0.9459397285484242,-0.9419219588861973,-0.16601584290973975,0.0,0.0,0.0
1.0,0.0,0.0,1.0,0.0,0.0,0.0,0.0,0.0,0.0,0.0,2.0,0.0,0.0,1.0,1.0,0.0,0.0,0.0,0.0,1.0,0.08695652173913043,-0.9229353577179664,-0.913049037725004,-0.03213209862769132,0.0,0.0,0.0
1.0,0.0,0.0,1.0,1.0,0.0,0.0,0.0,0.0,0.0,0.0,0.0,0.0,0.0,1.0,1.0,0.0,0.0,0.0,0.0,1.0,-0.41304347826086957,-0.9321371060501495,-0.9423865341795596,-0.08568559634051069,0.0,0.0,0.0
0.0,1.0,1.0,1.0,0.0,0.0,0.0,0.0,0.0,0.0,0.0,0.0,0.0,0.0,1.0,0.0,1.0,0.0,0.0,0.0,1.0,0.17391304347826086,-0.8106740280653324,-0.8443905264299256,0.6212205734687047,0.0,0.0,0.0
1.0,1.0,1.0,1.0,1.0,1.0,0.0,1.0,1.0,0.0,1.0,0.0,1.0,0.0,0.0,1.0,0.0,0.0,1.0,0.0,0.0,-0.4782608695652174,0.01564297216471119,0.056779967618650694,-0.6833426308155751,0.0,4.0,0.0
1.0,0.0,0.0,0.0,1.0,1.0,0.0,1.0,0.0,1.0,1.0,0.0,1.0,0.0,0.0,1.0,0.0,0.0,0.0,1.0,0.0,0.6086956521739131,-0.3082585691281344,-0.26679118949566755,-1.0603592547138234,0.0,4.0,0.0
0.0,0.0,0.0,1.0,0.0,0.0,0.0,0.0,0.0,0.0,0.0,2.0,0.0,0.0,1.0,1.0,0.0,0.0,1.0,0.0,0.0,0.391304347826087,-0.9247757073844031,-0.8945054324855753,-0.042842798170255346,0.0,0.0,0.0
0.0,1.0,0.0,1.0,1.0,0.0,0.0,0.0,0.0,0.0,0.0,0.0,0.0,1.0,0.0,1.0,0.0,0.0,0.0,1.0,0.0,-0.5217391304347826,-0.028525419829767605,-0.0053045213466494275,5.1732678790583515,0.0,0.0,0.0
1.0,1.0,0.0,1.0,1.0,0.0,1.0,1.0,0.0,1.0,1.0,0.0,0.0,1.0,0.0,0.0,1.0,0.0,0.0,1.0,0.0,0.6956521739130435,0.6450425580860363,0.5951223973573427,0.049269217895793915,0.0,4.0,0.0
0.0,1.0,1.0,1.0,1.0,1.0,1.0,1.0,1.0,1.0,1.0,2.0,1.0,0.0,0.0,1.0,0.0,1.0,0.0,0.0,0.0,0.9347826086956522,0.2429261559696343,0.25892645115771146,-0.9310658102357309,0.0,6.0,0.0
1.0,1.0,1.0,1.0,0.0,0.0,0.0,0.0,0.0,0.0,0.0,2.0,0.0,0.0,1.0,1.0,0.0,0.0,0.0,0.0,1.0,0.13043478260869565,-0.9367379802162411,-0.9364668503479845,-0.11246234519692037,0.0,0.0,0.0
1.0,0.0,0.0,1.0,1.0,0.0,0.0,1.0,0.0,1.0,1.0,0.0,0.0,1.0,0.0,0.0,1.0,0.0,0.0,1.0,0.0,0.5869565217391305,0.5622268230963883,0.5384925987024796,0.49403101640075875,1.0,3.0,1.0
0.0,1.0,0.0,1.0,1.0,0.0,1.0,0.0,0.0,1.0,0.0,0.0,0.0,1.0,0.0,0.0,1.0,0.0,1.0,0.0,0.0,0.15217391304347827,0.3947550034506557,0.38786442788832426,1.0710699542563877,1.0,2.0,1.0
1.0,0.0,0.0,1.0,1.0,0.0,0.0,0.0,1.0,1.0,1.0,0.0,0.0,1.0,0.0,0.0,1.0,0.0,0.0,0.0,1.0,-0.1956521739130435,0.5162180814354727,0.5698170454076992,0.42708914425973454,0.0,3.0,0.0
0.0,1.0,1.0,1.0,0.0,0.0,0.0,0.0,0.0,0.0,0.0,0.0,0.0,0.0,1.0,1.0,0.0,0.0,0.0,0.0,1.0,0.1956521739130435,-0.9210950080515298,-0.91933921337328,-0.021421399085127673,0.0,0.0,0.0
0.0,0.0,0.0,1.0,1.0,0.0,1.0,1.0,0.0,1.0,1.0,2.0,0.0,1.0,0.0,0.0,1.0,0.0,0.0,1.0,0.0,0.30434782608695654,0.6275592362548883,0.7369773723137524,0.028918888764922414,0.0,4.0,0.0
0.0,0.0,0.0,1.0,1.0,0.0,1.0,0.0,0.0,1.0,0.0,0.0,0.0,1.0,0.0,1.0,0.0,0.0,0.0,1.0,0.0,-0.45652173913043476,0.3054980446284793,0.34200109768545195,0.8979136449849381,1.0,2.0,1.0
1.0,0.0,0.0,1.0,1.0,0.0,0.0,0.0,0.0,0.0,0.0,1.0,0.0,0.0,1.0,1.0,0.0,0.0,0.0,1.0,0.0,-0.43478260869565216,-0.9312169312169313,-0.9610585499705564,-0.08033024656922906,0.0,0.0,0.0
1.0,1.0,1.0,1.0,0.0,1.0,1.0,0.0,1.0,0.0,0.0,1.0,0.0,1.0,0.0,0.0,1.0,0.0,0.0,1.0,0.0,0.8260869565217391,0.35058661145617664,0.3590468563704755,0.1860984045520474,0.0,3.0,0.0
1.0,0.0,0.0,1.0,0.0,0.0,0.0,0.0,0.0,0.0,0.0,0.0,1.0,0.0,0.0,1.0,0.0,0.0,0.0,0.0,1.0,-0.6086956521739131,-0.47941108810674027,-0.4803230531974333,2.5491464911302026,0.0,0.0,0.0
0.0,0.0,0.0,1.0,1.0,1.0,0.0,1.0,0.0,1.0,1.0,1.0,0.0,1.0,0.0,0.0,1.0,1.0,0.0,0.0,0.0,0.5434782608695652,0.6155969634230505,0.6218090981255312,0.014994979359589485,0.0,4.0,0.0
1.0,0.0,0.0,1.0,0.0,0.0,0.0,0.0,0.0,0.0,0.0,0.0,0.0,0.0,1.0,1.0,0.0,0.0,0.0,0.0,1.0,-0.6086956521739131,-0.9284564067172764,-0.928696444963744,-0.06426419725538302,1.0,0.0,1.0
0.0,1.0,1.0,1.0,0.0,1.0,1.0,0.0,1.0,0.0,0.0,0.0,0.0,1.0,0.0,1.0,0.0,0.0,0.0,0.0,1.0,-0.13043478260869565,0.2558086036346907,0.250321042972009,0.04819814794153774,0.0,3.0,0.0
0.0,0.0,0.0,1.0,1.0,0.0,1.0,1.0,0.0,0.0,1.0,0.0,0.0,1.0,0.0,0.0,1.0,0.0,0.0,1.0,0.0,-0.1956521739130435,0.4343225212790429,0.3405310209911362,0.3079326118487114,1.0,3.0,1.0
0.0,1.0,1.0,1.0,1.0,0.0,0.0,0.0,0.0,1.0,0.0,0.0,0.0,1.0,0.0,0.0,1.0,0.0,0.0,1.0,0.0,-0.32608695652173914,0.263170002300437,0.2830667730651143,2.329577150507643,0.0,1.0,0.0
0.0,0.0,0.0,1.0,1.0,0.0,1.0,0.0,0.0,0.0,0.0,0.0,1.0,0.0,0.0,1.0,0.0,0.0,1.0,0.0,0.0,-0.2391304347826087,-0.3800322061191626,-0.41330184834894,0.45788240544460584,1.0,1.0,1.0
1.0,1.0,0.0,1.0,0.0,1.0,0.0,0.0,0.0,1.0,0.0,0.0,0.0,1.0,0.0,1.0,0.0,0.0,0.0,1.0,0.0,0.5,0.2502875546353806,0.23960813562343358,0.7908066495592994,0.0,2.0,0.0
0.0,0.0,0.0,1.0,0.0,0.0,0.0,0.0,0.0,0.0,0.0,0.0,0.0,0.0,1.0,1.0,0.0,0.0,0.0,0.0,1.0,-0.6086956521739131,-0.912813434552565,-0.9130768800866389,0.026776748856409686,0.0,0.0,0.0
0.0,0.0,0.0,1.0,0.0,0.0,0.0,0.0,0.0,0.0,0.0,1.0,0.0,0.0,1.0,1.0,0.0,0.0,0.0,0.0,1.0,0.1956521739130435,-0.942259029215551,-0.9317913432675665,-0.14459444382461206,0.0,0.0,0.0
0.0,0.0,0.0,1.0,0.0,0.0,0.0,0.0,0.0,0.0,0.0,0.0,0.0,1.0,0.0,0.0,1.0,0.0,0.0,1.0,0.0,-0.5217391304347826,0.09293765815504941,0.2231086450326636,5.880174048867567,0.0,0.0,0.0
1.0,0.0,0.0,1.0,1.0,0.0,0.0,0.0,0.0,0.0,0.0,0.0,0.0,0.0,1.0,1.0,0.0,0.0,0.0,0.0,1.0,-0.6086956521739131,-0.9367379802162411,-0.9369656263692702,-0.11246234519692037,0.0,0.0,0.0
1.0,0.0,0.0,1.0,1.0,0.0,0.0,0.0,0.0,1.0,1.0,0.0,0.0,1.0,0.0,0.0,1.0,0.0,0.0,1.0,0.0,-0.06521739130434782,0.4251207729468598,0.4020056704486289,1.1299788017404888,1.0,2.0,1.0
0.0,1.0,0.0,1.0,1.0,0.0,1.0,1.0,1.0,1.0,1.0,1.0,0.0,1.0,0.0,0.0,1.0,0.0,1.0,0.0,0.0,0.8043478260869565,0.6919714745801702,0.7024900749516159,-0.2820484212875153,1.0,5.0,0.0
1.0,1.0,1.0,1.0,0.0,1.0,1.0,0.0,1.0,0.0,0.0,2.0,1.0,0.0,0.0,1.0,0.0,0.0,1.0,0.0,0.0,0.4782608695652174,-0.1840349666436623,-0.17243566709625016,-0.5917661497266539,0.0,3.0,0.0
1.0,0.0,0.0,1.0,0.0,0.0,0.0,0.0,0.0,0.0,0.0,0.0,0.0,1.0,0.0,0.0,1.0,0.0,0.0,1.0,0.0,-0.41304347826086957,0.0837359098228663,0.14776721444898036,5.826620551154748,0.0,0.0,0.0
1.0,0.0,0.0,1.0,0.0,0.0,0.0,0.0,0.0,0.0,0.0,0.0,0.0,0.0,1.0,1.0,0.0,0.0,0.0,0.0,1.0,-0.5217391304347826,-0.9100529100529101,-0.8787138373570078,0.04284279817025573,0.0,0.0,0.0
1.0,1.0,0.0,1.0,0.0,0.0,0.0,0.0,0.0,0.0,0.0,0.0,0.0,1.0,0.0,1.0,0.0,0.0,0.0,1.0,0.0,-0.5434782608695652,0.0,0.05441734435992883,5.3392837219680915,0.0,0.0,0.0
0.0,1.0,0.0,1.0,1.0,1.0,1.0,0.0,0.0,1.0,0.0,0.0,0.0,1.0,0.0,0.0,1.0,0.0,0.0,1.0,0.0,0.6521739130434783,0.44628479411088107,0.446292449611646,0.3253374986053778,0.0,3.0,0.0
0.0,1.0,0.0,1.0,1.0,0.0,0.0,0.0,0.0,0.0,0.0,0.0,0.0,1.0,0.0,0.0,1.0,0.0,0.0,1.0,0.0,-0.5217391304347826,0.07085346215780988,-0.06668022333433272,5.7516456543568,1.0,0.0,1.0
0.0,0.0,0.0,1.0,1.0,1.0,0.0,0.0,1.0,1.0,0.0,0.0,1.0,0.0,0.0,1.0,0.0,0.0,0.0,1.0,0.0,-0.5217391304347826,-0.11318150448585242,-0.0010780508504915083,-0.48867566662947676,0.0,3.0,0.0
0.0,1.0,0.0,1.0,1.0,0.0,0.0,0.0,0.0,0.0,0.0,0.0,1.0,0.0,0.0,1.0,0.0,0.0,0.0,0.0,1.0,-0.5652173913043478,-0.449045318610536,-0.49992407578831033,2.725873033582506,0.0,0.0,0.0
0.0,0.0,0.0,0.0,1.0,1.0,1.0,0.0,0.0,1.0,0.0,0.0,1.0,0.0,0.0,1.0,0.0,0.0,0.0,1.0,0.0,0.41304347826086957,-0.47296986427421217,-0.4914443365229211,-1.012161106772286,0.0,3.0,0.0
0.0,1.0,0.0,1.0,0.0,0.0,0.0,0.0,0.0,0.0,0.0,2.0,0.0,0.0,1.0,0.0,1.0,0.0,1.0,0.0,0.0,0.9347826086956522,-0.8401196227283184,-0.8193977740712561,0.449849380787683,0.0,0.0,0.0
0.0,0.0,0.0,1.0,1.0,1.0,0.0,0.0,0.0,0.0,0.0,0.0,0.0,1.0,0.0,0.0,1.0,0.0,0.0,1.0,0.0,-0.3695652173913043,0.1711525189786059,0.23603306930352333,2.061809661943546,0.0,1.0,0.0
1.0,0.0,0.0,1.0,1.0,0.0,1.0,1.0,1.0,0.0,1.0,0.0,0.0,1.0,0.0,1.0,0.0,0.0,1.0,0.0,0.0,-0.5869565217391305,0.45272601794340916,0.358998859463478,-0.17458440254379104,1.0,4.0,0.0
0.0,1.0,0.0,1.0,0.0,0.0,1.0,1.0,1.0,1.0,1.0,1.0,0.0,1.0,0.0,0.0,1.0,0.0,1.0,0.0,0.0,0.9347826086956522,0.7112951460777549,0.690940135266793,-0.26330469708802845,0.0,5.0,0.0
1.0,1.0,0.0,1.0,1.0,0.0,0.0,0.0,0.0,0.0,0.0,0.0,1.0,0.0,0.0,1.0,0.0,1.0,0.0,0.0,0.0,-0.2391304347826087,-0.4812514377731769,-0.513042468511892,2.5384357915876383,0.0,0.0,0.0
0.0,1.0,1.0,1.0,1.0,1.0,0.0,1.0,1.0,1.0,1.0,2.0,1.0,0.0,0.0,1.0,0.0,0.0,0.0,0.0,1.0,0.34782608695652173,0.1932367149758454,0.14582752992175818,-0.7658150172933168,0.0,5.0,0.0
0.0,0.0,0.0,1.0,1.0,0.0,0.0,0.0,0.0,0.0,0.0,0.0,0.0,1.0,0.0,0.0,1.0,0.0,0.0,1.0,0.0,0.043478260869565216,0.10213940648723252,0.023444962392993932,5.9337275465803865,0.0,0.0,0.0
1.0,0.0,0.0,1.0,0.0,0.0,0.0,0.0,0.0,0.0,0.0,0.0,0.0,0.0,1.0,1.0,0.0,0.0,1.0,0.0,0.0,-0.41304347826086957,-0.9293765815504946,-0.9320041175259544,-0.06961954702666504,0.0,0.0,0.0
1.0,1.0,0.0,1.0,1.0,1.0,0.0,1.0,0.0,0.0,0.0,0.0,0.0,1.0,0.0,0.0,1.0,1.0,0.0,0.0,0.0,0.2608695652173913,0.24384633080285256,0.1700514258030598,0.7783108334263085,1.0,2.0,1.0
0.0,0.0,0.0,1.0,1.0,0.0,0.0,0.0,0.0,0.0,0.0,0.0,1.0,0.0,0.0,0.0,1.0,0.0,0.0,1.0,0.0,-0.5869565217391305,-0.38831377961812746,-0.31815521785572476,3.079326118487114,0.0,0.0,0.0
0.0,0.0,0.0,1.0,0.0,0.0,0.0,0.0,0.0,0.0,0.0,0.0,0.0,1.0,0.0,1.0,0.0,0.0,0.0,1.0,0.0,-0.5869565217391305,-0.028525419829767605,-0.19687389057467347,5.1732678790583515,0.0,0.0,0.0
1.0,1.0,1.0,1.0,1.0,0.0,1.0,1.0,1.0,0.0,0.0,1.0,0.0,1.0,0.0,1.0,0.0,0.0,0.0,0.0,1.0,0.5869565217391305,0.28249367379802154,0.2759132748650955,0.08702443378333148,0.0,3.0,0.0
1.0,1.0,1.0,1.0,0.0,0.0,1.0,0.0,0.0,1.0,1.0,1.0,0.0,1.0,0.0,0.0,1.0,1.0,0.0,0.0,0.0,0.9130434782608695,0.5530250747642051,0.5440201758101312,0.4806426419725539,0.0,3.0,0.0
1.0,1.0,1.0,1.0,0.0,0.0,0.0,0.0,0.0,0.0,0.0,1.0,0.0,0.0,1.0,1.0,0.0,0.0,0.0,1.0,0.0,-0.08695652173913043,-0.9367379802162411,-0.9949234000426695,-0.11246234519692037,0.0,0.0,0.0
1.0,0.0,0.0,1.0,0.0,0.0,0.0,0.0,0.0,0.0,0.0,2.0,0.0,0.0,1.0,1.0,0.0,0.0,1.0,0.0,0.0,-0.391304347826087,-0.9376581550494595,-0.9243530365487201,-0.1178176949682024,0.0,0.0,0.0
1.0,0.0,0.0,1.0,1.0,0.0,0.0,1.0,0.0,1.0,0.0,0.0,0.0,1.0,0.0,0.0,1.0,0.0,0.0,1.0,0.0,-0.3695652173913043,0.35058661145617664,0.2675018985412202,0.9853843579158763,0.0,2.0,0.0
1.0,1.0,0.0,1.0,0.0,0.0,1.0,1.0,0.0,1.0,1.0,2.0,1.0,0.0,0.0,0.0,1.0,1.0,0.0,0.0,0.0,0.9347826086956522,0.21440073613986668,0.1791441638932828,-0.45199152069619536,0.0,4.0,0.0
0.0,0.0,0.0,1.0,1.0,1.0,1.0,1.0,1.0,1.0,1.0,2.0,0.0,1.0,0.0,0.0,1.0,0.0,1.0,0.0,0.0,0.9130434782608695,0.7849091327352198,0.7716620695575672,-0.4804513794807222,0.0,6.0,0.0
1.0,1.0,0.0,0.0,0.0,1.0,0.0,0.0,0.0,0.0,0.0,0.0,1.0,0.0,0.0,1.0,0.0,0.0,1.0,0.0,0.0,-0.043478260869565216,-0.7315389924085577,-0.7491905523129176,-0.5649894008702442,1.0,1.0,1.0
1.0,0.0,0.0,0.0,1.0,0.0,0.0,1.0,0.0,1.0,1.0,0.0,1.0,0.0,0.0,1.0,0.0,0.0,0.0,1.0,0.0,-0.32608695652173914,-0.36346905912123306,-0.3616012344466641,-0.8528394510766484,0.0,3.0,0.0
1.0,0.0,1.0,1.0,0.0,0.0,1.0,1.0,1.0,1.0,1.0,1.0,1.0,0.0,0.0,1.0,0.0,0.0,0.0,1.0,0.0,-0.2608695652173913,0.19047619047619038,0.26584896304240335,-0.7684926921789579,0.0,5.0,0.0
0.0,1.0,0.0,1.0,1.0,1.0,0.0,1.0,1.0,1.0,1.0,1.0,0.0,1.0,0.0,1.0,0.0,0.0,0.0,1.0,0.0,0.08695652173913043,0.6119162640901772,0.5744569749741333,-0.35970099297110314,0.0,5.0,0.0
1.0,1.0,0.0,1.0,0.0,0.0,0.0,0.0,0.0,0.0,1.0,0.0,0.0,1.0,0.0,0.0,1.0,0.0,0.0,1.0,0.0,-0.41304347826086957,0.2769726247987117,0.26803786400268953,2.3697422737922573,1.0,1.0,1.0
1.0,1.0,0.0,1.0,1.0,1.0,0.0,1.0,0.0,0.0,0.0,0.0,0.0,1.0,0.0,0.0,1.0,0.0,0.0,0.0,1.0,0.34782608695652173,0.25856912813434546,0.21947428876060524,0.8068726988731454,0.0,2.0,0.0
1.0,0.0,0.0,1.0,0.0,0.0,0.0,0.0,0.0,0.0,0.0,2.0,0.0,0.0,1.0,1.0,0.0,0.0,0.0,0.0,1.0,0.6086956521739131,-0.9155739590522199,-0.9364498099852998,0.010710699542564027,0.0,0.0,0.0
1.0,1.0,1.0,0.0,1.0,0.0,1.0,1.0,0.0,0.0,1.0,1.0,1.0,0.0,0.0,1.0,0.0,0.0,1.0,0.0,0.0,0.2826086956521739,-0.46744881527490223,-0.40062827049814226,-1.004128082115363,0.0,3.0,0.0
0.0,0.0,0.0,1.0,1.0,0.0,0.0,0.0,0.0,0.0,0.0,0.0,1.0,0.0,0.0,1.0,0.0,0.0,0.0,0.0,1.0,-0.6086956521739131,-0.4619277662755924,-0.4628658924524336,2.650898136784559,0.0,0.0,0.0
1.0,1.0,0.0,1.0,1.0,0.0,1.0,0.0,0.0,0.0,0.0,0.0,1.0,0.0,0.0,1.0,0.0,1.0,0.0,0.0,0.0,-0.45652173913043476,-0.38555325511847255,-0.39338179869766465,0.4418163561307598,0.0,1.0,0.0
0.0,0.0,0.0,1.0,1.0,0.0,0.0,0.0,0.0,0.0,0.0,0.0,0.0,0.0,1.0,1.0,0.0,0.0,0.0,0.0,1.0,-0.10869565217391304,-0.9238555325511848,-0.9449668250440618,-0.03748744839897333,1.0,0.0,1.0
1.0,1.0,1.0,1.0,0.0,1.0,0.0,0.0,1.0,1.0,1.0,0.0,1.0,0.0,0.0,0.0,1.0,1.0,0.0,0.0,0.0,-0.10869565217391304,0.1932367149758454,0.17589008787721908,-0.47662612964409234,0.0,4.0,0.0
1.0,0.0,0.0,1.0,0.0,0.0,0.0,0.0,0.0,0.0,0.0,1.0,0.0,0.0,1.0,1.0,0.0,0.0,0.0,0.0,1.0,0.06521739130434782,-0.9330572808833679,-0.9481634761892536,-0.0910409461117927,0.0,0.0,0.0
0.0,0.0,0.0,1.0,1.0,0.0,0.0,0.0,0.0,0.0,0.0,0.0,0.0,1.0,0.0,0.0,1.0,0.0,0.0,1.0,0.0,-0.5652173913043478,0.09753853232114097,0.21153179106492723,5.906950797723977,0.0,0.0,0.0
1.0,0.0,0.0,1.0,1.0,0.0,0.0,0.0,0.0,1.0,1.0,0.0,0.0,1.0,0.0,0.0,1.0,0.0,0.0,1.0,0.0,0.45652173913043476,0.46376811594202905,0.47309518690106095,1.2049536985384361,1.0,2.0,1.0
1.0,1.0,1.0,1.0,1.0,1.0,0.0,0.0,0.0,0.0,0.0,0.0,1.0,0.0,0.0,1.0,0.0,0.0,0.0,1.0,0.0,-0.3695652173913043,-0.39199447895100065,-0.42251534985324546,0.4230726319312733,0.0,1.0,0.0
0.0,1.0,1.0,1.0,1.0,0.0,0.0,0.0,0.0,1.0,1.0,0.0,0.0,1.0,0.0,1.0,0.0,0.0,0.0,1.0,0.0,-0.41304347826086957,0.3377041637911202,0.4108190629381088,0.9603927256498939,0.0,2.0,0.0
1.0,0.0,0.0,1.0,0.0,0.0,0.0,0.0,0.0,0.0,0.0,0.0,0.0,0.0,1.0,1.0,0.0,0.0,0.0,0.0,1.0,-0.5869565217391305,-0.9413388543823327,-0.8712715740920342,-0.13923909405333007,0.0,0.0,0.0
1.0,0.0,0.0,1.0,1.0,0.0,0.0,0.0,0.0,1.0,1.0,0.0,0.0,1.0,0.0,0.0,1.0,0.0,0.0,1.0,0.0,-0.41304347826086957,0.4573268921095007,0.3536698314465835,1.1924578824054446,1.0,2.0,1.0
1.0,0.0,0.0,1.0,1.0,0.0,0.0,0.0,0.0,1.0,1.0,0.0,0.0,1.0,0.0,0.0,1.0,0.0,0.0,1.0,0.0,-0.43478260869565216,0.46008741660915575,0.39569973249170853,1.1978132321767265,0.0,2.0,0.0
0.0,0.0,0.0,1.0,1.0,0.0,1.0,1.0,0.0,1.0,1.0,0.0,0.0,1.0,0.0,0.0,1.0,0.0,0.0,1.0,0.0,-0.45652173913043476,0.644122383252818,0.6083376487884421,0.04819814794153774,1.0,4.0,1.0
1.0,0.0,1.0,1.0,0.0,0.0,0.0,0.0,0.0,0.0,0.0,0.0,0.0,1.0,0.0,0.0,1.0,0.0,1.0,0.0,0.0,0.43478260869565216,0.08649643432252134,0.0823000490084947,5.842686600468594,0.0,0.0,0.0
1.0,0.0,0.0,1.0,0.0,0.0,0.0,1.0,0.0,0.0,0.0,0.0,0.0,1.0,0.0,1.0,0.0,0.0,0.0,0.0,1.0,-0.4782608695652174,0.07637451115711996,0.1323839118977473,1.7860091487225265,0.0,1.0,0.0
1.0,0.0,0.0,1.0,1.0,0.0,0.0,0.0,0.0,0.0,0.0,0.0,0.0,0.0,1.0,1.0,0.0,0.0,0.0,1.0,0.0,-0.5652173913043478,-0.9247757073844031,-0.9207335295362001,-0.042842798170255346,0.0,0.0,0.0
0.0,1.0,1.0,1.0,1.0,0.0,0.0,1.0,0.0,1.0,1.0,1.0,0.0,1.0,0.0,1.0,0.0,0.0,0.0,1.0,0.0,0.08695652173913043,0.4288014722797331,0.44273476208004436,0.29989958719178855,0.0,3.0,0.0
0.0,1.0,0.0,1.0,1.0,0.0,1.0,0.0,1.0,1.0,1.0,0.0,0.0,1.0,0.0,0.0,1.0,0.0,1.0,0.0,0.0,0.41304347826086957,0.6367609845870714,0.6490135989892369,0.03962958830748644,0.0,4.0,0.0
1.0,0.0,0.0,1.0,0.0,0.0,1.0,0.0,0.0,0.0,0.0,0.0,0.0,1.0,0.0,1.0,0.0,0.0,1.0,0.0,0.0,-0.5652173913043478,0.07269381182424667,0.05717373816177101,1.7752984491799624,0.0,1.0,0.0
0.0,0.0,0.0,0.0,1.0,1.0,0.0,0.0,1.0,1.0,1.0,1.0,1.0,0.0,0.0,1.0,0.0,1.0,0.0,0.0,0.0,0.2391304347826087,-0.2935357717966414,-0.2698264465300937,-1.0432221354457212,0.0,4.0,0.0
1.0,0.0,0.0,1.0,1.0,0.0,0.0,0.0,0.0,0.0,0.0,0.0,0.0,1.0,0.0,1.0,0.0,0.0,0.0,1.0,0.0,-0.5217391304347826,-0.013802622498274672,-0.10416717903938505,5.2589534753988625,0.0,0.0,0.0
1.0,0.0,0.0,1.0,1.0,0.0,0.0,0.0,0.0,1.0,1.0,0.0,0.0,1.0,0.0,0.0,1.0,1.0,0.0,0.0,0.0,-0.5217391304347826,0.4481251437773176,0.40374431884671436,1.1746067165011713,0.0,2.0,0.0
1.0,0.0,0.0,1.0,0.0,0.0,1.0,1.0,0.0,1.0,1.0,0.0,0.0,1.0,0.0,0.0,1.0,0.0,0.0,0.0,1.0,-0.5652173913043478,0.6892109500805154,0.6237657974293087,0.10068057570010056,0.0,4.0,0.0
0.0,1.0,1.0,1.0,0.0,0.0,1.0,0.0,1.0,0.0,1.0,2.0,1.0,0.0,0.0,1.0,0.0,1.0,0.0,0.0,0.0,0.391304347826087,-0.1233034276512538,-0.12136629440719121,-0.503402878500502,0.0,3.0,0.0
0.0,0.0,0.0,1.0,1.0,0.0,0.0,0.0,0.0,0.0,0.0,1.0,0.0,0.0,1.0,0.0,1.0,0.0,0.0,1.0,0.0,0.1956521739130435,-0.8511617207269382,-0.8549508213179691,0.38558518353229965,0.0,0.0,0.0
1.0,1.0,1.0,0.0,0.0,1.0,0.0,0.0,0.0,1.0,1.0,2.0,1.0,0.0,0.0,1.0,0.0,0.0,1.0,0.0,0.0,0.8260869565217391,-0.36070853462157815,-0.3970827030622025,-0.8488229387481869,0.0,3.0,0.0
0.0,0.0,0.0,1.0,0.0,0.0,0.0,0.0,0.0,0.0,0.0,1.0,0.0,0.0,1.0,1.0,0.0,0.0,1.0,0.0,0.0,-0.21739130434782608,-0.9247757073844031,-0.9260851245198937,-0.042842798170255346,0.0,0.0,0.0
0.0,1.0,1.0,1.0,0.0,0.0,0.0,0.0,0.0,0.0,0.0,2.0,0.0,0.0,1.0,1.0,0.0,0.0,1.0,0.0,0.0,0.5652173913043478,-0.9404186795491144,-0.9352950846711842,-0.13388374428204844,0.0,0.0,0.0
1.0,1.0,1.0,1.0,1.0,0.0,1.0,1.0,1.0,1.0,1.0,1.0,0.0,1.0,0.0,1.0,0.0,0.0,0.0,1.0,0.0,0.8913043478260869,0.6560846560846562,0.6651817081090501,-0.3168581948008478,0.0,5.0,0.0
1.0,1.0,0.0,1.0,0.0,0.0,0.0,1.0,0.0,0.0,0.0,1.0,1.0,0.0,0.0,1.0,0.0,0.0,1.0,0.0,0.0,0.6304347826086957,-0.3717506326201979,-0.3851324189717492,0.48198147941537434,0.0,1.0,0.0
1.0,0.0,0.0,1.0,1.0,0.0,0.0,1.0,0.0,1.0,1.0,0.0,0.0,1.0,0.0,1.0,0.0,0.0,0.0,1.0,0.0,-0.45652173913043476,0.4453646192776628,0.4033308597764379,0.32399866116255743,0.0,3.0,0.0
0.0,1.0,1.0,1.0,0.0,0.0,0.0,0.0,0.0,0.0,1.0,0.0,0.0,1.0,0.0,1.0,0.0,0.0,0.0,1.0,0.0,-0.5434782608695652,0.19047619047619038,0.09369595603617843,2.118040834542006,0.0,1.0,0.0
1.0,0.0,0.0,1.0,0.0,0.0,1.0,0.0,0.0,0.0,0.0,0.0,1.0,0.0,0.0,1.0,0.0,0.0,0.0,0.0,1.0,-0.5869565217391305,-0.3910743041177824,-0.40590042054769737,0.42575030681691417,0.0,1.0,0.0
1.0,1.0,1.0,1.0,1.0,1.0,0.0,0.0,0.0,0.0,0.0,0.0,1.0,0.0,0.0,1.0,0.0,0.0,0.0,0.0,1.0,-0.34782608695652173,-0.37819185645272596,-0.46675311448067236,0.4632377552158879,0.0,1.0,0.0
1.0,0.0,1.0,1.0,0.0,0.0,0.0,0.0,0.0,0.0,0.0,0.0,0.0,1.0,0.0,1.0,0.0,0.0,0.0,1.0,0.0,-0.5652173913043478,-0.01564297216471119,0.05104841860212178,5.2482427758562995,0.0,0.0,0.0
0.0,0.0,0.0,0.0,1.0,0.0,0.0,0.0,1.0,0.0,0.0,2.0,1.0,0.0,0.0,1.0,0.0,0.0,0.0,0.0,1.0,-0.41304347826086957,-0.7527030135725787,-0.7476013721827197,-0.6265759232399865,0.0,1.0,0.0
0.0,1.0,0.0,1.0,1.0,0.0,0.0,1.0,1.0,1.0,1.0,0.0,0.0,1.0,0.0,1.0,0.0,0.0,1.0,0.0,0.0,0.41304347826086957,0.543823326432022,0.553477755482335,-0.06854847707240885,0.0,4.0,0.0
1.0,0.0,0.0,1.0,1.0,0.0,0.0,0.0,0.0,0.0,0.0,0.0,0.0,1.0,0.0,0.0,1.0,0.0,0.0,1.0,0.0,-0.43478260869565216,0.06533241315850007,0.0881066019379988,5.719513555729109,1.0,0.0,1.0
1.0,1.0,0.0,1.0,1.0,0.0,1.0,1.0,1.0,0.0,1.0,0.0,0.0,1.0,0.0,0.0,1.0,0.0,0.0,1.0,0.0,0.2826086956521739,0.5327812284334024,0.5133569123666342,-0.08140131652348523,0.0,4.0,0.0
0.0,1.0,1.0,1.0,1.0,0.0,0.0,0.0,0.0,0.0,0.0,2.0,0.0,0.0,1.0,0.0,1.0,0.0,1.0,0.0,0.0,0.13043478260869565,-0.829997699562917,-0.7984634006690915,0.5087582282717841,0.0,0.0,0.0
0.0,0.0,0.0,1.0,0.0,1.0,1.0,0.0,0.0,0.0,0.0,0.0,1.0,0.0,0.0,1.0,0.0,0.0,0.0,0.0,1.0,-0.5869565217391305,-0.2880147227973315,-0.3397469693034876,-0.25348655584067803,1.0,2.0,1.0
1.0,0.0,0.0,0.0,1.0,0.0,1.0,1.0,0.0,0.0,0.0,1.0,1.0,0.0,0.0,1.0,0.0,1.0,0.0,0.0,0.0,0.8695652173913043,-0.6395215090867264,-0.6334027785403149,-0.9354010933839116,0.0,2.0,0.0
0.0,1.0,1.0,1.0,0.0,0.0,0.0,0.0,0.0,0.0,0.0,0.0,0.0,0.0,1.0,1.0,0.0,0.0,0.0,0.0,1.0,-0.6086956521739131,-0.939498504715896,-0.9397220201711122,-0.12852839451076642,0.0,0.0,0.0
1.0,0.0,0.0,1.0,0.0,0.0,0.0,0.0,1.0,0.0,0.0,0.0,1.0,0.0,0.0,1.0,0.0,0.0,0.0,0.0,1.0,-0.5,-0.3763515067862895,-0.4140164689642323,0.4685931049871695,0.0,1.0,0.0
0.0,0.0,0.0,1.0,0.0,0.0,0.0,0.0,0.0,0.0,0.0,0.0,0.0,0.0,1.0,1.0,0.0,0.0,0.0,1.0,0.0,-0.6086956521739131,-0.9339774557165862,-0.9342092325674282,-0.09639629588307472,0.0,0.0,0.0
1.0,0.0,0.0,1.0,0.0,0.0,0.0,0.0,0.0,0.0,0.0,2.0,0.0,0.0,1.0,0.0,1.0,1.0,0.0,0.0,0.0,0.30434782608695654,-0.8106740280653324,-0.8227569064402322,0.6212205734687047,0.0,0.0,0.0
1.0,1.0,1.0,1.0,0.0,0.0,0.0,0.0,0.0,0.0,0.0,2.0,0.0,0.0,1.0,0.0,1.0,0.0,0.0,0.0,1.0,-0.10869565217391304,-0.8520818955601565,-0.8308061817511025,0.3802298337610176,0.0,0.0,0.0
1.0,0.0,0.0,1.0,0.0,0.0,0.0,0.0,0.0,0.0,0.0,0.0,0.0,0.0,1.0,1.0,0.0,0.0,0.0,0.0,1.0,-0.43478260869565216,-0.9220151828847482,-0.9259400511619018,-0.026776748856409686,0.0,0.0,0.0
1.0,0.0,0.0,1.0,1.0,0.0,0.0,1.0,1.0,1.0,0.0,0.0,0.0,1.0,0.0,0.0,1.0,0.0,1.0,0.0,0.0,-0.13043478260869565,0.4858523119392686,0.3690457151325106,0.3829075086466588,0.0,3.0,0.0
0.0,1.0,0.0,1.0,1.0,0.0,0.0,0.0,0.0,0.0,0.0,2.0,0.0,0.0,1.0,1.0,0.0,0.0,1.0,0.0,0.0,0.8913043478260869,-0.9376581550494595,-0.9133262680972818,-0.1178176949682024,1.0,0.0,1.0
0.0,0.0,0.0,1.0,1.0,1.0,0.0,0.0,0.0,0.0,0.0,0.0,0.0,1.0,0.0,0.0,1.0,0.0,0.0,1.0,0.0,-0.3695652173913043,0.1555095468138947,0.12294435693350268,2.0162891888876495,0.0,1.0,0.0
1.0,0.0,0.0,1.0,0.0,0.0,0.0,0.0,0.0,0.0,0.0,0.0,0.0,1.0,0.0,0.0,1.0,1.0,0.0,0.0,0.0,0.3695652173913043,0.04232804232804228,0.0009273255096893414,5.585629811447061,0.0,0.0,0.0
1.0,1.0,1.0,1.0,0.0,0.0,0.0,0.0,0.0,0.0,0.0,2.0,0.0,0.0,1.0,1.0,0.0,0.0,0.0,0.0,1.0,0.5,-0.9440993788819876,-0.9244028315416438,-0.1553051433671761,0.0,0.0,0.0
1.0,1.0,1.0,1.0,0.0,0.0,0.0,0.0,0.0,0.0,0.0,2.0,0.0,0.0,1.0,0.0,1.0,1.0,0.0,0.0,0.0,0.9347826086956522,-0.8502415458937199,-0.8777414428769134,0.39094053330358164,0.0,0.0,0.0
1.0,0.0,0.0,1.0,1.0,0.0,1.0,0.0,0.0,0.0,0.0,0.0,0.0,1.0,0.0,0.0,1.0,0.0,0.0,1.0,0.0,-0.2391304347826087,0.18679549114331734,0.18509082829910867,2.107330134999443,0.0,1.0,0.0
0.0,1.0,1.0,1.0,0.0,1.0,1.0,0.0,1.0,0.0,1.0,2.0,1.0,0.0,0.0,1.0,0.0,1.0,0.0,0.0,0.0,-0.2826086956521739,-0.041407867494824016,-0.01673207065011974,-0.749748967979471,0.0,4.0,0.0
0.0,1.0,0.0,1.0,1.0,0.0,1.0,1.0,1.0,0.0,1.0,2.0,1.0,0.0,0.0,1.0,0.0,0.0,0.0,0.0,1.0,0.7608695652173914,-0.040487692661605755,-0.03987429361141866,-0.7486778980252147,0.0,4.0,0.0
1.0,0.0,0.0,1.0,1.0,0.0,0.0,0.0,0.0,0.0,0.0,0.0,1.0,0.0,0.0,1.0,0.0,1.0,0.0,0.0,0.0,-0.5869565217391305,-0.43984357027835286,-0.48951103253690686,2.7794265312953255,0.0,0.0,0.0
1.0,1.0,1.0,1.0,0.0,0.0,1.0,1.0,1.0,0.0,0.0,2.0,0.0,1.0,0.0,0.0,1.0,1.0,0.0,0.0,0.0,0.9347826086956522,0.36714975845410636,0.3786126431367712,0.21019747852281626,0.0,3.0,0.0
1.0,0.0,1.0,0.0,1.0,1.0,1.0,0.0,1.0,0.0,0.0,1.0,1.0,0.0,0.0,1.0,0.0,1.0,0.0,0.0,0.0,0.7391304347826086,-0.5502645502645502,-0.5419846034312339,-1.1246234519692067,0.0,3.0,0.0
0.0,0.0,0.0,1.0,1.0,0.0,0.0,0.0,0.0,0.0,0.0,0.0,0.0,1.0,0.0,1.0,0.0,0.0,0.0,1.0,0.0,-0.6086956521739131,-0.0036806993328732983,-0.0053045213466494275,5.317862322882964,0.0,0.0,0.0
1.0,0.0,0.0,1.0,0.0,0.0,0.0,0.0,0.0,0.0,0.0,0.0,0.0,0.0,1.0,1.0,0.0,0.0,0.0,0.0,1.0,-0.6086956521739131,-0.9266160570508397,-0.9268588490958493,-0.05355349771281937,0.0,0.0,0.0
1.0,1.0,1.0,0.0,0.0,1.0,0.0,1.0,0.0,0.0,0.0,1.0,1.0,0.0,0.0,1.0,0.0,0.0,0.0,0.0,1.0,0.6521739130434783,-0.6570048309178744,-0.6803562644102099,-0.9693183086020305,0.0,2.0,0.0
0.0,1.0,1.0,1.0,1.0,0.0,0.0,0.0,1.0,0.0,0.0,0.0,0.0,1.0,0.0,0.0,1.0,0.0,0.0,1.0,0.0,0.4782608695652174,0.18863584080975385,0.18623782441272912,2.1126854847707244,0.0,1.0,0.0
0.0,0.0,0.0,0.0,1.0,1.0,1.0,1.0,1.0,1.0,1.0,2.0,1.0,0.0,0.0,1.0,0.0,0.0,0.0,0.0,1.0,-0.5,-0.13066482631700027,-0.22887868527383978,-1.2416760969700833,0.0,6.0,0.0
0.0,0.0,0.0,1.0,0.0,0.0,1.0,1.0,1.0,1.0,0.0,2.0,1.0,0.0,0.0,1.0,0.0,0.0,0.0,0.0,1.0,0.6086956521739131,-0.013802622498274672,-0.041637337892567586,-0.7176168693517795,0.0,4.0,0.0
0.0,1.0,0.0,1.0,0.0,0.0,0.0,0.0,1.0,1.0,1.0,1.0,0.0,1.0,0.0,0.0,1.0,0.0,0.0,1.0,0.0,0.3695652173913043,0.5475040257648953,0.6019210436519077,0.4726096173156311,1.0,3.0,0.0
1.0,0.0,0.0,0.0,1.0,0.0,0.0,1.0,1.0,1.0,1.0,0.0,1.0,0.0,0.0,1.0,0.0,0.0,0.0,1.0,0.0,-0.32608695652173914,-0.28525419829767656,-0.28389718060425884,-1.0335825058574137,0.0,4.0,0.0
1.0,0.0,0.0,1.0,0.0,0.0,0.0,1.0,0.0,0.0,0.0,0.0,1.0,0.0,0.0,0.0,1.0,0.0,0.0,1.0,0.0,-0.391304347826087,-0.3082585691281344,-0.2814450640402825,0.6667410465246013,0.0,1.0,0.0
0.0,0.0,0.0,1.0,1.0,0.0,0.0,0.0,0.0,0.0,0.0,0.0,0.0,0.0,1.0,1.0,0.0,0.0,0.0,0.0,1.0,-0.5652173913043478,-0.9293765815504946,-0.919202199646288,-0.06961954702666504,0.0,0.0,0.0
0.0,1.0,0.0,1.0,0.0,0.0,1.0,0.0,0.0,1.0,0.0,1.0,1.0,0.0,0.0,0.0,1.0,1.0,0.0,0.0,0.0,0.2391304347826087,-0.12146307798481715,-0.08661813850099054,0.06961954702666541,0.0,2.0,0.0
1.0,0.0,0.0,1.0,1.0,0.0,1.0,1.0,0.0,0.0,0.0,0.0,0.0,1.0,0.0,1.0,0.0,0.0,1.0,0.0,0.0,0.08695652173913043,0.15642972164711297,0.13774953273279092,0.6087247573357135,0.0,2.0,0.0
1.0,0.0,0.0,1.0,1.0,1.0,0.0,0.0,0.0,0.0,0.0,0.0,0.0,1.0,0.0,0.0,1.0,0.0,0.0,1.0,0.0,-0.43478260869565216,0.19599723947550046,0.3045345597122652,2.1341068838558526,0.0,1.0,0.0
0.0,1.0,1.0,1.0,0.0,1.0,1.0,1.0,0.0,0.0,0.0,0.0,1.0,0.0,0.0,1.0,0.0,0.0,0.0,0.0,1.0,-0.15217391304347827,-0.17207269381182427,-0.10933750559496154,-0.5743612629699877,0.0,3.0,0.0
0.0,0.0,0.0,1.0,0.0,0.0,0.0,0.0,0.0,0.0,0.0,2.0,0.0,0.0,1.0,1.0,0.0,0.0,0.0,0.0,1.0,-0.30434782608695654,-0.9367379802162411,-0.8909032232807093,-0.11246234519692037,0.0,0.0,0.0
1.0,1.0,1.0,1.0,0.0,0.0,0.0,0.0,0.0,0.0,0.0,2.0,0.0,0.0,1.0,0.0,1.0,0.0,0.0,0.0,1.0,-0.6304347826086957,-0.8235564757303888,-0.8239534804937452,0.5462456766707577,0.0,0.0,0.0
1.0,0.0,0.0,1.0,1.0,0.0,0.0,1.0,0.0,0.0,0.0,0.0,0.0,1.0,0.0,1.0,0.0,0.0,1.0,0.0,0.0,-0.5652173913043478,0.05705083965953521,0.12700238114177015,1.7297779761240655,0.0,1.0,0.0
1.0,0.0,0.0,1.0,1.0,0.0,0.0,1.0,0.0,1.0,0.0,0.0,0.0,1.0,0.0,1.0,0.0,0.0,0.0,1.0,0.0,-0.34782608695652173,0.23372440763745117,0.20206110466885413,0.758674550931608,0.0,2.0,0.0
1.0,0.0,0.0,1.0,0.0,0.0,0.0,0.0,0.0,0.0,0.0,0.0,0.0,0.0,1.0,1.0,0.0,0.0,0.0,0.0,1.0,-0.17391304347826086,-0.9293765815504946,-0.9316278478958617,-0.06961954702666504,0.0,0.0,0.0
1.0,0.0,0.0,1.0,0.0,0.0,1.0,0.0,0.0,1.0,0.0,0.0,1.0,0.0,0.0,1.0,0.0,0.0,0.0,1.0,0.0,-0.5,-0.2033586381412468,-0.20192727921138393,-0.08925582952136549,0.0,2.0,0.0
0.0,0.0,0.0,1.0,0.0,0.0,1.0,0.0,0.0,0.0,0.0,0.0,0.0,1.0,0.0,1.0,0.0,0.0,0.0,1.0,0.0,-0.45652173913043476,0.09385783298826766,-0.06697883266286588,1.8368849715497042,0.0,1.0,0.0
1.0,0.0,0.0,1.0,1.0,0.0,0.0,0.0,1.0,0.0,0.0,0.0,1.0,0.0,0.0,1.0,0.0,0.0,0.0,0.0,1.0,-0.5652173913043478,-0.3680699332873246,-0.392118451538487,0.4926921789579384,0.0,1.0,0.0
1.0,1.0,1.0,1.0,0.0,0.0,0.0,0.0,0.0,0.0,0.0,2.0,0.0,0.0,1.0,1.0,0.0,0.0,0.0,0.0,1.0,0.7391304347826086,-0.9376581550494595,-0.9338154620243078,-0.1178176949682024,0.0,0.0,0.0
0.0,1.0,0.0,1.0,1.0,0.0,0.0,0.0,0.0,0.0,0.0,1.0,0.0,0.0,1.0,1.0,0.0,1.0,0.0,0.0,0.0,0.45652173913043476,-0.9321371060501495,-0.9505270838743333,-0.08568559634051069,0.0,0.0,0.0
0.0,0.0,0.0,1.0,1.0,1.0,1.0,1.0,0.0,1.0,1.0,0.0,0.0,1.0,0.0,0.0,1.0,0.0,1.0,0.0,0.0,0.782608695652174,0.7462617897400505,0.7120646347737878,-0.22938748186990954,0.0,5.0,0.0
1.0,0.0,0.0,1.0,0.0,0.0,0.0,1.0,0.0,0.0,0.0,0.0,0.0,1.0,0.0,1.0,0.0,0.0,0.0,1.0,0.0,0.32608695652173914,0.061651713825626765,0.006890433049379277,1.7431663505522703,1.0,1.0,1.0
0.0,0.0,0.0,1.0,1.0,0.0,1.0,0.0,0.0,0.0,0.0,0.0,1.0,0.0,0.0,1.0,0.0,0.0,1.0,0.0,0.0,-0.5869565217391305,-0.3947550034506557,-0.46010949865059153,0.41503960727435013,0.0,1.0,0.0
1.0,1.0,0.0,1.0,1.0,0.0,0.0,0.0,0.0,1.0,0.0,0.0,0.0,1.0,0.0,1.0,0.0,0.0,0.0,1.0,0.0,-0.41304347826086957,0.17391304347826092,0.27805276148271574,2.069842686600469,0.0,1.0,0.0
1.0,1.0,0.0,1.0,1.0,0.0,0.0,1.0,0.0,1.0,1.0,0.0,0.0,1.0,0.0,0.0,1.0,0.0,0.0,1.0,0.0,0.391304347826087,0.543823326432022,0.6073382116741218,0.46725426754434907,1.0,3.0,1.0
1.0,1.0,1.0,1.0,0.0,0.0,1.0,1.0,0.0,1.0,0.0,1.0,0.0,1.0,0.0,0.0,1.0,0.0,1.0,0.0,0.0,0.8695652173913043,0.4646882907752473,0.4369302349479259,0.35211424746178754,0.0,3.0,0.0
0.0,1.0,0.0,0.0,1.0,0.0,0.0,0.0,0.0,1.0,0.0,0.0,1.0,0.0,0.0,1.0,0.0,1.0,0.0,0.0,0.0,-0.08695652173913043,-0.6717276282493674,-0.6701467063509575,-0.39094053330358125,0.0,1.0,0.0
1.0,0.0,0.0,0.0,1.0,1.0,1.0,0.0,1.0,1.0,0.0,0.0,1.0,0.0,0.0,1.0,0.0,1.0,0.0,0.0,0.0,-0.3695652173913043,-0.35978835978835977,-0.3695313356622813,-1.120339172152181,0.0,4.0,0.0
1.0,1.0,0.0,1.0,1.0,0.0,0.0,0.0,0.0,0.0,0.0,2.0,0.0,0.0,1.0,0.0,1.0,1.0,0.0,0.0,0.0,0.9347826086956522,-0.8373590982286635,-0.8370846342997429,0.4659154301015287,1.0,0.0,1.0
1.0,0.0,1.0,0.0,0.0,0.0,0.0,0.0,0.0,0.0,0.0,0.0,1.0,0.0,0.0,1.0,0.0,0.0,1.0,0.0,0.0,0.043478260869565216,-0.8373590982286635,-0.8293180748822765,0.4659154301015287,0.0,0.0,0.0
0.0,1.0,0.0,1.0,1.0,0.0,0.0,0.0,0.0,0.0,0.0,0.0,0.0,1.0,0.0,1.0,0.0,0.0,0.0,0.0,1.0,-0.6086956521739131,-0.02024384633080275,-0.021842884157701713,5.22146602699989,0.0,0.0,0.0
0.0,1.0,0.0,0.0,0.0,1.0,1.0,1.0,0.0,1.0,0.0,1.0,1.0,0.0,0.0,1.0,0.0,1.0,0.0,0.0,0.0,-0.06521739130434782,-0.4168391994478951,-0.45572753927330406,-1.186745509316077,0.0,4.0,0.0
0.0,1.0,1.0,1.0,1.0,0.0,1.0,0.0,0.0,1.0,0.0,0.0,0.0,1.0,0.0,1.0,0.0,0.0,0.0,1.0,0.0,-0.45652173913043476,0.24016563146997924,0.2649369209756171,0.7711703670645988,0.0,2.0,0.0
1.0,1.0,0.0,1.0,1.0,1.0,1.0,0.0,0.0,0.0,1.0,0.0,0.0,1.0,0.0,0.0,1.0,0.0,0.0,1.0,0.0,0.13043478260869565,0.4426040947780078,0.46979276461275876,0.3199821488340958,1.0,3.0,1.0
1.0,0.0,0.0,1.0,0.0,0.0,1.0,0.0,0.0,1.0,1.0,1.0,0.0,1.0,0.0,0.0,1.0,0.0,0.0,1.0,0.0,-0.021739130434782608,0.546583850931677,0.4672529446096326,0.4712707798728107,0.0,3.0,0.0
0.0,0.0,0.0,1.0,1.0,0.0,1.0,1.0,1.0,1.0,1.0,1.0,0.0,1.0,0.0,1.0,0.0,0.0,0.0,0.0,1.0,-0.17391304347826086,0.62663906142167,0.6624428152202353,-0.34542006024768473,0.0,5.0,0.0
1.0,0.0,1.0,1.0,0.0,0.0,0.0,0.0,0.0,1.0,1.0,0.0,1.0,0.0,0.0,1.0,0.0,0.0,1.0,0.0,0.0,-0.34782608695652173,-0.07545433632390144,-0.12142644484476539,0.15887537654803127,0.0,2.0,0.0
0.0,1.0,1.0,1.0,1.0,0.0,1.0,1.0,1.0,0.0,1.0,2.0,0.0,1.0,0.0,0.0,1.0,1.0,0.0,0.0,0.0,0.9347826086956522,0.5180584311019095,0.5224555641291959,-0.09853843579158744,0.0,4.0,0.0
0.0,0.0,0.0,1.0,0.0,0.0,0.0,0.0,0.0,0.0,0.0,0.0,1.0,0.0,0.0,1.0,0.0,0.0,0.0,0.0,1.0,-0.6086956521739131,-0.48033126293995865,-0.48124185113138074,2.5437911413589203,0.0,0.0,0.0
1.0,1.0,0.0,1.0,0.0,0.0,0.0,0.0,0.0,0.0,0.0,2.0,0.0,0.0,1.0,1.0,0.0,0.0,1.0,0.0,0.0,0.8913043478260869,-0.9321371060501495,-0.920742279992714,-0.08568559634051069,0.0,0.0,0.0
0.0,0.0,0.0,1.0,1.0,0.0,0.0,0.0,1.0,1.0,0.0,0.0,1.0,0.0,0.0,0.0,1.0,0.0,0.0,1.0,0.0,-0.5652173913043478,-0.12698412698412695,-0.34372842701725953,0.058908847484101384,0.0,2.0,0.0
0.0,0.0,0.0,1.0,0.0,1.0,1.0,0.0,1.0,0.0,1.0,0.0,1.0,0.0,0.0,1.0,0.0,1.0,0.0,0.0,0.0,-0.34782608695652173,-0.04968944099378887,-0.10658432437330823,-0.7593885975677787,0.0,4.0,0.0
1.0,0.0,0.0,1.0,1.0,1.0,1.0,1.0,1.0,1.0,1.0,2.0,0.0,1.0,0.0,0.0,1.0,0.0,1.0,0.0,0.0,0.8260869565217391,0.8391994478951,0.8530858767941695,-0.43531343140848877,1.0,6.0,0.0
1.0,1.0,0.0,1.0,1.0,0.0,1.0,1.0,0.0,0.0,1.0,1.0,1.0,0.0,0.0,0.0,1.0,0.0,1.0,0.0,0.0,0.41304347826086957,0.0009201748332182592,0.012344055634589544,-0.3226598237197366,0.0,3.0,0.0
0.0,0.0,0.0,1.0,1.0,0.0,1.0,1.0,0.0,1.0,1.0,0.0,0.0,1.0,0.0,0.0,1.0,0.0,0.0,1.0,0.0,0.2608695652173913,0.6238785369220153,0.5556776415924777,0.024634608947897336,1.0,4.0,1.0
0.0,0.0,0.0,1.0,1.0,1.0,1.0,1.0,1.0,1.0,0.0,2.0,1.0,0.0,0.0,1.0,0.0,0.0,1.0,0.0,0.0,0.6086956521739131,0.06993328732459163,0.046035328120409356,-0.8854178288519469,0.0,5.0,0.0
1.0,0.0,0.0,1.0,1.0,0.0,0.0,0.0,0.0,0.0,0.0,0.0,1.0,0.0,0.0,1.0,0.0,0.0,0.0,0.0,1.0,-0.6086956521739131,-0.47020933977455714,-0.4711350738579597,2.602699988843022,0.0,0.0,0.0
1.0,0.0,0.0,1.0,1.0,0.0,0.0,0.0,0.0,0.0,0.0,2.0,0.0,0.0,1.0,0.0,1.0,0.0,0.0,0.0,1.0,0.2391304347826087,-0.84472049689441,-0.8497027925926198,0.4230726319312733,0.0,0.0,0.0
1.0,0.0,0.0,1.0,1.0,0.0,0.0,0.0,0.0,0.0,0.0,0.0,0.0,1.0,0.0,0.0,1.0,0.0,0.0,1.0,0.0,-0.6086956521739131,0.0966183574879227,0.09484445345361263,5.901595447952695,1.0,0.0,1.0
1.0,1.0,1.0,1.0,0.0,0.0,0.0,0.0,0.0,0.0,0.0,1.0,0.0,0.0,1.0,1.0,0.0,0.0,0.0,0.0,1.0,-0.13043478260869565,-0.9358178053830228,-0.9480710970491556,-0.10710699542563874,0.0,0.0,0.0
0.0,1.0,0.0,1.0,1.0,1.0,1.0,1.0,0.0,0.0,0.0,1.0,1.0,0.0,0.0,1.0,0.0,0.0,0.0,0.0,1.0,0.32608695652173914,-0.16563146997929606,-0.16024726384413565,-0.5649894008702442,0.0,3.0,0.0
1.0,1.0,1.0,1.0,1.0,0.0,0.0,1.0,0.0,0.0,0.0,0.0,0.0,1.0,0.0,0.0,1.0,1.0,0.0,0.0,0.0,-0.43478260869565216,0.16287094547964104,0.05298810312934422,2.037710587972777,0.0,1.0,0.0
1.0,1.0,0.0,1.0,1.0,0.0,1.0,0.0,0.0,0.0,0.0,0.0,0.0,1.0,0.0,0.0,1.0,1.0,0.0,0.0,0.0,0.0,0.17759374281113421,0.13824973516078085,2.080553386143033,0.0,1.0,0.0
1.0,0.0,0.0,1.0,1.0,1.0,1.0,0.0,0.0,0.0,0.0,0.0,1.0,0.0,0.0,1.0,0.0,0.0,1.0,0.0,0.0,-0.2608695652173913,-0.27605244996549344,-0.28737548706848814,-0.23028004016512316,0.0,2.0,0.0
1.0,0.0,0.0,1.0,0.0,0.0,0.0,0.0,1.0,1.0,0.0,1.0,1.0,0.0,0.0,1.0,0.0,0.0,1.0,0.0,0.0,-0.06521739130434782,-0.2033586381412468,-0.2320355807391974,-0.08925582952136549,0.0,2.0,0.0
1.0,1.0,0.0,1.0,1.0,0.0,1.0,1.0,1.0,1.0,0.0,1.0,1.0,0.0,0.0,1.0,0.0,0.0,0.0,1.0,0.0,0.32608695652173914,0.008281573498964856,0.06036864915936065,-0.691911190449626,0.0,4.0,0.0
0.0,1.0,0.0,1.0,1.0,1.0,1.0,1.0,1.0,0.0,1.0,2.0,0.0,1.0,0.0,0.0,1.0,0.0,1.0,0.0,0.0,0.15217391304347827,0.6542443064182194,0.6601093601498929,-0.31864331139127505,0.0,5.0,0.0
0.0,1.0,1.0,1.0,1.0,0.0,1.0,0.0,1.0,0.0,0.0,1.0,0.0,1.0,0.0,0.0,1.0,1.0,0.0,0.0,0.0,0.8478260869565217,0.24200598113641603,0.25222913484506587,0.7747406002454541,0.0,2.0,0.0
0.0,1.0,1.0,0.0,0.0,0.0,1.0,0.0,1.0,0.0,0.0,0.0,1.0,0.0,0.0,1.0,0.0,0.0,0.0,1.0,0.0,-0.5217391304347826,-0.6671267540832758,-0.696056808088273,-0.988954591096731,0.0,2.0,0.0
1.0,0.0,0.0,1.0,1.0,0.0,0.0,1.0,0.0,1.0,1.0,0.0,0.0,1.0,0.0,0.0,1.0,0.0,0.0,1.0,0.0,0.4782608695652174,0.5024154589371981,0.4731910301365237,0.4070065826174273,1.0,3.0,1.0
1.0,0.0,1.0,1.0,0.0,1.0,1.0,1.0,1.0,1.0,1.0,2.0,1.0,0.0,0.0,0.0,1.0,0.0,0.0,0.0,1.0,0.6086956521739131,0.35058661145617664,0.31877324114478284,-0.84155496405859,0.0,6.0,0.0
1.0,0.0,1.0,0.0,0.0,1.0,1.0,1.0,1.0,1.0,1.0,2.0,1.0,0.0,0.0,1.0,0.0,0.0,1.0,0.0,0.0,0.9347826086956522,-0.060731538992408504,-0.10481544202611459,-1.183532299453308,0.0,6.0,0.0
1.0,1.0,0.0,1.0,1.0,0.0,0.0,0.0,0.0,0.0,0.0,0.0,1.0,0.0,0.0,1.0,0.0,1.0,0.0,0.0,0.0,-0.391304347826087,-0.4527260179434093,-0.4252787042454961,2.7044516344973784,0.0,0.0,0.0
0.0,1.0,1.0,1.0,1.0,0.0,1.0,0.0,0.0,1.0,0.0,0.0,1.0,0.0,0.0,1.0,0.0,0.0,1.0,0.0,0.0,-0.5652173913043478,-0.21716126063952146,-0.2644055387198042,-0.11603257837777518,0.0,2.0,0.0
0.0,0.0,0.0,1.0,0.0,1.0,1.0,0.0,0.0,0.0,0.0,0.0,0.0,1.0,0.0,1.0,0.0,0.0,0.0,1.0,0.0,-0.15217391304347827,0.20611916264090183,0.2238102725458599,0.7051210532187886,1.0,2.0,1.0
0.0,1.0,1.0,1.0,0.0,0.0,0.0,0.0,0.0,0.0,0.0,2.0,0.0,0.0,1.0,1.0,0.0,0.0,0.0,0.0,1.0,0.6521739130434783,-0.9183344835518749,-0.8966008086609387,-0.005355349771281633,0.0,0.0,0.0
1.0,1.0,1.0,1.0,0.0,0.0,1.0,1.0,1.0,1.0,1.0,1.0,0.0,1.0,0.0,1.0,0.0,0.0,1.0,0.0,0.0,0.6956521739130435,0.6146767885898322,0.6456412214632352,-0.35702331808546234,0.0,5.0,0.0
1.0,1.0,0.0,1.0,1.0,1.0,1.0,1.0,0.0,0.0,0.0,1.0,0.0,1.0,0.0,1.0,0.0,0.0,1.0,0.0,0.0,0.6521739130434783,0.2291235334713596,0.22998561397556466,0.009371862099743618,1.0,3.0,1.0
0.0,0.0,0.0,1.0,1.0,0.0,1.0,0.0,0.0,1.0,1.0,0.0,0.0,1.0,0.0,1.0,0.0,0.0,1.0,0.0,0.0,0.15217391304347827,0.44720496894409933,0.5229277241785855,0.32667633604819823,0.0,3.0,0.0
1.0,0.0,0.0,1.0,0.0,0.0,0.0,0.0,0.0,0.0,0.0,0.0,0.0,0.0,1.0,1.0,0.0,0.0,0.0,0.0,1.0,-0.5217391304347826,-0.9247757073844031,-0.8935983638869549,-0.042842798170255346,0.0,0.0,0.0
1.0,0.0,0.0,1.0,1.0,0.0,0.0,0.0,0.0,0.0,0.0,0.0,1.0,0.0,0.0,0.0,1.0,0.0,0.0,1.0,0.0,-0.6086956521739131,-0.37451115711985283,-0.3755800887274346,3.159656365056343,0.0,0.0,0.0
1.0,0.0,0.0,1.0,1.0,0.0,0.0,0.0,0.0,0.0,0.0,0.0,0.0,1.0,0.0,0.0,1.0,0.0,1.0,0.0,0.0,-0.3695652173913043,0.051529790660225394,-0.029116701134785133,5.63918330915988,1.0,0.0,1.0
1.0,0.0,0.0,1.0,0.0,0.0,0.0,0.0,0.0,0.0,0.0,0.0,0.0,0.0,1.0,1.0,0.0,0.0,0.0,1.0,0.0,-0.6086956521739131,-0.9174143087186566,-0.9176708697563757,0.0,0.0,0.0,0.0
1.0,1.0,0.0,1.0,0.0,0.0,1.0,0.0,1.0,1.0,0.0,1.0,1.0,0.0,0.0,0.0,1.0,0.0,1.0,0.0,0.0,0.2391304347826087,0.004600874166091558,0.045114515278711936,-0.3173044739484546,0.0,3.0,0.0
0.0,1.0,1.0,1.0,1.0,0.0,0.0,1.0,0.0,1.0,1.0,0.0,0.0,1.0,0.0,1.0,0.0,0.0,0.0,1.0,0.0,0.2826086956521739,0.39843570278352897,0.39844154219936073,0.2557179515787128,0.0,3.0,0.0
0.0,1.0,1.0,1.0,0.0,0.0,0.0,0.0,0.0,0.0,0.0,2.0,0.0,0.0,1.0,1.0,0.0,1.0,0.0,0.0,0.0,0.8695652173913043,-0.9348976305498045,-0.9251144646125579,-0.10175164565435672,0.0,0.0,0.0
1.0,1.0,1.0,1.0,0.0,0.0,1.0,0.0,0.0,0.0,1.0,0.0,1.0,0.0,0.0,0.0,1.0,0.0,0.0,1.0,0.0,-0.021739130434782608,-0.1122613296526339,-0.11441177600289816,0.08747071293093867,0.0,2.0,0.0
1.0,0.0,0.0,1.0,0.0,1.0,1.0,0.0,0.0,1.0,1.0,1.0,0.0,1.0,0.0,1.0,0.0,1.0,0.0,0.0,0.0,0.6304347826086957,0.5272601794340926,0.5154162870461714,-0.08782773624902342,0.0,4.0,0.0
1.0,1.0,0.0,1.0,1.0,1.0,1.0,1.0,1.0,1.0,1.0,2.0,0.0,1.0,0.0,0.0,1.0,0.0,0.0,1.0,0.0,0.9130434782608695,0.8419599723947551,0.9195626552911492,-0.4330182815065107,0.0,6.0,0.0
0.0,1.0,1.0,1.0,1.0,1.0,0.0,0.0,1.0,1.0,1.0,2.0,1.0,0.0,0.0,0.0,1.0,1.0,0.0,0.0,0.0,0.8913043478260869,0.18587531631009882,0.13624286322032636,-0.48519468927814363,0.0,4.0,0.0
1.0,1.0,1.0,1.0,0.0,0.0,0.0,0.0,0.0,0.0,0.0,2.0,0.0,0.0,1.0,0.0,1.0,0.0,0.0,0.0,1.0,0.5,-0.8410397975615368,-0.8627903623940585,0.444494031016401,0.0,0.0,0.0
1.0,1.0,1.0,0.0,0.0,0.0,0.0,0.0,0.0,0.0,0.0,0.0,1.0,0.0,0.0,1.0,0.0,0.0,1.0,0.0,0.0,-0.2391304347826087,-0.8272371750632621,-0.8195126238129996,0.5248242775856301,0.0,0.0,0.0
1.0,1.0,0.0,1.0,1.0,1.0,1.0,1.0,1.0,0.0,1.0,2.0,1.0,0.0,0.0,0.0,1.0,1.0,0.0,0.0,0.0,0.9347826086956522,0.21716126063952146,0.22923141237582972,-0.7426085016177618,0.0,5.0,0.0
1.0,0.0,0.0,1.0,0.0,1.0,0.0,0.0,0.0,0.0,0.0,0.0,1.0,0.0,0.0,1.0,0.0,0.0,0.0,1.0,0.0,-0.2391304347826087,-0.38831377961812746,-0.40406282467980265,0.43378333147383696,0.0,1.0,0.0
0.0,1.0,0.0,1.0,1.0,1.0,1.0,0.0,1.0,1.0,0.0,2.0,1.0,0.0,0.0,1.0,0.0,0.0,1.0,0.0,0.0,0.6086956521739131,-0.002760524499655039,0.032591863613179374,-0.704764029900703,0.0,4.0,0.0
0.0,0.0,0.0,1.0,1.0,1.0,1.0,0.0,0.0,0.0,0.0,0.0,1.0,0.0,0.0,1.0,0.0,0.0,0.0,0.0,1.0,-0.043478260869565216,-0.2539682539682539,-0.17215142024086763,-0.18743724199486742,0.0,2.0,0.0
1.0,1.0,0.0,1.0,1.0,0.0,1.0,1.0,0.0,1.0,1.0,0.0,0.0,1.0,0.0,0.0,1.0,0.0,0.0,1.0,0.0,-0.10869565217391304,0.6284794110881069,0.6495304228270816,0.02998995871917897,0.0,4.0,0.0
1.0,1.0,1.0,1.0,0.0,0.0,0.0,0.0,0.0,0.0,0.0,1.0,0.0,0.0,1.0,1.0,0.0,0.0,0.0,0.0,1.0,-0.41304347826086957,-0.9210950080515298,-0.8517011780989555,-0.021421399085127673,0.0,0.0,0.0
0.0,1.0,1.0,1.0,0.0,0.0,0.0,0.0,0.0,0.0,0.0,2.0,0.0,0.0,1.0,0.0,1.0,0.0,0.0,0.0,1.0,0.9347826086956522,-0.8391994478951001,-0.8226263279224879,0.45520473055896465,0.0,0.0,0.0
1.0,0.0,0.0,1.0,1.0,0.0,0.0,0.0,0.0,0.0,0.0,0.0,0.0,0.0,1.0,0.0,1.0,1.0,0.0,0.0,0.0,-0.4782608695652174,-0.8364389233954452,-0.8956197193416391,0.4712707798728107,0.0,0.0,0.0
1.0,1.0,1.0,1.0,1.0,0.0,1.0,0.0,1.0,1.0,0.0,1.0,1.0,0.0,0.0,0.0,1.0,0.0,0.0,1.0,0.0,0.5434782608695652,0.0036806993328732983,-0.014220264261249758,-0.31864331139127505,0.0,3.0,0.0
0.0,1.0,0.0,1.0,1.0,1.0,1.0,0.0,1.0,0.0,0.0,0.0,0.0,1.0,0.0,1.0,0.0,0.0,0.0,1.0,0.0,0.32608695652173914,0.2696112261329654,0.23579640922962777,0.06828070958384501,1.0,3.0,0.0
1.0,1.0,0.0,1.0,1.0,0.0,0.0,0.0,0.0,0.0,1.0,1.0,0.0,1.0,0.0,1.0,0.0,0.0,0.0,1.0,0.0,0.5869565217391305,0.1913963653094089,0.1983732920823238,2.1207185094276477,0.0,1.0,0.0
1.0,0.0,0.0,1.0,0.0,0.0,0.0,0.0,0.0,0.0,0.0,0.0,0.0,0.0,1.0,1.0,0.0,0.0,0.0,0.0,1.0,-0.6086956521739131,-0.9376581550494595,-0.9378844243032176,-0.1178176949682024,0.0,0.0,0.0
0.0,0.0,0.0,1.0,1.0,0.0,1.0,1.0,1.0,1.0,1.0,2.0,0.0,1.0,0.0,0.0,1.0,1.0,0.0,0.0,0.0,0.9347826086956522,0.7563837129054519,0.7478928460891131,-0.2195693406225595,0.0,5.0,0.0
0.0,0.0,1.0,1.0,1.0,1.0,0.0,0.0,0.0,0.0,0.0,0.0,0.0,1.0,0.0,0.0,1.0,0.0,0.0,1.0,0.0,-0.3695652173913043,0.14354727398205655,0.0952272859260906,1.9814794153743167,0.0,1.0,0.0
1.0,1.0,0.0,1.0,0.0,1.0,0.0,0.0,1.0,0.0,0.0,1.0,1.0,0.0,0.0,1.0,0.0,0.0,0.0,0.0,1.0,-0.021739130434782608,-0.2972164711295146,-0.36097776442005686,-0.2713377217449513,0.0,2.0,0.0
0.0,1.0,1.0,1.0,1.0,1.0,1.0,0.0,0.0,1.0,1.0,1.0,0.0,1.0,0.0,0.0,1.0,0.0,0.0,1.0,0.0,0.9347826086956522,0.6192776627559238,0.5667620422773244,0.019279259176615323,0.0,4.0,0.0
1.0,0.0,0.0,1.0,0.0,0.0,0.0,1.0,0.0,0.0,0.0,0.0,1.0,0.0,0.0,1.0,0.0,0.0,0.0,1.0,0.0,-0.5217391304347826,-0.3708304577869795,-0.42519517716059185,0.4846591543010155,1.0,1.0,1.0
1.0,0.0,0.0,1.0,1.0,1.0,1.0,1.0,1.0,0.0,0.0,0.0,0.0,1.0,0.0,0.0,1.0,0.0,1.0,0.0,0.0,0.021739130434782608,0.45088566827697263,0.45005173471766113,-0.17672654245230376,0.0,4.0,0.0
1.0,0.0,0.0,1.0,1.0,0.0,1.0,0.0,0.0,1.0,1.0,0.0,0.0,1.0,0.0,0.0,1.0,0.0,0.0,1.0,0.0,-0.15217391304347827,0.5548654244306419,0.720838191268928,0.48332031685819515,0.0,3.0,0.0
1.0,1.0,0.0,1.0,1.0,1.0,0.0,1.0,0.0,1.0,1.0,0.0,0.0,1.0,0.0,0.0,1.0,0.0,0.0,1.0,0.0,0.782608695652174,0.6211180124223603,0.6289346247807966,0.021421399085128055,0.0,4.0,0.0
0.0,0.0,0.0,1.0,1.0,0.0,0.0,0.0,0.0,0.0,1.0,0.0,0.0,1.0,0.0,0.0,1.0,0.0,0.0,1.0,0.0,0.43478260869565216,0.25764895330112725,0.16795451762628094,2.313511101193797,0.0,1.0,0.0
0.0,0.0,0.0,1.0,1.0,0.0,1.0,1.0,0.0,0.0,0.0,0.0,0.0,1.0,0.0,1.0,0.0,0.0,0.0,1.0,0.0,-0.34782608695652173,0.19599723947550046,0.04897523352039455,0.6854847707240882,0.0,2.0,0.0
1.0,1.0,0.0,1.0,0.0,1.0,1.0,1.0,1.0,1.0,1.0,2.0,0.0,1.0,0.0,1.0,0.0,1.0,0.0,0.0,0.0,0.5434782608695652,0.7223372440763746,0.7821393375993453,-0.5324747772588896,0.0,6.0,0.0
1.0,1.0,1.0,1.0,0.0,0.0,0.0,0.0,0.0,0.0,0.0,2.0,0.0,0.0,1.0,1.0,0.0,0.0,0.0,0.0,1.0,0.6086956521739131,-0.9155739590522199,-0.93504743419138,0.010710699542564027,0.0,0.0,0.0
0.0,0.0,0.0,1.0,0.0,0.0,0.0,0.0,0.0,0.0,0.0,0.0,1.0,0.0,0.0,1.0,0.0,1.0,0.0,0.0,0.0,-0.6086956521739131,-0.4849321371060502,-0.4858358408011175,2.5170143925025106,0.0,0.0,0.0
1.0,1.0,1.0,1.0,0.0,1.0,1.0,1.0,1.0,1.0,1.0,2.0,1.0,0.0,0.0,0.0,1.0,0.0,1.0,0.0,0.0,0.9130434782608695,0.36438923395445133,0.3301214286239918,-0.8300792145487,0.0,6.0,0.0
0.0,0.0,0.0,1.0,1.0,1.0,0.0,0.0,0.0,0.0,0.0,0.0,1.0,0.0,0.0,1.0,0.0,1.0,0.0,0.0,0.0,-0.6086956521739131,-0.40579710144927533,-0.4068192184816447,0.3829075086466588,0.0,1.0,0.0
1.0,1.0,0.0,1.0,0.0,1.0,1.0,1.0,1.0,1.0,0.0,1.0,1.0,0.0,0.0,0.0,1.0,1.0,0.0,0.0,0.0,0.8913043478260869,0.16379112031285956,0.1542775540952358,-0.7943768827401537,0.0,5.0,0.0
0.0,1.0,0.0,0.0,0.0,1.0,1.0,1.0,1.0,1.0,1.0,2.0,1.0,0.0,0.0,1.0,0.0,0.0,1.0,0.0,0.0,0.5,-0.07821486082355648,-0.12033095500044369,-1.1980682488325018,0.0,6.0,0.0
0.0,1.0,0.0,1.0,0.0,0.0,1.0,1.0,1.0,0.0,0.0,0.0,0.0,1.0,0.0,0.0,1.0,0.0,0.0,1.0,0.0,0.5869565217391305,0.36899010812054284,0.38183755096445554,0.21287515340845709,0.0,3.0,0.0
0.0,1.0,1.0,0.0,1.0,1.0,0.0,0.0,0.0,0.0,0.0,0.0,1.0,0.0,0.0,1.0,0.0,0.0,0.0,1.0,0.0,-0.391304347826087,-0.7527030135725787,-0.7183752451747034,-0.6265759232399865,0.0,1.0,0.0
1.0,0.0,0.0,1.0,0.0,0.0,0.0,0.0,0.0,0.0,0.0,0.0,0.0,0.0,1.0,1.0,0.0,0.0,0.0,0.0,1.0,-0.5217391304347826,-0.9302967563837129,-0.9037051411603759,-0.07497489679794704,0.0,0.0,0.0
1.0,0.0,0.0,0.0,0.0,0.0,1.0,0.0,1.0,0.0,0.0,0.0,1.0,0.0,0.0,1.0,0.0,0.0,0.0,0.0,1.0,-0.3695652173913043,-0.6717276282493674,-0.6195975066849537,-0.9978801740488674,0.0,2.0,0.0
0.0,0.0,0.0,1.0,1.0,0.0,0.0,0.0,0.0,1.0,1.0,0.0,0.0,1.0,0.0,1.0,0.0,0.0,0.0,1.0,0.0,-0.5,0.37911203128594423,0.09729458127747237,1.040722972219123,0.0,2.0,0.0
0.0,0.0,0.0,1.0,1.0,0.0,0.0,0.0,0.0,0.0,1.0,0.0,0.0,1.0,0.0,1.0,0.0,1.0,0.0,0.0,0.0,-0.5869565217391305,0.17023234414538763,0.16742949023545395,2.059131987057905,1.0,1.0,1.0
0.0,1.0,1.0,1.0,0.0,0.0,0.0,1.0,1.0,1.0,1.0,1.0,0.0,1.0,0.0,1.0,0.0,0.0,0.0,0.0,1.0,0.45652173913043476,0.5990338164251208,0.5968756445624488,-0.004284279817025459,0.0,4.0,0.0
1.0,1.0,0.0,1.0,1.0,0.0,1.0,0.0,0.0,0.0,0.0,0.0,0.0,1.0,0.0,0.0,1.0,0.0,0.0,1.0,0.0,0.2608695652173913,0.17943409247757075,0.2442051419843233,2.0859087359143147,0.0,1.0,0.0
1.0,0.0,1.0,1.0,1.0,1.0,1.0,0.0,1.0,1.0,1.0,2.0,1.0,0.0,0.0,0.0,1.0,1.0,0.0,0.0,0.0,0.8478260869565217,0.2944559466298597,0.29258868526713594,-0.6676336048198147,0.0,5.0,0.0
0.0,1.0,0.0,1.0,1.0,0.0,0.0,0.0,0.0,1.0,0.0,0.0,0.0,1.0,0.0,1.0,0.0,0.0,1.0,0.0,0.0,-0.15217391304347827,0.1748332183114792,0.1282135238728825,2.07252036148611,0.0,1.0,0.0
1.0,1.0,0.0,1.0,1.0,0.0,1.0,1.0,0.0,1.0,1.0,1.0,0.0,1.0,0.0,0.0,1.0,1.0,0.0,0.0,0.0,0.4782608695652174,0.6680469289164941,0.6841542420291425,0.0760459667522036,0.0,4.0,0.0
0.0,0.0,0.0,1.0,1.0,0.0,1.0,1.0,0.0,1.0,0.0,1.0,1.0,0.0,0.0,0.0,1.0,0.0,1.0,0.0,0.0,0.021739130434782608,-0.028525419829767605,-0.04836551785098227,-0.365502621889992,0.0,3.0,0.0
1.0,0.0,0.0,1.0,1.0,0.0,1.0,0.0,1.0,0.0,1.0,1.0,0.0,1.0,0.0,1.0,0.0,0.0,1.0,0.0,0.0,0.2391304347826087,0.3515067862893949,0.3053180901726036,0.1874372419948678,0.0,3.0,0.0
1.0,1.0,0.0,1.0,1.0,1.0,1.0,1.0,0.0,1.0,0.0,2.0,0.0,1.0,0.0,0.0,1.0,0.0,0.0,1.0,0.0,0.782608695652174,0.5309408787669656,0.49736276063953505,-0.08354345643199834,0.0,4.0,0.0
1.0,1.0,1.0,1.0,0.0,0.0,0.0,0.0,0.0,0.0,0.0,1.0,0.0,0.0,1.0,1.0,0.0,1.0,0.0,0.0,0.0,0.8478260869565217,-0.9385783298826778,-0.9745958064581437,-0.1231730447394844,1.0,0.0,1.0
1.0,0.0,0.0,1.0,1.0,0.0,1.0,0.0,0.0,1.0,0.0,0.0,1.0,0.0,0.0,1.0,0.0,0.0,0.0,0.0,1.0,-0.41304347826086957,-0.19967793880837362,-0.12300253668530585,-0.08211536315965627,0.0,2.0,0.0
0.0,1.0,0.0,1.0,1.0,1.0,0.0,1.0,0.0,1.0,0.0,2.0,0.0,1.0,0.0,0.0,1.0,0.0,1.0,0.0,0.0,0.7608695652173914,0.44352426961122604,0.4108822302960678,0.32132098627691624,0.0,3.0,0.0
0.0,0.0,0.0,1.0,1.0,1.0,1.0,1.0,0.0,1.0,1.0,1.0,0.0,1.0,0.0,1.0,0.0,0.0,0.0,1.0,0.0,0.6304347826086957,0.661605705083966,0.650036025713148,-0.3115028450295658,0.0,5.0,0.0
1.0,1.0,1.0,1.0,1.0,0.0,0.0,0.0,0.0,0.0,0.0,1.0,0.0,0.0,1.0,1.0,0.0,0.0,0.0,0.0,1.0,-0.30434782608695654,-0.9385783298826778,-1.0034253435914624,-0.1231730447394844,0.0,0.0,0.0
0.0,0.0,0.0,1.0,1.0,1.0,1.0,1.0,0.0,1.0,1.0,2.0,0.0,1.0,0.0,0.0,1.0,0.0,1.0,0.0,0.0,0.9130434782608695,0.6671267540832758,0.5878895419521244,-0.3061474952582838,0.0,5.0,0.0
0.0,0.0,1.0,1.0,1.0,0.0,0.0,1.0,1.0,1.0,1.0,0.0,0.0,1.0,0.0,1.0,0.0,1.0,0.0,0.0,0.0,-0.5434782608695652,0.5079365079365078,0.5234636896400551,-0.11032020528840802,0.0,4.0,0.0
0.0,0.0,0.0,1.0,0.0,0.0,1.0,1.0,1.0,1.0,1.0,2.0,1.0,0.0,0.0,0.0,1.0,1.0,0.0,0.0,0.0,0.9347826086956522,0.2962962962962962,0.3236506611713365,-0.6658484882293876,0.0,5.0,0.0
1.0,0.0,0.0,1.0,1.0,0.0,0.0,0.0,0.0,1.0,1.0,0.0,0.0,1.0,0.0,0.0,1.0,1.0,0.0,0.0,0.0,-0.08695652173913043,0.4453646192776628,0.43909966334500855,1.1692513667298898,0.0,2.0,0.0
0.0,0.0,1.0,1.0,1.0,0.0,1.0,0.0,0.0,1.0,1.0,1.0,1.0,0.0,0.0,0.0,1.0,0.0,0.0,0.0,1.0,0.32608695652173914,0.12974465148378186,0.15251990558003545,-0.13522258172486884,0.0,3.0,0.0
1.0,0.0,0.0,1.0,0.0,0.0,0.0,1.0,1.0,1.0,1.0,0.0,1.0,0.0,0.0,1.0,0.0,1.0,0.0,0.0,0.0,-0.5217391304347826,0.08557625948930307,0.14592961858108575,-0.6019413142920894,0.0,4.0,0.0
1.0,1.0,0.0,1.0,1.0,0.0,0.0,0.0,0.0,0.0,0.0,0.0,1.0,0.0,0.0,1.0,0.0,0.0,1.0,0.0,0.0,0.08695652173913043,-0.47757073844030373,-0.4826896539363887,2.5598571906727656,0.0,0.0,0.0
1.0,0.0,1.0,1.0,1.0,0.0,1.0,0.0,0.0,0.0,0.0,0.0,1.0,0.0,0.0,1.0,0.0,0.0,0.0,1.0,0.0,-0.6086956521739131,-0.37911203128594434,-0.3801740783971714,0.46056008033024665,0.0,1.0,0.0
1.0,0.0,0.0,1.0,1.0,0.0,0.0,0.0,0.0,1.0,1.0,0.0,0.0,1.0,0.0,1.0,0.0,0.0,0.0,1.0,0.0,-0.32608695652173914,0.41223832528180365,0.45836029317749943,1.1049871694745068,0.0,2.0,0.0
0.0,1.0,1.0,1.0,0.0,0.0,0.0,0.0,0.0,0.0,0.0,0.0,0.0,0.0,1.0,1.0,0.0,0.0,0.0,0.0,1.0,-0.1956521739130435,-0.9229353577179664,-0.8904744509115339,-0.03213209862769132,0.0,0.0,0.0
1.0,0.0,0.0,1.0,1.0,1.0,0.0,1.0,0.0,0.0,1.0,0.0,1.0,0.0,0.0,1.0,0.0,0.0,0.0,1.0,0.0,-0.45652173913043476,-0.06993328732459163,0.032825592912165975,-0.4257503068169138,0.0,3.0,0.0
1.0,1.0,0.0,0.0,0.0,0.0,1.0,0.0,0.0,0.0,0.0,0.0,1.0,0.0,0.0,1.0,0.0,0.0,1.0,0.0,0.0,-0.5652173913043478,-0.7490223142397057,-0.7189042500457639,-0.6158652236974226,0.0,1.0,0.0
1.0,1.0,1.0,1.0,1.0,0.0,0.0,0.0,0.0,0.0,0.0,2.0,0.0,0.0,1.0,1.0,0.0,0.0,1.0,0.0,0.0,0.8260869565217391,-0.9404186795491144,-0.9449193995288145,-0.13388374428204844,0.0,0.0,0.0
1.0,1.0,1.0,1.0,1.0,1.0,1.0,1.0,1.0,1.0,1.0,2.0,1.0,0.0,0.0,0.0,1.0,1.0,0.0,0.0,0.0,0.9347826086956522,0.31377961812744415,0.35240137985443926,-0.8721569627516297,0.0,6.0,0.0
0.0,0.0,0.0,1.0,1.0,0.0,0.0,0.0,0.0,0.0,0.0,0.0,0.0,1.0,0.0,1.0,0.0,0.0,0.0,1.0,0.0,-0.6086956521739131,0.011962272831838153,0.010315043530455812,5.408903268994758,1.0,0.0,1.0
0.0,1.0,1.0,1.0,1.0,1.0,1.0,0.0,1.0,0.0,1.0,0.0,1.0,0.0,0.0,1.0,0.0,0.0,0.0,0.0,1.0,0.2391304347826087,0.01564297216471119,0.010866322290823986,-0.6833426308155751,0.0,4.0,0.0
1.0,1.0,1.0,1.0,0.0,0.0,0.0,0.0,0.0,0.0,0.0,1.0,0.0,0.0,1.0,0.0,1.0,0.0,1.0,0.0,0.0,0.6739130434782609,-0.8566827697262479,-0.8357753472438678,0.3534530849046079,0.0,0.0,0.0
0.0,0.0,0.0,0.0,1.0,0.0,0.0,0.0,0.0,1.0,1.0,0.0,1.0,0.0,0.0,1.0,0.0,0.0,1.0,0.0,0.0,0.5869565217391305,-0.4720496894409938,-0.45546628766296476,-0.6105098739261405,0.0,2.0,0.0
0.0,1.0,1.0,1.0,0.0,0.0,1.0,1.0,0.0,0.0,0.0,1.0,0.0,1.0,0.0,0.0,1.0,1.0,0.0,0.0,0.0,-0.10869565217391304,0.2328042328042329,0.2595006998664286,0.7568894343411808,0.0,2.0,0.0
1.0,1.0,1.0,1.0,0.0,1.0,1.0,0.0,1.0,1.0,0.0,2.0,1.0,0.0,0.0,1.0,0.0,1.0,0.0,0.0,0.0,0.9347826086956522,-0.038647342995168976,-0.05794398631238338,-0.7465357581167017,0.0,4.0,0.0
1.0,1.0,0.0,1.0,0.0,0.0,0.0,0.0,0.0,0.0,0.0,1.0,0.0,0.0,1.0,1.0,0.0,1.0,0.0,0.0,0.0,-0.3695652173913043,-0.9330572808833679,-0.9874229462418792,-0.0910409461117927,0.0,0.0,0.0
1.0,1.0,1.0,0.0,0.0,1.0,0.0,1.0,0.0,0.0,1.0,1.0,1.0,0.0,0.0,1.0,0.0,1.0,0.0,0.0,0.0,0.5,-0.48309178743961356,-0.49279750206987266,-1.0268883186433113,0.0,3.0,0.0
0.0,1.0,0.0,0.0,1.0,0.0,0.0,0.0,0.0,0.0,0.0,0.0,1.0,0.0,0.0,1.0,0.0,0.0,0.0,1.0,0.0,-0.5434782608695652,-0.8345985737290086,-0.8379651489864425,0.48198147941537434,0.0,0.0,0.0
1.0,1.0,1.0,1.0,1.0,1.0,0.0,0.0,0.0,0.0,0.0,0.0,1.0,0.0,0.0,1.0,0.0,0.0,0.0,1.0,0.0,-0.5,-0.392914653784219,-0.39165905257151334,0.4203949570456321,0.0,1.0,0.0
0.0,0.0,0.0,0.0,1.0,0.0,0.0,1.0,0.0,1.0,1.0,0.0,1.0,0.0,0.0,1.0,0.0,0.0,0.0,1.0,0.0,-0.5,-0.41499884978145846,-0.3627169176521715,-0.9278143478745954,0.0,3.0,0.0
1.0,0.0,0.0,1.0,0.0,0.0,1.0,1.0,1.0,1.0,1.0,1.0,0.0,1.0,0.0,0.0,1.0,0.0,1.0,0.0,0.0,0.8043478260869565,0.7435012652403958,0.7721238214001718,-0.23206515675555037,1.0,5.0,0.0
1.0,1.0,1.0,1.0,0.0,0.0,0.0,0.0,0.0,0.0,0.0,2.0,0.0,0.0,1.0,1.0,0.0,0.0,0.0,0.0,1.0,0.9130434782608695,-0.939498504715896,-0.9403690609696667,-0.12852839451076642,0.0,0.0,0.0
0.0,1.0,1.0,1.0,0.0,0.0,0.0,0.0,0.0,0.0,0.0,1.0,0.0,0.0,1.0,1.0,0.0,1.0,0.0,0.0,0.0,-0.3695652173913043,-0.9330572808833679,-0.9455410737527788,-0.0910409461117927,0.0,0.0,0.0
1.0,0.0,0.0,1.0,1.0,0.0,0.0,0.0,0.0,0.0,0.0,0.0,0.0,1.0,0.0,0.0,1.0,0.0,0.0,1.0,0.0,-0.5652173913043478,0.0717736369910284,0.10893268844080543,5.7570010041280835,0.0,0.0,0.0
0.0,0.0,1.0,1.0,1.0,1.0,1.0,0.0,0.0,0.0,0.0,0.0,1.0,0.0,0.0,1.0,0.0,0.0,0.0,1.0,0.0,-0.34782608695652173,-0.2668507016333103,-0.21641601586209228,-0.2124288742608499,0.0,2.0,0.0
0.0,1.0,1.0,1.0,1.0,1.0,1.0,1.0,1.0,0.0,1.0,2.0,0.0,1.0,0.0,0.0,1.0,1.0,0.0,0.0,0.0,0.5217391304347826,0.617437313089487,0.6328266474949019,-0.35434564319982154,0.0,5.0,0.0
0.0,0.0,0.0,1.0,0.0,0.0,0.0,0.0,0.0,0.0,0.0,1.0,0.0,0.0,1.0,1.0,0.0,0.0,1.0,0.0,0.0,-0.391304347826087,-0.9284564067172764,-0.9000466548415672,-0.06426419725538302,0.0,0.0,0.0
0.0,0.0,0.0,1.0,1.0,0.0,0.0,0.0,0.0,0.0,1.0,0.0,0.0,1.0,0.0,0.0,1.0,0.0,0.0,1.0,0.0,-0.34782608695652173,0.2843340234644583,0.4212297502973741,2.391163672877385,0.0,1.0,0.0
0.0,0.0,0.0,1.0,0.0,0.0,0.0,0.0,0.0,0.0,0.0,1.0,0.0,0.0,1.0,0.0,1.0,0.0,0.0,1.0,0.0,-0.391304347826087,-0.8336783988957902,-0.8876011191908258,0.48733682918665633,0.0,0.0,0.0
0.0,0.0,0.0,1.0,1.0,1.0,1.0,1.0,0.0,0.0,1.0,0.0,0.0,1.0,0.0,0.0,1.0,1.0,0.0,0.0,0.0,-0.3695652173913043,0.5373821025994939,0.5993410856852079,-0.07604596675220322,0.0,4.0,0.0
1.0,1.0,1.0,1.0,0.0,0.0,0.0,0.0,0.0,0.0,0.0,1.0,0.0,0.0,1.0,1.0,0.0,0.0,1.0,0.0,0.0,0.08695652173913043,-0.927536231884058,-0.9515828662275237,-0.058908847484101,0.0,0.0,0.0
0.0,1.0,1.0,1.0,0.0,0.0,0.0,0.0,0.0,0.0,0.0,2.0,0.0,0.0,1.0,1.0,0.0,0.0,0.0,1.0,0.0,0.7391304347826086,-0.9413388543823327,-0.928492267645089,-0.13923909405333007,0.0,0.0,0.0
1.0,0.0,0.0,1.0,1.0,1.0,0.0,0.0,0.0,0.0,0.0,0.0,0.0,1.0,0.0,1.0,0.0,0.0,1.0,0.0,0.0,-0.34782608695652173,0.05981136415919025,0.055124112001426695,1.7378110007809888,0.0,1.0,0.0
1.0,0.0,0.0,1.0,0.0,0.0,0.0,1.0,1.0,0.0,0.0,0.0,1.0,0.0,0.0,1.0,0.0,0.0,1.0,0.0,0.0,-0.2391304347826087,-0.28157349896480327,-0.21693431213252415,-0.24099073970768678,0.0,2.0,0.0
0.0,0.0,0.0,1.0,0.0,0.0,0.0,1.0,0.0,0.0,0.0,0.0,0.0,1.0,0.0,1.0,0.0,0.0,0.0,1.0,0.0,-0.5,0.0717736369910284,0.032366193945192454,1.7726207742943216,1.0,1.0,1.0
1.0,1.0,0.0,1.0,1.0,0.0,0.0,0.0,0.0,0.0,1.0,0.0,0.0,1.0,0.0,1.0,0.0,0.0,0.0,1.0,0.0,0.3695652173913043,0.18219461697722578,0.1430613711177195,2.093941760571238,1.0,1.0,1.0
1.0,0.0,0.0,1.0,1.0,1.0,0.0,1.0,0.0,0.0,0.0,0.0,0.0,1.0,0.0,1.0,0.0,0.0,0.0,0.0,1.0,-0.41304347826086957,0.17207269381182413,0.33345627689974144,0.6390717393729777,0.0,2.0,0.0
0.0,0.0,0.0,1.0,1.0,0.0,0.0,0.0,0.0,0.0,0.0,0.0,0.0,1.0,0.0,1.0,0.0,0.0,1.0,0.0,0.0,0.10869565217391304,-0.009201748332183115,0.008693635411725088,5.285730224255272,0.0,0.0,0.0
1.0,0.0,0.0,1.0,0.0,0.0,0.0,0.0,0.0,0.0,0.0,2.0,0.0,0.0,1.0,0.0,1.0,0.0,1.0,0.0,0.0,0.8260869565217391,-0.8355187485622269,-0.8385171134169107,0.47662612964409273,1.0,0.0,1.0
1.0,0.0,0.0,1.0,1.0,0.0,0.0,1.0,1.0,1.0,1.0,0.0,1.0,0.0,0.0,1.0,0.0,0.0,0.0,1.0,0.0,-0.5434782608695652,0.0717736369910284,0.07968428754348117,-0.6180073636059353,0.0,4.0,0.0
1.0,0.0,0.0,1.0,1.0,0.0,1.0,0.0,1.0,1.0,0.0,1.0,1.0,0.0,0.0,0.0,1.0,0.0,0.0,1.0,0.0,-0.1956521739130435,-0.03312629399585916,0.004067217579613716,-0.3721968091040944,0.0,3.0,0.0
1.0,1.0,0.0,1.0,0.0,0.0,0.0,0.0,0.0,0.0,0.0,0.0,0.0,1.0,0.0,1.0,0.0,0.0,0.0,1.0,0.0,-0.6086956521739131,-0.009201748332183115,-0.010817308950333521,5.285730224255272,0.0,0.0,0.0
0.0,0.0,0.0,1.0,0.0,0.0,0.0,0.0,0.0,0.0,0.0,0.0,0.0,0.0,1.0,1.0,0.0,0.0,0.0,0.0,1.0,-0.6086956521739131,-0.9201748332183115,-0.9204272635582177,-0.01606604931384566,0.0,0.0,0.0
0.0,0.0,0.0,1.0,0.0,0.0,0.0,1.0,0.0,0.0,0.0,0.0,0.0,1.0,0.0,1.0,0.0,0.0,0.0,1.0,0.0,-0.32608695652173914,0.08925695882217612,0.0494952125709252,1.8234965971214994,0.0,1.0,0.0
0.0,0.0,1.0,1.0,1.0,0.0,0.0,1.0,1.0,0.0,0.0,0.0,0.0,1.0,0.0,0.0,1.0,1.0,0.0,0.0,0.0,0.3695652173913043,0.263170002300437,0.2843365403961906,0.8157982818252818,0.0,2.0,0.0
1.0,1.0,1.0,1.0,0.0,1.0,1.0,0.0,0.0,0.0,1.0,0.0,1.0,0.0,0.0,0.0,1.0,0.0,0.0,0.0,1.0,-0.32608695652173914,-0.023924545663676047,-0.0572166046146752,-0.3588084346758896,0.0,3.0,0.0
0.0,0.0,0.0,1.0,0.0,0.0,0.0,0.0,0.0,0.0,0.0,0.0,0.0,0.0,1.0,1.0,0.0,0.0,0.0,0.0,1.0,-0.45652173913043476,-0.9440993788819876,-0.9368507766275267,-0.1553051433671761,0.0,0.0,0.0
1.0,0.0,0.0,1.0,1.0,0.0,0.0,0.0,0.0,0.0,0.0,0.0,1.0,0.0,0.0,1.0,0.0,0.0,0.0,0.0,1.0,-0.45652173913043476,-0.46652864044168396,-0.29013188087033037,2.6241213879281493,0.0,0.0,0.0
1.0,0.0,1.0,1.0,1.0,0.0,1.0,0.0,0.0,1.0,1.0,0.0,0.0,1.0,0.0,1.0,0.0,0.0,0.0,1.0,0.0,0.15217391304347827,0.4453646192776628,0.4957976629623068,0.32399866116255743,0.0,3.0,0.0
1.0,1.0,0.0,1.0,1.0,0.0,0.0,1.0,0.0,0.0,0.0,0.0,0.0,1.0,0.0,0.0,1.0,1.0,0.0,0.0,0.0,-0.5217391304347826,0.17299286864504268,-0.033052218951859724,2.0671650117148284,1.0,1.0,1.0
1.0,1.0,1.0,1.0,1.0,0.0,0.0,0.0,1.0,0.0,0.0,0.0,1.0,0.0,0.0,1.0,0.0,0.0,0.0,1.0,0.0,-0.15217391304347827,-0.35702783528870485,-0.2673289866914549,0.5248242775856301,0.0,1.0,0.0
0.0,1.0,0.0,0.0,0.0,0.0,1.0,0.0,1.0,0.0,0.0,1.0,1.0,0.0,0.0,1.0,0.0,0.0,0.0,0.0,1.0,0.2826086956521739,-0.6800092017483322,-0.6647826765080077,-1.0139462233627135,0.0,2.0,0.0
1.0,1.0,1.0,1.0,0.0,0.0,0.0,0.0,0.0,0.0,0.0,0.0,0.0,0.0,1.0,1.0,0.0,0.0,0.0,0.0,1.0,-0.5,-0.9376581550494595,-0.9207335295362001,-0.1178176949682024,0.0,0.0,0.0
0.0,0.0,0.0,1.0,1.0,1.0,0.0,0.0,0.0,1.0,0.0,0.0,0.0,1.0,0.0,1.0,0.0,0.0,1.0,0.0,0.0,-0.06521739130434782,0.28157349896480327,0.25326642029538204,0.8515006136338279,1.0,2.0,1.0
1.0,0.0,0.0,0.0,1.0,0.0,1.0,0.0,0.0,1.0,0.0,0.0,1.0,0.0,0.0,1.0,0.0,0.0,0.0,1.0,0.0,0.6086956521739131,-0.5741890959282264,-0.6164341015176349,-0.8086578154635724,0.0,2.0,0.0
1.0,1.0,0.0,1.0,0.0,1.0,0.0,0.0,1.0,1.0,1.0,1.0,1.0,0.0,0.0,0.0,1.0,0.0,1.0,0.0,0.0,0.2826086956521739,0.18311479181044404,0.1798988907675967,-0.48840789914091254,0.0,4.0,0.0
0.0,0.0,0.0,1.0,1.0,0.0,0.0,0.0,0.0,1.0,0.0,0.0,0.0,1.0,0.0,1.0,0.0,0.0,0.0,1.0,0.0,-0.6086956521739131,0.16839199447895112,0.16651069230150664,2.0537766372866235,0.0,1.0,0.0
1.0,1.0,0.0,1.0,1.0,0.0,0.0,1.0,1.0,0.0,1.0,0.0,0.0,1.0,0.0,1.0,0.0,0.0,0.0,1.0,0.0,-0.2826086956521739,0.3873936047849091,0.471609031242901,0.23965190226486677,1.0,3.0,0.0
0.0,0.0,0.0,1.0,1.0,0.0,0.0,1.0,1.0,0.0,1.0,0.0,0.0,1.0,0.0,0.0,1.0,1.0,0.0,0.0,0.0,-0.2391304347826087,0.4518058431101909,0.41734252826913515,0.33337052326230066,0.0,3.0,0.0
0.0,0.0,0.0,1.0,1.0,1.0,0.0,1.0,1.0,0.0,1.0,0.0,1.0,0.0,0.0,1.0,0.0,0.0,0.0,0.0,1.0,-0.15217391304347827,-0.013802622498274672,-0.0063068463655009625,-0.7176168693517795,1.0,4.0,0.0
0.0,1.0,1.0,1.0,1.0,0.0,0.0,0.0,0.0,0.0,0.0,2.0,0.0,0.0,1.0,0.0,1.0,0.0,0.0,0.0,1.0,0.5869565217391305,-0.8474810213940649,-0.8423786604905824,0.4070065826174273,0.0,0.0,0.0
0.0,0.0,0.0,1.0,1.0,0.0,1.0,0.0,0.0,1.0,1.0,0.0,1.0,0.0,0.0,1.0,0.0,1.0,0.0,0.0,0.0,-0.5434782608695652,-0.03404646882907742,-0.09695461525789832,-0.3735356465469148,0.0,3.0,0.0
1.0,0.0,0.0,1.0,0.0,0.0,0.0,0.0,0.0,0.0,0.0,1.0,0.0,0.0,1.0,1.0,0.0,0.0,1.0,0.0,0.0,-0.06521739130434782,-0.942259029215551,-0.9407821716333591,-0.14459444382461206,1.0,0.0,1.0
0.0,0.0,0.0,0.0,1.0,0.0,1.0,1.0,0.0,1.0,1.0,0.0,1.0,0.0,0.0,1.0,0.0,0.0,0.0,1.0,0.0,0.10869565217391304,-0.26224982746721875,-0.3426925273858483,-1.006805757001004,1.0,4.0,1.0
1.0,0.0,0.0,1.0,0.0,0.0,0.0,0.0,1.0,0.0,0.0,0.0,1.0,0.0,0.0,1.0,0.0,1.0,0.0,0.0,0.0,-0.06521739130434782,-0.392914653784219,-0.4226508136511992,0.4203949570456321,0.0,1.0,0.0
0.0,0.0,0.0,1.0,1.0,0.0,0.0,0.0,0.0,0.0,0.0,0.0,0.0,1.0,0.0,1.0,0.0,0.0,1.0,0.0,0.0,-0.06521739130434782,-0.026685070163331086,-0.013891748190849597,5.183978578600915,0.0,0.0,0.0
0.0,0.0,0.0,1.0,1.0,0.0,0.0,1.0,0.0,1.0,1.0,0.0,0.0,1.0,0.0,0.0,1.0,0.0,0.0,1.0,0.0,0.06521739130434782,0.5677478720956981,0.6179276022240178,0.5020640410576817,0.0,3.0,0.0
1.0,1.0,1.0,1.0,1.0,0.0,1.0,1.0,0.0,0.0,0.0,0.0,0.0,1.0,0.0,0.0,1.0,1.0,0.0,0.0,0.0,-0.5434782608695652,0.263170002300437,0.4113703416984773,0.8157982818252818,0.0,2.0,0.0
1.0,0.0,0.0,1.0,0.0,0.0,0.0,0.0,1.0,0.0,0.0,0.0,0.0,1.0,0.0,1.0,0.0,0.0,0.0,1.0,0.0,-0.6086956521739131,0.06441223832528181,0.0626865257654551,1.7511993752091937,0.0,1.0,0.0
0.0,0.0,0.0,1.0,1.0,0.0,0.0,1.0,0.0,1.0,0.0,0.0,0.0,1.0,0.0,1.0,0.0,0.0,0.0,1.0,0.0,-0.4782608695652174,0.25488842880147217,0.30328032761195606,0.7997322325114358,1.0,2.0,1.0
0.0,1.0,0.0,1.0,0.0,0.0,0.0,0.0,0.0,0.0,0.0,1.0,0.0,0.0,1.0,1.0,0.0,1.0,0.0,0.0,0.0,0.5217391304347826,-0.9146537842190017,-0.9428598017945928,0.01606604931384604,0.0,0.0,0.0
1.0,0.0,0.0,0.0,0.0,0.0,0.0,0.0,1.0,0.0,0.0,0.0,1.0,0.0,0.0,1.0,0.0,0.0,0.0,1.0,0.0,-0.5652173913043478,-0.7379802162410859,-0.7939394146514647,-0.5837331250697311,0.0,1.0,0.0
1.0,0.0,0.0,1.0,0.0,0.0,0.0,0.0,0.0,0.0,0.0,2.0,0.0,0.0,1.0,1.0,0.0,1.0,0.0,0.0,0.0,0.8260869565217391,-0.9302967563837129,-0.9373633150272475,-0.07497489679794704,0.0,0.0,0.0
0.0,0.0,0.0,1.0,1.0,0.0,0.0,0.0,0.0,1.0,1.0,0.0,0.0,1.0,0.0,0.0,1.0,0.0,0.0,1.0,0.0,0.45652173913043476,0.46376811594202905,0.4411393947583718,1.2049536985384361,0.0,2.0,0.0
1.0,0.0,0.0,1.0,0.0,0.0,0.0,0.0,0.0,0.0,0.0,0.0,0.0,0.0,1.0,1.0,0.0,0.0,0.0,0.0,1.0,-0.6086956521739131,-0.9358178053830228,-0.9360468284353228,-0.10710699542563874,0.0,0.0,0.0
0.0,0.0,0.0,1.0,0.0,0.0,0.0,0.0,0.0,0.0,0.0,0.0,0.0,0.0,1.0,1.0,0.0,0.0,0.0,0.0,1.0,-0.43478260869565216,-0.9247757073844031,-0.9170583378004107,-0.042842798170255346,0.0,0.0,0.0
0.0,1.0,0.0,1.0,1.0,0.0,0.0,0.0,0.0,0.0,0.0,0.0,1.0,0.0,0.0,1.0,0.0,0.0,1.0,0.0,0.0,-0.5869565217391305,-0.47665056360708535,-0.5570426806820378,2.565212540444048,0.0,0.0,0.0
0.0,0.0,0.0,0.0,0.0,0.0,0.0,0.0,0.0,0.0,0.0,0.0,1.0,0.0,0.0,1.0,0.0,0.0,0.0,1.0,0.0,-0.6086956521739131,-0.8327582240625719,-0.8331414598332187,0.4926921789579384,1.0,0.0,1.0
1.0,1.0,1.0,1.0,1.0,0.0,0.0,1.0,1.0,1.0,1.0,1.0,0.0,1.0,0.0,0.0,1.0,0.0,1.0,0.0,0.0,0.30434782608695654,0.6220381872555786,0.6053542264273402,0.022492469039384226,0.0,4.0,0.0
1.0,0.0,0.0,0.0,0.0,1.0,0.0,1.0,1.0,0.0,1.0,2.0,1.0,0.0,0.0,1.0,0.0,1.0,0.0,0.0,0.0,0.8913043478260869,-0.4067172762824937,-0.39335226590693056,-1.174963739819257,0.0,4.0,0.0
1.0,1.0,1.0,1.0,0.0,0.0,0.0,0.0,0.0,0.0,0.0,2.0,0.0,0.0,1.0,1.0,0.0,0.0,1.0,0.0,0.0,0.9130434782608695,-0.9330572808833679,-0.9377808977754488,-0.0910409461117927,1.0,0.0,1.0
1.0,1.0,1.0,1.0,1.0,0.0,0.0,1.0,0.0,1.0,1.0,0.0,0.0,1.0,0.0,1.0,0.0,1.0,0.0,0.0,0.0,0.32608695652173914,0.4131585001150219,0.424734675283166,0.2771393506638405,0.0,3.0,0.0
1.0,0.0,0.0,1.0,0.0,0.0,0.0,0.0,0.0,0.0,0.0,0.0,0.0,1.0,0.0,1.0,0.0,0.0,1.0,0.0,0.0,-0.5869565217391305,0.0036806993328732983,-0.004385723412702122,5.360705121053219,0.0,0.0,0.0
0.0,0.0,0.0,1.0,0.0,0.0,1.0,0.0,0.0,0.0,0.0,0.0,0.0,1.0,0.0,0.0,1.0,1.0,0.0,0.0,0.0,-0.5434782608695652,0.13710605014952848,0.10655912711144148,1.9627356911748302,0.0,1.0,0.0
0.0,0.0,1.0,1.0,1.0,1.0,0.0,0.0,1.0,0.0,0.0,0.0,1.0,0.0,0.0,1.0,0.0,0.0,0.0,0.0,1.0,-0.5652173913043478,-0.2834138486312399,-0.3498537465769086,-0.2445609728885416,0.0,2.0,0.0
0.0,0.0,0.0,1.0,0.0,0.0,1.0,1.0,1.0,0.0,0.0,0.0,1.0,0.0,0.0,0.0,1.0,1.0,0.0,0.0,0.0,-0.021739130434782608,-0.11134115481941564,-0.07145797259085908,-0.48599799174383557,1.0,3.0,0.0
1.0,1.0,0.0,1.0,1.0,0.0,0.0,1.0,0.0,0.0,0.0,0.0,0.0,1.0,0.0,1.0,0.0,0.0,1.0,0.0,0.0,0.0,0.08833678398895785,0.13707747572781354,1.8208189222358586,0.0,1.0,0.0
1.0,0.0,0.0,1.0,1.0,0.0,0.0,0.0,0.0,0.0,0.0,0.0,0.0,1.0,0.0,1.0,0.0,0.0,0.0,1.0,0.0,-0.6086956521739131,-0.008281573498964856,-0.009898511016386216,5.291085574026554,1.0,0.0,1.0
1.0,0.0,0.0,1.0,1.0,0.0,1.0,0.0,0.0,1.0,1.0,0.0,0.0,1.0,0.0,0.0,1.0,0.0,1.0,0.0,0.0,-0.43478260869565216,0.5327812284334024,0.5800718512371452,0.4511882182305034,1.0,3.0,1.0
1.0,0.0,0.0,1.0,1.0,1.0,0.0,1.0,1.0,1.0,1.0,2.0,0.0,1.0,0.0,0.0,1.0,0.0,0.0,1.0,0.0,0.9130434782608695,0.6910512997469519,0.6523089238562076,-0.2829409795827289,0.0,5.0,0.0
1.0,1.0,0.0,1.0,1.0,0.0,0.0,1.0,0.0,1.0,1.0,1.0,1.0,0.0,0.0,0.0,1.0,0.0,0.0,1.0,0.0,0.2608695652173913,0.04600874166091558,0.04798575882229717,-0.25705678902153284,0.0,3.0,0.0
1.0,1.0,0.0,1.0,0.0,0.0,1.0,0.0,0.0,1.0,1.0,1.0,0.0,1.0,0.0,0.0,1.0,0.0,1.0,0.0,0.0,0.5869565217391305,0.5484242005981136,0.5452031050414883,0.4739484547584515,0.0,3.0,0.0
0.0,0.0,0.0,0.0,1.0,0.0,0.0,0.0,0.0,0.0,0.0,0.0,1.0,0.0,0.0,1.0,0.0,0.0,0.0,0.0,1.0,-0.6086956521739131,-0.8244766505636071,-0.8248722784276925,0.5408903268994757,1.0,0.0,1.0
0.0,0.0,0.0,0.0,0.0,1.0,1.0,0.0,1.0,0.0,0.0,2.0,1.0,0.0,0.0,1.0,0.0,0.0,0.0,0.0,1.0,0.5,-0.5778697952610996,-0.5966923453700738,-1.1647885752538212,0.0,3.0,0.0
0.0,0.0,0.0,1.0,1.0,1.0,1.0,1.0,0.0,1.0,0.0,0.0,0.0,1.0,0.0,0.0,1.0,0.0,1.0,0.0,0.0,0.8260869565217391,0.5971934667586842,0.5915438738651541,-0.006426419725538188,0.0,4.0,0.0
0.0,0.0,0.0,1.0,0.0,0.0,0.0,0.0,0.0,0.0,0.0,2.0,0.0,0.0,1.0,1.0,0.0,0.0,0.0,0.0,1.0,0.0,-0.9404186795491144,-0.9459318268971013,-0.13388374428204844,0.0,0.0,0.0
0.0,0.0,0.0,1.0,1.0,1.0,1.0,0.0,1.0,0.0,1.0,1.0,1.0,0.0,0.0,1.0,0.0,0.0,0.0,0.0,1.0,0.2826086956521739,-0.051529790660225394,-0.03608425213388586,-0.7615307374762912,0.0,4.0,0.0
0.0,0.0,0.0,1.0,1.0,1.0,0.0,0.0,0.0,0.0,0.0,0.0,1.0,0.0,0.0,1.0,0.0,0.0,0.0,1.0,0.0,-0.2826086956521739,-0.37451115711985283,-0.4216922600374176,0.4739484547584515,0.0,1.0,0.0
1.0,0.0,0.0,0.0,1.0,0.0,1.0,0.0,0.0,0.0,0.0,0.0,1.0,0.0,0.0,1.0,0.0,0.0,0.0,0.0,1.0,-0.32608695652173914,-0.7250977685760295,-0.7462494266513401,-0.5462456766707574,0.0,1.0,0.0
0.0,0.0,0.0,1.0,1.0,0.0,1.0,0.0,0.0,0.0,0.0,0.0,0.0,1.0,0.0,1.0,0.0,0.0,0.0,1.0,0.0,-0.2391304347826087,0.07729468599033822,0.024505367176975917,1.7886868236081672,1.0,1.0,1.0
1.0,0.0,0.0,1.0,1.0,0.0,0.0,1.0,0.0,1.0,1.0,0.0,0.0,1.0,0.0,0.0,1.0,0.0,0.0,1.0,0.0,-0.3695652173913043,0.5327812284334024,0.540691150901568,0.4511882182305034,1.0,3.0,1.0
1.0,0.0,0.0,1.0,0.0,0.0,0.0,0.0,0.0,0.0,0.0,1.0,0.0,0.0,1.0,1.0,0.0,0.0,0.0,0.0,1.0,0.21739130434782608,-0.9312169312169313,-0.924361603429223,-0.08033024656922906,0.0,0.0,0.0
1.0,1.0,1.0,1.0,1.0,0.0,0.0,0.0,0.0,0.0,0.0,0.0,0.0,1.0,0.0,1.0,0.0,1.0,0.0,0.0,0.0,0.06521739130434782,-0.013802622498274672,0.05114412672024147,5.2589534753988625,0.0,0.0,0.0
1.0,0.0,0.0,0.0,1.0,1.0,1.0,1.0,1.0,0.0,0.0,2.0,1.0,0.0,0.0,1.0,0.0,1.0,0.0,0.0,0.0,0.717391304347826,-0.4932137106050149,-0.5211058260074838,-1.2756443155193573,0.0,4.0,0.0
1.0,0.0,0.0,1.0,0.0,0.0,0.0,0.0,0.0,0.0,0.0,0.0,0.0,0.0,1.0,1.0,0.0,1.0,0.0,0.0,0.0,-0.6086956521739131,-0.9118932597193466,-0.9121580821526915,0.0321320986276917,0.0,0.0,0.0
1.0,0.0,0.0,1.0,0.0,1.0,0.0,1.0,0.0,0.0,1.0,1.0,1.0,0.0,0.0,1.0,0.0,0.0,1.0,0.0,0.0,0.34782608695652173,-0.14354727398205655,-0.1572124464259459,-0.5328573022425526,1.0,3.0,1.0
1.0,0.0,0.0,1.0,1.0,0.0,1.0,0.0,0.0,0.0,0.0,0.0,0.0,1.0,0.0,0.0,1.0,0.0,0.0,0.0,1.0,-0.2826086956521739,0.18495514147688055,0.1372240081569346,2.1019747852281605,0.0,1.0,0.0
1.0,0.0,0.0,1.0,1.0,0.0,0.0,0.0,0.0,1.0,1.0,0.0,1.0,0.0,0.0,1.0,0.0,0.0,0.0,0.0,1.0,-0.6086956521739131,-0.14170692431562001,-0.1431242114387531,0.030346982037264488,0.0,2.0,0.0
1.0,1.0,0.0,1.0,1.0,1.0,1.0,1.0,1.0,1.0,1.0,2.0,1.0,0.0,0.0,0.0,1.0,0.0,1.0,0.0,0.0,0.9347826086956522,0.39567517828387394,0.43381708566810767,-0.8040675156596164,0.0,6.0,0.0
1.0,1.0,0.0,0.0,1.0,0.0,0.0,0.0,0.0,0.0,1.0,0.0,1.0,0.0,0.0,1.0,0.0,0.0,0.0,1.0,0.0,-0.5652173913043478,-0.6505636070853462,-0.6861337904016415,-0.32935401093383904,0.0,1.0,0.0
0.0,0.0,0.0,1.0,0.0,1.0,0.0,1.0,1.0,0.0,0.0,1.0,1.0,0.0,0.0,1.0,0.0,0.0,1.0,0.0,0.0,0.0,-0.23004370830457788,-0.19806199135132954,-0.6587080218676781,0.0,3.0,0.0
1.0,1.0,1.0,1.0,0.0,0.0,0.0,0.0,0.0,0.0,0.0,1.0,0.0,0.0,1.0,1.0,0.0,0.0,0.0,0.0,1.0,-0.30434782608695654,-0.9358178053830228,-0.8896169061731831,-0.10710699542563874,0.0,0.0,0.0
1.0,1.0,1.0,1.0,1.0,0.0,0.0,1.0,1.0,1.0,1.0,1.0,0.0,1.0,0.0,0.0,1.0,0.0,1.0,0.0,0.0,0.8478260869565217,0.6744881527490224,0.6971435226247512,0.08354345643199834,1.0,4.0,0.0
0.0,1.0,1.0,0.0,0.0,1.0,1.0,1.0,1.0,1.0,0.0,2.0,1.0,0.0,0.0,1.0,0.0,0.0,1.0,0.0,0.0,-0.6304347826086957,-0.2659305268000921,-0.2671619325216464,-1.2112016066049314,0.0,5.0,0.0
0.0,1.0,1.0,1.0,0.0,0.0,0.0,0.0,0.0,1.0,0.0,0.0,0.0,1.0,0.0,0.0,1.0,1.0,0.0,0.0,0.0,-0.15217391304347827,0.2732919254658384,0.3413328810062173,2.359031574249693,1.0,1.0,1.0
1.0,0.0,0.0,1.0,0.0,0.0,0.0,0.0,0.0,1.0,0.0,0.0,0.0,1.0,0.0,0.0,1.0,0.0,0.0,1.0,0.0,-0.6086956521739131,0.25764895330112725,0.25563409189440023,2.313511101193797,0.0,1.0,0.0
0.0,0.0,0.0,1.0,0.0,1.0,0.0,0.0,1.0,0.0,1.0,2.0,1.0,0.0,0.0,0.0,1.0,0.0,0.0,0.0,1.0,0.34782608695652173,0.05613066482631695,0.07048609933807494,-0.24232957715050757,0.0,3.0,0.0
0.0,0.0,0.0,1.0,1.0,0.0,0.0,0.0,0.0,1.0,1.0,0.0,0.0,1.0,0.0,1.0,0.0,1.0,0.0,0.0,0.0,-0.06521739130434782,0.33678398895790196,0.31030256896426794,0.9586076090594666,0.0,2.0,0.0
1.0,1.0,1.0,1.0,1.0,1.0,1.0,1.0,1.0,1.0,1.0,2.0,1.0,0.0,0.0,0.0,1.0,0.0,1.0,0.0,0.0,0.9347826086956522,0.3947550034506557,0.3911312649868035,-0.8048325656269424,0.0,6.0,0.0
1.0,1.0,0.0,1.0,1.0,0.0,1.0,1.0,1.0,1.0,1.0,2.0,0.0,1.0,0.0,0.0,1.0,1.0,0.0,0.0,0.0,0.8260869565217391,0.7508626639061421,0.7783066956924541,-0.22492469039384114,0.0,5.0,0.0
1.0,0.0,0.0,1.0,1.0,0.0,1.0,1.0,0.0,0.0,1.0,0.0,0.0,1.0,0.0,0.0,1.0,0.0,0.0,1.0,0.0,-0.41304347826086957,0.4554865424430642,0.5800616423712123,0.3387258730335827,0.0,3.0,0.0
1.0,0.0,0.0,1.0,1.0,0.0,0.0,0.0,0.0,1.0,1.0,0.0,0.0,1.0,0.0,1.0,0.0,0.0,0.0,1.0,0.0,-0.6086956521739131,0.35702783528870496,0.354864268760715,0.997880174048868,0.0,2.0,0.0
1.0,1.0,0.0,0.0,1.0,0.0,1.0,0.0,0.0,0.0,0.0,0.0,1.0,0.0,0.0,1.0,0.0,0.0,1.0,0.0,0.0,0.4782608695652174,-0.7444214400736141,-0.7460538282116203,-0.6024768492692177,0.0,1.0,0.0
1.0,0.0,1.0,1.0,1.0,0.0,0.0,0.0,0.0,1.0,1.0,0.0,0.0,1.0,0.0,0.0,1.0,0.0,0.0,1.0,0.0,-0.6086956521739131,0.41959972394755,0.41734252826913515,1.1192681021979247,0.0,2.0,0.0
1.0,1.0,0.0,1.0,1.0,0.0,0.0,0.0,0.0,0.0,0.0,2.0,0.0,0.0,1.0,0.0,1.0,0.0,1.0,0.0,0.0,0.5869565217391305,-0.8345985737290086,-0.8616406028915502,0.48198147941537434,0.0,0.0,0.0
0.0,1.0,1.0,1.0,1.0,1.0,1.0,0.0,0.0,1.0,0.0,2.0,0.0,1.0,0.0,0.0,1.0,1.0,0.0,0.0,0.0,0.9347826086956522,0.46744881527490234,0.47771520917892607,0.3561307597902491,0.0,3.0,0.0
1.0,0.0,0.0,1.0,1.0,0.0,0.0,0.0,0.0,0.0,0.0,0.0,0.0,0.0,1.0,0.0,1.0,0.0,0.0,1.0,0.0,-0.41304347826086957,-0.8557625948930297,-0.8808270726050866,0.35880843467588996,0.0,0.0,0.0
1.0,0.0,0.0,1.0,0.0,0.0,0.0,0.0,0.0,0.0,0.0,1.0,0.0,0.0,1.0,1.0,0.0,0.0,0.0,0.0,1.0,-0.15217391304347827,-0.9238555325511848,-0.9002972360962802,-0.03748744839897333,0.0,0.0,0.0
0.0,0.0,0.0,1.0,0.0,0.0,0.0,0.0,0.0,0.0,0.0,0.0,0.0,0.0,1.0,1.0,0.0,0.0,1.0,0.0,0.0,-0.5217391304347826,-0.9192546583850932,-0.9439484906672702,-0.010710699542563646,0.0,0.0,0.0
1.0,1.0,0.0,1.0,0.0,0.0,0.0,0.0,0.0,0.0,0.0,0.0,0.0,1.0,0.0,0.0,1.0,0.0,0.0,0.0,1.0,0.021739130434782608,0.1361858753163102,0.14320385137704178,6.131875488117819,1.0,0.0,1.0
1.0,0.0,0.0,0.0,1.0,0.0,1.0,1.0,0.0,1.0,1.0,1.0,1.0,0.0,0.0,1.0,0.0,0.0,0.0,0.0,1.0,0.32608695652173914,-0.3045778697952611,-0.30508322906820085,-1.0560749748967977,0.0,4.0,0.0
1.0,0.0,0.0,1.0,0.0,0.0,1.0,1.0,0.0,1.0,1.0,0.0,0.0,1.0,0.0,1.0,0.0,0.0,1.0,0.0,0.0,-0.2391304347826087,0.5668276972624798,0.5349997081440608,-0.04177172821599917,0.0,4.0,0.0
0.0,0.0,0.0,1.0,1.0,0.0,0.0,0.0,0.0,0.0,0.0,0.0,1.0,0.0,0.0,1.0,0.0,0.0,0.0,1.0,0.0,-0.5869565217391305,-0.4821716126063953,-0.47664786146164395,2.533080441816356,1.0,0.0,1.0
0.0,0.0,0.0,0.0,0.0,1.0,0.0,0.0,1.0,0.0,1.0,1.0,1.0,0.0,0.0,1.0,0.0,1.0,0.0,0.0,0.0,0.5434782608695652,-0.4858523119392684,-0.49073609644883676,-1.0309048309717728,0.0,3.0,0.0
0.0,0.0,0.0,1.0,0.0,0.0,0.0,1.0,0.0,1.0,1.0,0.0,0.0,1.0,0.0,1.0,0.0,0.0,0.0,1.0,0.0,-0.6086956521739131,0.439843570278353,0.4375560828159772,0.3159656365056346,0.0,3.0,0.0
1.0,1.0,1.0,1.0,0.0,0.0,0.0,0.0,0.0,0.0,0.0,2.0,0.0,0.0,1.0,1.0,0.0,0.0,1.0,0.0,0.0,0.8913043478260869,-0.9229353577179664,-0.9143631971941653,-0.03213209862769132,0.0,0.0,0.0
0.0,0.0,0.0,1.0,1.0,0.0,0.0,1.0,0.0,0.0,1.0,0.0,0.0,1.0,0.0,1.0,0.0,0.0,1.0,0.0,0.0,-0.41304347826086957,0.25948930296756373,0.2933966869796365,0.8086578154635726,1.0,2.0,1.0
1.0,1.0,1.0,1.0,0.0,1.0,0.0,0.0,0.0,1.0,1.0,0.0,0.0,1.0,0.0,1.0,0.0,0.0,1.0,0.0,0.0,0.0,0.4444444444444446,0.38150940884518814,0.322659823719737,0.0,3.0,0.0
1.0,0.0,0.0,1.0,1.0,0.0,0.0,1.0,0.0,1.0,1.0,0.0,0.0,1.0,0.0,0.0,1.0,0.0,0.0,1.0,0.0,-0.43478260869565216,0.5521048999309869,0.5784384326879052,0.47930380452973353,1.0,3.0,1.0
1.0,0.0,1.0,1.0,1.0,1.0,0.0,1.0,1.0,1.0,1.0,2.0,1.0,0.0,0.0,0.0,1.0,0.0,0.0,1.0,0.0,0.6739130434782609,0.2659305268000921,0.2295555438691946,-0.695302911971438,0.0,5.0,0.0
0.0,0.0,0.0,1.0,1.0,0.0,0.0,1.0,1.0,0.0,1.0,0.0,0.0,1.0,0.0,1.0,0.0,0.0,0.0,1.0,0.0,-0.043478260869565216,0.34414538762364855,0.32512243934330776,0.17672654245230415,0.0,3.0,0.0
1.0,1.0,1.0,1.0,0.0,0.0,0.0,0.0,0.0,0.0,0.0,2.0,0.0,0.0,1.0,1.0,0.0,0.0,0.0,0.0,1.0,0.2826086956521739,-0.9413388543823327,-0.9176708697563757,-0.13923909405333007,0.0,0.0,0.0
1.0,1.0,1.0,1.0,1.0,1.0,1.0,1.0,0.0,0.0,0.0,0.0,0.0,1.0,0.0,0.0,1.0,0.0,0.0,1.0,0.0,0.7608695652173914,0.39199447895100065,0.41427029767749873,0.2463460894789692,0.0,3.0,0.0
1.0,1.0,1.0,1.0,0.0,0.0,0.0,0.0,0.0,0.0,0.0,2.0,0.0,0.0,1.0,0.0,1.0,0.0,1.0,0.0,0.0,0.782608695652174,-0.8419599723947551,-0.8122635437033688,0.439138681245119,0.0,0.0,0.0
0.0,0.0,0.0,1.0,1.0,0.0,0.0,0.0,0.0,0.0,0.0,0.0,0.0,1.0,0.0,1.0,0.0,0.0,0.0,1.0,0.0,-0.5869565217391305,-0.006441223832528076,-0.1596625742498055,5.301796273569119,0.0,0.0,0.0
0.0,0.0,0.0,0.0,0.0,0.0,1.0,0.0,1.0,0.0,1.0,0.0,1.0,0.0,0.0,1.0,0.0,0.0,0.0,1.0,0.0,0.8478260869565217,-0.47020933977455714,-0.46336582662237547,-1.0081445944438245,0.0,3.0,0.0
0.0,1.0,0.0,1.0,1.0,1.0,1.0,1.0,1.0,1.0,1.0,2.0,0.0,1.0,0.0,0.0,1.0,0.0,1.0,0.0,0.0,0.8913043478260869,0.7821486082355648,0.7997199770084843,-0.48274652938270024,1.0,6.0,0.0
1.0,0.0,0.0,1.0,1.0,0.0,0.0,0.0,0.0,0.0,0.0,0.0,0.0,1.0,0.0,0.0,1.0,1.0,0.0,0.0,0.0,0.5,0.04508856682769732,0.056237271036786246,5.601695860760906,1.0,0.0,1.0
1.0,1.0,1.0,1.0,0.0,0.0,1.0,0.0,1.0,0.0,1.0,2.0,1.0,0.0,0.0,0.0,1.0,0.0,1.0,0.0,0.0,0.8478260869565217,0.005521048999309817,0.016192647960854227,-0.3159656365056342,0.0,3.0,0.0
0.0,1.0,0.0,1.0,0.0,0.0,0.0,0.0,0.0,0.0,0.0,2.0,0.0,0.0,1.0,1.0,0.0,1.0,0.0,0.0,0.0,0.8913043478260869,-0.939498504715896,-0.9549478145050971,-0.12852839451076642,0.0,0.0,0.0
0.0,0.0,0.0,1.0,0.0,1.0,1.0,0.0,1.0,0.0,0.0,1.0,1.0,0.0,0.0,1.0,0.0,0.0,1.0,0.0,0.0,0.8260869565217391,-0.1840349666436623,-0.23571710173744792,-0.5917661497266539,0.0,3.0,0.0
1.0,1.0,1.0,1.0,0.0,0.0,0.0,1.0,0.0,1.0,0.0,0.0,0.0,1.0,0.0,1.0,0.0,0.0,0.0,1.0,0.0,-0.021739130434782608,0.2751322751322752,0.20569086134197603,0.8390047975008371,0.0,2.0,0.0
1.0,0.0,0.0,1.0,1.0,0.0,1.0,1.0,0.0,0.0,0.0,0.0,0.0,1.0,0.0,0.0,1.0,1.0,0.0,0.0,0.0,-0.10869565217391304,0.2640901771336553,0.2715599227494879,0.817583398415709,0.0,2.0,0.0
0.0,1.0,0.0,1.0,1.0,1.0,0.0,0.0,1.0,0.0,0.0,0.0,0.0,1.0,0.0,1.0,0.0,0.0,0.0,1.0,0.0,-0.5869565217391305,0.17759374281113421,0.4903869640179503,0.6497824389155421,0.0,2.0,0.0
0.0,1.0,1.0,1.0,1.0,1.0,1.0,1.0,1.0,0.0,1.0,1.0,1.0,0.0,0.0,0.0,1.0,0.0,0.0,1.0,0.0,0.8478260869565217,0.14630779848171158,0.14412174852870116,-0.8113354903492133,0.0,5.0,0.0
1.0,1.0,0.0,1.0,1.0,1.0,1.0,1.0,0.0,1.0,1.0,2.0,1.0,0.0,0.0,0.0,1.0,0.0,0.0,1.0,0.0,0.6304347826086957,0.2870945479641131,0.2523074097197633,-0.674774071181524,0.0,5.0,0.0
0.0,1.0,0.0,1.0,1.0,0.0,0.0,1.0,1.0,1.0,1.0,0.0,0.0,1.0,0.0,0.0,1.0,1.0,0.0,0.0,0.0,-0.08695652173913043,0.6340004600874167,0.5893415015040805,0.03641637844471754,0.0,4.0,0.0
1.0,0.0,0.0,0.0,0.0,0.0,1.0,0.0,1.0,0.0,0.0,0.0,1.0,0.0,0.0,1.0,0.0,0.0,0.0,1.0,0.0,-0.41304347826086957,-0.6395215090867264,-0.5808395471712744,-0.9354010933839116,0.0,2.0,0.0
0.0,1.0,1.0,1.0,1.0,0.0,1.0,1.0,1.0,0.0,1.0,1.0,0.0,1.0,0.0,0.0,1.0,0.0,1.0,0.0,0.0,0.5869565217391305,0.5383022774327122,0.5432178452199233,-0.07497489679794704,0.0,4.0,0.0
1.0,1.0,0.0,1.0,1.0,1.0,1.0,0.0,1.0,0.0,0.0,0.0,0.0,1.0,0.0,0.0,1.0,0.0,1.0,0.0,0.0,0.043478260869565216,0.36899010812054284,0.4395418718990247,0.21287515340845709,0.0,3.0,0.0
0.0,0.0,1.0,1.0,0.0,0.0,0.0,0.0,0.0,0.0,0.0,2.0,0.0,0.0,1.0,1.0,0.0,0.0,1.0,0.0,0.0,0.7391304347826086,-0.9385783298826778,-0.9427117594799886,-0.1231730447394844,0.0,0.0,0.0
1.0,0.0,0.0,1.0,1.0,0.0,1.0,0.0,1.0,0.0,0.0,1.0,1.0,0.0,0.0,1.0,0.0,0.0,1.0,0.0,0.0,-0.15217391304347827,-0.28249367379802165,-0.30061453002582067,-0.24277585629811438,0.0,2.0,0.0
0.0,1.0,1.0,1.0,0.0,0.0,0.0,0.0,0.0,0.0,0.0,1.0,0.0,0.0,1.0,1.0,0.0,0.0,0.0,0.0,1.0,-0.4782608695652174,-0.9174143087186566,-0.9452348077747964,0.0,0.0,0.0,0.0
0.0,0.0,0.0,0.0,1.0,1.0,1.0,0.0,0.0,1.0,1.0,0.0,1.0,0.0,0.0,1.0,0.0,0.0,0.0,1.0,0.0,0.2391304347826087,-0.2705314009661836,-0.3281012054907048,-1.0164453865893115,1.0,4.0,1.0
1.0,0.0,0.0,1.0,1.0,0.0,1.0,0.0,0.0,0.0,0.0,0.0,0.0,1.0,0.0,0.0,1.0,1.0,0.0,0.0,0.0,0.5434782608695652,0.17207269381182413,0.16894380534881154,2.0644873368291865,0.0,1.0,0.0
0.0,0.0,0.0,1.0,1.0,0.0,0.0,0.0,0.0,0.0,0.0,2.0,0.0,0.0,1.0,0.0,1.0,0.0,1.0,0.0,0.0,0.30434782608695654,-0.8244766505636071,-0.7893596699109364,0.5408903268994757,0.0,0.0,0.0
0.0,1.0,0.0,1.0,1.0,0.0,1.0,0.0,0.0,0.0,1.0,0.0,0.0,1.0,0.0,0.0,1.0,0.0,1.0,0.0,0.0,-0.5652173913043478,0.3864734299516908,0.19101197054010277,1.0550039049425417,0.0,2.0,0.0
0.0,0.0,0.0,1.0,0.0,1.0,1.0,0.0,0.0,0.0,0.0,0.0,0.0,1.0,0.0,1.0,0.0,0.0,0.0,1.0,0.0,-0.32608695652173914,0.15366919714745791,0.07292455988658267,0.6033694075644316,1.0,2.0,1.0
1.0,1.0,1.0,1.0,0.0,0.0,0.0,0.0,0.0,0.0,0.0,1.0,0.0,0.0,1.0,1.0,0.0,0.0,0.0,0.0,1.0,-0.6086956521739131,-0.9358178053830228,-0.9360468284353228,-0.10710699542563874,0.0,0.0,0.0
1.0,1.0,1.0,1.0,1.0,0.0,1.0,1.0,0.0,0.0,0.0,0.0,0.0,1.0,0.0,0.0,1.0,0.0,0.0,1.0,0.0,0.8478260869565217,0.2604094778007823,0.23877144745960185,0.8104429320540002,1.0,2.0,1.0
1.0,1.0,1.0,1.0,0.0,0.0,0.0,0.0,0.0,0.0,0.0,2.0,0.0,0.0,1.0,1.0,0.0,1.0,0.0,0.0,0.0,0.717391304347826,-0.9210950080515298,-0.9126174811196652,-0.021421399085127673,0.0,0.0,0.0
1.0,0.0,0.0,1.0,0.0,0.0,1.0,0.0,0.0,0.0,1.0,1.0,0.0,1.0,0.0,0.0,1.0,0.0,1.0,0.0,0.0,0.7391304347826086,0.36714975845410636,0.40205839755839173,1.0175164565435684,0.0,2.0,0.0
1.0,1.0,1.0,1.0,0.0,0.0,1.0,1.0,0.0,1.0,1.0,0.0,1.0,0.0,0.0,0.0,1.0,0.0,1.0,0.0,0.0,0.0,0.1766735679779157,0.10438094235423873,-0.4959053888207073,0.0,4.0,0.0
0.0,1.0,1.0,1.0,1.0,0.0,0.0,0.0,0.0,1.0,1.0,0.0,0.0,1.0,0.0,1.0,0.0,0.0,1.0,0.0,0.0,0.0,0.3183804922935357,0.36414729616232133,0.9229052772509205,0.0,2.0,0.0
0.0,0.0,0.0,0.0,1.0,0.0,0.0,0.0,0.0,1.0,1.0,0.0,1.0,0.0,0.0,1.0,0.0,0.0,0.0,1.0,0.0,-0.13043478260869565,-0.47020933977455714,-0.5006963986893095,-0.606939640745286,0.0,2.0,0.0
0.0,0.0,1.0,1.0,0.0,1.0,0.0,0.0,0.0,0.0,0.0,0.0,0.0,1.0,0.0,0.0,1.0,0.0,1.0,0.0,0.0,-0.5869565217391305,0.18495514147688055,0.4311244972783455,2.1019747852281605,0.0,1.0,0.0
0.0,0.0,0.0,1.0,1.0,0.0,0.0,0.0,0.0,1.0,0.0,0.0,0.0,1.0,0.0,1.0,0.0,1.0,0.0,0.0,0.0,-0.45652173913043476,0.1748332183114792,0.1375685573821648,2.07252036148611,0.0,1.0,0.0
0.0,1.0,0.0,1.0,0.0,0.0,0.0,0.0,0.0,0.0,1.0,0.0,0.0,1.0,0.0,1.0,0.0,0.0,0.0,1.0,0.0,0.15217391304347827,0.18219461697722578,0.2023693338902854,2.093941760571238,0.0,1.0,0.0
0.0,1.0,1.0,1.0,1.0,0.0,1.0,1.0,0.0,1.0,1.0,1.0,0.0,1.0,0.0,0.0,1.0,0.0,0.0,1.0,0.0,0.8043478260869565,0.6330802852541985,0.6216080144026136,0.03534530849046098,1.0,4.0,1.0
0.0,1.0,1.0,1.0,1.0,0.0,1.0,1.0,0.0,1.0,0.0,0.0,0.0,1.0,0.0,1.0,0.0,0.0,1.0,0.0,0.0,-0.2826086956521739,0.3487462617897401,0.3455040148086262,0.18342072966640657,0.0,3.0,0.0
1.0,0.0,1.0,1.0,1.0,1.0,1.0,0.0,1.0,0.0,0.0,2.0,1.0,0.0,0.0,0.0,1.0,1.0,0.0,0.0,0.0,-0.6304347826086957,-0.15827007131354962,-0.1596625742498055,-0.5542787013276804,0.0,3.0,0.0
1.0,1.0,1.0,1.0,1.0,1.0,1.0,0.0,0.0,0.0,0.0,0.0,0.0,1.0,0.0,0.0,1.0,0.0,0.0,1.0,0.0,0.782608695652174,0.280653324131585,0.31103053963501087,0.8497154970434008,1.0,2.0,1.0
0.0,0.0,0.0,1.0,0.0,1.0,1.0,1.0,1.0,0.0,1.0,1.0,0.0,1.0,0.0,0.0,1.0,1.0,0.0,0.0,0.0,0.43478260869565216,0.5981136415919025,0.6402916595881981,-0.373089367399308,1.0,5.0,0.0
0.0,1.0,0.0,1.0,0.0,1.0,1.0,1.0,0.0,0.0,0.0,0.0,0.0,1.0,0.0,0.0,1.0,1.0,0.0,0.0,0.0,-0.43478260869565216,0.3910743041177824,0.47063280843808203,0.2450072520361488,0.0,3.0,0.0
1.0,1.0,0.0,1.0,1.0,0.0,1.0,1.0,0.0,0.0,0.0,0.0,0.0,1.0,0.0,0.0,1.0,0.0,0.0,1.0,0.0,0.0,0.28157349896480327,0.24913914098201384,0.8515006136338279,0.0,2.0,0.0
0.0,1.0,0.0,1.0,1.0,0.0,1.0,0.0,0.0,0.0,0.0,0.0,0.0,1.0,0.0,1.0,0.0,0.0,0.0,0.0,1.0,-0.6086956521739131,0.10858063031976087,0.10678882659492837,1.8797277697199604,1.0,1.0,1.0
0.0,0.0,0.0,1.0,1.0,0.0,1.0,0.0,0.0,1.0,1.0,0.0,0.0,1.0,0.0,1.0,0.0,0.0,0.0,1.0,0.0,-0.13043478260869565,0.44628479411088107,0.5353481411769828,0.3253374986053778,1.0,3.0,1.0
0.0,1.0,0.0,1.0,1.0,1.0,1.0,0.0,0.0,0.0,0.0,2.0,0.0,1.0,0.0,0.0,1.0,1.0,0.0,0.0,0.0,0.9347826086956522,0.24936737980216236,0.24753080456028106,0.7890215329688721,0.0,2.0,0.0
1.0,0.0,0.0,1.0,1.0,0.0,0.0,0.0,0.0,0.0,0.0,2.0,0.0,0.0,1.0,1.0,0.0,0.0,1.0,0.0,0.0,0.782608695652174,-0.9376581550494595,-0.9526134619520351,-0.1178176949682024,0.0,0.0,0.0
1.0,1.0,1.0,1.0,1.0,0.0,1.0,1.0,0.0,1.0,1.0,0.0,0.0,1.0,0.0,0.0,1.0,0.0,1.0,0.0,0.0,-0.43478260869565216,0.5907522429261559,0.5358674617483443,-0.01392390940533293,0.0,4.0,0.0
0.0,1.0,0.0,1.0,1.0,1.0,0.0,0.0,1.0,1.0,1.0,0.0,0.0,1.0,0.0,0.0,1.0,1.0,0.0,0.0,0.0,-0.043478260869565216,0.6220381872555786,0.6546306020993177,0.022492469039384226,1.0,4.0,0.0
1.0,0.0,0.0,0.0,1.0,1.0,1.0,0.0,0.0,1.0,1.0,1.0,1.0,0.0,0.0,1.0,0.0,0.0,0.0,1.0,0.0,0.9130434782608695,-0.25856912813434546,-0.26566079786900004,-1.0025214771839783,1.0,4.0,1.0
0.0,1.0,1.0,1.0,1.0,0.0,0.0,0.0,0.0,0.0,0.0,2.0,0.0,0.0,1.0,1.0,0.0,0.0,0.0,0.0,1.0,-0.10869565217391304,-0.9348976305498045,-0.9188576504210577,-0.10175164565435672,0.0,0.0,0.0
1.0,1.0,0.0,1.0,0.0,0.0,0.0,0.0,0.0,0.0,0.0,2.0,0.0,0.0,1.0,0.0,1.0,0.0,1.0,0.0,0.0,0.7608695652173914,-0.8253968253968255,-0.7973083404092718,0.5355349771281938,1.0,0.0,1.0
1.0,0.0,0.0,0.0,1.0,1.0,0.0,1.0,1.0,1.0,1.0,2.0,1.0,0.0,0.0,1.0,0.0,0.0,1.0,0.0,0.0,0.9347826086956522,-0.1711525189786059,-0.1766475749454157,-1.1192681021979245,0.0,5.0,0.0
1.0,1.0,1.0,1.0,0.0,0.0,0.0,0.0,0.0,1.0,0.0,2.0,0.0,1.0,0.0,0.0,1.0,1.0,0.0,0.0,0.0,0.6304347826086957,0.22084195997239475,0.23252157145251753,2.2064041057681583,0.0,1.0,0.0
1.0,1.0,0.0,0.0,0.0,0.0,0.0,1.0,1.0,1.0,1.0,1.0,1.0,0.0,0.0,1.0,0.0,0.0,0.0,1.0,0.0,-0.2608695652173913,-0.29261559696342304,-0.286672876883705,-1.0421510654914647,0.0,4.0,0.0
1.0,0.0,0.0,1.0,1.0,0.0,0.0,0.0,0.0,1.0,0.0,0.0,0.0,1.0,0.0,1.0,0.0,0.0,0.0,0.0,1.0,-0.5217391304347826,0.1766735679779157,0.16761324982224352,2.0778757112573913,0.0,1.0,0.0
1.0,1.0,1.0,1.0,1.0,1.0,1.0,1.0,1.0,0.0,0.0,2.0,1.0,0.0,0.0,1.0,0.0,1.0,0.0,0.0,0.0,0.6956521739130435,-0.04508856682769732,-0.04448146275971617,-0.7540332477964966,0.0,4.0,0.0
0.0,1.0,0.0,1.0,0.0,1.0,1.0,0.0,0.0,0.0,1.0,1.0,0.0,1.0,0.0,1.0,0.0,0.0,1.0,0.0,0.0,0.8695652173913043,0.3091787439613526,0.31556901219435757,0.1258507196251256,1.0,3.0,1.0
1.0,0.0,0.0,1.0,0.0,1.0,1.0,1.0,1.0,1.0,1.0,1.0,0.0,1.0,0.0,0.0,1.0,0.0,1.0,0.0,0.0,0.45652173913043476,0.8069933287324591,0.8312058696363831,-0.46209018026489845,0.0,6.0,0.0
0.0,1.0,1.0,1.0,1.0,0.0,0.0,0.0,0.0,0.0,0.0,2.0,0.0,0.0,1.0,0.0,1.0,0.0,1.0,0.0,0.0,0.34782608695652173,-0.8438003220611917,-0.8188286297955055,0.42842798170255497,0.0,0.0,0.0
0.0,1.0,1.0,1.0,1.0,0.0,0.0,0.0,0.0,0.0,0.0,0.0,0.0,0.0,1.0,1.0,0.0,1.0,0.0,0.0,0.0,-0.41304347826086957,-0.9330572808833679,-0.9355874294683492,-0.0910409461117927,0.0,0.0,0.0
1.0,1.0,0.0,1.0,1.0,1.0,1.0,0.0,0.0,0.0,0.0,0.0,0.0,1.0,0.0,0.0,1.0,0.0,0.0,1.0,0.0,0.0,0.256728778467909,0.26615274410372863,0.8033024656922909,0.0,2.0,0.0
0.0,1.0,0.0,1.0,1.0,0.0,0.0,1.0,1.0,1.0,1.0,1.0,0.0,1.0,0.0,0.0,1.0,0.0,1.0,0.0,0.0,0.8043478260869565,0.6524039567517829,0.6449399134525496,0.05783777752984521,1.0,4.0,0.0
0.0,1.0,0.0,1.0,1.0,0.0,0.0,0.0,0.0,0.0,0.0,2.0,0.0,0.0,1.0,1.0,0.0,0.0,0.0,1.0,0.0,-0.3695652173913043,-0.9284564067172764,-0.8920210941003452,-0.06426419725538302,0.0,0.0,0.0
0.0,0.0,0.0,1.0,0.0,0.0,0.0,0.0,0.0,0.0,0.0,2.0,0.0,0.0,1.0,0.0,1.0,0.0,1.0,0.0,0.0,0.6304347826086957,-0.8493213710605015,-0.8460204722521706,0.39629588307486363,0.0,0.0,0.0
1.0,0.0,0.0,1.0,1.0,0.0,0.0,0.0,0.0,1.0,1.0,0.0,1.0,0.0,0.0,1.0,0.0,0.0,0.0,1.0,0.0,-0.45652173913043476,-0.07821486082355648,-0.04194158896280016,0.1535200267767489,0.0,2.0,0.0
1.0,1.0,1.0,1.0,1.0,0.0,0.0,0.0,0.0,0.0,0.0,2.0,0.0,0.0,1.0,0.0,1.0,1.0,0.0,0.0,0.0,0.5434782608695652,-0.8548424200598115,-0.8782646472559666,0.36416378444717196,0.0,0.0,0.0
0.0,1.0,0.0,1.0,0.0,1.0,0.0,1.0,1.0,1.0,1.0,2.0,1.0,0.0,0.0,0.0,1.0,0.0,1.0,0.0,0.0,0.2826086956521739,0.25488842880147217,0.2655221077549766,-0.7060136115140021,0.0,5.0,0.0
1.0,0.0,1.0,1.0,1.0,0.0,0.0,1.0,0.0,1.0,1.0,0.0,0.0,1.0,0.0,0.0,1.0,1.0,0.0,0.0,0.0,0.1956521739130435,0.5291005291005291,0.5294116973177144,0.44583286845922143,0.0,3.0,0.0
1.0,0.0,0.0,1.0,1.0,0.0,0.0,0.0,0.0,1.0,0.0,0.0,0.0,1.0,0.0,0.0,1.0,0.0,0.0,1.0,0.0,-0.3695652173913043,0.256728778467909,0.32538616837990386,2.310833426308156,0.0,1.0,0.0
0.0,0.0,0.0,1.0,1.0,0.0,1.0,0.0,1.0,0.0,0.0,0.0,0.0,1.0,0.0,1.0,0.0,0.0,1.0,0.0,0.0,-0.32608695652173914,0.17575339314469746,0.16283550056571716,0.6462122057346873,0.0,2.0,0.0
0.0,1.0,1.0,1.0,0.0,1.0,1.0,1.0,1.0,1.0,1.0,2.0,1.0,0.0,0.0,0.0,1.0,0.0,1.0,0.0,0.0,0.8478260869565217,0.322061191626409,0.3680246979910787,-0.8652715130456957,0.0,6.0,0.0
0.0,0.0,0.0,1.0,1.0,0.0,0.0,0.0,0.0,0.0,0.0,0.0,0.0,1.0,0.0,0.0,1.0,0.0,0.0,1.0,0.0,-0.43478260869565216,0.11686220381872546,0.05768418145840831,6.019413142920897,0.0,0.0,0.0
1.0,1.0,1.0,1.0,1.0,0.0,1.0,0.0,0.0,0.0,1.0,0.0,0.0,1.0,0.0,1.0,0.0,0.0,1.0,0.0,0.0,-0.5,0.24016563146997924,0.16543876137856797,0.7711703670645988,0.0,2.0,0.0
1.0,1.0,0.0,1.0,1.0,1.0,1.0,0.0,0.0,0.0,1.0,1.0,0.0,1.0,0.0,1.0,0.0,0.0,1.0,0.0,0.0,0.8260869565217391,0.3699102829537611,0.36387397387419845,0.21421399085127749,0.0,3.0,0.0
0.0,1.0,0.0,1.0,1.0,0.0,1.0,1.0,0.0,1.0,1.0,1.0,0.0,1.0,0.0,0.0,1.0,0.0,0.0,1.0,0.0,0.5,0.6625258799171843,0.6895364162010399,0.06961954702666541,1.0,4.0,1.0
1.0,1.0,0.0,1.0,1.0,0.0,1.0,1.0,0.0,0.0,0.0,0.0,0.0,1.0,0.0,1.0,0.0,0.0,0.0,1.0,0.0,0.2391304347826087,0.1748332183114792,0.15858606012121057,0.6444270891442601,0.0,2.0,0.0
0.0,0.0,0.0,1.0,1.0,0.0,0.0,0.0,0.0,0.0,0.0,0.0,0.0,1.0,0.0,1.0,0.0,0.0,0.0,0.0,1.0,-0.6086956521739131,-0.010121923165401375,-0.011736106884280827,5.28037487448399,0.0,0.0,0.0
1.0,0.0,0.0,1.0,1.0,0.0,0.0,0.0,1.0,1.0,1.0,0.0,0.0,1.0,0.0,1.0,0.0,0.0,1.0,0.0,0.0,-0.41304347826086957,0.45272601794340916,0.29256976883908414,0.3347093607051211,0.0,3.0,0.0
0.0,1.0,0.0,1.0,0.0,0.0,0.0,0.0,0.0,0.0,0.0,2.0,0.0,0.0,1.0,0.0,1.0,0.0,0.0,1.0,0.0,0.2826086956521739,-0.8327582240625719,-0.812271621047843,0.4926921789579384,0.0,0.0,0.0
1.0,0.0,0.0,1.0,0.0,0.0,0.0,0.0,0.0,0.0,0.0,0.0,0.0,1.0,0.0,1.0,0.0,0.0,1.0,0.0,0.0,-0.1956521739130435,0.014722797331492931,-0.02074032663696484,5.4249693183086025,1.0,0.0,1.0
1.0,0.0,0.0,1.0,0.0,0.0,0.0,0.0,0.0,0.0,0.0,2.0,0.0,0.0,1.0,1.0,0.0,0.0,0.0,1.0,0.0,0.3695652173913043,-0.9302967563837129,-0.9347884747431776,-0.07497489679794704,0.0,0.0,0.0
1.0,0.0,0.0,1.0,0.0,0.0,0.0,0.0,0.0,1.0,1.0,0.0,0.0,1.0,0.0,0.0,1.0,0.0,0.0,1.0,0.0,-0.4782608695652174,0.47296986427421217,0.3821656930837221,1.2228048644427094,0.0,2.0,0.0
1.0,1.0,1.0,1.0,0.0,0.0,0.0,0.0,0.0,0.0,0.0,2.0,0.0,0.0,1.0,0.0,1.0,0.0,1.0,0.0,0.0,0.8913043478260869,-0.8345985737290086,-0.8271955246321023,0.48198147941537434,0.0,0.0,0.0
0.0,0.0,0.0,1.0,1.0,1.0,0.0,0.0,0.0,1.0,1.0,2.0,0.0,1.0,0.0,0.0,1.0,1.0,0.0,0.0,0.0,0.8043478260869565,0.5870715435932828,0.5047814649831255,0.530179627356912,1.0,3.0,1.0
1.0,1.0,1.0,1.0,1.0,0.0,0.0,1.0,0.0,1.0,0.0,0.0,0.0,1.0,0.0,0.0,1.0,1.0,0.0,0.0,0.0,-0.2826086956521739,0.3735909822866344,0.35922855894696487,1.0300122726765593,0.0,2.0,0.0
0.0,1.0,1.0,1.0,0.0,0.0,0.0,0.0,0.0,0.0,0.0,2.0,0.0,0.0,1.0,0.0,1.0,0.0,1.0,0.0,0.0,-0.15217391304347827,-0.8327582240625719,-0.8332249869181231,0.4926921789579384,0.0,0.0,0.0
0.0,0.0,0.0,1.0,1.0,0.0,0.0,0.0,0.0,0.0,0.0,0.0,0.0,1.0,0.0,1.0,0.0,0.0,0.0,1.0,0.0,-0.6086956521739131,-0.01564297216471119,-0.017248894487964923,5.2482427758562995,1.0,0.0,1.0
0.0,1.0,0.0,0.0,1.0,0.0,1.0,0.0,0.0,0.0,0.0,0.0,1.0,0.0,0.0,1.0,0.0,0.0,0.0,1.0,0.0,-0.5652173913043478,-0.7315389924085577,-0.7896516909597106,-0.5649894008702442,1.0,1.0,1.0
0.0,0.0,0.0,1.0,1.0,1.0,0.0,0.0,0.0,0.0,0.0,0.0,1.0,0.0,0.0,0.0,1.0,0.0,0.0,1.0,0.0,-0.391304347826087,-0.2742121002990568,-0.32688379822822466,0.7658150172933172,1.0,1.0,1.0
0.0,0.0,0.0,1.0,1.0,0.0,0.0,0.0,0.0,0.0,0.0,0.0,0.0,0.0,1.0,1.0,0.0,0.0,0.0,0.0,1.0,-0.5869565217391305,-0.9293765815504946,-0.921346061492165,-0.06961954702666504,0.0,0.0,0.0
1.0,0.0,0.0,1.0,0.0,1.0,0.0,0.0,0.0,1.0,1.0,0.0,0.0,1.0,0.0,1.0,0.0,0.0,0.0,1.0,0.0,-0.2608695652173913,0.42972164711295135,0.4600936556663326,0.301238424634609,0.0,3.0,0.0
0.0,0.0,0.0,1.0,1.0,0.0,0.0,0.0,0.0,0.0,0.0,0.0,0.0,1.0,0.0,1.0,0.0,0.0,0.0,1.0,0.0,-0.6086956521739131,-0.007361398665746597,-0.00897971308243891,5.296440923797835,0.0,0.0,0.0
1.0,0.0,0.0,1.0,0.0,0.0,0.0,0.0,0.0,0.0,0.0,0.0,0.0,0.0,1.0,1.0,0.0,0.0,0.0,0.0,1.0,-0.6086956521739131,-0.9256958822176213,-0.9259400511619018,-0.04819814794153736,0.0,0.0,0.0
1.0,0.0,1.0,1.0,0.0,0.0,0.0,0.0,0.0,0.0,0.0,0.0,1.0,0.0,0.0,1.0,0.0,0.0,0.0,1.0,0.0,-0.6086956521739131,-0.4876926616057051,-0.4885922346029596,2.5009483431886648,0.0,0.0,0.0
0.0,0.0,0.0,1.0,0.0,0.0,0.0,0.0,0.0,0.0,0.0,1.0,0.0,0.0,1.0,0.0,1.0,0.0,0.0,0.0,1.0,0.7608695652173914,-0.8428801472279733,-0.8254608833541276,0.43378333147383696,0.0,0.0,0.0
0.0,0.0,0.0,1.0,1.0,0.0,0.0,1.0,0.0,0.0,0.0,0.0,0.0,1.0,0.0,0.0,1.0,0.0,0.0,1.0,0.0,-0.5869565217391305,0.1481481481481481,0.07692789374163925,1.9948677898025216,1.0,1.0,1.0
1.0,1.0,0.0,1.0,1.0,1.0,0.0,0.0,0.0,0.0,0.0,0.0,0.0,1.0,0.0,0.0,1.0,0.0,0.0,1.0,0.0,-0.6086956521739131,0.180354267310789,0.17845506544282214,2.0885864107999557,1.0,1.0,1.0
0.0,1.0,1.0,0.0,1.0,1.0,0.0,1.0,0.0,1.0,1.0,2.0,1.0,0.0,0.0,1.0,0.0,0.0,1.0,0.0,0.0,0.9347826086956522,-0.3073383942949161,-0.28838361257934714,-1.059288184759567,0.0,4.0,0.0
1.0,1.0,0.0,1.0,1.0,1.0,1.0,1.0,1.0,1.0,1.0,2.0,0.0,1.0,0.0,0.0,1.0,0.0,1.0,0.0,0.0,0.9347826086956522,0.8548424200598115,0.896342517833691,-0.4223075819639467,0.0,6.0,0.0
1.0,1.0,1.0,1.0,0.0,1.0,0.0,1.0,1.0,0.0,1.0,2.0,1.0,0.0,0.0,1.0,0.0,0.0,0.0,0.0,1.0,0.8260869565217391,-0.04876926616057061,-0.02791792124335392,-0.7583175276135223,0.0,4.0,0.0
1.0,1.0,0.0,1.0,1.0,0.0,0.0,1.0,0.0,1.0,1.0,2.0,1.0,0.0,0.0,0.0,1.0,0.0,1.0,0.0,0.0,0.9347826086956522,0.054290315159880434,0.06294174741377376,-0.2450072520361484,1.0,3.0,1.0
0.0,1.0,0.0,1.0,1.0,0.0,1.0,1.0,0.0,1.0,1.0,0.0,0.0,1.0,0.0,0.0,1.0,1.0,0.0,0.0,0.0,0.782608695652174,0.7048539222452266,0.7051241765342778,0.11888876492245894,1.0,4.0,1.0
0.0,0.0,1.0,1.0,1.0,0.0,0.0,0.0,0.0,0.0,0.0,2.0,0.0,0.0,1.0,1.0,0.0,0.0,0.0,0.0,1.0,0.9347826086956522,-0.9339774557165862,-0.8972020935612152,-0.09639629588307472,0.0,0.0,0.0
0.0,0.0,0.0,1.0,1.0,1.0,0.0,1.0,0.0,1.0,0.0,0.0,0.0,1.0,0.0,1.0,0.0,1.0,0.0,0.0,0.0,-0.1956521739130435,0.34782608695652184,0.4220743376289642,0.18208189222358617,0.0,3.0,0.0
1.0,1.0,0.0,1.0,1.0,0.0,0.0,0.0,0.0,1.0,0.0,0.0,0.0,1.0,0.0,0.0,1.0,0.0,0.0,0.0,1.0,-0.5869565217391305,0.30089717046238773,0.13940615325005942,2.439361820818922,1.0,1.0,1.0
1.0,1.0,0.0,1.0,1.0,1.0,1.0,1.0,0.0,1.0,0.0,2.0,0.0,1.0,0.0,0.0,1.0,0.0,1.0,0.0,0.0,0.8913043478260869,0.5309408787669656,0.5258919413226302,-0.08354345643199834,0.0,4.0,0.0
1.0,1.0,1.0,0.0,0.0,1.0,1.0,0.0,0.0,1.0,0.0,1.0,1.0,0.0,0.0,1.0,0.0,0.0,0.0,0.0,1.0,0.8478260869565217,-0.47296986427421217,-0.4908486942348597,-1.012161106772286,0.0,3.0,0.0
1.0,1.0,0.0,1.0,1.0,1.0,1.0,1.0,0.0,0.0,0.0,0.0,0.0,1.0,0.0,0.0,1.0,0.0,0.0,1.0,0.0,0.43478260869565216,0.3257418909592823,0.2627407126488092,0.14994979359589447,1.0,3.0,1.0
1.0,1.0,0.0,0.0,1.0,1.0,0.0,1.0,0.0,1.0,1.0,2.0,1.0,0.0,0.0,1.0,0.0,1.0,0.0,0.0,0.0,0.8478260869565217,-0.30181734529560617,-0.2717288987227376,-1.0528617650340286,0.0,4.0,0.0
1.0,0.0,0.0,1.0,0.0,0.0,0.0,0.0,0.0,0.0,0.0,1.0,0.0,0.0,1.0,1.0,0.0,0.0,0.0,0.0,1.0,0.021739130434782608,-0.9348976305498045,-0.9142713174007704,-0.10175164565435672,0.0,0.0,0.0
0.0,0.0,0.0,1.0,0.0,1.0,1.0,0.0,0.0,0.0,1.0,1.0,1.0,0.0,0.0,1.0,0.0,0.0,0.0,1.0,0.0,0.10869565217391304,-0.11318150448585242,-0.1875237704233267,-0.48867566662947676,0.0,3.0,0.0
0.0,1.0,1.0,1.0,0.0,1.0,1.0,0.0,0.0,1.0,1.0,1.0,0.0,1.0,0.0,1.0,0.0,0.0,1.0,0.0,0.0,0.6304347826086957,0.5291005291005291,0.5552414250796825,-0.08568559634051069,0.0,4.0,0.0
1.0,0.0,1.0,1.0,0.0,0.0,0.0,0.0,0.0,0.0,0.0,0.0,0.0,0.0,1.0,1.0,0.0,0.0,1.0,0.0,0.0,-0.3695652173913043,-0.9100529100529101,-0.9360468284353228,0.04284279817025573,0.0,0.0,0.0
1.0,0.0,0.0,1.0,1.0,0.0,0.0,1.0,1.0,0.0,0.0,0.0,1.0,0.0,0.0,1.0,0.0,0.0,1.0,0.0,0.0,-0.21739130434782608,-0.28525419829767656,-0.28500595555462394,-0.2481312060693964,0.0,2.0,0.0
0.0,0.0,0.0,1.0,1.0,0.0,0.0,0.0,1.0,0.0,1.0,0.0,0.0,1.0,0.0,0.0,1.0,0.0,0.0,1.0,0.0,-0.10869565217391304,0.35058661145617664,0.43277067691000104,0.9853843579158763,0.0,2.0,0.0
1.0,1.0,0.0,1.0,1.0,0.0,0.0,1.0,0.0,1.0,1.0,0.0,0.0,1.0,0.0,1.0,0.0,0.0,1.0,0.0,0.0,-0.15217391304347827,0.4453646192776628,0.302325732355907,0.32399866116255743,0.0,3.0,0.0
1.0,1.0,0.0,1.0,1.0,0.0,0.0,0.0,0.0,1.0,1.0,0.0,0.0,1.0,0.0,0.0,1.0,1.0,0.0,0.0,0.0,0.6521739130434783,0.42972164711295135,0.4391600859888004,1.1389043846926252,1.0,2.0,1.0
1.0,0.0,0.0,1.0,0.0,0.0,0.0,0.0,0.0,0.0,0.0,2.0,0.0,0.0,1.0,0.0,1.0,0.0,0.0,0.0,1.0,-0.15217391304347827,-0.8327582240625719,-0.8239534804937452,0.4926921789579384,0.0,0.0,0.0
1.0,1.0,0.0,0.0,1.0,0.0,0.0,1.0,1.0,1.0,1.0,1.0,1.0,0.0,0.0,1.0,0.0,1.0,0.0,0.0,0.0,0.5869565217391305,-0.30273752012882454,-0.3258993718704236,-1.0539328349882853,0.0,4.0,0.0
0.0,0.0,0.0,1.0,0.0,0.0,0.0,0.0,0.0,1.0,1.0,0.0,0.0,1.0,0.0,1.0,0.0,0.0,0.0,1.0,0.0,0.06521739130434782,0.3763515067862895,0.36700962895008143,1.0353676224478412,1.0,2.0,1.0
1.0,0.0,0.0,1.0,0.0,0.0,0.0,0.0,0.0,0.0,0.0,0.0,0.0,0.0,1.0,1.0,0.0,0.0,0.0,1.0,0.0,-0.6086956521739131,-0.9440993788819876,-0.944316009840849,-0.1553051433671761,0.0,0.0,0.0
1.0,1.0,1.0,1.0,1.0,1.0,0.0,1.0,0.0,1.0,1.0,1.0,0.0,1.0,0.0,0.0,1.0,1.0,0.0,0.0,0.0,0.9347826086956522,0.6551644812514377,0.7059726903527649,0.061050987392614116,0.0,4.0,0.0
1.0,1.0,0.0,1.0,0.0,0.0,1.0,1.0,1.0,1.0,0.0,2.0,1.0,0.0,0.0,0.0,1.0,0.0,1.0,0.0,0.0,0.8913043478260869,0.10305958132045079,0.08480330460404495,-0.5815909851612183,0.0,4.0,0.0
0.0,0.0,0.0,1.0,1.0,0.0,0.0,0.0,1.0,1.0,1.0,0.0,0.0,1.0,0.0,0.0,1.0,1.0,0.0,0.0,0.0,-0.2391304347826087,0.5401426270991487,0.5169300154430959,0.4618989177730671,0.0,3.0,0.0
1.0,1.0,0.0,1.0,0.0,1.0,1.0,1.0,1.0,1.0,0.0,2.0,1.0,0.0,0.0,0.0,1.0,0.0,0.0,0.0,1.0,0.8913043478260869,0.159190246146768,0.1562726581803788,-0.7988396742162219,0.0,5.0,0.0
1.0,1.0,1.0,1.0,1.0,1.0,1.0,1.0,1.0,1.0,0.0,1.0,1.0,0.0,0.0,1.0,0.0,0.0,0.0,1.0,0.0,0.8043478260869565,0.08465608465608455,0.09860317227430634,-0.8711368961285284,0.0,5.0,0.0
0.0,1.0,1.0,0.0,0.0,1.0,0.0,0.0,1.0,0.0,0.0,2.0,1.0,0.0,0.0,1.0,0.0,1.0,0.0,0.0,0.0,0.4782608695652174,-0.6680469289164941,-0.6550568014593044,-0.9907397076871581,0.0,2.0,0.0
1.0,1.0,1.0,1.0,0.0,0.0,0.0,0.0,0.0,0.0,0.0,0.0,0.0,0.0,1.0,1.0,0.0,0.0,1.0,0.0,0.0,-0.5,-0.9321371060501495,-0.871884106047999,-0.08568559634051069,0.0,0.0,0.0
1.0,0.0,0.0,1.0,1.0,0.0,0.0,0.0,0.0,1.0,1.0,0.0,0.0,1.0,0.0,0.0,1.0,0.0,0.0,1.0,0.0,-0.5869565217391305,0.42972164711295135,0.510600518564792,1.1389043846926252,1.0,2.0,1.0
1.0,0.0,0.0,1.0,0.0,0.0,0.0,0.0,1.0,0.0,0.0,2.0,1.0,0.0,0.0,1.0,0.0,1.0,0.0,0.0,0.0,0.8260869565217391,-0.36714975845410636,-0.402993179323864,0.4953698538435792,0.0,1.0,0.0
0.0,0.0,0.0,1.0,0.0,1.0,1.0,0.0,0.0,0.0,0.0,0.0,1.0,0.0,0.0,1.0,0.0,0.0,0.0,1.0,0.0,-0.5652173913043478,-0.27881297446514836,-0.28523162522261114,-0.23563538993640515,0.0,2.0,0.0
1.0,0.0,0.0,1.0,1.0,0.0,0.0,0.0,0.0,0.0,0.0,2.0,0.0,0.0,1.0,1.0,0.0,0.0,1.0,0.0,0.0,0.9130434782608695,-0.9312169312169313,-0.9464124220281656,-0.08033024656922906,0.0,0.0,0.0
1.0,0.0,0.0,1.0,0.0,1.0,1.0,0.0,0.0,0.0,0.0,1.0,1.0,0.0,0.0,1.0,0.0,0.0,0.0,0.0,1.0,-0.2608695652173913,-0.26501035196687367,-0.27353947112198684,-0.20885864107999547,0.0,2.0,0.0
1.0,0.0,0.0,1.0,1.0,0.0,1.0,0.0,0.0,1.0,1.0,0.0,0.0,1.0,0.0,0.0,1.0,0.0,1.0,0.0,0.0,0.34782608695652173,0.558546123763515,0.6384665643724656,0.48867566662947676,0.0,3.0,0.0
0.0,1.0,1.0,1.0,1.0,0.0,0.0,0.0,0.0,0.0,0.0,1.0,0.0,0.0,1.0,1.0,0.0,0.0,0.0,0.0,1.0,-0.45652173913043476,-0.9339774557165862,-0.9640701654207172,-0.09639629588307472,0.0,0.0,0.0
0.0,1.0,0.0,1.0,0.0,1.0,1.0,1.0,1.0,1.0,1.0,2.0,1.0,0.0,0.0,0.0,1.0,0.0,1.0,0.0,0.0,0.9130434782608695,0.280653324131585,0.313686592340708,-0.8996987615753653,0.0,6.0,0.0
0.0,1.0,0.0,1.0,0.0,0.0,1.0,1.0,0.0,0.0,0.0,1.0,0.0,1.0,0.0,0.0,1.0,0.0,1.0,0.0,0.0,0.8478260869565217,0.2935357717966414,0.2602145698298143,0.8747071293093832,0.0,2.0,0.0
0.0,0.0,0.0,1.0,1.0,0.0,0.0,0.0,0.0,1.0,0.0,0.0,0.0,1.0,0.0,1.0,0.0,0.0,0.0,1.0,0.0,-0.5869565217391305,0.18679549114331734,0.027312805308481878,2.107330134999443,0.0,1.0,0.0
0.0,0.0,0.0,1.0,0.0,0.0,0.0,0.0,0.0,0.0,0.0,2.0,0.0,0.0,1.0,1.0,0.0,0.0,0.0,0.0,1.0,0.17391304347826086,-0.9330572808833679,-0.8932109788121014,-0.0910409461117927,0.0,0.0,0.0
1.0,1.0,0.0,1.0,0.0,0.0,0.0,1.0,0.0,1.0,0.0,0.0,0.0,1.0,0.0,0.0,1.0,0.0,1.0,0.0,0.0,0.043478260869565216,0.33402346445824715,0.29339372311533346,0.953252259288185,0.0,2.0,0.0
1.0,0.0,0.0,1.0,1.0,1.0,1.0,0.0,0.0,1.0,1.0,0.0,0.0,1.0,0.0,0.0,1.0,1.0,0.0,0.0,0.0,0.7608695652173914,0.6073153899240856,0.5831424866934795,0.005355349771282014,1.0,4.0,1.0
0.0,0.0,0.0,1.0,1.0,0.0,0.0,1.0,1.0,1.0,1.0,2.0,1.0,0.0,0.0,0.0,1.0,1.0,0.0,0.0,0.0,0.5,0.19231654014262717,0.19907501138352532,-0.4776971995983485,0.0,4.0,0.0
1.0,0.0,0.0,1.0,0.0,0.0,0.0,1.0,1.0,0.0,1.0,1.0,1.0,0.0,0.0,1.0,0.0,1.0,0.0,0.0,0.0,0.5434782608695652,-0.0966183574879227,-0.09590820649979169,-0.4645765926587079,1.0,3.0,0.0
0.0,1.0,0.0,1.0,1.0,1.0,0.0,0.0,0.0,0.0,0.0,0.0,0.0,1.0,0.0,1.0,0.0,0.0,1.0,0.0,0.0,0.2826086956521739,0.06717276282493684,0.11580179680412621,1.7592323998661168,1.0,1.0,1.0
1.0,0.0,0.0,1.0,1.0,0.0,0.0,0.0,0.0,0.0,0.0,0.0,0.0,0.0,1.0,1.0,0.0,0.0,0.0,1.0,0.0,-0.043478260869565216,-0.9404186795491144,-0.9365572717319602,-0.13388374428204844,0.0,0.0,0.0
0.0,0.0,0.0,1.0,0.0,1.0,1.0,0.0,0.0,0.0,0.0,0.0,0.0,1.0,0.0,1.0,0.0,0.0,0.0,1.0,0.0,-0.5217391304347826,0.1877156659765356,0.08032744609724451,0.6694187214102425,1.0,2.0,1.0
1.0,1.0,0.0,1.0,0.0,0.0,1.0,1.0,1.0,1.0,1.0,2.0,1.0,0.0,0.0,0.0,1.0,0.0,1.0,0.0,0.0,0.9130434782608695,0.2521279043018174,0.244595575871061,-0.7086912863996429,0.0,5.0,0.0
1.0,0.0,0.0,1.0,1.0,0.0,0.0,1.0,0.0,1.0,0.0,0.0,0.0,1.0,0.0,0.0,1.0,0.0,1.0,0.0,0.0,-0.4782608695652174,0.34690591212330335,0.36155836799376,0.9782438915541671,0.0,2.0,0.0
0.0,0.0,0.0,0.0,1.0,1.0,0.0,0.0,0.0,0.0,0.0,0.0,1.0,0.0,0.0,1.0,0.0,0.0,0.0,0.0,1.0,-0.5434782608695652,-0.7609845870715436,-0.7915658533221007,-0.6506749972107553,0.0,1.0,0.0
1.0,0.0,0.0,1.0,0.0,0.0,0.0,0.0,0.0,0.0,1.0,0.0,1.0,0.0,0.0,0.0,1.0,0.0,0.0,0.0,1.0,-0.43478260869565216,-0.19507706464228206,-0.18967664009208585,0.9960950574584404,0.0,1.0,0.0
0.0,1.0,1.0,1.0,1.0,1.0,1.0,1.0,1.0,1.0,1.0,2.0,0.0,1.0,0.0,1.0,0.0,1.0,0.0,0.0,0.0,0.9347826086956522,0.7020933977455718,0.6747973660106347,-0.5493058765400614,0.0,6.0,0.0
0.0,1.0,0.0,1.0,1.0,1.0,1.0,0.0,1.0,1.0,1.0,2.0,1.0,0.0,0.0,0.0,1.0,0.0,0.0,1.0,0.0,0.717391304347826,0.2659305268000921,0.22941871213387005,-0.695302911971438,0.0,5.0,0.0
1.0,1.0,1.0,1.0,0.0,0.0,0.0,0.0,0.0,0.0,0.0,2.0,0.0,0.0,1.0,0.0,1.0,0.0,1.0,0.0,0.0,0.9130434782608695,-0.8576029445594664,-0.8761955545690336,0.3480977351333259,0.0,0.0,0.0
1.0,0.0,0.0,1.0,1.0,0.0,0.0,0.0,1.0,1.0,0.0,0.0,0.0,1.0,0.0,0.0,1.0,0.0,0.0,1.0,0.0,-0.32608695652173914,0.35794801012192323,0.24959627689988914,0.9996652906392952,0.0,2.0,0.0
0.0,1.0,0.0,1.0,1.0,0.0,0.0,0.0,0.0,0.0,0.0,0.0,0.0,1.0,0.0,1.0,0.0,0.0,0.0,1.0,0.0,-0.5869565217391305,-0.002760524499655039,-0.19227990090493668,5.323217672654245,0.0,0.0,0.0
0.0,0.0,0.0,1.0,1.0,0.0,0.0,1.0,1.0,1.0,1.0,0.0,0.0,1.0,0.0,0.0,1.0,0.0,0.0,1.0,0.0,0.41304347826086957,0.6137566137566137,0.5963741340235027,0.012852839451076755,0.0,4.0,0.0
0.0,0.0,0.0,1.0,1.0,1.0,1.0,1.0,1.0,1.0,1.0,2.0,0.0,1.0,0.0,0.0,1.0,0.0,1.0,0.0,0.0,0.9347826086956522,0.7775477340694732,0.7937944595392334,-0.4865717792193301,0.0,6.0,0.0
1.0,1.0,1.0,0.0,1.0,1.0,1.0,0.0,0.0,0.0,0.0,0.0,1.0,0.0,0.0,1.0,0.0,0.0,0.0,0.0,1.0,-0.21739130434782608,-0.6542443064182194,-0.7069759961664474,-0.9639629588307485,0.0,2.0,0.0
0.0,1.0,0.0,1.0,1.0,0.0,0.0,0.0,1.0,0.0,0.0,0.0,1.0,0.0,0.0,1.0,0.0,0.0,0.0,0.0,1.0,-0.2391304347826087,-0.3717506326201979,-0.36940372483812156,0.48198147941537434,0.0,1.0,0.0
0.0,0.0,0.0,1.0,0.0,1.0,0.0,1.0,1.0,1.0,1.0,2.0,1.0,0.0,0.0,1.0,0.0,0.0,0.0,1.0,0.0,0.5434782608695652,0.18587531631009882,0.16611935244075124,-0.7729554836550263,0.0,5.0,0.0
0.0,0.0,0.0,1.0,0.0,0.0,1.0,1.0,0.0,1.0,1.0,0.0,0.0,1.0,0.0,0.0,1.0,0.0,0.0,1.0,0.0,0.08695652173913043,0.6818495514147688,0.7328521703143307,0.09211201606604925,0.0,4.0,0.0
1.0,0.0,0.0,1.0,0.0,1.0,0.0,1.0,1.0,1.0,1.0,0.0,1.0,0.0,0.0,1.0,0.0,0.0,1.0,0.0,0.0,-0.5,0.14998849781458487,0.18304905511255892,-0.8077652571683586,0.0,5.0,0.0
0.0,1.0,0.0,0.0,1.0,1.0,0.0,1.0,1.0,0.0,1.0,0.0,1.0,0.0,0.0,1.0,0.0,1.0,0.0,0.0,0.0,0.6086956521739131,-0.37911203128594434,-0.400129724752028,-1.142831641191565,0.0,4.0,0.0
1.0,0.0,0.0,1.0,1.0,0.0,0.0,0.0,0.0,0.0,0.0,1.0,0.0,0.0,1.0,1.0,0.0,0.0,0.0,0.0,1.0,-0.2608695652173913,-0.9201748332183115,-0.9017270232555245,-0.01606604931384566,0.0,0.0,0.0
0.0,0.0,0.0,1.0,1.0,0.0,1.0,0.0,0.0,0.0,0.0,0.0,0.0,1.0,0.0,1.0,0.0,0.0,1.0,0.0,0.0,-0.6086956521739131,0.06993328732459163,0.0681993133691392,1.7672654245230393,0.0,1.0,0.0
0.0,1.0,1.0,1.0,0.0,0.0,0.0,0.0,0.0,0.0,0.0,2.0,0.0,0.0,1.0,1.0,0.0,0.0,0.0,0.0,1.0,-0.6086956521739131,-0.9229353577179664,-0.9231836573600598,-0.03213209862769132,0.0,0.0,0.0
1.0,0.0,1.0,1.0,1.0,0.0,0.0,0.0,0.0,0.0,0.0,2.0,0.0,0.0,1.0,1.0,0.0,0.0,0.0,0.0,1.0,0.6086956521739131,-0.9367379802162411,-0.9197663738162556,-0.11246234519692037,0.0,0.0,0.0
1.0,0.0,0.0,1.0,0.0,0.0,0.0,0.0,0.0,0.0,0.0,0.0,0.0,0.0,1.0,1.0,0.0,0.0,0.0,0.0,1.0,-0.6086956521739131,-0.9348976305498045,-0.9351280305013754,-0.10175164565435672,0.0,0.0,0.0
0.0,1.0,1.0,1.0,1.0,0.0,1.0,1.0,1.0,0.0,0.0,1.0,0.0,1.0,0.0,0.0,1.0,0.0,0.0,1.0,0.0,0.21739130434782608,0.35058661145617664,0.33995147152510763,0.1860984045520474,0.0,3.0,0.0
1.0,0.0,0.0,1.0,0.0,0.0,0.0,0.0,0.0,0.0,0.0,0.0,0.0,1.0,0.0,1.0,0.0,0.0,0.0,1.0,0.0,0.08695652173913043,-0.041407867494824016,-0.08813554721008535,5.098292982260404,0.0,0.0,0.0
1.0,1.0,1.0,1.0,1.0,1.0,0.0,1.0,0.0,1.0,0.0,1.0,0.0,1.0,0.0,0.0,1.0,1.0,0.0,0.0,0.0,0.6739130434782609,0.4582470669427192,0.48288344755737994,0.34274238536204427,0.0,3.0,0.0
1.0,1.0,0.0,1.0,1.0,0.0,0.0,1.0,0.0,1.0,1.0,0.0,0.0,1.0,0.0,1.0,0.0,0.0,0.0,1.0,0.0,-0.10869565217391304,0.4168391994478952,0.4111023589677429,0.2824947004351225,1.0,3.0,1.0
1.0,0.0,0.0,1.0,0.0,1.0,0.0,0.0,0.0,0.0,0.0,1.0,0.0,1.0,0.0,0.0,1.0,1.0,0.0,0.0,0.0,0.08695652173913043,0.1766735679779157,0.15250598439921806,2.0778757112573913,0.0,1.0,0.0
0.0,1.0,0.0,1.0,1.0,0.0,1.0,0.0,1.0,1.0,1.0,1.0,0.0,1.0,0.0,0.0,1.0,1.0,0.0,0.0,0.0,0.8913043478260869,0.6450425580860363,0.5917435018171142,0.049269217895793915,1.0,4.0,0.0
1.0,1.0,0.0,1.0,1.0,0.0,0.0,0.0,0.0,1.0,1.0,0.0,0.0,1.0,0.0,0.0,1.0,1.0,0.0,0.0,0.0,0.15217391304347827,0.45088566827697263,0.4589181347802532,1.1799620662724537,0.0,2.0,0.0
0.0,1.0,0.0,1.0,1.0,0.0,1.0,1.0,1.0,1.0,1.0,1.0,0.0,1.0,0.0,0.0,1.0,1.0,0.0,0.0,0.0,0.9347826086956522,0.6993328732459168,0.7456086123366604,-0.27490795492580605,0.0,5.0,0.0
0.0,0.0,0.0,1.0,1.0,0.0,0.0,0.0,0.0,1.0,0.0,0.0,0.0,1.0,0.0,1.0,0.0,0.0,0.0,1.0,0.0,-0.6086956521739131,0.16011042097998626,0.15824151089598038,2.0296775633158544,1.0,1.0,1.0
1.0,0.0,0.0,1.0,1.0,1.0,0.0,0.0,0.0,0.0,0.0,0.0,1.0,0.0,0.0,1.0,0.0,0.0,0.0,0.0,1.0,-0.5652173913043478,-0.37451115711985283,-0.3118767653070844,0.4739484547584515,0.0,1.0,0.0
0.0,1.0,1.0,1.0,0.0,0.0,0.0,0.0,0.0,0.0,0.0,0.0,0.0,0.0,1.0,1.0,0.0,0.0,0.0,1.0,0.0,-0.6086956521739131,-0.9293765815504946,-0.9296152428976914,-0.06961954702666504,0.0,0.0,0.0
0.0,1.0,0.0,1.0,1.0,0.0,0.0,0.0,1.0,0.0,0.0,0.0,0.0,1.0,0.0,0.0,1.0,1.0,0.0,0.0,0.0,0.5869565217391305,0.11686220381872546,0.10591924997887092,1.9038268436907284,1.0,1.0,0.0
1.0,1.0,0.0,1.0,0.0,0.0,1.0,1.0,0.0,0.0,1.0,1.0,0.0,1.0,0.0,0.0,1.0,0.0,0.0,1.0,0.0,0.8043478260869565,0.45640671727628246,0.4495282983189277,0.3400647104764031,0.0,3.0,0.0
1.0,0.0,0.0,1.0,1.0,0.0,1.0,0.0,1.0,1.0,1.0,0.0,0.0,1.0,0.0,0.0,1.0,1.0,0.0,0.0,0.0,0.6086956521739131,0.6330802852541985,0.6094357735121292,0.03534530849046098,1.0,4.0,0.0
0.0,0.0,0.0,1.0,0.0,0.0,0.0,0.0,0.0,1.0,0.0,1.0,0.0,1.0,0.0,0.0,1.0,0.0,0.0,1.0,0.0,0.717391304347826,0.256728778467909,0.17269034937337824,2.310833426308156,1.0,1.0,1.0
1.0,0.0,0.0,1.0,1.0,0.0,0.0,0.0,0.0,0.0,0.0,0.0,0.0,0.0,1.0,1.0,0.0,0.0,0.0,0.0,1.0,-0.4782608695652174,-0.9404186795491144,-0.8544050691617148,-0.13388374428204844,0.0,0.0,0.0
0.0,0.0,0.0,0.0,1.0,0.0,1.0,1.0,0.0,1.0,1.0,0.0,1.0,0.0,0.0,1.0,0.0,0.0,1.0,0.0,0.0,-0.10869565217391304,-0.3008971704623879,-0.3475184684947923,-1.0517906950797722,0.0,4.0,0.0
1.0,1.0,0.0,1.0,0.0,0.0,0.0,0.0,0.0,0.0,0.0,2.0,0.0,0.0,1.0,1.0,0.0,0.0,0.0,0.0,1.0,0.6739130434782609,-0.9302967563837129,-0.9118058762780117,-0.07497489679794704,0.0,0.0,0.0
0.0,1.0,1.0,1.0,0.0,1.0,1.0,1.0,1.0,0.0,0.0,2.0,1.0,0.0,0.0,1.0,0.0,0.0,0.0,0.0,1.0,0.7391304347826086,-0.12790430181734536,-0.12626499855552842,-0.8504295436795716,0.0,4.0,0.0
0.0,1.0,0.0,1.0,1.0,0.0,1.0,1.0,0.0,1.0,1.0,0.0,0.0,1.0,0.0,0.0,1.0,0.0,1.0,0.0,0.0,0.5652173913043478,0.6100759144237407,0.5994816896114629,0.008568559634051297,0.0,4.0,0.0
1.0,1.0,1.0,1.0,1.0,1.0,1.0,1.0,0.0,1.0,1.0,2.0,0.0,1.0,0.0,0.0,1.0,0.0,0.0,1.0,0.0,0.8478260869565217,0.7306188175753394,0.7208431046268641,-0.2445609728885416,0.0,5.0,0.0
1.0,1.0,0.0,1.0,1.0,0.0,0.0,0.0,0.0,0.0,0.0,1.0,0.0,0.0,1.0,1.0,0.0,0.0,0.0,1.0,0.0,-0.13043478260869565,-0.9155739590522199,-0.9094815838233667,0.010710699542564027,1.0,0.0,1.0
1.0,0.0,1.0,1.0,1.0,1.0,0.0,0.0,0.0,0.0,0.0,0.0,0.0,1.0,0.0,1.0,0.0,1.0,0.0,0.0,0.0,-0.021739130434782608,0.08097538532321151,0.06042234514251344,1.7993975231507313,0.0,1.0,0.0
0.0,1.0,0.0,1.0,1.0,1.0,1.0,1.0,1.0,1.0,1.0,2.0,1.0,0.0,0.0,1.0,0.0,0.0,1.0,0.0,0.0,0.9130434782608695,0.2558086036346907,0.24781783904786223,-0.9203551106931669,0.0,6.0,0.0
1.0,0.0,0.0,1.0,1.0,0.0,0.0,0.0,0.0,0.0,0.0,2.0,0.0,0.0,1.0,1.0,0.0,1.0,0.0,0.0,0.0,0.7608695652173914,-0.9284564067172764,-0.9531450837373744,-0.06426419725538302,1.0,0.0,1.0
0.0,0.0,0.0,1.0,0.0,0.0,1.0,1.0,0.0,0.0,0.0,0.0,0.0,1.0,0.0,1.0,0.0,0.0,0.0,1.0,0.0,-0.2391304347826087,0.13434552564987343,0.08984210914656583,0.5658819591654582,0.0,2.0,0.0
0.0,0.0,0.0,1.0,1.0,0.0,1.0,0.0,0.0,1.0,0.0,0.0,0.0,1.0,0.0,0.0,1.0,0.0,0.0,1.0,0.0,-0.5,0.35426731078904994,0.3954445108433896,0.9925248242775859,0.0,2.0,0.0
1.0,0.0,0.0,1.0,1.0,0.0,0.0,0.0,0.0,0.0,1.0,0.0,0.0,1.0,0.0,0.0,1.0,0.0,0.0,1.0,0.0,-0.43478260869565216,0.2677708764665286,0.22704926728270464,2.3429655249358476,1.0,1.0,1.0
0.0,0.0,0.0,1.0,1.0,0.0,0.0,0.0,1.0,0.0,1.0,0.0,0.0,1.0,0.0,0.0,1.0,0.0,0.0,1.0,0.0,-0.2391304347826087,0.360708534621578,0.3493004368273671,1.0050206404105768,0.0,2.0,0.0
0.0,0.0,0.0,1.0,0.0,1.0,1.0,1.0,1.0,0.0,1.0,1.0,1.0,0.0,0.0,0.0,1.0,0.0,1.0,0.0,0.0,0.6521739130434783,0.17207269381182413,0.19352958069809426,-0.7863438580832312,0.0,5.0,0.0
1.0,0.0,0.0,1.0,1.0,0.0,0.0,0.0,0.0,0.0,0.0,0.0,0.0,0.0,1.0,1.0,0.0,0.0,0.0,0.0,1.0,-0.6086956521739131,-0.9256958822176213,-0.9259400511619018,-0.04819814794153736,0.0,0.0,0.0
0.0,1.0,1.0,1.0,0.0,1.0,0.0,1.0,1.0,0.0,1.0,2.0,0.0,1.0,0.0,0.0,1.0,0.0,0.0,1.0,0.0,0.9130434782608695,0.5511847250977686,0.5559127856875618,-0.05997991743835756,0.0,4.0,0.0
0.0,0.0,0.0,1.0,0.0,0.0,0.0,0.0,0.0,0.0,1.0,0.0,0.0,1.0,0.0,1.0,0.0,1.0,0.0,0.0,0.0,-0.3695652173913043,0.13986657464918326,0.15349438823725223,1.9707687158317526,0.0,1.0,0.0
1.0,1.0,0.0,1.0,1.0,0.0,0.0,1.0,0.0,1.0,1.0,1.0,0.0,1.0,0.0,1.0,0.0,1.0,0.0,0.0,0.0,-0.2608695652173913,0.481251437773177,0.4196665465726488,0.37621332143255637,0.0,3.0,0.0
1.0,1.0,0.0,0.0,1.0,0.0,0.0,0.0,0.0,0.0,0.0,0.0,1.0,0.0,0.0,1.0,0.0,0.0,0.0,1.0,0.0,0.1956521739130435,-0.8401196227283184,-0.8349548768081149,0.449849380787683,1.0,0.0,1.0
1.0,1.0,1.0,1.0,0.0,0.0,0.0,0.0,0.0,0.0,0.0,1.0,0.0,0.0,1.0,1.0,0.0,0.0,0.0,0.0,1.0,-0.15217391304347827,-0.9266160570508397,-0.9464041869634565,-0.05355349771281937,0.0,0.0,0.0
0.0,0.0,0.0,1.0,0.0,0.0,0.0,0.0,0.0,0.0,0.0,0.0,0.0,0.0,1.0,1.0,0.0,0.0,0.0,0.0,1.0,-0.4782608695652174,-0.942259029215551,-0.9166208149747216,-0.14459444382461206,0.0,0.0,0.0
0.0,1.0,1.0,1.0,0.0,1.0,1.0,1.0,1.0,0.0,0.0,2.0,1.0,0.0,0.0,0.0,1.0,0.0,0.0,0.0,1.0,0.9130434782608695,0.011042097998619634,0.05516791168625201,-0.688697980586857,0.0,4.0,0.0
0.0,0.0,0.0,1.0,1.0,0.0,1.0,1.0,0.0,1.0,0.0,0.0,0.0,1.0,0.0,1.0,0.0,0.0,0.0,1.0,0.0,0.30434782608695654,0.3892339544513459,0.39264182102162,0.24232957715050796,0.0,3.0,0.0
1.0,0.0,0.0,0.0,0.0,0.0,0.0,0.0,0.0,0.0,0.0,0.0,1.0,0.0,0.0,1.0,0.0,0.0,1.0,0.0,0.0,-0.2608695652173913,-0.8355187485622269,-0.8833510645765773,0.47662612964409273,0.0,0.0,0.0
0.0,1.0,0.0,1.0,1.0,0.0,0.0,0.0,0.0,0.0,1.0,0.0,0.0,1.0,0.0,0.0,1.0,0.0,0.0,1.0,0.0,-0.5,0.25488842880147217,0.1573227129620328,2.3054780765368736,1.0,1.0,1.0
0.0,0.0,0.0,1.0,1.0,0.0,0.0,0.0,0.0,1.0,1.0,0.0,0.0,1.0,0.0,1.0,0.0,0.0,0.0,0.0,1.0,-0.43478260869565216,0.32942259029215565,0.3130079184364463,0.9443266763360486,0.0,2.0,0.0
1.0,0.0,0.0,1.0,1.0,0.0,1.0,0.0,1.0,1.0,1.0,1.0,0.0,1.0,0.0,0.0,1.0,0.0,1.0,0.0,0.0,0.7608695652173914,0.6468829077524731,0.6849137140958674,0.05141135780430702,0.0,4.0,0.0
1.0,1.0,0.0,1.0,1.0,1.0,1.0,0.0,1.0,1.0,1.0,2.0,1.0,0.0,0.0,1.0,0.0,1.0,0.0,0.0,0.0,0.9347826086956522,0.16287094547964104,0.17121953171298673,-0.7952694410353676,0.0,5.0,0.0
0.0,1.0,0.0,1.0,0.0,0.0,1.0,1.0,0.0,0.0,1.0,0.0,0.0,1.0,0.0,1.0,0.0,0.0,1.0,0.0,0.0,-0.021739130434782608,0.35702783528870496,0.2999332779954337,0.195470266651791,0.0,3.0,0.0
1.0,0.0,0.0,1.0,1.0,0.0,0.0,0.0,0.0,1.0,0.0,0.0,0.0,1.0,0.0,1.0,0.0,0.0,0.0,1.0,0.0,-0.5217391304347826,0.18587531631009882,0.2300915093306637,2.104652460113801,0.0,1.0,0.0
1.0,0.0,0.0,1.0,0.0,1.0,0.0,1.0,1.0,1.0,1.0,2.0,1.0,0.0,0.0,0.0,1.0,0.0,1.0,0.0,0.0,0.9347826086956522,0.2539682539682539,0.23345533065550428,-0.7069061698092156,0.0,5.0,0.0
0.0,0.0,0.0,1.0,0.0,0.0,0.0,0.0,0.0,0.0,0.0,0.0,0.0,0.0,1.0,1.0,0.0,0.0,0.0,0.0,1.0,-0.6086956521739131,-0.9376581550494595,-0.9378844243032176,-0.1178176949682024,0.0,0.0,0.0
1.0,1.0,0.0,0.0,1.0,0.0,1.0,0.0,0.0,0.0,0.0,0.0,1.0,0.0,0.0,1.0,0.0,0.0,1.0,0.0,0.0,0.4782608695652174,-0.7554635380722337,-0.7713117635722908,-0.6346089478969095,1.0,1.0,1.0
1.0,0.0,0.0,1.0,0.0,0.0,0.0,1.0,1.0,1.0,0.0,0.0,0.0,1.0,0.0,0.0,1.0,0.0,0.0,1.0,0.0,0.13043478260869565,0.46008741660915575,0.4975142108484271,0.3454200602476851,0.0,3.0,0.0
0.0,0.0,0.0,1.0,1.0,0.0,0.0,0.0,0.0,1.0,0.0,0.0,0.0,1.0,0.0,1.0,0.0,0.0,0.0,1.0,0.0,-0.5869565217391305,0.17851391764435248,0.04476996605348173,2.0832310610286737,0.0,1.0,0.0
0.0,0.0,0.0,1.0,0.0,0.0,0.0,0.0,0.0,0.0,0.0,0.0,1.0,0.0,0.0,1.0,0.0,0.0,0.0,0.0,1.0,-0.41304347826086957,-0.4646882907752473,-0.5093570679101699,2.634832087470713,0.0,0.0,0.0
1.0,1.0,1.0,1.0,0.0,0.0,1.0,1.0,0.0,0.0,0.0,0.0,0.0,1.0,0.0,1.0,0.0,1.0,0.0,0.0,0.0,0.021739130434782608,0.2125603864734299,0.27719521674436487,0.7176168693517795,0.0,2.0,0.0
0.0,1.0,1.0,1.0,0.0,0.0,1.0,0.0,0.0,0.0,0.0,0.0,1.0,0.0,0.0,1.0,0.0,0.0,0.0,0.0,1.0,0.30434782608695654,-0.3735909822866344,-0.3700459337299376,0.47662612964409273,0.0,1.0,0.0
0.0,0.0,0.0,1.0,1.0,0.0,0.0,1.0,0.0,1.0,1.0,0.0,0.0,1.0,0.0,0.0,1.0,0.0,0.0,1.0,0.0,0.13043478260869565,0.5475040257648953,0.5549522074049084,0.4726096173156311,0.0,3.0,0.0
0.0,0.0,0.0,1.0,0.0,0.0,0.0,0.0,0.0,0.0,0.0,1.0,0.0,0.0,1.0,1.0,0.0,0.0,0.0,0.0,1.0,-0.043478260869565216,-0.945019553715206,-0.9559200874510732,-0.16066049313845812,0.0,0.0,0.0
0.0,0.0,0.0,1.0,0.0,1.0,1.0,1.0,0.0,0.0,0.0,0.0,0.0,1.0,0.0,0.0,1.0,0.0,0.0,1.0,0.0,0.5217391304347826,0.3735909822866344,0.40912535429383223,0.2195693406225595,0.0,3.0,0.0
1.0,1.0,0.0,1.0,1.0,0.0,0.0,0.0,0.0,0.0,0.0,0.0,0.0,1.0,0.0,1.0,0.0,0.0,0.0,1.0,0.0,-0.043478260869565216,0.0009201748332182592,0.025866549301342412,5.3446390717393735,1.0,0.0,1.0
0.0,1.0,0.0,1.0,1.0,0.0,1.0,1.0,1.0,1.0,1.0,1.0,0.0,1.0,0.0,0.0,1.0,0.0,0.0,1.0,0.0,0.9347826086956522,0.7131354957441914,0.7726621070584442,-0.2615195804976012,0.0,5.0,0.0
1.0,0.0,0.0,0.0,0.0,0.0,0.0,0.0,0.0,0.0,0.0,0.0,1.0,0.0,0.0,1.0,0.0,0.0,0.0,1.0,0.0,-0.5652173913043478,-0.8419599723947551,-0.8870442719581305,0.439138681245119,0.0,0.0,0.0
0.0,0.0,0.0,1.0,1.0,0.0,0.0,1.0,1.0,0.0,0.0,0.0,0.0,1.0,0.0,0.0,1.0,0.0,0.0,1.0,0.0,0.34782608695652173,0.3082585691281344,0.31247705740794346,0.9032689947562201,0.0,2.0,0.0
0.0,1.0,1.0,1.0,0.0,0.0,1.0,0.0,1.0,1.0,0.0,2.0,0.0,1.0,0.0,0.0,1.0,0.0,1.0,0.0,0.0,0.8260869565217391,0.4343225212790429,0.4315221859363229,0.3079326118487114,0.0,3.0,0.0
0.0,1.0,0.0,1.0,0.0,0.0,1.0,1.0,0.0,1.0,1.0,0.0,0.0,1.0,0.0,1.0,0.0,0.0,0.0,1.0,0.0,0.43478260869565216,0.5318610536001842,0.5873388970276405,-0.08247238647774141,0.0,4.0,0.0
1.0,0.0,0.0,1.0,1.0,0.0,0.0,0.0,0.0,0.0,0.0,0.0,0.0,0.0,1.0,1.0,0.0,0.0,0.0,1.0,0.0,-0.5869565217391305,-0.9358178053830228,-1.0104694610850589,-0.10710699542563874,0.0,0.0,0.0
1.0,0.0,0.0,1.0,1.0,0.0,0.0,0.0,0.0,0.0,0.0,0.0,1.0,0.0,0.0,1.0,0.0,1.0,0.0,0.0,0.0,-0.6086956521739131,-0.46744881527490223,-0.46837868005611766,2.6187660381568674,0.0,0.0,0.0
1.0,0.0,1.0,1.0,1.0,0.0,1.0,0.0,0.0,0.0,0.0,0.0,0.0,1.0,0.0,0.0,1.0,0.0,0.0,0.0,1.0,0.1956521739130435,0.2088796871405566,0.22212214619832016,2.1715943322548252,0.0,1.0,0.0
0.0,0.0,0.0,1.0,1.0,0.0,1.0,0.0,0.0,1.0,1.0,0.0,0.0,1.0,0.0,1.0,0.0,0.0,0.0,1.0,0.0,-0.5652173913043478,0.45272601794340916,0.5857888161594836,0.3347093607051211,0.0,3.0,0.0
1.0,0.0,0.0,0.0,1.0,1.0,0.0,0.0,1.0,1.0,0.0,0.0,1.0,0.0,0.0,1.0,0.0,0.0,1.0,0.0,0.0,-0.34782608695652173,-0.4591672417759375,-0.4532538525280613,-0.9920785451299787,0.0,3.0,0.0
0.0,1.0,0.0,1.0,1.0,0.0,0.0,0.0,1.0,1.0,1.0,0.0,0.0,1.0,0.0,1.0,0.0,0.0,0.0,1.0,0.0,-0.08695652173913043,0.45364619277662765,0.4637969518095137,0.33604819814794185,0.0,3.0,0.0
0.0,1.0,0.0,1.0,1.0,1.0,0.0,1.0,0.0,1.0,1.0,1.0,0.0,1.0,0.0,0.0,1.0,0.0,0.0,0.0,1.0,0.45652173913043476,0.6238785369220153,0.626056666944617,0.024634608947897336,0.0,4.0,0.0
1.0,1.0,1.0,1.0,0.0,1.0,1.0,0.0,1.0,0.0,0.0,2.0,1.0,0.0,0.0,1.0,0.0,0.0,0.0,0.0,1.0,-0.5869565217391305,-0.20243846330802853,-0.09810311267533252,-0.6185428985830635,0.0,3.0,0.0
1.0,0.0,0.0,1.0,1.0,0.0,0.0,0.0,0.0,1.0,0.0,0.0,0.0,1.0,0.0,0.0,1.0,0.0,0.0,1.0,0.0,-0.2826086956521739,0.2962962962962962,0.17409077525657224,2.425973446390717,1.0,1.0,1.0
0.0,1.0,0.0,1.0,1.0,1.0,1.0,1.0,1.0,1.0,1.0,2.0,0.0,1.0,0.0,1.0,0.0,1.0,0.0,0.0,0.0,0.6739130434782609,0.7269381182424661,0.7451543178026536,-0.5286495274222597,1.0,6.0,0.0
1.0,1.0,1.0,1.0,0.0,0.0,1.0,1.0,1.0,1.0,1.0,1.0,0.0,1.0,0.0,1.0,0.0,0.0,1.0,0.0,0.0,0.8478260869565217,0.6487232574189096,0.6816590750908734,-0.32399866116255704,0.0,5.0,0.0
0.0,0.0,0.0,0.0,1.0,1.0,1.0,0.0,0.0,0.0,0.0,0.0,1.0,0.0,0.0,1.0,0.0,0.0,1.0,0.0,0.0,0.30434782608695654,-0.6818495514147688,-0.6560057651256933,-1.017516456543568,1.0,2.0,1.0
1.0,1.0,1.0,1.0,1.0,0.0,1.0,1.0,1.0,0.0,0.0,0.0,1.0,0.0,0.0,0.0,1.0,0.0,0.0,0.0,1.0,-0.2608695652173913,-0.06993328732459163,-0.13290934029075013,-0.4257503068169138,0.0,3.0,0.0
0.0,1.0,0.0,1.0,0.0,1.0,0.0,1.0,0.0,0.0,0.0,2.0,0.0,1.0,0.0,1.0,0.0,1.0,0.0,0.0,0.0,0.5869565217391305,0.180354267310789,0.1839842601524696,0.6551377886868237,0.0,2.0,0.0
0.0,1.0,1.0,0.0,0.0,0.0,0.0,0.0,1.0,1.0,0.0,0.0,1.0,0.0,0.0,1.0,0.0,0.0,0.0,1.0,0.0,-0.6086956521739131,-0.5594662985967334,-0.5602584734508534,-0.7800959500167353,0.0,2.0,0.0
0.0,1.0,1.0,1.0,1.0,1.0,1.0,1.0,1.0,1.0,1.0,2.0,0.0,1.0,0.0,0.0,1.0,1.0,0.0,0.0,0.0,0.9347826086956522,0.8879687140556706,0.9162625674849663,-0.3947657831402111,0.0,6.0,0.0
0.0,0.0,0.0,1.0,0.0,0.0,0.0,0.0,0.0,0.0,0.0,0.0,0.0,0.0,1.0,1.0,0.0,0.0,0.0,0.0,1.0,-0.30434782608695654,-0.9312169312169313,-0.9045626858987268,-0.08033024656922906,0.0,0.0,0.0
1.0,0.0,1.0,1.0,0.0,0.0,0.0,0.0,0.0,0.0,0.0,1.0,0.0,0.0,1.0,0.0,1.0,1.0,0.0,0.0,0.0,0.021739130434782608,-0.8309178743961353,-0.8540900527272185,0.5034028785005024,0.0,0.0,0.0
0.0,1.0,1.0,0.0,0.0,0.0,1.0,0.0,0.0,1.0,0.0,0.0,1.0,0.0,0.0,1.0,0.0,0.0,0.0,1.0,0.0,-0.15217391304347827,-0.576029445594663,-0.587237721874944,-0.8122280486444268,0.0,2.0,0.0
0.0,0.0,0.0,1.0,1.0,1.0,0.0,1.0,1.0,1.0,1.0,2.0,0.0,1.0,0.0,1.0,0.0,0.0,1.0,0.0,0.0,0.41304347826086957,0.5889118932597194,0.5803717366739195,-0.38201495035144484,0.0,5.0,0.0
0.0,1.0,0.0,1.0,1.0,0.0,0.0,0.0,0.0,0.0,0.0,0.0,0.0,1.0,0.0,1.0,0.0,0.0,0.0,1.0,0.0,-0.5217391304347826,-0.02116402116402127,-0.04168891953096461,5.216110677228606,1.0,0.0,1.0
0.0,0.0,1.0,1.0,0.0,0.0,0.0,0.0,0.0,0.0,0.0,2.0,0.0,0.0,1.0,1.0,0.0,0.0,0.0,0.0,1.0,-0.21739130434782608,-0.9201748332183115,-0.9116745042927191,-0.01606604931384566,0.0,0.0,0.0
0.0,0.0,0.0,1.0,0.0,1.0,0.0,0.0,1.0,0.0,0.0,1.0,1.0,0.0,0.0,1.0,0.0,0.0,0.0,0.0,1.0,-0.021739130434782608,-0.298136645962733,-0.28232209843177775,-0.27312283833537887,0.0,2.0,0.0
1.0,0.0,0.0,1.0,1.0,1.0,1.0,0.0,0.0,1.0,0.0,2.0,1.0,0.0,0.0,1.0,0.0,1.0,0.0,0.0,0.0,0.5434782608695652,-0.09569818265470445,-0.10171024530490362,-0.4632377552158875,0.0,3.0,0.0
1.0,0.0,0.0,1.0,0.0,0.0,0.0,0.0,0.0,0.0,0.0,0.0,0.0,1.0,0.0,1.0,0.0,0.0,1.0,0.0,0.0,-0.10869565217391304,-0.009201748332183115,0.029456667154358924,5.285730224255272,1.0,0.0,1.0
1.0,0.0,1.0,1.0,0.0,0.0,0.0,0.0,0.0,0.0,0.0,1.0,0.0,0.0,1.0,1.0,0.0,1.0,0.0,0.0,0.0,0.21739130434782608,-0.9413388543823327,-0.9299921856398236,-0.13923909405333007,0.0,0.0,0.0
0.0,1.0,1.0,1.0,1.0,0.0,0.0,0.0,0.0,0.0,0.0,0.0,0.0,0.0,1.0,1.0,0.0,1.0,0.0,0.0,0.0,-0.021739130434782608,-0.9376581550494595,-0.9402470475619393,-0.1178176949682024,0.0,0.0,0.0
0.0,0.0,0.0,1.0,1.0,0.0,1.0,0.0,0.0,0.0,0.0,0.0,0.0,1.0,0.0,1.0,0.0,0.0,0.0,1.0,0.0,-0.2391304347826087,0.05613066482631695,0.09070986275084962,1.7271003012384247,1.0,1.0,1.0
1.0,1.0,0.0,1.0,1.0,0.0,1.0,1.0,0.0,0.0,1.0,0.0,0.0,1.0,0.0,0.0,1.0,0.0,0.0,1.0,0.0,0.08695652173913043,0.42051989878076823,0.42463722701744466,0.28785005020640414,0.0,3.0,0.0
0.0,0.0,0.0,1.0,0.0,0.0,1.0,1.0,1.0,1.0,1.0,1.0,1.0,0.0,0.0,0.0,1.0,0.0,1.0,0.0,0.0,0.30434782608695654,0.26869105129974685,0.26792034333671966,-0.6926252370857973,0.0,5.0,0.0
0.0,1.0,1.0,1.0,0.0,1.0,0.0,1.0,0.0,1.0,1.0,2.0,1.0,0.0,0.0,1.0,0.0,0.0,1.0,0.0,0.0,0.9130434782608695,0.12974465148378186,0.1455983336922258,-0.550529956487783,0.0,4.0,0.0
0.0,1.0,0.0,1.0,1.0,0.0,0.0,0.0,0.0,0.0,0.0,0.0,1.0,0.0,0.0,1.0,0.0,0.0,0.0,1.0,0.0,-0.391304347826087,-0.48677248677248686,-0.4890933971123855,2.5063036929599463,0.0,0.0,0.0
1.0,0.0,0.0,1.0,1.0,0.0,0.0,0.0,1.0,0.0,0.0,0.0,1.0,0.0,0.0,1.0,0.0,0.0,0.0,0.0,1.0,-0.2826086956521739,-0.3873936047849091,-0.3794849799467108,0.43646100635947815,0.0,1.0,0.0
0.0,0.0,0.0,1.0,0.0,0.0,0.0,0.0,0.0,0.0,0.0,0.0,0.0,1.0,0.0,0.0,1.0,0.0,0.0,1.0,0.0,-0.5652173913043478,0.10305958132045079,0.2807479020889615,5.9390828963516675,0.0,0.0,0.0
1.0,1.0,0.0,1.0,0.0,0.0,1.0,0.0,1.0,0.0,1.0,2.0,1.0,0.0,0.0,0.0,1.0,0.0,0.0,0.0,1.0,0.7391304347826086,-0.05981136415919025,-0.062109568215299706,-0.4110230949458885,0.0,3.0,0.0
0.0,1.0,1.0,1.0,1.0,0.0,0.0,0.0,0.0,0.0,0.0,0.0,0.0,0.0,1.0,1.0,0.0,0.0,0.0,0.0,1.0,-0.2391304347826087,-0.9247757073844031,-0.8867890503098116,-0.042842798170255346,0.0,0.0,0.0
0.0,1.0,1.0,1.0,1.0,0.0,1.0,1.0,1.0,1.0,1.0,1.0,0.0,1.0,0.0,0.0,1.0,0.0,0.0,1.0,0.0,0.7608695652173914,0.7536231884057972,0.7893839104292254,-0.2222470155082003,0.0,5.0,0.0
1.0,0.0,0.0,0.0,0.0,0.0,0.0,1.0,1.0,1.0,1.0,1.0,1.0,0.0,0.0,1.0,0.0,0.0,1.0,0.0,0.0,0.5217391304347826,-0.2870945479641132,-0.24112354578977954,-1.0357246457659264,0.0,4.0,0.0
0.0,0.0,0.0,1.0,0.0,0.0,0.0,0.0,0.0,0.0,0.0,2.0,0.0,0.0,1.0,1.0,0.0,0.0,0.0,0.0,1.0,0.391304347826087,-0.9266160570508397,-0.8880933958401555,-0.05355349771281937,0.0,0.0,0.0
1.0,1.0,1.0,1.0,1.0,1.0,1.0,0.0,1.0,0.0,1.0,0.0,1.0,0.0,0.0,1.0,0.0,0.0,1.0,0.0,0.0,-0.10869565217391304,-0.0036806993328732983,0.009434528843756278,-0.7058350998549593,0.0,4.0,0.0
1.0,1.0,1.0,0.0,0.0,1.0,0.0,0.0,0.0,0.0,1.0,0.0,1.0,0.0,0.0,1.0,0.0,0.0,0.0,0.0,1.0,-0.15217391304347827,-0.5603864734299517,-0.5619290151489396,-0.7818810666071627,1.0,2.0,1.0
1.0,1.0,1.0,1.0,0.0,0.0,0.0,0.0,0.0,0.0,0.0,0.0,0.0,0.0,1.0,1.0,0.0,0.0,0.0,0.0,1.0,-0.6086956521739131,-0.9312169312169313,-0.931452838765586,-0.08033024656922906,0.0,0.0,0.0
0.0,0.0,0.0,1.0,1.0,1.0,0.0,0.0,1.0,1.0,1.0,0.0,0.0,1.0,0.0,1.0,0.0,1.0,0.0,0.0,0.0,-0.3695652173913043,0.5226593052680011,0.41940982362051665,-0.09318308602030544,0.0,4.0,0.0
1.0,0.0,0.0,1.0,1.0,1.0,0.0,0.0,0.0,0.0,0.0,0.0,0.0,1.0,0.0,1.0,0.0,0.0,0.0,1.0,0.0,0.30434782608695654,0.08649643432252134,0.06978050051128128,1.815463572464577,0.0,1.0,0.0
1.0,0.0,0.0,1.0,1.0,0.0,0.0,1.0,0.0,1.0,0.0,0.0,0.0,1.0,0.0,0.0,1.0,0.0,0.0,1.0,0.0,-0.1956521739130435,0.3349436392914654,0.32128220427493903,0.9550373758786123,0.0,2.0,0.0
1.0,0.0,0.0,1.0,1.0,0.0,1.0,0.0,0.0,1.0,1.0,0.0,0.0,1.0,0.0,0.0,1.0,0.0,0.0,1.0,0.0,-0.10869565217391304,0.5659075224292616,0.5712028989580701,0.4993863661720408,1.0,3.0,1.0
0.0,0.0,1.0,1.0,0.0,0.0,0.0,0.0,0.0,0.0,0.0,1.0,0.0,0.0,1.0,1.0,0.0,0.0,0.0,0.0,1.0,0.41304347826086957,-0.9302967563837129,-0.9385352395064303,-0.07497489679794704,0.0,0.0,0.0
0.0,1.0,1.0,1.0,1.0,1.0,0.0,1.0,1.0,1.0,0.0,1.0,1.0,0.0,0.0,1.0,0.0,1.0,0.0,0.0,0.0,0.717391304347826,0.004600874166091558,-0.033505690190227144,-0.6961954702666516,0.0,4.0,0.0
0.0,0.0,1.0,1.0,1.0,0.0,0.0,1.0,0.0,0.0,0.0,1.0,1.0,0.0,0.0,0.0,1.0,0.0,0.0,0.0,1.0,-0.2608695652173913,-0.26961122613296523,-0.2837543422699898,0.7792033917215221,0.0,1.0,0.0
1.0,1.0,1.0,0.0,1.0,0.0,0.0,0.0,1.0,0.0,0.0,0.0,1.0,0.0,0.0,1.0,0.0,1.0,0.0,0.0,0.0,-0.13043478260869565,-0.7389003910743042,-0.7548438967664004,-0.5864107999553719,0.0,1.0,0.0
0.0,0.0,0.0,1.0,1.0,0.0,0.0,1.0,0.0,1.0,0.0,1.0,0.0,1.0,0.0,0.0,1.0,1.0,0.0,0.0,0.0,0.8043478260869565,0.39843570278352897,0.38924958537965376,1.0782104206180971,0.0,2.0,0.0
0.0,1.0,1.0,1.0,1.0,0.0,0.0,0.0,0.0,0.0,0.0,2.0,0.0,0.0,1.0,0.0,1.0,0.0,1.0,0.0,0.0,0.5869565217391305,-0.8382792730618818,-0.8151264574854652,0.46056008033024665,0.0,0.0,0.0
0.0,1.0,0.0,1.0,0.0,1.0,0.0,0.0,0.0,0.0,0.0,0.0,0.0,1.0,0.0,0.0,1.0,0.0,0.0,1.0,0.0,-0.1956521739130435,0.21900161030595824,0.16591347364444062,2.2010487559968768,0.0,1.0,0.0
1.0,1.0,1.0,1.0,0.0,0.0,0.0,0.0,0.0,0.0,0.0,2.0,0.0,0.0,1.0,1.0,0.0,0.0,0.0,0.0,1.0,-0.6304347826086957,-0.9321371060501495,-0.9323716366995334,-0.08568559634051069,0.0,0.0,0.0
0.0,0.0,0.0,1.0,1.0,0.0,0.0,0.0,0.0,0.0,1.0,0.0,0.0,1.0,0.0,1.0,0.0,0.0,0.0,1.0,0.0,-0.4782608695652174,0.16195077064642277,0.07620598107925185,2.0350329130871363,0.0,1.0,0.0
1.0,0.0,0.0,1.0,1.0,0.0,0.0,0.0,0.0,0.0,0.0,0.0,1.0,0.0,0.0,1.0,0.0,0.0,1.0,0.0,0.0,-0.41304347826086957,-0.4545663676098459,-0.4955750989009595,2.693740934954814,0.0,0.0,0.0
1.0,0.0,0.0,1.0,1.0,1.0,1.0,0.0,1.0,1.0,1.0,0.0,1.0,0.0,0.0,1.0,0.0,0.0,0.0,0.0,1.0,-0.08695652173913043,0.15642972164711297,0.10090851981766516,-0.8015173491018631,0.0,5.0,0.0
1.0,0.0,0.0,1.0,1.0,0.0,1.0,0.0,0.0,1.0,0.0,0.0,0.0,1.0,0.0,0.0,1.0,0.0,0.0,1.0,0.0,-0.21739130434782608,0.3257418909592823,0.4203407110009634,0.9371862099743393,1.0,2.0,1.0
1.0,0.0,0.0,1.0,0.0,0.0,1.0,0.0,0.0,0.0,0.0,0.0,1.0,0.0,0.0,0.0,1.0,0.0,0.0,1.0,0.0,-0.6086956521739131,-0.298136645962733,-0.29931986020980395,0.6961954702666519,0.0,1.0,0.0
0.0,1.0,1.0,1.0,0.0,0.0,0.0,0.0,0.0,0.0,0.0,2.0,0.0,0.0,1.0,0.0,1.0,0.0,1.0,0.0,0.0,0.10869565217391304,-0.8382792730618818,-0.8137926562830333,0.46056008033024665,0.0,0.0,0.0
0.0,0.0,0.0,1.0,1.0,0.0,1.0,0.0,0.0,0.0,0.0,0.0,0.0,1.0,0.0,0.0,1.0,0.0,0.0,1.0,0.0,-0.30434782608695654,0.17023234414538763,0.06495289400252502,2.059131987057905,0.0,1.0,0.0
1.0,1.0,1.0,1.0,0.0,1.0,1.0,1.0,1.0,1.0,1.0,2.0,0.0,1.0,0.0,0.0,1.0,1.0,0.0,0.0,0.0,0.9347826086956522,0.8106740280653324,0.822749355540991,-0.4590299803955945,0.0,6.0,0.0
0.0,1.0,1.0,1.0,0.0,1.0,0.0,0.0,1.0,0.0,0.0,2.0,1.0,0.0,0.0,0.0,1.0,1.0,0.0,0.0,0.0,0.5434782608695652,-0.1932367149758454,-0.18302386245924487,-0.06961954702666504,0.0,2.0,0.0
0.0,1.0,0.0,1.0,0.0,1.0,1.0,0.0,1.0,0.0,0.0,2.0,1.0,0.0,0.0,1.0,0.0,0.0,0.0,0.0,1.0,0.5652173913043478,-0.2521279043018174,-0.2573725581708616,-0.6908401204953698,0.0,3.0,0.0
0.0,0.0,0.0,1.0,1.0,0.0,1.0,0.0,0.0,1.0,1.0,0.0,0.0,1.0,0.0,0.0,1.0,0.0,1.0,0.0,0.0,-0.13043478260869565,0.5189786059351278,0.49979465590684563,0.43110565658819616,0.0,3.0,0.0
0.0,1.0,0.0,1.0,1.0,0.0,1.0,0.0,0.0,1.0,1.0,0.0,0.0,1.0,0.0,0.0,1.0,0.0,0.0,1.0,0.0,0.8478260869565217,0.546583850931677,0.5544190729734871,0.4712707798728107,1.0,3.0,1.0
0.0,0.0,0.0,1.0,1.0,0.0,0.0,0.0,0.0,0.0,0.0,0.0,0.0,1.0,0.0,0.0,1.0,0.0,1.0,0.0,0.0,0.0,0.10121923165401427,0.10656704778328586,5.9283721968091045,0.0,0.0,0.0
0.0,1.0,1.0,1.0,0.0,0.0,0.0,0.0,0.0,0.0,0.0,2.0,0.0,0.0,1.0,1.0,0.0,1.0,0.0,0.0,0.0,0.2391304347826087,-0.9266160570508397,-0.940020629499645,-0.05355349771281937,0.0,0.0,0.0
0.0,1.0,1.0,1.0,1.0,0.0,1.0,1.0,0.0,0.0,0.0,0.0,0.0,1.0,0.0,0.0,1.0,0.0,0.0,1.0,0.0,-0.3695652173913043,0.25764895330112725,0.10694195958391947,0.8050875822827182,0.0,2.0,0.0
1.0,0.0,0.0,1.0,0.0,0.0,1.0,1.0,0.0,0.0,1.0,0.0,0.0,1.0,0.0,0.0,1.0,0.0,0.0,1.0,0.0,-0.5217391304347826,0.47941108810674027,0.54082897059166,0.3735356465469152,0.0,3.0,0.0
0.0,0.0,0.0,0.0,0.0,1.0,0.0,1.0,1.0,1.0,1.0,0.0,1.0,0.0,0.0,1.0,0.0,0.0,0.0,0.0,1.0,-0.43478260869565216,-0.22084195997239475,-0.19488316171778763,-1.1674662501394621,0.0,5.0,0.0
1.0,0.0,0.0,1.0,0.0,1.0,1.0,1.0,1.0,1.0,0.0,1.0,0.0,1.0,0.0,0.0,1.0,0.0,1.0,0.0,0.0,0.7391304347826086,0.6257188865884519,0.625282543225031,-0.3463126185428983,0.0,5.0,0.0
1.0,0.0,0.0,1.0,0.0,1.0,0.0,0.0,0.0,0.0,0.0,0.0,1.0,0.0,0.0,1.0,0.0,0.0,0.0,0.0,1.0,-0.6086956521739131,-0.35426731078904994,-0.3553665341805927,0.5328573022425529,0.0,1.0,0.0
0.0,1.0,0.0,0.0,0.0,0.0,1.0,1.0,0.0,1.0,1.0,0.0,1.0,0.0,0.0,1.0,0.0,0.0,1.0,0.0,0.0,0.30434782608695654,-0.2751322751322752,-0.29620022071314545,-1.0218007363605934,1.0,4.0,1.0
0.0,1.0,0.0,1.0,0.0,0.0,1.0,1.0,1.0,1.0,1.0,2.0,0.0,1.0,0.0,0.0,1.0,0.0,0.0,1.0,0.0,0.9130434782608695,0.7131354957441914,0.6977441287307035,-0.2615195804976012,0.0,5.0,0.0
1.0,0.0,0.0,1.0,0.0,0.0,0.0,0.0,0.0,0.0,0.0,0.0,1.0,0.0,0.0,1.0,0.0,1.0,0.0,0.0,0.0,-0.5869565217391305,-0.44996549344375436,-0.5588802765499326,2.7205176838112237,0.0,0.0,0.0
0.0,0.0,0.0,1.0,1.0,1.0,1.0,0.0,0.0,1.0,1.0,0.0,0.0,1.0,0.0,0.0,1.0,0.0,0.0,0.0,1.0,-0.08695652173913043,0.5944329422590292,0.6582145946327745,-0.009639629588307472,1.0,4.0,1.0
0.0,1.0,0.0,1.0,0.0,0.0,0.0,0.0,0.0,0.0,0.0,1.0,0.0,0.0,1.0,1.0,0.0,0.0,1.0,0.0,0.0,-0.10869565217391304,-0.9220151828847482,-0.9274713810518141,-0.026776748856409686,0.0,0.0,0.0
1.0,0.0,0.0,1.0,0.0,0.0,0.0,0.0,0.0,0.0,0.0,0.0,0.0,0.0,1.0,1.0,0.0,0.0,0.0,0.0,1.0,-0.5,-0.9174143087186566,-0.9623857025418137,0.0,0.0,0.0,0.0
