,gender,SeniorCitizen,Partner,Dependents,tenure,PhoneService,MultipleLines,InternetService,OnlineSecurity,OnlineBackup,DeviceProtection,TechSupport,StreamingTV,StreamingMovies,Contract,PaperlessBilling,PaymentMethod,MonthlyCharges,charges_per_month
3738,Male,0,No,No,35.0,No,No phone service,DSL,No,No,Yes,No,Yes,Yes,Month-to-month,No,Electronic check,49.2,48.61857142857143
3151,Male,0,Yes,Yes,15.0,Yes,No,Fiber optic,Yes,No,No,No,No,No,Month-to-month,No,Mailed check,75.1,76.77
4860,Male,0,Yes,Yes,13.0,No,No phone service,DSL,Yes,Yes,No,Yes,No,No,Two year,No,Mailed check,40.55,45.41153846153846
3867,Female,0,Yes,No,26.0,Yes,No,DSL,No,Yes,Yes,No,Yes,Yes,Two year,Yes,Credit card (automatic),73.5,73.29615384615384
3810,Male,0,Yes,Yes,1.0,Yes,No,DSL,No,No,No,No,No,No,Month-to-month,No,Electronic check,44.55,44.55
2666,Male,0,No,Yes,66.0,Yes,No,DSL,No,Yes,Yes,Yes,Yes,Yes,Two year,Yes,Credit card (automatic),79.5,78.72878787878788
2645,Female,0,No,No,1.0,Yes,No,No,No internet service,No internet service,No internet service,No internet service,No internet service,No internet service,Month-to-month,No,Credit card (automatic),19.8,19.8
189,Female,0,Yes,No,40.0,Yes,Yes,DSL,No,Yes,No,No,No,No,Month-to-month,No,Credit card (automatic),56.6,59.4775
5767,Female,0,Yes,No,65.0,Yes,No,DSL,No,No,No,Yes,Yes,No,Two year,Yes,Credit card (automatic),59.8,58.58769230769231
2257,Female,0,No,No,60.0,Yes,Yes,DSL,No,No,Yes,Yes,Yes,Yes,One year,No,Credit card (automatic),80.55,80.78416666666666
2641,Female,1,No,No,5.0,Yes,No,DSL,Yes,Yes,No,Yes,No,No,Month-to-month,No,Credit card (automatic),59.9,57.57000000000001
6950,Female,0,Yes,Yes,5.0,Yes,No,DSL,Yes,No,No,No,No,No,Month-to-month,Yes,Mailed check,49.4,46.510000000000005
3938,Female,0,No,No,2.0,Yes,No,DSL,Yes,No,No,No,No,No,Month-to-month,No,Mailed check,50.95,61.525
2764,Male,0,Yes,Yes,30.0,Yes,Yes,DSL,Yes,Yes,Yes,Yes,No,No,Month-to-month,No,Electronic check,67.6,66.67333333333333
3113,Male,0,Yes,No,36.0,Yes,Yes,Fiber optic,No,No,No,No,Yes,Yes,Month-to-month,Yes,Electronic check,95.4,96.50555555555555
2986,Female,0,Yes,Yes,55.0,Yes,No,Fiber optic,No,No,No,No,No,No,Two year,Yes,Credit card (automatic),69.05,69.86545454545454
5427,Female,0,No,No,31.0,Yes,Yes,Fiber optic,Yes,No,Yes,No,No,No,Month-to-month,Yes,Credit card (automatic),84.75,84.30322580645162
328,Female,1,Yes,Yes,28.0,No,No phone service,DSL,No,No,No,No,Yes,No,Month-to-month,Yes,Electronic check,35.9,34.77321428571428
11,Male,0,No,No,16.0,Yes,No,No,No internet service,No internet service,No internet service,No internet service,No internet service,No internet service,Two year,No,Credit card (automatic),18.95,20.425
4559,Male,0,No,No,6.0,Yes,No,No,No internet service,No internet service,No internet service,No internet service,No internet service,No internet service,Month-to-month,No,Bank transfer (automatic),20.15,21.75
6271,Male,1,Yes,No,27.0,Yes,Yes,Fiber optic,Yes,No,Yes,No,No,No,One year,Yes,Electronic check,85.9,82.22592592592592
6234,Male,0,No,No,58.0,Yes,Yes,No,No internet service,No internet service,No internet service,No internet service,No internet service,No internet service,Two year,Yes,Credit card (automatic),25.3,25.419827586206896
3741,Male,0,Yes,Yes,72.0,Yes,Yes,Fiber optic,Yes,Yes,Yes,Yes,No,Yes,Two year,Yes,Credit card (automatic),104.9,107.39791666666666
6937,Female,0,No,No,28.0,No,No phone service,DSL,No,No,Yes,Yes,No,No,Month-to-month,Yes,Mailed check,35.75,34.33571428571428
622,Male,0,Yes,Yes,40.0,Yes,No,Fiber optic,No,No,Yes,No,Yes,No,One year,Yes,Electronic check,85.05,83.89125
6969,Male,0,No,No,1.0,Yes,No,No,No internet service,No internet service,No internet service,No internet service,No internet service,No internet service,Month-to-month,No,Mailed check,20.5,20.5
1056,Female,0,No,No,5.0,Yes,No,Fiber optic,No,No,No,No,No,Yes,Month-to-month,Yes,Electronic check,80.0,82.5
6491,Female,0,No,No,1.0,Yes,No,Fiber optic,No,No,No,No,No,No,Month-to-month,Yes,Electronic check,69.2,69.2
2582,Female,0,No,Yes,12.0,Yes,Yes,Fiber optic,No,Yes,Yes,No,Yes,Yes,Month-to-month,Yes,Electronic check,105.3,106.30416666666667
478,Male,0,No,No,5.0,Yes,No,Fiber optic,No,No,No,Yes,Yes,Yes,Month-to-month,Yes,Electronic check,96.1,90.67999999999999
2935,Male,0,Yes,No,71.0,Yes,No,DSL,Yes,Yes,Yes,Yes,Yes,Yes,Two year,Yes,Bank transfer (automatic),86.1,85.15352112676055
1236,Male,0,No,No,3.0,Yes,Yes,Fiber optic,No,No,No,No,No,No,Month-to-month,Yes,Electronic check,76.95,76.13333333333334
6321,Female,0,Yes,No,30.0,Yes,No,No,No internet service,No internet service,No internet service,No internet service,No internet service,No internet service,Month-to-month,No,Bank transfer (automatic),19.65,21.861666666666668
2414,Female,0,Yes,No,25.0,Yes,No,No,No internet service,No internet service,No internet service,No internet service,No internet service,No internet service,One year,Yes,Bank transfer (automatic),20.2,20.316
4805,Male,0,Yes,Yes,52.0,Yes,Yes,No,No internet service,No internet service,No internet service,No internet service,No internet service,No internet service,Two year,No,Mailed check,24.55,25.597115384615385
785,Female,1,No,No,46.0,Yes,Yes,Fiber optic,Yes,Yes,Yes,No,Yes,Yes,One year,Yes,Electronic check,110.0,105.97391304347826
577,Male,0,No,No,9.0,Yes,No,Fiber optic,No,No,No,No,No,No,Month-to-month,Yes,Electronic check,70.5,66.43333333333334
5704,Female,0,Yes,No,19.0,Yes,Yes,Fiber optic,No,No,No,No,Yes,No,Month-to-month,Yes,Electronic check,86.85,82.33684210526316
1201,Female,0,No,No,12.0,Yes,No,DSL,No,Yes,No,No,No,No,Month-to-month,Yes,Electronic check,49.4,50.97083333333333
5488,Male,1,Yes,No,45.0,Yes,Yes,Fiber optic,No,Yes,Yes,Yes,Yes,No,One year,Yes,Bank transfer (automatic),98.7,100.57333333333334
3253,Female,0,Yes,Yes,36.0,Yes,Yes,Fiber optic,Yes,No,Yes,No,Yes,Yes,Month-to-month,Yes,Credit card (automatic),104.5,102.35972222222222
7004,Male,0,No,No,38.0,Yes,Yes,Fiber optic,No,Yes,Yes,No,No,Yes,Month-to-month,Yes,Credit card (automatic),95.1,97.13684210526316
4392,Male,0,Yes,Yes,1.0,Yes,No,No,No internet service,No internet service,No internet service,No internet service,No internet service,No internet service,Month-to-month,No,Mailed check,19.2,19.2
4453,Male,0,Yes,No,10.0,Yes,Yes,Fiber optic,No,No,Yes,No,Yes,Yes,Month-to-month,Yes,Electronic check,98.5,103.775
6780,Male,0,Yes,Yes,13.0,Yes,No,DSL,No,No,No,No,No,No,Month-to-month,No,Bank transfer (automatic),44.8,43.01538461538462
2564,Male,0,No,No,18.0,Yes,Yes,DSL,No,No,Yes,Yes,Yes,Yes,One year,Yes,Credit card (automatic),82.0,79.19166666666666
5338,Female,0,Yes,No,37.0,No,No phone service,DSL,Yes,No,No,Yes,Yes,No,Two year,No,Electronic check,45.4,43.056756756756755
3128,Male,0,No,Yes,5.0,Yes,No,No,No internet service,No internet service,No internet service,No internet service,No internet service,No internet service,Month-to-month,No,Credit card (automatic),20.35,24.4
3887,Male,0,No,No,11.0,Yes,No,Fiber optic,No,Yes,No,No,No,No,Month-to-month,No,Electronic check,74.95,74.13636363636364
4097,Male,0,No,Yes,64.0,Yes,No,Fiber optic,No,Yes,No,Yes,Yes,Yes,Month-to-month,Yes,Credit card (automatic),99.15,96.425
2652,Male,0,No,No,1.0,Yes,No,DSL,No,No,No,No,No,Yes,Month-to-month,No,Mailed check,55.55,55.55
6773,Male,1,Yes,No,37.0,Yes,Yes,Fiber optic,No,No,No,No,Yes,Yes,Month-to-month,Yes,Electronic check,92.5,93.87567567567568
1118,Female,0,Yes,Yes,48.0,Yes,Yes,Fiber optic,Yes,Yes,No,No,Yes,Yes,Month-to-month,Yes,Credit card (automatic),105.25,104.11458333333333
645,Male,1,Yes,No,20.0,Yes,Yes,Fiber optic,No,No,No,No,Yes,Yes,Month-to-month,Yes,Electronic check,94.55,94.9825
3420,Female,0,No,No,26.0,Yes,Yes,DSL,Yes,Yes,No,No,Yes,No,Month-to-month,Yes,Bank transfer (automatic),69.5,69.2326923076923
1797,Female,0,No,No,30.0,Yes,No,No,No internet service,No internet service,No internet service,No internet service,No internet service,No internet service,Two year,No,Credit card (automatic),19.4,19.283333333333335
6148,Female,0,No,No,69.0,Yes,Yes,DSL,Yes,Yes,No,Yes,No,No,Two year,Yes,Mailed check,66.9,66.3463768115942
2320,Male,0,Yes,Yes,63.0,Yes,Yes,DSL,Yes,Yes,Yes,Yes,Yes,Yes,Two year,Yes,Credit card (automatic),89.4,88.8515873015873
6155,Male,0,Yes,No,5.0,Yes,No,No,No internet service,No internet service,No internet service,No internet service,No internet service,No internet service,Month-to-month,No,Mailed check,19.35,25.21
2823,Male,0,Yes,No,39.0,Yes,No,No,No internet service,No internet service,No internet service,No internet service,No internet service,No internet service,Two year,Yes,Bank transfer (automatic),20.45,20.256410256410255
6385,Male,0,No,Yes,4.0,Yes,Yes,Fiber optic,No,Yes,No,No,Yes,Yes,Month-to-month,Yes,Electronic check,101.7,91.1375
4437,Male,0,Yes,No,60.0,Yes,Yes,Fiber optic,No,No,Yes,No,Yes,Yes,Two year,No,Credit card (automatic),101.15,101.12333333333332
4428,Male,0,Yes,Yes,19.0,Yes,Yes,Fiber optic,No,No,Yes,Yes,Yes,Yes,Month-to-month,No,Electronic check,103.3,105.93157894736842
3716,Female,0,Yes,No,11.0,Yes,Yes,Fiber optic,No,Yes,No,No,Yes,Yes,Month-to-month,Yes,Electronic check,102.0,104.12272727272726
2444,Female,1,No,No,31.0,Yes,Yes,Fiber optic,No,Yes,No,No,Yes,Yes,Month-to-month,Yes,Electronic check,99.95,102.79516129032258
593,Male,0,No,No,30.0,Yes,No,Fiber optic,Yes,Yes,Yes,No,No,No,Month-to-month,Yes,Credit card (automatic),84.3,81.28666666666666
3511,Male,0,No,No,53.0,Yes,Yes,No,No internet service,No internet service,No internet service,No internet service,No internet service,No internet service,Two year,No,Mailed check,24.6,24.132075471698112
2455,Female,0,No,No,5.0,Yes,No,Fiber optic,No,Yes,No,Yes,No,Yes,Month-to-month,Yes,Electronic check,89.35,92.34
3214,Male,1,No,No,51.0,Yes,Yes,Fiber optic,No,Yes,No,No,No,No,One year,Yes,Bank transfer (automatic),79.6,77.93529411764706
5859,Female,0,Yes,No,71.0,Yes,Yes,DSL,Yes,Yes,Yes,Yes,Yes,Yes,Two year,No,Credit card (automatic),89.3,89.98098591549295
5442,Female,0,No,Yes,61.0,Yes,Yes,No,No internet service,No internet service,No internet service,No internet service,No internet service,No internet service,Two year,Yes,Credit card (automatic),25.0,24.563114754098358
288,Male,1,No,No,8.0,Yes,No,Fiber optic,No,Yes,No,No,No,No,Month-to-month,Yes,Electronic check,74.5,75.81875
6353,Male,0,Yes,No,10.0,Yes,No,DSL,Yes,No,No,Yes,No,No,Month-to-month,Yes,Credit card (automatic),54.95,56.885000000000005
2399,Female,0,Yes,No,12.0,No,No phone service,DSL,No,No,Yes,No,Yes,Yes,Month-to-month,Yes,Bank transfer (automatic),49.85,51.42916666666667
2197,Male,0,Yes,No,66.0,Yes,Yes,DSL,No,No,No,Yes,No,Yes,Month-to-month,No,Electronic check,63.85,64.61515151515152
2487,Male,0,No,No,24.0,Yes,No,DSL,Yes,Yes,No,Yes,No,No,Month-to-month,No,Bank transfer (automatic),60.45,60.03125
6746,Female,0,Yes,Yes,4.0,Yes,No,DSL,No,Yes,No,Yes,No,No,Month-to-month,No,Mailed check,56.5,58.775
3402,Female,0,No,No,4.0,Yes,Yes,Fiber optic,No,Yes,No,No,No,Yes,Month-to-month,Yes,Electronic check,88.95,88.8
3404,Female,0,No,Yes,35.0,Yes,No,DSL,Yes,Yes,No,No,No,No,One year,No,Credit card (automatic),55.6,57.612857142857145
6812,Female,1,No,No,45.0,Yes,No,Fiber optic,Yes,Yes,No,Yes,No,No,Month-to-month,Yes,Bank transfer (automatic),85.7,83.95777777777778
4319,Male,0,No,No,65.0,Yes,Yes,Fiber optic,Yes,No,Yes,Yes,Yes,Yes,One year,Yes,Credit card (automatic),110.0,109.8253846153846
155,Female,0,Yes,Yes,14.0,Yes,No,Fiber optic,No,No,No,No,No,Yes,Month-to-month,Yes,Bank transfer (automatic),80.9,82.34285714285714
6941,Female,0,Yes,Yes,61.0,No,No phone service,DSL,Yes,Yes,No,Yes,No,Yes,One year,Yes,Bank transfer (automatic),50.7,50.635245901639344
4472,Male,0,Yes,Yes,68.0,Yes,No,Fiber optic,Yes,No,Yes,No,No,No,Two year,No,Credit card (automatic),80.35,79.04632352941177
1489,Female,0,Yes,Yes,23.0,Yes,No,DSL,Yes,Yes,No,Yes,No,No,One year,Yes,Mailed check,57.75,55.77608695652174
1565,Female,0,No,No,55.0,Yes,No,Fiber optic,No,Yes,Yes,No,No,No,Month-to-month,Yes,Electronic check,81.55,81.99090909090908
2189,Male,0,Yes,Yes,69.0,Yes,Yes,No,No internet service,No internet service,No internet service,No internet service,No internet service,No internet service,Two year,No,Bank transfer (automatic),24.45,24.90144927536232
1096,Female,0,Yes,No,7.0,Yes,No,DSL,Yes,No,Yes,Yes,Yes,Yes,Month-to-month,No,Bank transfer (automatic),81.25,82.87142857142858
733,Female,0,Yes,Yes,72.0,Yes,Yes,Fiber optic,Yes,No,No,No,No,No,Two year,No,Bank transfer (automatic),79.05,79.59305555555555
5840,Female,0,Yes,Yes,61.0,Yes,No,DSL,Yes,No,No,No,No,No,One year,Yes,Bank transfer (automatic),49.7,48.54754098360656
4818,Male,1,Yes,No,64.0,Yes,No,Fiber optic,Yes,No,Yes,No,No,No,One year,No,Credit card (automatic),80.3,78.4015625
2085,Female,1,Yes,No,32.0,Yes,Yes,Fiber optic,No,No,No,No,Yes,Yes,Month-to-month,Yes,Electronic check,93.2,91.59375
6846,Female,0,No,No,1.0,Yes,Yes,Fiber optic,No,No,Yes,No,No,No,Month-to-month,Yes,Mailed check,79.55,79.55
4095,Male,0,No,No,3.0,Yes,No,Fiber optic,Yes,No,No,Yes,No,No,Month-to-month,Yes,Mailed check,82.3,71.46666666666667
6139,Male,0,No,Yes,3.0,Yes,No,No,No internet service,No internet service,No internet service,No internet service,No internet service,No internet service,Month-to-month,No,Bank transfer (automatic),20.2,16.866666666666667
5786,Female,0,Yes,No,72.0,Yes,Yes,DSL,Yes,No,Yes,Yes,Yes,Yes,Two year,Yes,Credit card (automatic),84.4,84.67291666666667
6494,Female,0,No,Yes,26.0,No,No phone service,DSL,No,No,Yes,No,No,No,Month-to-month,Yes,Mailed check,29.8,30.25
6808,Male,0,No,No,39.0,Yes,No,Fiber optic,Yes,No,Yes,No,Yes,Yes,Two year,Yes,Electronic check,100.45,97.47948717948718
1491,Female,0,No,No,1.0,Yes,No,No,No internet service,No internet service,No internet service,No internet service,No internet service,No internet service,Month-to-month,No,Mailed check,19.55,19.55
3457,Female,0,No,No,1.0,Yes,No,No,No internet service,No internet service,No internet service,No internet service,No internet service,No internet service,Month-to-month,Yes,Mailed check,19.5,19.5
3948,Female,0,Yes,Yes,56.0,Yes,No,Fiber optic,No,No,No,No,Yes,Yes,One year,No,Bank transfer (automatic),88.9,88.71428571428571
5229,Female,1,Yes,No,43.0,Yes,Yes,Fiber optic,No,No,Yes,Yes,Yes,Yes,One year,Yes,Electronic check,107.55,105.43953488372092
282,Female,0,No,Yes,1.0,Yes,Yes,No,No internet service,No internet service,No internet service,No internet service,No internet service,No internet service,Month-to-month,No,Mailed check,25.4,25.4
5121,Male,0,No,No,29.0,Yes,Yes,DSL,No,Yes,Yes,No,No,Yes,One year,No,Credit card (automatic),70.9,67.7448275862069
777,Male,0,No,No,2.0,Yes,Yes,Fiber optic,No,Yes,No,No,No,No,Month-to-month,Yes,Electronic check,82.0,92.325
3218,Male,0,No,No,68.0,Yes,No,Fiber optic,No,Yes,Yes,No,No,No,One year,No,Credit card (automatic),79.6,80.31544117647059
1418,Male,0,Yes,Yes,67.0,Yes,Yes,Fiber optic,No,Yes,No,No,No,Yes,Month-to-month,Yes,Bank transfer (automatic),89.55,95.12089552238807
6437,Female,0,Yes,Yes,19.0,Yes,Yes,No,No internet service,No internet service,No internet service,No internet service,No internet service,No internet service,Two year,Yes,Bank transfer (automatic),24.9,24.61578947368421
4976,Male,0,Yes,Yes,66.0,No,No phone service,DSL,No,Yes,Yes,No,Yes,Yes,Two year,Yes,Credit card (automatic),56.75,56.18787878787879
6891,Female,0,Yes,No,4.0,No,No phone service,DSL,Yes,No,No,No,No,No,Month-to-month,Yes,Electronic check,29.05,32.4
3011,Female,0,Yes,Yes,9.0,Yes,No,No,No internet service,No internet service,No internet service,No internet service,No internet service,No internet service,Two year,No,Mailed check,19.75,23.405555555555555
6009,Male,1,Yes,No,53.0,Yes,Yes,Fiber optic,No,Yes,Yes,No,Yes,Yes,Month-to-month,Yes,Electronic check,103.85,103.5
1019,Female,0,No,No,23.0,Yes,No,No,No internet service,No internet service,No internet service,No internet service,No internet service,No internet service,Month-to-month,Yes,Mailed check,19.5,20.443478260869565
830,Female,0,Yes,No,50.0,Yes,Yes,Fiber optic,Yes,Yes,No,Yes,Yes,Yes,One year,No,Electronic check,108.55,112.214
5993,Male,0,No,No,2.0,Yes,No,Fiber optic,No,Yes,No,No,No,No,Month-to-month,No,Electronic check,74.95,75.875
6627,Female,0,Yes,No,59.0,Yes,No,No,No internet service,No internet service,No internet service,No internet service,No internet service,No internet service,One year,No,Mailed check,20.35,21.47457627118644
592,Male,0,Yes,Yes,63.0,Yes,Yes,DSL,Yes,Yes,Yes,No,Yes,Yes,Two year,No,Credit card (automatic),83.5,86.26984126984127
3931,Female,0,Yes,No,25.0,Yes,No,DSL,Yes,Yes,No,Yes,No,Yes,Month-to-month,Yes,Mailed check,71.05,73.508
2485,Female,0,No,No,14.0,Yes,Yes,Fiber optic,No,No,Yes,No,No,No,Month-to-month,Yes,Electronic check,80.45,76.57142857142857
4163,Male,0,Yes,No,65.0,Yes,Yes,DSL,Yes,Yes,Yes,No,No,No,One year,No,Credit card (automatic),67.05,66.30076923076923
5717,Male,1,Yes,No,69.0,No,No phone service,DSL,Yes,Yes,No,No,Yes,Yes,Two year,No,Credit card (automatic),56.55,57.28478260869565
3868,Female,0,Yes,Yes,21.0,Yes,No,Fiber optic,No,Yes,No,No,No,No,Month-to-month,Yes,Bank transfer (automatic),74.05,74.55714285714286
6803,Male,0,Yes,Yes,43.0,Yes,Yes,Fiber optic,Yes,No,Yes,Yes,No,No,One year,Yes,Credit card (automatic),91.25,93.34418604651164
1426,Male,1,Yes,No,71.0,Yes,Yes,Fiber optic,Yes,Yes,Yes,Yes,No,No,One year,Yes,Electronic check,92.0,92.74929577464789
3860,Male,0,No,Yes,19.0,No,No phone service,DSL,No,No,No,No,No,No,Month-to-month,Yes,Credit card (automatic),25.35,29.794736842105266
2247,Female,0,No,No,40.0,Yes,No,No,No internet service,No internet service,No internet service,No internet service,No internet service,No internet service,Two year,No,Credit card (automatic),19.65,20.75625
2527,Female,0,No,No,9.0,Yes,Yes,Fiber optic,No,No,No,No,No,Yes,Month-to-month,Yes,Electronic check,83.3,89.25555555555555
810,Male,0,No,No,58.0,Yes,Yes,Fiber optic,No,Yes,Yes,No,Yes,Yes,One year,Yes,Bank transfer (automatic),103.25,103.75258620689655
556,Female,0,No,No,1.0,Yes,No,No,No internet service,No internet service,No internet service,No internet service,No internet service,No internet service,Month-to-month,No,Bank transfer (automatic),19.9,19.9
4889,Male,0,Yes,Yes,47.0,Yes,Yes,Fiber optic,Yes,Yes,Yes,Yes,Yes,Yes,One year,Yes,Bank transfer (automatic),113.45,113.14468085106384
4820,Female,0,Yes,No,58.0,Yes,Yes,DSL,Yes,No,Yes,Yes,Yes,Yes,Two year,Yes,Electronic check,84.3,84.7655172413793
2936,Male,0,No,No,40.0,Yes,Yes,Fiber optic,No,Yes,Yes,No,Yes,Yes,Month-to-month,Yes,Mailed check,102.65,102.70374999999999
1515,Female,0,No,No,41.0,Yes,Yes,DSL,No,No,Yes,Yes,No,Yes,One year,Yes,Electronic check,68.6,70.1719512195122
2304,Male,0,Yes,No,67.0,Yes,No,Fiber optic,Yes,Yes,No,No,Yes,Yes,One year,Yes,Credit card (automatic),100.9,100.49477611940299
2205,Male,1,No,No,34.0,Yes,No,Fiber optic,No,Yes,Yes,No,Yes,Yes,One year,Yes,Electronic check,99.85,98.32794117647059
6944,Male,0,No,No,3.0,Yes,No,No,No internet service,No internet service,No internet service,No internet service,No internet service,No internet service,Month-to-month,Yes,Mailed check,19.1,17.683333333333334
3908,Female,1,Yes,No,60.0,Yes,Yes,Fiber optic,Yes,Yes,Yes,Yes,Yes,Yes,Two year,Yes,Bank transfer (automatic),116.05,115.43166666666666
1032,Female,1,No,No,8.0,Yes,No,Fiber optic,No,No,Yes,No,Yes,Yes,Month-to-month,Yes,Electronic check,92.1,91.24375
6563,Male,0,Yes,Yes,15.0,Yes,Yes,Fiber optic,No,No,No,No,No,No,Month-to-month,Yes,Bank transfer (automatic),74.9,73.81666666666666
3552,Male,0,No,No,68.0,Yes,Yes,Fiber optic,Yes,Yes,Yes,No,No,Yes,Two year,Yes,Bank transfer (automatic),102.1,105.1375
5896,Male,1,Yes,No,71.0,Yes,Yes,No,No internet service,No internet service,No internet service,No internet service,No internet service,No internet service,Two year,No,Credit card (automatic),25.45,25.206338028169014
3101,Female,0,No,No,58.0,Yes,Yes,Fiber optic,Yes,No,No,No,No,No,Month-to-month,Yes,Bank transfer (automatic),79.8,78.0491379310345
2553,Male,1,No,No,2.0,Yes,No,No,No internet service,No internet service,No internet service,No internet service,No internet service,No internet service,Month-to-month,No,Electronic check,19.2,18.6
3567,Female,0,Yes,Yes,14.0,Yes,No,Fiber optic,No,Yes,No,Yes,No,Yes,Month-to-month,Yes,Credit card (automatic),89.65,86.31071428571428
5068,Female,0,Yes,No,71.0,Yes,No,No,No internet service,No internet service,No internet service,No internet service,No internet service,No internet service,Two year,Yes,Bank transfer (automatic),20.9,21.03098591549296
4019,Male,0,No,No,14.0,Yes,Yes,Fiber optic,No,Yes,No,No,Yes,Yes,Month-to-month,Yes,Electronic check,100.55,101.11071428571428
3070,Female,0,No,No,6.0,No,No phone service,DSL,Yes,Yes,No,Yes,No,Yes,Month-to-month,No,Credit card (automatic),50.95,51.26666666666667
149,Male,0,Yes,Yes,15.0,Yes,No,DSL,No,Yes,Yes,Yes,No,Yes,Month-to-month,Yes,Mailed check,69.5,71.42666666666668
871,Male,0,Yes,Yes,57.0,Yes,No,Fiber optic,No,Yes,Yes,No,Yes,Yes,One year,Yes,Credit card (automatic),97.55,98.21052631578948
2833,Female,0,No,No,66.0,Yes,No,DSL,Yes,Yes,Yes,No,No,No,Two year,Yes,Bank transfer (automatic),61.15,60.87045454545454
2997,Male,1,Yes,No,69.0,Yes,Yes,Fiber optic,No,Yes,No,No,Yes,No,Month-to-month,Yes,Electronic check,89.95,89.03115942028985
403,Female,0,Yes,No,68.0,Yes,No,DSL,Yes,No,No,Yes,No,No,One year,No,Bank transfer (automatic),55.9,56.6
1265,Male,1,No,Yes,56.0,Yes,No,Fiber optic,Yes,No,No,No,Yes,Yes,One year,No,Credit card (automatic),94.8,94.00535714285715
948,Male,1,No,No,35.0,Yes,Yes,Fiber optic,No,No,Yes,No,Yes,Yes,Month-to-month,Yes,Electronic check,99.05,97.02285714285715
641,Female,0,Yes,Yes,43.0,Yes,No,DSL,No,No,No,No,Yes,No,Month-to-month,No,Electronic check,56.15,58.12325581395349
4690,Male,0,Yes,No,31.0,Yes,No,DSL,No,No,Yes,Yes,No,Yes,Month-to-month,Yes,Credit card (automatic),66.4,65.15483870967742
537,Female,0,Yes,Yes,33.0,Yes,No,DSL,Yes,Yes,Yes,No,No,No,One year,Yes,Mailed check,58.45,59.25454545454546
4536,Male,0,No,No,1.0,Yes,No,Fiber optic,No,No,No,No,No,No,Month-to-month,Yes,Electronic check,69.35,69.35
6264,Male,0,No,No,44.0,Yes,No,Fiber optic,No,No,Yes,Yes,Yes,Yes,Two year,No,Bank transfer (automatic),100.1,99.50795454545455
3521,Female,0,Yes,Yes,57.0,Yes,No,DSL,Yes,Yes,No,No,No,No,One year,No,Electronic check,53.45,53.56140350877193
6228,Male,0,No,Yes,70.0,Yes,Yes,DSL,Yes,Yes,No,Yes,No,No,One year,No,Bank transfer (automatic),64.95,65.02142857142857
5287,Male,0,No,No,1.0,Yes,No,No,No internet service,No internet service,No internet service,No internet service,No internet service,No internet service,Month-to-month,No,Credit card (automatic),20.55,20.55
3780,Male,0,Yes,Yes,55.0,Yes,No,DSL,No,No,Yes,Yes,No,No,Two year,Yes,Credit card (automatic),55.25,56.72545454545455
6048,Male,1,Yes,No,29.0,Yes,Yes,Fiber optic,No,No,No,No,Yes,Yes,Month-to-month,Yes,Electronic check,94.45,91.5051724137931
1369,Female,0,No,No,33.0,Yes,Yes,DSL,Yes,Yes,No,No,No,No,Month-to-month,Yes,Mailed check,60.9,61.631818181818176
6809,Male,1,Yes,No,4.0,Yes,Yes,Fiber optic,No,No,No,No,No,No,Month-to-month,No,Electronic check,74.95,77.175
465,Male,0,No,No,70.0,No,No phone service,DSL,No,No,No,Yes,No,Yes,Two year,Yes,Mailed check,40.05,39.996428571428574
1657,Male,0,No,No,35.0,Yes,Yes,No,No internet service,No internet service,No internet service,No internet service,No internet service,No internet service,Month-to-month,Yes,Electronic check,25.6,25.75
4700,Female,0,No,No,2.0,Yes,No,DSL,No,No,No,No,No,No,Month-to-month,Yes,Mailed check,45.85,52.8
3785,Male,1,Yes,No,10.0,Yes,Yes,Fiber optic,No,No,Yes,No,No,Yes,Month-to-month,Yes,Electronic check,89.8,91.42999999999999
1465,Male,0,Yes,Yes,1.0,Yes,No,Fiber optic,No,Yes,No,No,No,No,Month-to-month,No,Credit card (automatic),74.6,74.6
1337,Male,0,No,No,31.0,Yes,No,No,No internet service,No internet service,No internet service,No internet service,No internet service,No internet service,Two year,No,Bank transfer (automatic),20.4,19.648387096774194
3563,Male,1,No,No,30.0,Yes,Yes,Fiber optic,Yes,No,No,No,No,Yes,Month-to-month,Yes,Credit card (automatic),90.5,86.52833333333334
835,Male,1,Yes,Yes,60.0,Yes,Yes,Fiber optic,Yes,Yes,No,No,No,Yes,Month-to-month,Yes,Electronic check,93.25,96.2425
763,Female,0,Yes,Yes,72.0,Yes,Yes,DSL,Yes,No,Yes,Yes,No,No,Two year,No,Bank transfer (automatic),66.85,66.09444444444445
6826,Male,0,No,No,4.0,Yes,No,No,No internet service,No internet service,No internet service,No internet service,No internet service,No internet service,Month-to-month,Yes,Credit card (automatic),20.7,20.9375
1002,Male,0,Yes,Yes,4.0,Yes,No,Fiber optic,No,No,No,No,No,No,Month-to-month,Yes,Mailed check,69.55,71.225
6146,Female,0,No,No,25.0,Yes,No,Fiber optic,No,Yes,Yes,No,Yes,Yes,Month-to-month,Yes,Electronic check,99.5,94.762
5511,Male,0,Yes,No,70.0,Yes,Yes,DSL,Yes,No,No,Yes,Yes,Yes,Two year,Yes,Credit card (automatic),76.95,75.56857142857143
690,Male,0,No,No,1.0,Yes,No,No,No internet service,No internet service,No internet service,No internet service,No internet service,No internet service,Month-to-month,Yes,Mailed check,20.45,20.45
393,Female,0,No,No,19.0,Yes,No,No,No internet service,No internet service,No internet service,No internet service,No internet service,No internet service,Month-to-month,No,Mailed check,19.9,19.344736842105263
1736,Female,0,No,No,1.0,Yes,No,No,No internet service,No internet service,No internet service,No internet service,No internet service,No internet service,Month-to-month,No,Mailed check,19.5,19.5
6688,Female,0,Yes,Yes,12.0,Yes,No,No,No internet service,No internet service,No internet service,No internet service,No internet service,No internet service,Two year,No,Bank transfer (automatic),20.3,18.708333333333332
2693,Male,0,No,No,72.0,Yes,No,No,No internet service,No internet service,No internet service,No internet service,No internet service,No internet service,Two year,No,Bank transfer (automatic),19.3,19.65
6576,Female,0,No,No,2.0,Yes,No,No,No internet service,No internet service,No internet service,No internet service,No internet service,No internet service,Month-to-month,No,Mailed check,20.3,20.6
3187,Male,0,Yes,Yes,34.0,Yes,No,Fiber optic,No,Yes,Yes,No,Yes,No,Month-to-month,Yes,Electronic check,89.85,90.93382352941177
4432,Male,0,No,No,37.0,No,No phone service,DSL,Yes,Yes,No,Yes,No,No,Two year,Yes,Mailed check,40.55,37.59054054054054
6446,Male,1,Yes,Yes,58.0,Yes,Yes,Fiber optic,Yes,Yes,No,Yes,No,No,One year,Yes,Bank transfer (automatic),89.85,88.375
1870,Male,0,No,No,1.0,Yes,No,DSL,No,No,No,No,No,No,Month-to-month,Yes,Mailed check,45.55,45.55
3633,Female,1,No,No,1.0,Yes,No,Fiber optic,No,No,No,No,No,No,Month-to-month,Yes,Electronic check,71.25,71.25
1428,Male,0,No,No,1.0,Yes,Yes,DSL,No,No,No,No,No,No,Month-to-month,Yes,Electronic check,50.45,50.45
5777,Male,0,Yes,No,72.0,Yes,Yes,DSL,Yes,Yes,Yes,Yes,No,No,Two year,No,Mailed check,68.15,66.7875
6031,Female,1,Yes,Yes,12.0,No,No phone service,DSL,No,No,No,Yes,No,No,Month-to-month,Yes,Mailed check,29.3,29.65833333333333
4660,Female,0,No,No,2.0,Yes,No,No,No internet service,No internet service,No internet service,No internet service,No internet service,No internet service,Month-to-month,No,Mailed check,19.5,15.775
5864,Female,0,Yes,No,47.0,Yes,No,No,No internet service,No internet service,No internet service,No internet service,No internet service,No internet service,Two year,No,Bank transfer (automatic),19.65,19.607446808510637
2616,Male,0,Yes,Yes,6.0,Yes,No,DSL,No,No,No,No,No,No,Month-to-month,Yes,Bank transfer (automatic),44.6,43.46666666666667
1969,Female,0,No,No,60.0,No,No phone service,DSL,Yes,No,Yes,No,Yes,Yes,Two year,No,Electronic check,53.6,53.950833333333335
1720,Female,1,No,No,2.0,Yes,No,Fiber optic,No,Yes,No,No,Yes,No,Month-to-month,Yes,Bank transfer (automatic),83.8,81.85
4909,Male,0,Yes,No,51.0,Yes,No,DSL,Yes,Yes,Yes,Yes,Yes,Yes,Two year,Yes,Credit card (automatic),83.85,84.45294117647059
2443,Female,0,Yes,Yes,72.0,Yes,Yes,Fiber optic,Yes,Yes,Yes,No,Yes,Yes,Two year,No,Credit card (automatic),109.55,109.54513888888889
1682,Male,0,Yes,No,72.0,Yes,Yes,DSL,Yes,Yes,Yes,No,Yes,Yes,Two year,Yes,Electronic check,85.25,84.48750000000001
4198,Female,0,Yes,Yes,52.0,Yes,Yes,No,No internet service,No internet service,No internet service,No internet service,No internet service,No internet service,Two year,No,Mailed check,23.05,24.13653846153846
6003,Female,0,Yes,No,71.0,Yes,Yes,DSL,Yes,Yes,Yes,Yes,Yes,Yes,Two year,No,Credit card (automatic),93.2,91.63591549295774
2195,Female,0,Yes,No,28.0,Yes,Yes,No,No internet service,No internet service,No internet service,No internet service,No internet service,No internet service,One year,No,Mailed check,25.55,24.00714285714286
4409,Male,1,Yes,No,71.0,No,No phone service,DSL,Yes,Yes,Yes,Yes,No,No,Two year,No,Credit card (automatic),46.35,47.23098591549296
4069,Male,0,Yes,Yes,68.0,Yes,No,Fiber optic,Yes,No,No,Yes,Yes,Yes,Two year,Yes,Electronic check,99.55,98.05882352941177
4484,Male,0,No,No,1.0,Yes,No,Fiber optic,No,No,No,No,No,No,Month-to-month,Yes,Electronic check,70.35,70.35
6715,Female,0,No,No,11.0,Yes,Yes,Fiber optic,No,No,Yes,No,Yes,No,Month-to-month,Yes,Electronic check,89.2,90.02727272727272
1102,Male,0,Yes,Yes,3.0,Yes,No,DSL,No,Yes,Yes,No,No,No,Month-to-month,Yes,Mailed check,56.15,56.050000000000004
3046,Female,0,Yes,No,61.0,Yes,Yes,Fiber optic,No,No,Yes,Yes,Yes,Yes,One year,Yes,Bank transfer (automatic),103.3,106.85819672131149
3383,Male,0,Yes,No,6.0,Yes,Yes,Fiber optic,No,No,No,No,No,No,Month-to-month,Yes,Electronic check,75.5,73.0
1957,Female,0,Yes,No,46.0,Yes,Yes,DSL,Yes,No,No,No,No,No,Month-to-month,No,Electronic check,53.1,53.47391304347826
6456,Female,0,No,Yes,50.0,Yes,No,Fiber optic,No,No,No,No,No,No,Two year,No,Credit card (automatic),70.35,70.672
4684,Male,0,No,No,69.0,Yes,No,Fiber optic,No,Yes,Yes,Yes,Yes,Yes,One year,Yes,Bank transfer (automatic),104.05,105.2463768115942
2782,Male,0,Yes,Yes,38.0,Yes,Yes,DSL,Yes,No,Yes,Yes,Yes,Yes,Two year,Yes,Bank transfer (automatic),85.4,86.76315789473684
3815,Female,0,No,No,3.0,Yes,Yes,Fiber optic,No,No,No,No,No,No,Month-to-month,Yes,Electronic check,74.25,70.10000000000001
1263,Female,1,Yes,No,68.0,Yes,Yes,Fiber optic,No,Yes,No,No,No,Yes,Month-to-month,Yes,Bank transfer (automatic),89.6,90.11176470588236
6788,Male,0,No,Yes,25.0,Yes,No,No,No internet service,No internet service,No internet service,No internet service,No internet service,No internet service,Month-to-month,No,Mailed check,20.8,18.408
6971,Female,1,Yes,No,18.0,Yes,Yes,Fiber optic,No,No,No,Yes,Yes,Yes,Month-to-month,No,Bank transfer (automatic),99.75,102.01388888888889
3462,Male,0,No,No,7.0,Yes,Yes,Fiber optic,No,No,No,No,No,Yes,Month-to-month,Yes,Mailed check,85.2,86.07857142857142
4200,Female,0,No,No,65.0,No,No phone service,DSL,Yes,No,Yes,Yes,Yes,Yes,Two year,No,Credit card (automatic),59.95,60.324615384615385
5709,Female,0,No,No,12.0,Yes,No,No,No internet service,No internet service,No internet service,No internet service,No internet service,No internet service,One year,No,Mailed check,19.3,19.0625
272,Male,0,No,No,1.0,No,No phone service,DSL,No,No,No,No,No,No,Month-to-month,No,Bank transfer (automatic),24.8,24.8
2147,Male,0,No,No,18.0,Yes,No,No,No internet service,No internet service,No internet service,No internet service,No internet service,No internet service,Month-to-month,No,Electronic check,19.0,19.37777777777778
6102,Female,0,Yes,No,64.0,Yes,Yes,DSL,Yes,No,Yes,Yes,Yes,Yes,Two year,Yes,Credit card (automatic),85.0,85.69375
6618,Male,0,No,No,26.0,Yes,Yes,Fiber optic,Yes,Yes,No,No,No,No,Month-to-month,Yes,Credit card (automatic),86.65,84.95192307692308
2655,Female,0,No,Yes,4.0,Yes,Yes,Fiber optic,No,Yes,No,No,Yes,No,Month-to-month,No,Mailed check,89.6,91.4125
3683,Male,0,Yes,No,71.0,Yes,No,DSL,Yes,No,No,Yes,No,No,Two year,No,Bank transfer (automatic),54.5,53.21408450704225
2070,Female,0,No,No,49.0,Yes,Yes,DSL,Yes,Yes,No,No,No,No,Month-to-month,Yes,Credit card (automatic),59.75,59.88367346938776
6831,Male,0,No,No,7.0,Yes,Yes,Fiber optic,No,No,No,No,No,Yes,Month-to-month,Yes,Electronic check,86.8,88.62142857142858
5851,Female,1,No,No,35.0,Yes,Yes,Fiber optic,Yes,Yes,Yes,Yes,Yes,Yes,One year,Yes,Bank transfer (automatic),110.8,109.60857142857144
5825,Male,1,Yes,No,1.0,Yes,No,Fiber optic,No,No,No,No,No,No,Month-to-month,Yes,Electronic check,70.3,70.3
5277,Female,0,No,No,6.0,Yes,No,Fiber optic,No,No,No,No,Yes,Yes,Month-to-month,No,Electronic check,89.3,96.26666666666667
1097,Male,0,Yes,Yes,25.0,Yes,No,Fiber optic,No,No,No,No,Yes,Yes,One year,Yes,Electronic check,90.4,87.14399999999999
6480,Female,0,No,Yes,13.0,Yes,No,DSL,No,No,Yes,Yes,No,No,Month-to-month,No,Mailed check,53.45,55.23846153846154
4842,Male,1,No,No,9.0,Yes,Yes,DSL,Yes,No,No,No,No,No,Month-to-month,No,Electronic check,54.55,54.894444444444446
4872,Female,0,Yes,No,72.0,Yes,Yes,DSL,Yes,No,Yes,Yes,Yes,Yes,Two year,Yes,Bank transfer (automatic),84.9,84.24027777777778
5963,Male,0,Yes,Yes,22.0,Yes,Yes,DSL,No,No,Yes,Yes,Yes,Yes,One year,Yes,Mailed check,78.65,75.625
931,Male,0,No,No,33.0,Yes,No,Fiber optic,No,Yes,No,Yes,No,No,Two year,No,Bank transfer (automatic),80.6,80.33636363636363
4680,Male,1,No,No,18.0,Yes,Yes,DSL,Yes,Yes,No,No,No,No,Month-to-month,Yes,Credit card (automatic),58.4,53.605555555555554
2749,Male,0,Yes,Yes,34.0,Yes,Yes,DSL,No,No,Yes,No,Yes,Yes,One year,No,Bank transfer (automatic),77.2,80.99411764705883
5272,Female,0,No,No,6.0,Yes,Yes,Fiber optic,No,Yes,No,No,Yes,No,Month-to-month,Yes,Electronic check,90.1,86.88333333333333
940,Female,0,No,Yes,24.0,Yes,No,No,No internet service,No internet service,No internet service,No internet service,No internet service,No internet service,One year,No,Bank transfer (automatic),21.05,22.147916666666664
771,Male,0,No,No,15.0,Yes,Yes,Fiber optic,No,No,No,No,Yes,Yes,Month-to-month,Yes,Electronic check,93.35,96.31
2671,Male,0,No,No,63.0,Yes,Yes,Fiber optic,No,Yes,No,Yes,Yes,Yes,Month-to-month,No,Electronic check,105.4,106.55873015873016
1563,Male,1,No,No,4.0,Yes,No,Fiber optic,No,No,No,No,No,No,Month-to-month,No,Electronic check,69.35,65.4125
1490,Female,1,Yes,No,66.0,Yes,Yes,DSL,No,Yes,Yes,No,Yes,No,One year,Yes,Bank transfer (automatic),70.85,71.80075757575759
2491,Female,0,Yes,No,42.0,Yes,No,No,No internet service,No internet service,No internet service,No internet service,No internet service,No internet service,Month-to-month,No,Credit card (automatic),20.35,20.711904761904762
1266,Female,1,No,No,4.0,Yes,Yes,Fiber optic,Yes,No,No,No,No,No,Month-to-month,Yes,Electronic check,80.25,75.925
3838,Female,0,No,No,26.0,Yes,Yes,Fiber optic,No,No,Yes,No,Yes,Yes,Month-to-month,Yes,Bank transfer (automatic),100.5,99.99807692307692
3646,Male,0,No,No,39.0,Yes,No,Fiber optic,No,No,Yes,Yes,No,No,One year,No,Electronic check,81.9,82.5576923076923
3935,Female,0,Yes,No,70.0,Yes,No,No,No internet service,No internet service,No internet service,No internet service,No internet service,No internet service,Two year,No,Credit card (automatic),19.85,18.97642857142857
3246,Male,0,No,No,3.0,Yes,No,DSL,No,No,No,No,Yes,No,Month-to-month,No,Mailed check,55.15,53.050000000000004
5385,Male,0,No,No,53.0,Yes,Yes,Fiber optic,No,No,No,No,Yes,No,Month-to-month,No,Bank transfer (automatic),85.45,85.23113207547169
2482,Female,0,Yes,No,2.0,Yes,No,DSL,No,No,No,No,No,No,Month-to-month,Yes,Electronic check,45.0,44.875
6982,Female,0,Yes,Yes,72.0,Yes,No,DSL,Yes,Yes,Yes,Yes,No,Yes,Two year,Yes,Electronic check,74.35,72.74166666666666
859,Male,0,Yes,Yes,72.0,No,No phone service,DSL,Yes,Yes,Yes,Yes,Yes,Yes,Two year,Yes,Credit card (automatic),64.8,65.55208333333333
2388,Female,0,No,No,1.0,Yes,No,DSL,No,No,No,No,No,Yes,Month-to-month,Yes,Electronic check,55.45,55.45
3748,Male,0,No,No,48.0,Yes,No,DSL,No,Yes,Yes,Yes,Yes,Yes,Two year,No,Credit card (automatic),78.9,78.57291666666667
3581,Male,0,Yes,Yes,63.0,Yes,No,DSL,Yes,Yes,Yes,Yes,Yes,No,Two year,No,Credit card (automatic),74.5,74.19920634920635
1869,Male,0,Yes,Yes,72.0,Yes,Yes,No,No internet service,No internet service,No internet service,No internet service,No internet service,No internet service,Two year,No,Credit card (automatic),24.1,24.092361111111114
4788,Male,0,No,No,59.0,Yes,Yes,DSL,No,No,Yes,No,No,No,Two year,No,Credit card (automatic),54.15,52.816101694915254
1146,Male,0,No,No,29.0,No,No phone service,DSL,Yes,No,No,Yes,No,No,One year,No,Mailed check,35.6,36.98620689655172
6124,Female,0,Yes,Yes,57.0,Yes,No,DSL,Yes,No,Yes,Yes,No,No,One year,Yes,Mailed check,59.3,57.444736842105264
736,Female,0,No,No,30.0,Yes,Yes,Fiber optic,No,Yes,Yes,Yes,Yes,Yes,One year,No,Credit card (automatic),110.45,110.90166666666667
1896,Male,0,No,No,38.0,Yes,Yes,DSL,Yes,Yes,Yes,Yes,No,No,Month-to-month,No,Electronic check,69.95,69.93552631578947
4357,Female,0,Yes,No,15.0,Yes,No,No,No internet service,No internet service,No internet service,No internet service,No internet service,No internet service,Month-to-month,No,Credit card (automatic),20.45,22.053333333333335
4337,Female,1,No,No,71.0,Yes,Yes,Fiber optic,No,Yes,No,No,Yes,Yes,Month-to-month,Yes,Credit card (automatic),99.65,97.90352112676055
3745,Male,0,No,No,7.0,Yes,No,Fiber optic,No,Yes,No,No,Yes,Yes,Month-to-month,Yes,Electronic check,94.25,95.57142857142857
3179,Female,0,No,No,27.0,Yes,No,No,No internet service,No internet service,No internet service,No internet service,No internet service,No internet service,Two year,Yes,Mailed check,19.6,20.78333333333333
6806,Female,0,Yes,No,40.0,Yes,No,No,No internet service,No internet service,No internet service,No internet service,No internet service,No internet service,Two year,No,Mailed check,19.1,19.5025
5876,Female,1,No,No,1.0,Yes,No,Fiber optic,No,Yes,No,No,No,Yes,Month-to-month,Yes,Electronic check,86.0,86.0
1950,Male,0,Yes,No,65.0,Yes,Yes,Fiber optic,No,Yes,No,No,Yes,No,Month-to-month,Yes,Bank transfer (automatic),91.85,91.39769230769231
5538,Female,0,No,No,1.0,Yes,No,Fiber optic,No,No,No,No,No,Yes,Month-to-month,Yes,Electronic check,81.1,81.1
4978,Female,0,No,No,1.0,Yes,No,DSL,No,No,No,No,No,No,Month-to-month,Yes,Electronic check,44.1,44.1
6258,Female,0,Yes,No,3.0,Yes,No,No,No internet service,No internet service,No internet service,No internet service,No internet service,No internet service,Month-to-month,Yes,Mailed check,19.9,15.25
6100,Female,1,Yes,No,29.0,Yes,Yes,Fiber optic,No,No,Yes,No,Yes,Yes,Month-to-month,Yes,Bank transfer (automatic),99.05,101.82241379310345
5982,Male,0,No,No,15.0,Yes,No,No,No internet service,No internet service,No internet service,No internet service,No internet service,No internet service,One year,No,Mailed check,19.8,20.30666666666667
4429,Female,0,Yes,Yes,70.0,Yes,Yes,DSL,Yes,Yes,Yes,Yes,Yes,No,Two year,No,Bank transfer (automatic),79.7,82.04714285714286
5934,Female,1,Yes,No,26.0,Yes,Yes,Fiber optic,No,Yes,Yes,No,No,Yes,Month-to-month,Yes,Electronic check,93.85,91.59807692307693
5097,Male,0,No,No,35.0,Yes,Yes,Fiber optic,Yes,Yes,Yes,Yes,No,No,Month-to-month,Yes,Mailed check,96.75,97.24000000000001
6729,Male,0,Yes,Yes,68.0,Yes,No,DSL,No,No,Yes,Yes,Yes,Yes,Two year,Yes,Bank transfer (automatic),72.95,72.84191176470588
1205,Male,0,No,No,1.0,Yes,Yes,Fiber optic,No,No,No,No,No,No,Month-to-month,Yes,Electronic check,74.9,74.9
295,Male,0,No,No,1.0,Yes,No,No,No internet service,No internet service,No internet service,No internet service,No internet service,No internet service,Month-to-month,No,Mailed check,20.25,20.25
2298,Male,0,Yes,Yes,69.0,Yes,Yes,Fiber optic,No,No,Yes,No,No,No,Two year,Yes,Credit card (automatic),79.2,78.56014492753623
3298,Female,0,No,No,4.0,Yes,No,No,No internet service,No internet service,No internet service,No internet service,No internet service,No internet service,Month-to-month,No,Mailed check,20.05,20.825
4756,Male,0,No,No,31.0,Yes,No,DSL,Yes,Yes,Yes,Yes,Yes,No,Month-to-month,Yes,Bank transfer (automatic),72.45,69.55645161290323
1988,Male,1,Yes,No,58.0,Yes,Yes,Fiber optic,Yes,Yes,Yes,No,Yes,Yes,One year,Yes,Electronic check,108.85,108.40086206896552
2566,Female,0,Yes,Yes,65.0,Yes,Yes,DSL,Yes,Yes,Yes,Yes,Yes,Yes,Two year,No,Bank transfer (automatic),91.55,91.75307692307692
1483,Female,0,Yes,Yes,51.0,Yes,No,DSL,Yes,Yes,No,Yes,No,Yes,One year,Yes,Credit card (automatic),69.75,69.8529411764706
3110,Female,0,No,No,1.0,Yes,No,No,No internet service,No internet service,No internet service,No internet service,No internet service,No internet service,Month-to-month,No,Mailed check,19.1,19.1
1423,Male,0,Yes,No,15.0,Yes,Yes,Fiber optic,No,No,Yes,No,Yes,Yes,Month-to-month,Yes,Electronic check,101.1,100.27
4599,Female,0,Yes,Yes,52.0,Yes,No,DSL,No,No,Yes,No,No,No,One year,Yes,Bank transfer (automatic),50.95,50.204807692307696
2295,Male,0,No,No,1.0,No,No phone service,DSL,No,No,No,No,No,No,Month-to-month,Yes,Electronic check,25.15,25.15
1400,Male,0,No,Yes,3.0,Yes,No,No,No internet service,No internet service,No internet service,No internet service,No internet service,No internet service,Month-to-month,No,Mailed check,19.95,19.433333333333334
244,Female,1,No,No,13.0,Yes,No,DSL,No,Yes,Yes,No,No,No,Month-to-month,Yes,Electronic check,54.8,56.25384615384615
1879,Male,0,No,No,1.0,Yes,No,Fiber optic,No,No,No,No,No,No,Month-to-month,Yes,Electronic check,70.05,70.05
5476,Female,1,No,No,5.0,Yes,No,Fiber optic,No,No,Yes,No,Yes,No,Month-to-month,Yes,Mailed check,84.85,83.11
2546,Female,0,No,No,25.0,Yes,No,DSL,Yes,No,No,Yes,Yes,Yes,Month-to-month,Yes,Credit card (automatic),76.15,79.718
2045,Female,0,No,No,69.0,Yes,Yes,Fiber optic,No,Yes,Yes,Yes,Yes,Yes,Two year,Yes,Bank transfer (automatic),110.5,108.05
597,Male,0,No,No,4.0,Yes,Yes,DSL,No,No,No,Yes,No,Yes,Month-to-month,No,Mailed check,65.55,59.3
6613,Female,0,No,No,3.0,Yes,No,No,No internet service,No internet service,No internet service,No internet service,No internet service,No internet service,Month-to-month,No,Mailed check,20.4,21.05
105,Male,0,No,No,5.0,No,No phone service,DSL,No,No,No,No,No,No,Month-to-month,No,Mailed check,24.3,20.04
2793,Male,0,No,No,4.0,Yes,Yes,Fiber optic,Yes,No,No,No,No,No,Month-to-month,Yes,Electronic check,80.1,84.0375
6630,Male,1,No,No,16.0,Yes,No,Fiber optic,No,No,No,No,No,Yes,Month-to-month,Yes,Electronic check,78.75,76.140625
5185,Female,0,No,Yes,50.0,Yes,No,DSL,Yes,No,Yes,Yes,Yes,No,One year,Yes,Credit card (automatic),70.8,69.563
2078,Male,0,Yes,Yes,16.0,Yes,No,DSL,Yes,Yes,No,No,No,No,One year,Yes,Mailed check,55.85,53.6125
1955,Female,0,Yes,Yes,49.0,Yes,Yes,Fiber optic,No,No,No,No,Yes,Yes,Month-to-month,Yes,Bank transfer (automatic),95.4,94.16224489795918
5161,Male,0,No,Yes,23.0,Yes,No,DSL,No,Yes,No,Yes,No,No,Month-to-month,No,Electronic check,54.15,57.06304347826087
60,Female,0,Yes,No,47.0,Yes,Yes,Fiber optic,No,No,Yes,No,Yes,Yes,Month-to-month,Yes,Electronic check,100.5,100.15106382978725
4569,Female,0,No,No,22.0,Yes,No,DSL,Yes,No,No,No,No,No,Month-to-month,Yes,Credit card (automatic),48.8,47.93636363636363
6297,Female,0,Yes,Yes,64.0,Yes,Yes,Fiber optic,Yes,Yes,Yes,Yes,Yes,Yes,One year,No,Electronic check,113.35,112.85546875
5473,Male,0,Yes,Yes,20.0,Yes,No,DSL,No,No,Yes,No,No,No,Month-to-month,Yes,Electronic check,49.6,46.989999999999995
6224,Male,0,Yes,Yes,51.0,Yes,Yes,Fiber optic,No,Yes,No,Yes,No,No,One year,No,Bank transfer (automatic),84.2,84.30882352941177
4045,Female,0,No,No,14.0,Yes,No,Fiber optic,No,No,No,No,No,No,Month-to-month,Yes,Credit card (automatic),71.0,65.28571428571429
1722,Female,0,No,No,51.0,No,No phone service,DSL,No,Yes,Yes,No,Yes,Yes,One year,Yes,Credit card (automatic),56.4,57.42156862745098
1109,Male,0,Yes,No,40.0,Yes,No,DSL,No,Yes,No,No,No,No,Month-to-month,Yes,Mailed check,50.15,51.4625
5714,Female,0,Yes,Yes,4.0,Yes,Yes,Fiber optic,No,Yes,No,No,Yes,Yes,Month-to-month,Yes,Electronic check,97.95,96.125
2662,Male,0,No,No,2.0,No,No phone service,DSL,No,No,Yes,No,Yes,Yes,Month-to-month,Yes,Electronic check,49.25,45.175
3768,Female,0,Yes,No,55.0,Yes,Yes,Fiber optic,No,Yes,No,No,No,No,Month-to-month,Yes,Credit card (automatic),77.75,77.57090909090908
4926,Male,0,Yes,No,62.0,Yes,No,DSL,No,Yes,Yes,Yes,No,No,Two year,Yes,Credit card (automatic),60.15,60.53548387096774
3811,Male,0,No,No,2.0,Yes,No,DSL,Yes,No,No,Yes,No,No,Month-to-month,Yes,Mailed check,54.45,43.65
439,Male,0,No,No,1.0,Yes,No,DSL,No,No,Yes,Yes,No,No,Month-to-month,No,Mailed check,55.05,55.05
1086,Female,1,No,No,11.0,Yes,No,Fiber optic,No,No,No,No,Yes,Yes,Month-to-month,No,Bank transfer (automatic),89.7,95.24545454545455
1710,Female,0,No,No,5.0,Yes,Yes,Fiber optic,No,No,Yes,Yes,No,No,Month-to-month,Yes,Electronic check,82.75,83.55
6335,Female,0,No,No,14.0,Yes,No,DSL,No,No,No,Yes,Yes,Yes,Month-to-month,Yes,Electronic check,69.65,65.81428571428572
416,Male,0,Yes,No,70.0,Yes,Yes,Fiber optic,No,Yes,Yes,Yes,No,Yes,Two year,Yes,Bank transfer (automatic),98.7,97.9842857142857
2572,Female,0,Yes,No,71.0,Yes,Yes,No,No internet service,No internet service,No internet service,No internet service,No internet service,No internet service,Two year,No,Bank transfer (automatic),25.0,24.690140845070424
3341,Female,1,No,No,49.0,Yes,No,DSL,No,No,No,No,No,No,Month-to-month,No,Mailed check,43.8,42.98061224489796
6635,Male,0,Yes,No,24.0,Yes,No,No,No internet service,No internet service,No internet service,No internet service,No internet service,No internet service,One year,No,Mailed check,20.1,22.245833333333334
246,Male,0,No,No,41.0,Yes,Yes,DSL,No,No,Yes,No,No,Yes,One year,No,Mailed check,65.0,61.75121951219513
6677,Female,0,No,No,13.0,No,No phone service,DSL,No,Yes,No,No,No,No,Month-to-month,No,Electronic check,29.15,27.47307692307692
5046,Female,0,No,No,1.0,Yes,No,DSL,No,No,No,No,No,No,Month-to-month,No,Mailed check,45.15,45.15
6581,Female,1,No,No,54.0,Yes,Yes,DSL,No,Yes,No,Yes,Yes,No,One year,No,Mailed check,72.1,71.96388888888889
5600,Male,0,Yes,Yes,7.0,Yes,No,Fiber optic,No,No,No,No,No,No,Month-to-month,Yes,Bank transfer (automatic),69.95,75.64285714285714
1672,Male,0,Yes,Yes,72.0,Yes,Yes,DSL,Yes,Yes,Yes,Yes,No,No,Two year,No,Credit card (automatic),72.1,69.67569444444445
4908,Female,1,No,No,28.0,Yes,Yes,Fiber optic,No,Yes,Yes,No,Yes,Yes,Month-to-month,Yes,Electronic check,106.15,112.58928571428571
3292,Female,0,No,No,5.0,No,No phone service,DSL,No,Yes,No,No,Yes,Yes,Month-to-month,Yes,Credit card (automatic),50.95,45.88
543,Male,0,No,No,10.0,Yes,Yes,Fiber optic,No,No,No,No,Yes,No,Month-to-month,Yes,Bank transfer (automatic),86.05,83.41
5517,Male,1,Yes,Yes,71.0,Yes,No,Fiber optic,Yes,Yes,Yes,No,No,No,One year,Yes,Bank transfer (automatic),86.7,87.0330985915493
2696,Female,0,No,No,68.0,No,No phone service,DSL,Yes,No,Yes,Yes,No,No,Two year,No,Mailed check,38.9,39.98823529411764
5707,Female,0,No,No,2.0,Yes,No,DSL,No,No,No,No,No,No,Month-to-month,No,Electronic check,45.55,42.2
4490,Female,1,Yes,No,54.0,Yes,Yes,Fiber optic,Yes,Yes,Yes,Yes,Yes,Yes,One year,Yes,Bank transfer (automatic),115.6,119.09351851851852
6513,Male,0,Yes,Yes,15.0,Yes,Yes,DSL,No,No,Yes,Yes,No,No,Month-to-month,Yes,Bank transfer (automatic),59.65,57.806666666666665
3492,Female,0,No,No,3.0,No,No phone service,DSL,No,Yes,No,No,No,No,Month-to-month,No,Mailed check,29.2,32.833333333333336
5424,Male,1,Yes,No,65.0,Yes,Yes,Fiber optic,Yes,Yes,No,No,Yes,No,Two year,Yes,Credit card (automatic),92.7,91.82153846153845
6276,Female,0,Yes,Yes,15.0,Yes,No,No,No internet service,No internet service,No internet service,No internet service,No internet service,No internet service,One year,No,Credit card (automatic),20.35,22.396666666666665
5155,Female,0,No,No,30.0,Yes,No,Fiber optic,No,No,No,Yes,Yes,Yes,One year,Yes,Bank transfer (automatic),94.4,87.93666666666667
2502,Female,0,No,No,70.0,Yes,Yes,No,No internet service,No internet service,No internet service,No internet service,No internet service,No internet service,One year,No,Credit card (automatic),26.05,26.52
623,Female,0,No,No,20.0,Yes,No,No,No internet service,No internet service,No internet service,No internet service,No internet service,No internet service,Two year,No,Mailed check,19.7,20.3475
3976,Female,0,No,No,4.0,No,No phone service,DSL,No,No,No,No,No,No,Month-to-month,Yes,Electronic check,24.45,21.65
4364,Female,0,No,No,63.0,Yes,Yes,DSL,Yes,Yes,Yes,Yes,No,Yes,Two year,Yes,Credit card (automatic),80.3,79.29126984126985
5397,Male,0,No,No,6.0,Yes,No,Fiber optic,No,Yes,No,No,Yes,No,Month-to-month,Yes,Electronic check,84.85,87.25
5648,Female,1,Yes,Yes,28.0,No,No phone service,DSL,No,Yes,No,No,No,Yes,One year,Yes,Electronic check,39.1,39.16428571428571
4718,Female,0,Yes,No,20.0,Yes,No,No,No internet service,No internet service,No internet service,No internet service,No internet service,No internet service,One year,Yes,Mailed check,20.0,20.822499999999998
682,Male,0,No,No,3.0,Yes,No,DSL,Yes,No,No,Yes,Yes,No,Month-to-month,Yes,Credit card (automatic),64.4,65.21666666666667
6734,Male,0,No,No,12.0,Yes,No,DSL,No,No,No,Yes,No,No,Month-to-month,No,Bank transfer (automatic),50.25,49.479166666666664
3586,Male,0,No,No,5.0,No,No phone service,DSL,Yes,No,Yes,Yes,No,No,Month-to-month,No,Mailed check,40.0,44.69
3279,Male,0,Yes,Yes,23.0,Yes,No,DSL,Yes,No,No,Yes,No,No,One year,No,Credit card (automatic),57.2,61.88478260869565
669,Female,0,Yes,No,70.0,No,No phone service,DSL,No,Yes,Yes,Yes,Yes,Yes,Two year,No,Bank transfer (automatic),57.8,57.70428571428572
5992,Male,0,Yes,Yes,65.0,Yes,Yes,DSL,Yes,Yes,Yes,No,No,Yes,One year,No,Credit card (automatic),72.45,71.59769230769231
4985,Female,0,Yes,Yes,72.0,Yes,Yes,DSL,Yes,No,Yes,Yes,Yes,Yes,Two year,Yes,Bank transfer (automatic),83.3,83.92638888888888
27,Male,0,Yes,Yes,1.0,No,No phone service,DSL,No,Yes,No,No,No,No,Month-to-month,No,Electronic check,30.2,30.2
2538,Male,0,Yes,Yes,34.0,No,No phone service,DSL,No,No,No,Yes,Yes,No,Two year,Yes,Electronic check,40.55,38.995588235294115
5863,Female,0,No,No,21.0,Yes,Yes,Fiber optic,No,No,No,No,Yes,Yes,Month-to-month,Yes,Electronic check,97.35,100.92857142857143
6801,Female,0,Yes,Yes,19.0,Yes,Yes,Fiber optic,No,No,No,Yes,No,Yes,One year,Yes,Bank transfer (automatic),89.35,88.78157894736842
3133,Male,0,Yes,No,70.0,No,No phone service,DSL,No,Yes,Yes,Yes,No,Yes,One year,Yes,Bank transfer (automatic),51.05,51.93071428571429
4709,Female,1,No,No,56.0,Yes,Yes,Fiber optic,Yes,Yes,No,No,No,Yes,Month-to-month,Yes,Electronic check,96.85,93.20803571428571
5553,Male,0,No,No,1.0,Yes,No,DSL,No,No,No,No,No,Yes,Month-to-month,Yes,Mailed check,55.7,55.7
5616,Female,0,Yes,Yes,38.0,Yes,No,DSL,Yes,Yes,No,No,No,No,Month-to-month,No,Electronic check,54.5,54.63289473684211
3889,Male,0,No,No,13.0,Yes,No,No,No internet service,No internet service,No internet service,No internet service,No internet service,No internet service,One year,No,Credit card (automatic),19.3,19.97307692307692
3681,Male,1,Yes,No,46.0,Yes,Yes,Fiber optic,No,No,Yes,No,Yes,Yes,Month-to-month,Yes,Electronic check,101.0,101.74021739130436
6319,Male,1,Yes,No,54.0,No,No phone service,DSL,No,No,No,No,No,No,Month-to-month,Yes,Bank transfer (automatic),24.95,25.27314814814815
414,Female,1,Yes,No,48.0,Yes,No,Fiber optic,No,No,No,No,No,No,Month-to-month,Yes,Bank transfer (automatic),70.65,73.85520833333334
6873,Female,0,Yes,Yes,68.0,Yes,Yes,DSL,Yes,Yes,Yes,Yes,Yes,Yes,Two year,Yes,Bank transfer (automatic),89.05,90.96764705882353
6871,Female,0,Yes,No,52.0,Yes,Yes,Fiber optic,No,Yes,Yes,No,Yes,No,Month-to-month,No,Bank transfer (automatic),94.6,96.65
221,Female,0,Yes,No,71.0,Yes,Yes,No,No internet service,No internet service,No internet service,No internet service,No internet service,No internet service,Two year,No,Bank transfer (automatic),24.75,25.871830985915494
6554,Female,0,No,No,1.0,Yes,No,Fiber optic,No,No,No,No,No,No,Month-to-month,No,Electronic check,68.65,68.65
3167,Female,0,Yes,No,64.0,Yes,No,DSL,Yes,Yes,Yes,Yes,No,Yes,Two year,Yes,Mailed check,74.35,74.36796875
2108,Female,0,No,No,46.0,Yes,No,DSL,No,No,No,No,No,No,Month-to-month,No,Bank transfer (automatic),44.95,47.15
1248,Female,0,No,No,11.0,Yes,Yes,Fiber optic,No,No,No,Yes,Yes,No,Month-to-month,No,Electronic check,90.15,89.81363636363636
6890,Male,0,No,No,53.0,Yes,No,DSL,No,No,Yes,No,No,Yes,One year,Yes,Electronic check,61.1,63.35660377358491
7030,Female,0,No,No,2.0,Yes,No,No,No internet service,No internet service,No internet service,No internet service,No internet service,No internet service,Month-to-month,Yes,Mailed check,20.05,19.625
6717,Male,1,Yes,No,57.0,Yes,Yes,Fiber optic,No,No,Yes,No,Yes,Yes,Month-to-month,No,Electronic check,100.6,100.80964912280702
2909,Female,0,No,No,43.0,Yes,No,DSL,No,Yes,No,Yes,No,No,One year,No,Electronic check,55.45,56.843023255813954
6214,Male,0,No,No,44.0,Yes,No,No,No internet service,No internet service,No internet service,No internet service,No internet service,No internet service,Two year,No,Mailed check,20.05,19.210227272727273
4565,Female,0,Yes,No,71.0,No,No phone service,DSL,Yes,Yes,Yes,Yes,Yes,Yes,One year,No,Bank transfer (automatic),66.8,66.0443661971831
6905,Male,0,No,Yes,30.0,No,No phone service,DSL,No,No,No,No,Yes,Yes,Month-to-month,Yes,Electronic check,44.5,43.593333333333334
5041,Male,0,Yes,No,20.0,Yes,No,No,No internet service,No internet service,No internet service,No internet service,No internet service,No internet service,One year,No,Mailed check,20.65,20.875
6471,Male,0,Yes,Yes,18.0,Yes,No,No,No internet service,No internet service,No internet service,No internet service,No internet service,No internet service,One year,No,Bank transfer (automatic),20.05,19.216666666666665
4123,Male,1,Yes,No,34.0,Yes,No,Fiber optic,No,No,No,No,No,No,Month-to-month,No,Credit card (automatic),71.55,71.39264705882353
3073,Female,0,No,No,52.0,No,No phone service,DSL,Yes,Yes,Yes,No,Yes,Yes,Two year,Yes,Bank transfer (automatic),58.75,58.43365384615385
5196,Female,1,No,No,66.0,Yes,Yes,Fiber optic,No,Yes,Yes,No,Yes,Yes,One year,No,Bank transfer (automatic),108.1,109.67575757575759
2163,Male,1,Yes,No,29.0,Yes,Yes,Fiber optic,No,No,Yes,No,Yes,Yes,Month-to-month,Yes,Electronic check,98.5,103.59137931034483
2822,Female,0,Yes,Yes,41.0,Yes,Yes,DSL,Yes,Yes,Yes,Yes,No,Yes,Month-to-month,No,Credit card (automatic),79.9,81.12682926829268
1536,Male,0,Yes,Yes,69.0,Yes,No,DSL,Yes,Yes,Yes,Yes,Yes,No,Two year,Yes,Bank transfer (automatic),75.75,78.0891304347826
1821,Male,1,Yes,No,32.0,Yes,Yes,Fiber optic,No,No,No,No,No,Yes,Month-to-month,No,Electronic check,85.3,83.159375
4780,Male,0,No,No,9.0,Yes,No,Fiber optic,No,No,No,No,No,No,Month-to-month,No,Mailed check,70.05,73.05555555555556
3139,Male,0,No,No,2.0,No,No phone service,DSL,No,No,No,Yes,No,No,Month-to-month,No,Bank transfer (automatic),29.85,37.8
4504,Male,0,No,No,37.0,Yes,No,No,No internet service,No internet service,No internet service,No internet service,No internet service,No internet service,One year,No,Credit card (automatic),20.15,21.236486486486488
982,Female,0,No,No,39.0,Yes,No,DSL,Yes,No,No,No,No,No,One year,Yes,Electronic check,47.85,48.369230769230775
5679,Male,0,No,No,8.0,Yes,Yes,Fiber optic,No,No,No,No,No,Yes,Month-to-month,Yes,Electronic check,86.55,81.20625
5325,Male,0,Yes,Yes,5.0,Yes,No,No,No internet service,No internet service,No internet service,No internet service,No internet service,No internet service,One year,No,Electronic check,20.55,19.89
718,Female,0,No,No,26.0,No,No phone service,DSL,No,No,Yes,No,Yes,Yes,Month-to-month,Yes,Credit card (automatic),50.35,49.13461538461539
1540,Male,0,Yes,Yes,63.0,Yes,No,Fiber optic,No,Yes,Yes,No,No,No,Month-to-month,Yes,Credit card (automatic),80.3,77.71984126984128
5611,Female,1,Yes,No,58.0,Yes,Yes,Fiber optic,No,No,No,Yes,Yes,Yes,Month-to-month,Yes,Bank transfer (automatic),100.4,99.13448275862069
7037,Female,0,No,No,72.0,Yes,No,No,No internet service,No internet service,No internet service,No internet service,No internet service,No internet service,Two year,Yes,Bank transfer (automatic),21.15,19.71388888888889
6724,Female,1,No,No,64.0,Yes,No,DSL,Yes,Yes,No,Yes,Yes,No,Two year,Yes,Credit card (automatic),70.2,70.015625
2432,Female,1,Yes,No,50.0,Yes,Yes,No,No internet service,No internet service,No internet service,No internet service,No internet service,No internet service,One year,No,Electronic check,25.2,26.125999999999998
6394,Female,0,No,No,8.0,Yes,No,DSL,Yes,Yes,No,Yes,No,No,One year,No,Bank transfer (automatic),58.2,58.65625
3939,Female,0,No,Yes,1.0,Yes,No,Fiber optic,No,No,No,No,No,Yes,Month-to-month,No,Electronic check,78.65,78.65
3259,Female,0,No,No,6.0,Yes,No,Fiber optic,No,No,No,No,No,No,Month-to-month,No,Credit card (automatic),70.55,72.325
5367,Female,0,Yes,Yes,65.0,Yes,Yes,DSL,Yes,Yes,No,Yes,Yes,Yes,Two year,Yes,Bank transfer (automatic),82.5,80.2323076923077
5608,Female,0,Yes,Yes,13.0,Yes,No,DSL,Yes,No,No,Yes,No,No,One year,No,Bank transfer (automatic),54.15,53.926923076923075
1313,Male,0,Yes,No,47.0,Yes,Yes,Fiber optic,No,Yes,Yes,Yes,Yes,Yes,Month-to-month,Yes,Electronic check,109.55,109.03297872340426
6177,Male,0,No,No,4.0,Yes,No,DSL,No,No,No,No,No,Yes,Month-to-month,No,Electronic check,54.3,48.825
5408,Female,0,No,No,51.0,Yes,Yes,No,No internet service,No internet service,No internet service,No internet service,No internet service,No internet service,Two year,No,Bank transfer (automatic),24.95,25.254901960784313
829,Male,0,Yes,Yes,34.0,No,No phone service,DSL,No,No,Yes,Yes,Yes,No,Month-to-month,Yes,Electronic check,44.85,42.42941176470588
2991,Female,1,Yes,No,37.0,Yes,No,Fiber optic,No,No,Yes,Yes,Yes,No,Month-to-month,No,Electronic check,90.0,91.12837837837837
2301,Female,0,Yes,No,8.0,Yes,Yes,Fiber optic,No,No,No,Yes,No,Yes,Month-to-month,Yes,Electronic check,90.25,92.96875
4921,Female,0,Yes,Yes,39.0,Yes,Yes,Fiber optic,No,No,No,Yes,Yes,Yes,Month-to-month,Yes,Credit card (automatic),99.95,96.60000000000001
6109,Female,0,No,No,2.0,Yes,Yes,DSL,No,Yes,No,No,No,No,Month-to-month,No,Mailed check,54.15,50.825
5087,Female,0,Yes,No,2.0,Yes,No,No,No internet service,No internet service,No internet service,No internet service,No internet service,No internet service,Month-to-month,No,Mailed check,20.35,20.925
5310,Male,0,Yes,No,43.0,Yes,Yes,DSL,Yes,Yes,No,Yes,No,No,Month-to-month,No,Bank transfer (automatic),66.25,67.61279069767441
1704,Male,0,No,Yes,1.0,Yes,Yes,Fiber optic,No,No,Yes,No,Yes,Yes,Month-to-month,Yes,Electronic check,99.75,99.75
874,Male,0,No,Yes,45.0,Yes,Yes,Fiber optic,No,No,Yes,No,Yes,Yes,Two year,No,Bank transfer (automatic),99.7,102.98555555555556
3843,Male,1,Yes,No,1.0,Yes,No,Fiber optic,No,No,No,No,No,No,Month-to-month,No,Mailed check,70.85,70.85
3709,Male,0,No,No,1.0,Yes,Yes,DSL,No,No,No,No,No,No,Month-to-month,No,Mailed check,50.75,50.75
5339,Male,0,Yes,Yes,30.0,Yes,Yes,Fiber optic,No,No,No,No,Yes,No,Month-to-month,No,Electronic check,85.45,83.66499999999999
1169,Male,1,No,No,70.0,No,No phone service,DSL,No,Yes,Yes,No,Yes,No,One year,Yes,Credit card (automatic),44.05,43.02357142857143
2737,Male,0,No,No,64.0,Yes,Yes,Fiber optic,No,No,Yes,Yes,Yes,Yes,One year,Yes,Credit card (automatic),104.65,107.653125
6521,Female,0,Yes,Yes,18.0,Yes,Yes,No,No internet service,No internet service,No internet service,No internet service,No internet service,No internet service,Two year,No,Mailed check,25.1,23.802777777777777
1923,Male,0,Yes,Yes,37.0,Yes,No,No,No internet service,No internet service,No internet service,No internet service,No internet service,No internet service,Two year,No,Bank transfer (automatic),19.8,19.624324324324323
943,Female,0,Yes,No,72.0,No,No phone service,DSL,Yes,Yes,Yes,Yes,Yes,Yes,Two year,No,Bank transfer (automatic),65.5,68.32916666666667
1827,Female,0,Yes,Yes,45.0,No,No phone service,DSL,Yes,No,No,No,Yes,Yes,Month-to-month,Yes,Bank transfer (automatic),50.9,51.86333333333333
4736,Female,0,Yes,Yes,56.0,Yes,Yes,DSL,Yes,Yes,Yes,Yes,Yes,No,Two year,No,Credit card (automatic),81.25,82.50714285714285
4790,Female,1,Yes,No,31.0,Yes,Yes,Fiber optic,No,No,No,No,No,Yes,Month-to-month,Yes,Electronic check,84.85,84.9483870967742
2724,Male,0,Yes,Yes,62.0,Yes,No,No,No internet service,No internet service,No internet service,No internet service,No internet service,No internet service,One year,No,Bank transfer (automatic),19.95,20.07741935483871
5264,Male,1,Yes,No,69.0,No,No phone service,DSL,No,No,Yes,No,No,No,One year,Yes,Credit card (automatic),29.8,30.93188405797102
5361,Female,0,No,Yes,4.0,Yes,No,No,No internet service,No internet service,No internet service,No internet service,No internet service,No internet service,One year,Yes,Mailed check,20.4,21.1875
872,Male,0,No,Yes,66.0,Yes,No,No,No internet service,No internet service,No internet service,No internet service,No internet service,No internet service,Two year,No,Credit card (automatic),19.95,19.228787878787877
41,Female,0,Yes,Yes,70.0,Yes,Yes,DSL,Yes,Yes,No,No,Yes,No,Two year,Yes,Credit card (automatic),69.2,69.605
4574,Female,1,Yes,No,72.0,Yes,Yes,Fiber optic,No,Yes,Yes,No,Yes,Yes,One year,Yes,Credit card (automatic),105.75,105.9701388888889
2258,Male,0,No,No,56.0,Yes,No,DSL,Yes,No,Yes,No,No,No,One year,No,Mailed check,52.7,53.92321428571428
5351,Female,0,No,No,12.0,Yes,No,Fiber optic,No,No,Yes,No,Yes,Yes,One year,No,Mailed check,95.5,92.92916666666667
6040,Female,0,No,No,1.0,Yes,No,Fiber optic,No,No,No,No,No,No,Month-to-month,No,Mailed check,70.75,70.75
1077,Female,0,No,No,41.0,Yes,Yes,Fiber optic,Yes,Yes,Yes,Yes,Yes,Yes,Month-to-month,Yes,Bank transfer (automatic),114.5,110.42560975609756
4607,Male,0,No,Yes,1.0,Yes,No,DSL,No,No,No,Yes,No,Yes,Month-to-month,Yes,Mailed check,59.55,59.55
188,Female,0,No,No,13.0,Yes,No,No,No internet service,No internet service,No internet service,No internet service,No internet service,No internet service,One year,No,Electronic check,19.65,18.83076923076923
1028,Male,0,Yes,Yes,26.0,Yes,Yes,Fiber optic,No,No,No,No,Yes,No,Month-to-month,Yes,Electronic check,83.75,79.63846153846154
4426,Female,0,No,Yes,16.0,Yes,Yes,Fiber optic,No,No,No,Yes,No,No,One year,Yes,Credit card (automatic),79.5,79.0125
1941,Male,0,No,No,3.0,Yes,No,DSL,No,No,No,No,No,Yes,Month-to-month,No,Mailed check,54.65,63.03333333333333
972,Male,0,No,No,58.0,Yes,No,DSL,No,Yes,Yes,Yes,Yes,No,Two year,No,Bank transfer (automatic),70.1,69.80948275862069
1917,Female,1,Yes,No,72.0,Yes,Yes,DSL,Yes,Yes,Yes,Yes,Yes,Yes,Two year,No,Credit card (automatic),89.1,88.22777777777777
2193,Male,0,No,Yes,56.0,Yes,No,No,No internet service,No internet service,No internet service,No internet service,No internet service,No internet service,One year,Yes,Mailed check,21.2,22.118750000000002
6495,Male,0,No,No,1.0,Yes,No,Fiber optic,No,No,No,No,No,No,Month-to-month,Yes,Electronic check,69.65,69.65
5238,Female,0,Yes,No,33.0,Yes,No,DSL,No,Yes,No,Yes,No,No,One year,Yes,Credit card (automatic),53.75,56.28181818181818
4973,Male,1,Yes,No,13.0,Yes,Yes,Fiber optic,Yes,Yes,No,No,No,Yes,Month-to-month,No,Credit card (automatic),93.8,97.0
6274,Male,0,No,No,57.0,Yes,Yes,Fiber optic,No,No,No,No,Yes,No,One year,Yes,Electronic check,86.9,86.65350877192982
5784,Female,0,Yes,No,18.0,Yes,No,Fiber optic,Yes,No,No,No,No,No,Month-to-month,No,Electronic check,74.8,79.89166666666667
3673,Male,0,No,No,42.0,Yes,Yes,Fiber optic,No,Yes,No,No,Yes,Yes,Month-to-month,Yes,Electronic check,101.75,101.74880952380951
5747,Male,0,Yes,No,32.0,Yes,Yes,DSL,Yes,No,No,Yes,Yes,No,One year,Yes,Credit card (automatic),72.8,72.9078125
3904,Male,0,Yes,Yes,34.0,Yes,No,No,No internet service,No internet service,No internet service,No internet service,No internet service,No internet service,Month-to-month,No,Mailed check,20.8,18.70294117647059
357,Male,0,Yes,No,64.0,Yes,Yes,Fiber optic,No,Yes,No,Yes,Yes,Yes,Two year,Yes,Electronic check,105.25,106.615625
3987,Female,0,No,No,11.0,Yes,Yes,Fiber optic,No,No,No,No,No,No,Month-to-month,Yes,Electronic check,76.5,76.17727272727274
1228,Female,0,Yes,No,49.0,Yes,Yes,Fiber optic,Yes,No,No,No,Yes,Yes,Month-to-month,Yes,Mailed check,100.85,98.92551020408165
3245,Female,0,Yes,Yes,23.0,Yes,No,Fiber optic,No,Yes,Yes,Yes,No,No,Month-to-month,No,Electronic check,83.8,82.6195652173913
555,Female,0,Yes,Yes,56.0,Yes,Yes,DSL,Yes,No,Yes,No,No,Yes,One year,Yes,Bank transfer (automatic),68.75,68.0
3156,Female,0,No,No,25.0,Yes,No,No,No internet service,No internet service,No internet service,No internet service,No internet service,No internet service,Month-to-month,No,Mailed check,19.05,18.452
2918,Male,1,Yes,No,8.0,No,No phone service,DSL,No,Yes,Yes,No,No,Yes,Month-to-month,Yes,Mailed check,43.35,46.425
6632,Female,0,Yes,No,34.0,Yes,Yes,DSL,Yes,Yes,No,Yes,No,No,Month-to-month,No,Electronic check,62.65,66.90882352941176
5633,Male,0,No,Yes,6.0,Yes,Yes,No,No internet service,No internet service,No internet service,No internet service,No internet service,No internet service,Month-to-month,No,Mailed check,26.35,30.675
5622,Male,0,No,No,23.0,Yes,Yes,Fiber optic,No,No,Yes,Yes,Yes,Yes,Month-to-month,Yes,Mailed check,104.05,107.39565217391304
2752,Male,0,Yes,Yes,31.0,No,No phone service,DSL,Yes,No,No,Yes,No,No,Month-to-month,No,Bank transfer (automatic),35.4,34.75806451612903
2903,Male,0,Yes,Yes,12.0,No,No phone service,DSL,No,Yes,No,Yes,No,No,Month-to-month,No,Mailed check,35.5,36.020833333333336
1676,Female,0,No,No,4.0,Yes,Yes,Fiber optic,Yes,No,No,No,No,No,Month-to-month,Yes,Electronic check,80.15,79.9625
889,Female,0,Yes,Yes,63.0,Yes,Yes,Fiber optic,Yes,Yes,Yes,No,Yes,No,Month-to-month,Yes,Electronic check,100.55,98.65634920634922
579,Male,0,No,No,2.0,Yes,No,No,No internet service,No internet service,No internet service,No internet service,No internet service,No internet service,Month-to-month,Yes,Mailed check,19.65,19.4
1945,Female,0,Yes,Yes,71.0,Yes,No,No,No internet service,No internet service,No internet service,No internet service,No internet service,No internet service,Two year,No,Bank transfer (automatic),20.5,21.140140845070423
833,Female,0,Yes,Yes,37.0,Yes,Yes,Fiber optic,No,Yes,No,No,Yes,No,Month-to-month,Yes,Electronic check,88.8,90.28513513513514
1853,Female,0,No,No,1.0,Yes,No,DSL,No,No,No,No,No,No,Month-to-month,No,Electronic check,45.15,45.15
6411,Male,1,Yes,No,2.0,Yes,No,Fiber optic,No,No,No,No,No,No,Month-to-month,No,Electronic check,70.1,70.825
1970,Female,0,Yes,No,7.0,Yes,No,Fiber optic,No,No,No,No,Yes,No,Month-to-month,Yes,Electronic check,81.1,82.37857142857142
4584,Male,1,No,No,69.0,Yes,Yes,DSL,Yes,No,Yes,Yes,No,Yes,Two year,No,Credit card (automatic),74.1,72.91304347826087
4330,Male,0,No,No,19.0,Yes,No,Fiber optic,No,Yes,Yes,No,No,No,Month-to-month,Yes,Electronic check,78.25,78.47105263157896
208,Female,0,No,No,19.0,Yes,No,Fiber optic,Yes,No,Yes,Yes,Yes,Yes,Month-to-month,Yes,Electronic check,106.6,101.81315789473685
1641,Male,0,Yes,No,72.0,Yes,Yes,DSL,Yes,Yes,Yes,Yes,Yes,Yes,Two year,Yes,Bank transfer (automatic),87.1,86.52916666666667
2323,Female,0,No,No,29.0,Yes,Yes,Fiber optic,No,No,Yes,No,Yes,Yes,Month-to-month,Yes,Credit card (automatic),98.6,101.14482758620689
1572,Female,1,No,No,3.0,Yes,No,DSL,No,No,No,No,No,No,Month-to-month,No,Electronic check,45.0,42.36666666666667
5457,Female,0,Yes,Yes,11.0,Yes,No,DSL,Yes,No,No,No,No,No,Month-to-month,No,Bank transfer (automatic),51.0,52.88181818181818
3557,Female,1,No,No,33.0,No,No phone service,DSL,Yes,Yes,Yes,No,Yes,Yes,Month-to-month,Yes,Bank transfer (automatic),59.45,57.11060606060607
4051,Female,0,Yes,No,72.0,Yes,Yes,Fiber optic,No,Yes,No,No,Yes,Yes,Two year,Yes,Credit card (automatic),97.7,95.4125
814,Male,1,No,No,5.0,Yes,No,No,No internet service,No internet service,No internet service,No internet service,No internet service,No internet service,Month-to-month,No,Bank transfer (automatic),20.05,18.830000000000002
168,Male,1,Yes,No,58.0,No,No phone service,DSL,No,Yes,Yes,No,No,Yes,Month-to-month,Yes,Electronic check,45.3,45.710344827586205
6934,Male,0,Yes,No,71.0,Yes,Yes,Fiber optic,No,Yes,No,Yes,Yes,Yes,Two year,Yes,Credit card (automatic),104.15,103.73661971830987
1734,Male,0,No,No,9.0,No,No phone service,DSL,No,No,No,No,Yes,Yes,Month-to-month,Yes,Electronic check,45.4,46.53333333333333
2152,Female,0,No,No,1.0,Yes,Yes,DSL,No,No,No,No,No,No,Month-to-month,Yes,Electronic check,50.1,50.1
4013,Female,0,No,No,2.0,Yes,Yes,DSL,No,No,No,Yes,No,No,Month-to-month,Yes,Mailed check,54.35,58.525
659,Male,0,Yes,No,37.0,Yes,No,No,No internet service,No internet service,No internet service,No internet service,No internet service,No internet service,Month-to-month,No,Bank transfer (automatic),20.35,18.855405405405406
6527,Male,0,Yes,Yes,6.0,Yes,No,DSL,No,Yes,Yes,No,No,No,Month-to-month,Yes,Mailed check,55.3,54.041666666666664
3921,Female,0,Yes,No,24.0,Yes,Yes,DSL,Yes,Yes,Yes,No,No,No,Month-to-month,No,Mailed check,66.3,64.97708333333334
5486,Male,0,No,No,54.0,Yes,Yes,DSL,Yes,No,Yes,Yes,Yes,Yes,Two year,No,Bank transfer (automatic),87.1,87.68888888888888
6560,Male,0,No,Yes,23.0,Yes,No,No,No internet service,No internet service,No internet service,No internet service,No internet service,No internet service,One year,No,Mailed check,19.8,20.23695652173913
5957,Male,1,Yes,No,18.0,Yes,No,Fiber optic,No,No,No,No,No,Yes,Month-to-month,No,Electronic check,78.55,79.03611111111111
6514,Male,0,Yes,No,72.0,No,No phone service,DSL,Yes,Yes,Yes,Yes,Yes,Yes,Two year,Yes,Electronic check,64.7,65.91736111111112
3566,Female,0,No,Yes,53.0,Yes,Yes,DSL,No,Yes,Yes,Yes,Yes,Yes,One year,Yes,Electronic check,84.6,83.95754716981132
4205,Female,0,Yes,Yes,24.0,Yes,Yes,DSL,Yes,No,Yes,No,Yes,Yes,Two year,No,Credit card (automatic),78.6,76.94375000000001
2192,Male,1,Yes,No,56.0,Yes,No,DSL,Yes,Yes,Yes,Yes,Yes,Yes,Two year,Yes,Bank transfer (automatic),85.65,86.15089285714285
2274,Male,0,Yes,Yes,23.0,Yes,No,Fiber optic,Yes,No,No,Yes,Yes,Yes,Month-to-month,Yes,Electronic check,99.85,101.3608695652174
956,Female,0,Yes,Yes,71.0,Yes,Yes,No,No internet service,No internet service,No internet service,No internet service,No internet service,No internet service,Two year,No,Bank transfer (automatic),25.45,25.54014084507042
6064,Male,0,No,No,1.0,No,No phone service,DSL,No,No,No,No,Yes,Yes,Month-to-month,Yes,Mailed check,45.3,45.3
6968,Female,1,No,No,22.0,Yes,Yes,Fiber optic,No,No,No,No,No,No,Month-to-month,Yes,Bank transfer (automatic),74.4,76.93636363636364
6094,Male,0,No,No,57.0,Yes,No,No,No internet service,No internet service,No internet service,No internet service,No internet service,No internet service,Two year,No,Credit card (automatic),20.55,21.979824561403507
3614,Male,0,Yes,No,69.0,No,No phone service,DSL,Yes,No,Yes,Yes,Yes,Yes,Two year,No,Bank transfer (automatic),60.25,58.77536231884058
3730,Female,0,Yes,No,57.0,Yes,Yes,Fiber optic,No,Yes,Yes,No,Yes,Yes,Month-to-month,Yes,Credit card (automatic),104.5,103.88333333333334
740,Female,0,No,No,47.0,Yes,Yes,DSL,Yes,No,Yes,Yes,No,No,Two year,Yes,Mailed check,65.0,61.274468085106385
5326,Male,0,Yes,Yes,15.0,Yes,No,No,No internet service,No internet service,No internet service,No internet service,No internet service,No internet service,Month-to-month,Yes,Electronic check,20.0,19.203333333333333
2188,Female,0,No,No,29.0,No,No phone service,DSL,No,No,No,Yes,No,No,Month-to-month,Yes,Electronic check,31.2,31.93793103448276
2984,Female,0,Yes,No,26.0,Yes,Yes,No,No internet service,No internet service,No internet service,No internet service,No internet service,No internet service,One year,No,Mailed check,26.0,26.309615384615384
5401,Male,0,No,No,31.0,Yes,No,No,No internet service,No internet service,No internet service,No internet service,No internet service,No internet service,Two year,No,Mailed check,20.45,20.598387096774193
3715,Male,1,No,No,11.0,Yes,No,Fiber optic,No,No,No,No,No,Yes,Month-to-month,Yes,Electronic check,78.5,79.47272727272728
3399,Female,0,No,No,42.0,Yes,Yes,DSL,No,No,Yes,Yes,Yes,Yes,Two year,Yes,Credit card (automatic),78.45,80.31904761904762
6145,Female,0,Yes,Yes,67.0,No,No phone service,DSL,Yes,Yes,Yes,Yes,Yes,No,Two year,No,Credit card (automatic),54.2,54.08880597014925
6236,Male,1,Yes,No,33.0,Yes,Yes,Fiber optic,No,Yes,No,No,Yes,Yes,Month-to-month,Yes,Bank transfer (automatic),100.6,99.09848484848484
2390,Female,0,Yes,Yes,8.0,Yes,No,No,No internet service,No internet service,No internet service,No internet service,No internet service,No internet service,One year,No,Electronic check,19.8,20.00625
301,Female,1,No,No,4.0,Yes,Yes,Fiber optic,No,No,No,No,Yes,Yes,Month-to-month,Yes,Electronic check,95.45,99.025
217,Male,0,Yes,No,66.0,No,No phone service,DSL,Yes,Yes,Yes,Yes,Yes,No,Two year,Yes,Bank transfer (automatic),56.6,57.41212121212121
1904,Male,0,No,No,56.0,Yes,Yes,Fiber optic,No,Yes,No,Yes,No,Yes,Month-to-month,Yes,Electronic check,94.45,91.51071428571429
2023,Female,1,Yes,No,5.0,Yes,Yes,Fiber optic,No,Yes,No,No,No,No,Month-to-month,Yes,Electronic check,81.0,74.33
5584,Male,0,Yes,No,11.0,Yes,Yes,Fiber optic,No,Yes,No,No,No,No,Month-to-month,Yes,Bank transfer (automatic),80.5,81.53636363636363
7029,Female,1,No,No,6.0,No,No phone service,DSL,No,No,No,No,Yes,Yes,Month-to-month,Yes,Electronic check,44.4,43.84166666666667
2232,Male,0,Yes,Yes,36.0,Yes,No,No,No internet service,No internet service,No internet service,No internet service,No internet service,No internet service,Two year,No,Credit card (automatic),19.45,20.958333333333332
4544,Male,0,Yes,No,1.0,Yes,No,Fiber optic,No,No,No,No,Yes,No,Month-to-month,Yes,Electronic check,80.55,80.55
5677,Male,0,Yes,No,40.0,Yes,No,Fiber optic,No,Yes,Yes,No,No,No,One year,No,Electronic check,80.8,78.31875
3129,Male,0,Yes,No,70.0,Yes,Yes,Fiber optic,No,Yes,Yes,No,Yes,No,One year,Yes,Bank transfer (automatic),95.0,94.32714285714285
4735,Male,0,No,No,44.0,Yes,Yes,DSL,No,Yes,Yes,Yes,Yes,Yes,One year,Yes,Bank transfer (automatic),85.25,84.18522727272727
5395,Female,0,No,No,5.0,Yes,No,Fiber optic,No,No,No,No,Yes,No,Month-to-month,Yes,Credit card (automatic),81.0,77.92
6122,Female,0,No,No,17.0,Yes,No,No,No internet service,No internet service,No internet service,No internet service,No internet service,No internet service,One year,No,Mailed check,19.55,16.52058823529412
3913,Male,0,Yes,No,72.0,Yes,Yes,No,No internet service,No internet service,No internet service,No internet service,No internet service,No internet service,Two year,No,Credit card (automatic),24.8,26.031944444444445
4902,Female,0,No,No,24.0,Yes,No,DSL,Yes,No,No,Yes,No,No,Month-to-month,No,Credit card (automatic),56.35,57.550000000000004
1478,Male,0,No,No,41.0,Yes,Yes,Fiber optic,No,Yes,Yes,No,Yes,Yes,Month-to-month,Yes,Electronic check,104.7,106.00975609756097
3012,Male,0,Yes,Yes,54.0,Yes,Yes,DSL,Yes,Yes,No,Yes,No,No,Two year,Yes,Credit card (automatic),65.65,66.05
4487,Male,0,Yes,Yes,4.0,Yes,Yes,No,No internet service,No internet service,No internet service,No internet service,No internet service,No internet service,One year,No,Credit card (automatic),24.1,18.275
941,Female,0,No,Yes,13.0,No,No phone service,DSL,No,Yes,No,No,No,No,Month-to-month,No,Electronic check,30.15,29.4
4550,Female,0,Yes,Yes,72.0,Yes,Yes,No,No internet service,No internet service,No internet service,No internet service,No internet service,No internet service,Two year,Yes,Bank transfer (automatic),26.25,27.611805555555556
4694,Male,0,Yes,Yes,13.0,Yes,No,No,No internet service,No internet service,No internet service,No internet service,No internet service,No internet service,Month-to-month,Yes,Mailed check,19.85,19.384615384615383
695,Female,0,Yes,No,1.0,Yes,No,No,No internet service,No internet service,No internet service,No internet service,No internet service,No internet service,Month-to-month,Yes,Mailed check,20.65,20.65
749,Female,0,No,No,63.0,Yes,No,Fiber optic,No,No,Yes,Yes,Yes,No,One year,Yes,Credit card (automatic),90.05,92.33333333333333
1702,Female,0,Yes,No,21.0,Yes,Yes,Fiber optic,Yes,No,Yes,No,Yes,Yes,Month-to-month,Yes,Bank transfer (automatic),104.4,104.77380952380952
4164,Male,0,Yes,Yes,72.0,Yes,Yes,Fiber optic,No,Yes,Yes,Yes,Yes,Yes,Two year,No,Credit card (automatic),110.9,110.03819444444444
2579,Male,0,No,No,48.0,Yes,No,No,No internet service,No internet service,No internet service,No internet service,No internet service,No internet service,Two year,No,Credit card (automatic),20.15,20.478125000000002
5245,Female,0,Yes,Yes,70.0,Yes,No,No,No internet service,No internet service,No internet service,No internet service,No internet service,No internet service,Two year,Yes,Credit card (automatic),20.15,20.16
94,Male,0,No,No,72.0,Yes,Yes,Fiber optic,No,Yes,Yes,No,Yes,Yes,Two year,Yes,Bank transfer (automatic),100.9,103.59791666666666
1528,Female,0,No,No,19.0,Yes,No,DSL,No,No,No,No,No,Yes,Month-to-month,Yes,Electronic check,56.2,57.54736842105264
1621,Female,0,No,No,35.0,Yes,Yes,Fiber optic,No,No,No,No,Yes,No,Month-to-month,Yes,Electronic check,86.45,86.54571428571428
3397,Female,0,Yes,No,68.0,Yes,Yes,DSL,Yes,Yes,Yes,Yes,Yes,Yes,Two year,Yes,Electronic check,91.7,94.48088235294118
2173,Male,0,No,No,4.0,Yes,No,Fiber optic,No,No,Yes,No,No,Yes,Month-to-month,No,Electronic check,86.05,77.025
5768,Male,0,Yes,No,44.0,Yes,No,Fiber optic,No,No,No,No,Yes,Yes,One year,Yes,Bank transfer (automatic),90.65,90.32159090909092
873,Female,0,No,No,60.0,No,No phone service,DSL,No,Yes,No,No,Yes,Yes,Month-to-month,Yes,Electronic check,50.8,50.45666666666667
2726,Male,0,No,Yes,27.0,Yes,No,No,No internet service,No internet service,No internet service,No internet service,No internet service,No internet service,Two year,No,Mailed check,20.6,21.55
2542,Male,0,No,Yes,35.0,Yes,No,DSL,No,No,No,Yes,Yes,Yes,One year,Yes,Mailed check,72.1,71.29
3606,Female,0,Yes,No,70.0,Yes,Yes,Fiber optic,No,No,Yes,No,Yes,Yes,One year,Yes,Electronic check,101.75,100.99000000000001
6848,Female,0,Yes,No,2.0,Yes,No,DSL,No,No,Yes,No,Yes,Yes,Month-to-month,No,Credit card (automatic),69.0,73.9
2998,Male,0,No,No,2.0,Yes,No,Fiber optic,No,Yes,No,No,No,No,Month-to-month,Yes,Electronic check,74.75,72.4
6728,Female,0,Yes,No,72.0,Yes,Yes,Fiber optic,Yes,Yes,Yes,Yes,Yes,Yes,Two year,No,Electronic check,115.15,115.96805555555557
1794,Female,0,Yes,Yes,71.0,Yes,Yes,DSL,Yes,Yes,Yes,Yes,Yes,Yes,Two year,No,Mailed check,91.05,88.6443661971831
1339,Male,0,Yes,No,66.0,Yes,Yes,Fiber optic,No,Yes,Yes,No,Yes,Yes,Month-to-month,Yes,Credit card (automatic),105.0,108.07954545454545
4014,Female,1,No,No,52.0,Yes,Yes,Fiber optic,Yes,Yes,Yes,No,Yes,Yes,Month-to-month,No,Credit card (automatic),108.1,112.29423076923078
3855,Male,0,Yes,Yes,53.0,Yes,No,DSL,No,Yes,No,Yes,Yes,No,Month-to-month,No,Credit card (automatic),65.0,63.46792452830189
5824,Male,0,Yes,Yes,66.0,Yes,Yes,DSL,No,Yes,Yes,No,Yes,Yes,Two year,No,Bank transfer (automatic),79.85,79.31742424242424
3153,Female,0,No,No,23.0,Yes,Yes,DSL,Yes,No,No,No,No,No,Month-to-month,No,Electronic check,54.4,54.31521739130435
6504,Male,0,No,No,3.0,Yes,No,Fiber optic,No,No,No,No,Yes,No,Month-to-month,No,Electronic check,79.25,89.2
1808,Female,0,No,No,23.0,Yes,Yes,Fiber optic,No,Yes,No,No,No,No,Month-to-month,Yes,Electronic check,79.15,72.9108695652174
5889,Male,1,Yes,No,59.0,No,No phone service,DSL,No,Yes,No,No,Yes,Yes,Month-to-month,Yes,Electronic check,50.25,50.80423728813559
2886,Female,0,No,No,60.0,Yes,No,Fiber optic,Yes,No,Yes,Yes,Yes,Yes,Month-to-month,Yes,Bank transfer (automatic),104.95,103.94583333333334
4399,Female,0,No,No,66.0,Yes,Yes,Fiber optic,Yes,Yes,Yes,Yes,No,Yes,Month-to-month,Yes,Bank transfer (automatic),103.1,99.92424242424242
2256,Female,0,No,Yes,15.0,Yes,No,DSL,Yes,Yes,Yes,Yes,No,No,One year,No,Credit card (automatic),65.6,67.33333333333333
61,Male,0,No,No,60.0,Yes,Yes,Fiber optic,No,Yes,No,No,Yes,No,Month-to-month,Yes,Bank transfer (automatic),89.9,90.845
6329,Female,0,No,No,46.0,Yes,No,Fiber optic,No,Yes,Yes,Yes,Yes,Yes,Two year,Yes,Bank transfer (automatic),104.4,106.61304347826086
6370,Female,0,No,No,45.0,Yes,Yes,Fiber optic,No,Yes,No,No,Yes,No,Month-to-month,Yes,Credit card (automatic),89.3,89.26333333333334
5331,Male,0,Yes,Yes,44.0,No,No phone service,DSL,Yes,Yes,Yes,Yes,No,Yes,Two year,Yes,Credit card (automatic),54.05,53.98181818181818
4813,Female,0,No,Yes,46.0,Yes,No,Fiber optic,No,Yes,Yes,No,Yes,Yes,Month-to-month,Yes,Electronic check,99.8,95.46195652173913
4371,Male,0,Yes,Yes,13.0,Yes,Yes,No,No internet service,No internet service,No internet service,No internet service,No internet service,No internet service,One year,No,Bank transfer (automatic),24.5,26.430769230769233
5349,Male,0,Yes,Yes,69.0,Yes,Yes,Fiber optic,Yes,Yes,Yes,Yes,Yes,Yes,Two year,Yes,Bank transfer (automatic),114.35,111.09855072463769
6438,Male,1,No,No,1.0,Yes,Yes,Fiber optic,No,No,No,No,No,No,Month-to-month,Yes,Electronic check,74.4,74.4
1000,Female,0,No,No,7.0,Yes,No,Fiber optic,No,No,Yes,No,Yes,Yes,Month-to-month,Yes,Electronic check,95.35,94.41428571428571
716,Female,0,Yes,No,71.0,No,No phone service,DSL,No,Yes,Yes,Yes,Yes,Yes,Two year,No,Bank transfer (automatic),58.25,58.39295774647887
1598,Male,0,Yes,No,27.0,Yes,No,No,No internet service,No internet service,No internet service,No internet service,No internet service,No internet service,Two year,No,Bank transfer (automatic),19.55,19.27962962962963
3361,Female,1,No,No,64.0,Yes,Yes,DSL,No,Yes,Yes,Yes,No,Yes,Month-to-month,No,Credit card (automatic),74.65,76.08359375
1619,Male,0,No,No,69.0,Yes,Yes,DSL,Yes,Yes,Yes,Yes,No,Yes,Two year,Yes,Credit card (automatic),81.5,80.48188405797102
33,Male,0,No,No,1.0,Yes,No,No,No internet service,No internet service,No internet service,No internet service,No internet service,No internet service,Month-to-month,No,Bank transfer (automatic),20.2,20.2
5482,Male,0,Yes,Yes,33.0,Yes,No,DSL,No,No,Yes,Yes,Yes,Yes,One year,Yes,Mailed check,73.9,72.88030303030304
1694,Female,0,No,No,1.0,No,No phone service,DSL,No,No,No,No,Yes,No,Month-to-month,Yes,Electronic check,34.7,34.7
273,Male,1,Yes,No,20.0,Yes,Yes,Fiber optic,No,Yes,No,Yes,Yes,Yes,Month-to-month,No,Electronic check,107.05,108.6025
2265,Male,0,No,No,12.0,Yes,Yes,Fiber optic,No,Yes,Yes,Yes,Yes,Yes,Month-to-month,Yes,Mailed check,112.95,115.39583333333333
6578,Female,0,No,Yes,10.0,Yes,Yes,DSL,Yes,No,Yes,Yes,No,Yes,One year,No,Credit card (automatic),73.55,69.33
613,Female,1,No,No,44.0,Yes,Yes,Fiber optic,Yes,Yes,Yes,No,Yes,Yes,One year,Yes,Credit card (automatic),109.8,110.4625
5559,Female,0,No,No,13.0,No,No phone service,DSL,No,Yes,No,No,No,No,Month-to-month,Yes,Electronic check,31.65,29.996153846153845
3390,Male,0,Yes,No,56.0,Yes,No,No,No internet service,No internet service,No internet service,No internet service,No internet service,No internet service,One year,No,Credit card (automatic),19.95,20.120535714285715
6313,Male,0,No,No,2.0,Yes,No,Fiber optic,No,No,Yes,No,Yes,Yes,Month-to-month,Yes,Electronic check,95.85,98.85
1725,Female,1,No,No,17.0,Yes,Yes,Fiber optic,No,No,No,No,Yes,Yes,Month-to-month,Yes,Electronic check,94.2,94.59705882352942
2639,Male,0,No,No,22.0,Yes,Yes,DSL,Yes,No,No,No,No,No,Month-to-month,Yes,Electronic check,54.45,51.24318181818182
5199,Female,0,No,No,51.0,Yes,Yes,Fiber optic,No,Yes,Yes,Yes,Yes,Yes,One year,Yes,Electronic check,111.5,111.82843137254902
5490,Male,0,No,No,6.0,Yes,No,DSL,Yes,Yes,No,No,No,No,Month-to-month,Yes,Bank transfer (automatic),55.7,55.94166666666666
2069,Female,0,No,No,1.0,Yes,No,Fiber optic,Yes,No,No,No,Yes,Yes,Month-to-month,Yes,Electronic check,95.6,95.6
4072,Male,1,No,No,9.0,Yes,No,Fiber optic,No,No,No,No,No,Yes,Month-to-month,Yes,Electronic check,79.55,79.83888888888889
1411,Male,1,No,No,29.0,Yes,No,Fiber optic,No,Yes,Yes,No,Yes,Yes,Month-to-month,Yes,Bank transfer (automatic),101.45,101.67586206896551
5315,Male,0,No,No,1.0,Yes,No,DSL,No,No,No,No,No,No,Month-to-month,Yes,Electronic check,45.6,45.6
5964,Female,0,Yes,Yes,49.0,Yes,No,DSL,Yes,No,Yes,Yes,No,No,Month-to-month,No,Bank transfer (automatic),61.75,61.71734693877551
4034,Male,0,Yes,Yes,8.0,Yes,No,DSL,No,No,No,No,No,No,Month-to-month,No,Bank transfer (automatic),44.65,46.14375
6667,Female,0,No,No,9.0,Yes,No,Fiber optic,No,No,No,No,No,Yes,Month-to-month,Yes,Electronic check,79.55,80.37777777777778
380,Female,0,Yes,No,41.0,Yes,No,Fiber optic,No,Yes,Yes,Yes,No,No,One year,Yes,Bank transfer (automatic),86.2,81.44024390243902
4213,Female,0,No,No,6.0,Yes,No,DSL,No,No,No,Yes,No,No,Month-to-month,Yes,Bank transfer (automatic),50.8,48.00833333333333
2393,Female,0,Yes,Yes,33.0,Yes,Yes,Fiber optic,Yes,No,Yes,No,Yes,Yes,One year,Yes,Mailed check,103.7,105.06060606060606
2811,Female,0,Yes,Yes,39.0,Yes,No,No,No internet service,No internet service,No internet service,No internet service,No internet service,No internet service,Two year,No,Mailed check,19.75,19.434615384615388
4541,Female,1,No,No,1.0,Yes,Yes,DSL,No,No,No,No,No,No,Month-to-month,No,Mailed check,50.55,50.55
7027,Male,0,No,No,13.0,Yes,No,DSL,No,Yes,No,Yes,Yes,Yes,Month-to-month,No,Mailed check,73.35,71.6576923076923
1485,Male,1,No,No,22.0,Yes,Yes,Fiber optic,No,No,No,No,Yes,Yes,Month-to-month,Yes,Electronic check,96.7,94.67954545454545
6311,Female,1,No,No,55.0,Yes,Yes,Fiber optic,No,No,Yes,No,Yes,Yes,One year,Yes,Electronic check,100.15,98.35909090909091
3582,Female,0,No,No,3.0,Yes,No,Fiber optic,No,No,No,No,Yes,No,Month-to-month,Yes,Electronic check,80.5,77.45
607,Male,0,No,Yes,51.0,Yes,No,DSL,No,No,No,Yes,No,No,One year,No,Credit card (automatic),47.85,46.21078431372549
6422,Male,0,No,No,52.0,Yes,No,DSL,Yes,No,Yes,No,No,No,One year,No,Electronic check,53.75,53.666346153846156
4085,Female,0,No,No,30.0,No,No phone service,DSL,No,No,No,Yes,No,Yes,One year,Yes,Credit card (automatic),40.35,39.568333333333335
6414,Male,0,Yes,Yes,40.0,Yes,Yes,No,No internet service,No internet service,No internet service,No internet service,No internet service,No internet service,Two year,No,Credit card (automatic),25.25,25.1725
5984,Male,0,Yes,No,14.0,Yes,Yes,Fiber optic,No,No,No,No,No,Yes,Month-to-month,Yes,Electronic check,85.15,81.37142857142858
6025,Female,0,No,Yes,41.0,Yes,No,DSL,No,No,No,No,No,No,Month-to-month,No,Bank transfer (automatic),45.2,44.924390243902444
5303,Male,0,No,Yes,43.0,No,No phone service,DSL,Yes,Yes,Yes,No,No,No,Month-to-month,Yes,Electronic check,40.45,44.48488372093023
696,Male,0,Yes,No,72.0,Yes,Yes,DSL,No,Yes,Yes,Yes,Yes,Yes,Two year,Yes,Bank transfer (automatic),85.15,87.725
6640,Male,0,Yes,Yes,28.0,No,No phone service,DSL,Yes,No,Yes,Yes,Yes,No,One year,No,Mailed check,50.8,49.528571428571425
1638,Female,0,Yes,Yes,68.0,Yes,Yes,Fiber optic,No,Yes,Yes,No,No,No,Two year,Yes,Credit card (automatic),84.4,84.51102941176471
1394,Female,0,Yes,Yes,62.0,Yes,Yes,Fiber optic,No,Yes,Yes,Yes,Yes,Yes,One year,Yes,Electronic check,110.8,110.33790322580644
5817,Male,0,No,Yes,1.0,Yes,No,DSL,No,No,No,No,No,No,Month-to-month,Yes,Electronic check,44.4,44.4
799,Male,0,No,No,62.0,Yes,Yes,Fiber optic,No,No,Yes,No,Yes,Yes,One year,Yes,Electronic check,96.75,98.79677419354839
4592,Female,0,Yes,Yes,39.0,Yes,Yes,No,No internet service,No internet service,No internet service,No internet service,No internet service,No internet service,One year,Yes,Mailed check,24.2,23.451282051282053
4646,Female,0,No,No,1.0,Yes,No,Fiber optic,No,No,No,No,No,No,Month-to-month,Yes,Mailed check,70.7,70.7
5432,Female,0,No,No,2.0,Yes,No,DSL,No,No,Yes,Yes,Yes,Yes,Month-to-month,No,Electronic check,76.4,80.4
6290,Female,0,Yes,No,71.0,Yes,Yes,Fiber optic,No,No,No,No,Yes,Yes,Two year,Yes,Bank transfer (automatic),93.7,92.75140845070423
6085,Female,0,No,No,3.0,Yes,Yes,DSL,No,No,No,No,No,No,Month-to-month,Yes,Mailed check,50.65,50.43333333333334
1121,Female,0,No,No,50.0,Yes,Yes,DSL,Yes,No,Yes,Yes,Yes,Yes,One year,Yes,Credit card (automatic),82.5,83.58200000000001
4370,Female,0,Yes,No,21.0,Yes,No,DSL,Yes,No,Yes,Yes,Yes,Yes,One year,No,Mailed check,80.9,81.66428571428571
6981,Female,0,No,No,8.0,Yes,No,DSL,No,Yes,No,Yes,Yes,No,Month-to-month,Yes,Electronic check,65.45,69.30625
5810,Female,0,Yes,Yes,17.0,Yes,Yes,Fiber optic,No,No,No,No,No,Yes,Month-to-month,Yes,Electronic check,85.45,85.38823529411764
4935,Male,1,Yes,No,45.0,Yes,Yes,No,No internet service,No internet service,No internet service,No internet service,No internet service,No internet service,One year,No,Credit card (automatic),24.7,26.096666666666664
4942,Male,0,Yes,Yes,4.0,Yes,Yes,DSL,No,No,No,No,No,No,Month-to-month,Yes,Electronic check,50.9,56.4
1614,Male,0,Yes,No,67.0,No,No phone service,DSL,Yes,Yes,No,Yes,No,Yes,Two year,Yes,Bank transfer (automatic),50.95,52.56268656716418
3945,Female,0,No,No,3.0,No,No phone service,DSL,Yes,No,No,Yes,No,No,Month-to-month,No,Mailed check,34.25,46.449999999999996
6487,Female,0,Yes,No,61.0,Yes,Yes,Fiber optic,No,Yes,No,Yes,No,Yes,Two year,Yes,Bank transfer (automatic),94.35,93.49180327868852
6596,Male,0,No,No,64.0,Yes,Yes,DSL,Yes,Yes,Yes,Yes,Yes,No,One year,No,Electronic check,81.25,86.99296875
1994,Male,0,No,No,22.0,Yes,No,No,No internet service,No internet service,No internet service,No internet service,No internet service,No internet service,One year,No,Mailed check,19.6,19.204545454545453
6739,Male,0,No,No,4.0,Yes,No,DSL,No,No,No,No,No,Yes,Month-to-month,Yes,Electronic check,55.9,59.625
3774,Male,1,Yes,Yes,52.0,Yes,Yes,DSL,No,Yes,Yes,No,Yes,Yes,One year,Yes,Electronic check,80.85,78.45288461538462
441,Female,1,No,No,49.0,Yes,Yes,Fiber optic,Yes,No,No,No,Yes,Yes,Month-to-month,No,Credit card (automatic),101.55,103.47755102040816
5178,Female,0,Yes,No,53.0,Yes,Yes,Fiber optic,No,Yes,Yes,Yes,Yes,Yes,One year,Yes,Bank transfer (automatic),108.95,107.89056603773585
2439,Male,0,Yes,Yes,17.0,Yes,No,No,No internet service,No internet service,No internet service,No internet service,No internet service,No internet service,One year,No,Bank transfer (automatic),19.9,19.397058823529413
3451,Male,1,Yes,No,65.0,Yes,No,Fiber optic,No,No,No,No,No,No,One year,Yes,Bank transfer (automatic),70.95,70.08
3274,Female,0,No,No,34.0,Yes,No,Fiber optic,No,Yes,Yes,Yes,Yes,Yes,Month-to-month,Yes,Electronic check,105.1,106.90588235294118
5989,Male,1,Yes,No,3.0,Yes,Yes,Fiber optic,No,No,No,No,Yes,Yes,Month-to-month,Yes,Electronic check,94.6,93.18333333333334
3789,Male,0,No,No,9.0,Yes,No,No,No internet service,No internet service,No internet service,No internet service,No internet service,No internet service,Month-to-month,No,Mailed check,19.85,19.866666666666667
5841,Male,1,No,No,70.0,No,No phone service,DSL,No,No,No,No,Yes,Yes,One year,Yes,Electronic check,45.25,46.635
850,Female,0,Yes,Yes,72.0,Yes,Yes,Fiber optic,Yes,Yes,Yes,Yes,Yes,Yes,Two year,Yes,Bank transfer (automatic),115.8,117.72916666666667
3583,Male,0,Yes,Yes,40.0,No,No phone service,DSL,No,Yes,Yes,Yes,Yes,Yes,One year,No,Mailed check,60.3,61.2125
6056,Female,0,No,No,58.0,Yes,Yes,DSL,Yes,Yes,Yes,Yes,No,No,One year,Yes,Credit card (automatic),71.1,74.12413793103448
6600,Female,0,Yes,Yes,3.0,No,No phone service,DSL,Yes,No,No,No,No,No,Month-to-month,No,Credit card (automatic),29.7,30.566666666666666
5485,Male,0,No,No,1.0,Yes,No,DSL,Yes,No,No,No,No,No,Month-to-month,Yes,Mailed check,50.75,50.75
1587,Male,0,Yes,Yes,48.0,Yes,Yes,No,No internet service,No internet service,No internet service,No internet service,No internet service,No internet service,Two year,No,Bank transfer (automatic),26.3,25.938541666666666
2762,Male,0,No,No,25.0,Yes,No,Fiber optic,No,No,Yes,Yes,Yes,Yes,Two year,No,Bank transfer (automatic),99.3,100.54
5334,Female,0,Yes,Yes,49.0,Yes,Yes,Fiber optic,No,Yes,Yes,Yes,Yes,Yes,Two year,Yes,Bank transfer (automatic),107.95,108.02448979591837
1721,Female,0,No,No,9.0,Yes,No,Fiber optic,Yes,No,No,No,No,No,Month-to-month,Yes,Credit card (automatic),74.25,71.07222222222222
3147,Female,0,Yes,No,15.0,Yes,No,Fiber optic,Yes,No,Yes,No,Yes,Yes,Month-to-month,No,Electronic check,101.75,111.29333333333334
5346,Male,0,No,No,66.0,Yes,Yes,DSL,Yes,Yes,Yes,No,No,Yes,Two year,Yes,Credit card (automatic),74.6,72.7030303030303
5323,Female,0,Yes,Yes,58.0,Yes,Yes,Fiber optic,No,Yes,Yes,No,Yes,Yes,One year,Yes,Credit card (automatic),105.2,107.33448275862068
190,Male,0,Yes,Yes,43.0,Yes,Yes,DSL,Yes,No,No,Yes,No,Yes,One year,Yes,Credit card (automatic),71.9,73.79883720930232
1431,Female,0,Yes,No,43.0,Yes,Yes,DSL,No,No,No,Yes,Yes,No,One year,Yes,Bank transfer (automatic),64.85,67.63255813953488
3148,Female,0,No,No,47.0,Yes,No,Fiber optic,Yes,No,No,No,No,No,Month-to-month,No,Credit card (automatic),75.45,75.42765957446808
1487,Female,0,No,No,56.0,Yes,Yes,Fiber optic,No,Yes,Yes,No,Yes,Yes,One year,Yes,Electronic check,106.8,105.61428571428571
3177,Male,0,Yes,Yes,72.0,No,No phone service,DSL,Yes,No,Yes,Yes,Yes,No,Two year,No,Mailed check,48.9,48.986111111111114
930,Female,0,No,No,16.0,Yes,No,Fiber optic,No,Yes,No,No,No,No,Month-to-month,No,Bank transfer (automatic),75.1,75.803125
7028,Female,0,Yes,No,68.0,Yes,No,DSL,No,Yes,No,Yes,Yes,No,Two year,No,Bank transfer (automatic),64.1,63.62132352941177
845,Female,0,Yes,Yes,15.0,Yes,No,No,No internet service,No internet service,No internet service,No internet service,No internet service,No internet service,One year,No,Mailed check,20.55,19.73
3190,Male,0,Yes,Yes,66.0,No,No phone service,DSL,No,No,Yes,Yes,Yes,Yes,Two year,No,Bank transfer (automatic),54.65,55.03030303030303
1159,Female,1,Yes,No,3.0,Yes,No,Fiber optic,No,No,No,No,Yes,No,Month-to-month,Yes,Electronic check,80.4,74.68333333333334
193,Female,0,Yes,Yes,72.0,Yes,Yes,Fiber optic,Yes,Yes,Yes,No,Yes,Yes,Two year,No,Credit card (automatic),109.7,112.90694444444445
6672,Male,0,No,No,27.0,Yes,No,No,No internet service,No internet service,No internet service,No internet service,No internet service,No internet service,Two year,No,Credit card (automatic),20.35,19.68888888888889
2434,Female,0,Yes,Yes,3.0,Yes,No,No,No internet service,No internet service,No internet service,No internet service,No internet service,No internet service,Month-to-month,No,Mailed check,19.65,20.216666666666665
2039,Male,0,No,No,22.0,Yes,Yes,Fiber optic,No,Yes,No,No,No,No,Month-to-month,Yes,Electronic check,79.35,78.65227272727272
2584,Female,0,Yes,No,58.0,Yes,No,DSL,Yes,Yes,No,No,Yes,No,Month-to-month,Yes,Credit card (automatic),65.25,65.37241379310345
3576,Female,0,Yes,Yes,72.0,Yes,Yes,No,No internet service,No internet service,No internet service,No internet service,No internet service,No internet service,One year,Yes,Bank transfer (automatic),23.3,22.543750000000003
5720,Female,0,No,No,32.0,Yes,Yes,Fiber optic,No,Yes,Yes,No,Yes,Yes,One year,Yes,Credit card (automatic),104.05,106.7765625
2307,Female,0,Yes,Yes,9.0,Yes,No,DSL,No,Yes,No,Yes,Yes,No,One year,Yes,Mailed check,65.6,65.92222222222222
3417,Female,0,Yes,Yes,8.0,Yes,No,DSL,No,Yes,No,Yes,No,No,Month-to-month,No,Bank transfer (automatic),56.3,50.1875
1376,Male,0,No,No,5.0,Yes,No,DSL,No,No,Yes,No,Yes,Yes,One year,Yes,Mailed check,70.0,69.47999999999999
7019,Female,0,No,No,39.0,Yes,No,No,No internet service,No internet service,No internet service,No internet service,No internet service,No internet service,Two year,No,Mailed check,20.15,21.17948717948718
942,Male,0,No,No,24.0,Yes,No,Fiber optic,No,No,No,No,No,Yes,Month-to-month,Yes,Credit card (automatic),79.85,83.375
5885,Male,0,Yes,Yes,23.0,Yes,Yes,No,No internet service,No internet service,No internet service,No internet service,No internet service,No internet service,One year,No,Mailed check,24.35,23.41304347826087
3981,Female,1,No,No,8.0,Yes,Yes,Fiber optic,No,No,No,No,No,Yes,Month-to-month,No,Electronic check,85.2,86.96875
5241,Male,0,No,No,55.0,Yes,No,DSL,No,Yes,No,Yes,No,Yes,One year,Yes,Electronic check,64.2,65.9509090909091
4228,Male,0,Yes,Yes,1.0,Yes,No,Fiber optic,No,No,No,No,No,No,Month-to-month,Yes,Electronic check,68.5,68.5
5766,Female,0,Yes,No,23.0,Yes,No,DSL,No,No,No,Yes,Yes,No,One year,No,Bank transfer (automatic),60.0,58.571739130434786
4950,Female,0,Yes,No,4.0,Yes,Yes,Fiber optic,No,Yes,No,No,Yes,No,Month-to-month,Yes,Electronic check,91.65,91.35
6014,Female,0,No,No,54.0,Yes,No,Fiber optic,No,No,Yes,No,Yes,Yes,One year,Yes,Credit card (automatic),94.1,93.72037037037036
2321,Female,1,No,No,65.0,Yes,Yes,Fiber optic,No,Yes,Yes,No,Yes,No,Month-to-month,Yes,Bank transfer (automatic),95.45,95.74307692307693
1692,Male,0,Yes,Yes,39.0,No,No phone service,DSL,No,No,No,No,No,No,One year,Yes,Credit card (automatic),25.25,24.30128205128205
1609,Male,0,Yes,No,51.0,Yes,Yes,Fiber optic,Yes,No,Yes,Yes,Yes,Yes,One year,Yes,Electronic check,111.55,112.16372549019609
4866,Female,0,No,No,16.0,Yes,Yes,DSL,No,No,No,No,No,Yes,Month-to-month,Yes,Bank transfer (automatic),63.05,66.690625
5570,Female,0,Yes,Yes,37.0,Yes,Yes,Fiber optic,No,Yes,Yes,No,No,Yes,Month-to-month,Yes,Electronic check,95.15,95.48243243243243
3501,Female,0,Yes,Yes,59.0,Yes,Yes,DSL,Yes,No,Yes,Yes,Yes,No,Two year,Yes,Mailed check,76.45,76.60169491525424
2311,Female,1,Yes,Yes,48.0,Yes,No,Fiber optic,Yes,No,Yes,Yes,Yes,Yes,Month-to-month,Yes,Electronic check,104.5,105.58437500000001
4642,Male,0,Yes,Yes,65.0,Yes,No,DSL,Yes,No,No,Yes,Yes,Yes,Two year,Yes,Bank transfer (automatic),74.8,74.15615384615384
3835,Female,0,Yes,Yes,24.0,Yes,No,No,No internet service,No internet service,No internet service,No internet service,No internet service,No internet service,One year,No,Mailed check,19.9,22.229166666666668
4507,Female,0,No,No,8.0,Yes,No,DSL,Yes,No,No,Yes,No,Yes,Month-to-month,No,Bank transfer (automatic),66.05,71.8125
766,Male,0,No,No,22.0,Yes,Yes,Fiber optic,No,Yes,No,No,No,No,Month-to-month,Yes,Mailed check,78.85,72.73863636363636
1063,Male,0,No,No,10.0,Yes,No,DSL,Yes,No,No,Yes,Yes,No,Month-to-month,No,Bank transfer (automatic),62.25,61.295
2277,Male,0,No,No,65.0,Yes,Yes,Fiber optic,No,Yes,Yes,Yes,Yes,Yes,Month-to-month,Yes,Electronic check,109.15,106.78769230769231
6330,Female,0,Yes,No,23.0,Yes,Yes,Fiber optic,No,No,Yes,No,No,Yes,Month-to-month,No,Mailed check,90.15,88.9108695652174
3358,Male,0,No,No,27.0,Yes,No,DSL,Yes,No,No,Yes,No,No,Month-to-month,No,Mailed check,53.45,54.12777777777778
2867,Female,0,No,No,24.0,Yes,No,No,No internet service,No internet service,No internet service,No internet service,No internet service,No internet service,One year,No,Credit card (automatic),20.45,21.972916666666666
5603,Female,0,No,No,1.0,Yes,No,DSL,Yes,No,No,No,No,No,Month-to-month,Yes,Credit card (automatic),48.6,48.6
4117,Male,0,Yes,No,63.0,Yes,No,Fiber optic,Yes,No,Yes,No,Yes,Yes,Two year,No,Credit card (automatic),99.7,100.48253968253968
5500,Male,0,Yes,Yes,60.0,Yes,No,DSL,Yes,Yes,Yes,No,No,No,Two year,No,Bank transfer (automatic),60.5,61.57416666666666
263,Female,0,No,No,31.0,No,No phone service,DSL,Yes,Yes,No,Yes,No,Yes,Two year,Yes,Bank transfer (automatic),49.85,49.03548387096774
6661,Female,0,Yes,Yes,72.0,No,No phone service,DSL,No,Yes,No,Yes,Yes,Yes,Two year,No,Credit card (automatic),53.65,52.55555555555556
5552,Male,0,Yes,Yes,22.0,Yes,No,No,No internet service,No internet service,No internet service,No internet service,No internet service,No internet service,One year,No,Bank transfer (automatic),20.25,22.193181818181817
1589,Female,1,No,No,7.0,Yes,No,DSL,No,Yes,Yes,No,Yes,No,Month-to-month,Yes,Electronic check,64.95,70.52142857142857
4647,Male,0,Yes,Yes,4.0,Yes,No,DSL,No,No,No,No,No,No,Month-to-month,No,Mailed check,45.25,38.8375
3765,Female,0,No,No,5.0,Yes,Yes,No,No internet service,No internet service,No internet service,No internet service,No internet service,No internet service,Month-to-month,No,Mailed check,25.45,26.95
4313,Female,0,No,No,23.0,Yes,No,Fiber optic,No,Yes,No,Yes,No,No,Month-to-month,Yes,Mailed check,79.1,77.55434782608695
6829,Male,0,Yes,Yes,8.0,Yes,No,No,No internet service,No internet service,No internet service,No internet service,No internet service,No internet service,Two year,No,Credit card (automatic),19.6,15.625
5479,Female,0,No,No,9.0,Yes,No,Fiber optic,No,No,No,No,No,No,Month-to-month,No,Electronic check,69.05,72.38888888888889
1160,Female,1,Yes,No,23.0,Yes,No,Fiber optic,Yes,No,No,No,Yes,Yes,Month-to-month,Yes,Electronic check,95.1,101.13260869565218
6815,Male,0,Yes,Yes,72.0,Yes,Yes,DSL,Yes,Yes,Yes,Yes,No,No,Two year,No,Bank transfer (automatic),69.85,70.86597222222223
2904,Male,0,No,No,25.0,Yes,No,Fiber optic,No,No,No,No,No,No,Month-to-month,No,Mailed check,70.95,70.694
4897,Male,0,Yes,Yes,15.0,No,No phone service,DSL,Yes,No,No,No,No,No,Month-to-month,Yes,Bank transfer (automatic),30.2,31.31
1152,Male,0,No,No,7.0,Yes,No,DSL,No,No,No,No,Yes,No,Month-to-month,No,Mailed check,54.85,52.91428571428571
5576,Female,0,No,No,1.0,Yes,No,DSL,No,No,No,No,Yes,No,Month-to-month,Yes,Mailed check,53.55,53.55
826,Male,1,Yes,No,7.0,Yes,Yes,Fiber optic,No,No,No,No,Yes,Yes,Month-to-month,Yes,Bank transfer (automatic),95.6,92.05
6892,Female,0,Yes,Yes,48.0,Yes,No,Fiber optic,Yes,No,Yes,No,Yes,Yes,One year,Yes,Bank transfer (automatic),99.7,103.69166666666666
6913,Female,0,Yes,Yes,69.0,Yes,Yes,Fiber optic,No,Yes,Yes,Yes,Yes,Yes,One year,Yes,Bank transfer (automatic),108.75,108.59492753623189
638,Male,1,Yes,Yes,56.0,Yes,Yes,Fiber optic,Yes,No,Yes,No,Yes,Yes,One year,Yes,Bank transfer (automatic),104.55,103.47589285714285
4446,Male,1,No,No,3.0,Yes,No,Fiber optic,No,No,No,No,Yes,No,Month-to-month,Yes,Electronic check,79.9,86.96666666666665
4324,Male,0,No,No,40.0,Yes,No,DSL,Yes,No,Yes,No,No,Yes,Month-to-month,No,Electronic check,67.45,68.275
6474,Female,0,No,No,6.0,Yes,No,No,No internet service,No internet service,No internet service,No internet service,No internet service,No internet service,Two year,No,Mailed check,19.55,20.741666666666667
5541,Female,0,No,No,61.0,Yes,Yes,Fiber optic,No,No,Yes,Yes,Yes,Yes,Two year,Yes,Electronic check,106.6,105.38360655737705
2745,Male,1,Yes,No,1.0,Yes,Yes,Fiber optic,No,No,No,No,Yes,No,Month-to-month,Yes,Electronic check,86.05,86.05
1884,Male,0,No,No,27.0,Yes,No,DSL,Yes,Yes,No,No,No,No,One year,No,Bank transfer (automatic),55.45,54.72777777777778
1874,Female,0,Yes,No,43.0,Yes,Yes,DSL,Yes,Yes,No,Yes,Yes,Yes,Two year,No,Credit card (automatic),86.45,83.12790697674419
5437,Female,1,No,No,20.0,Yes,Yes,DSL,No,No,No,No,No,Yes,Month-to-month,Yes,Mailed check,61.6,58.717499999999994
1516,Female,0,Yes,No,17.0,Yes,Yes,Fiber optic,No,No,No,No,Yes,Yes,Month-to-month,No,Electronic check,92.6,92.9235294117647
3791,Male,0,No,No,6.0,Yes,No,Fiber optic,No,No,No,No,No,No,Month-to-month,Yes,Electronic check,69.1,72.5
5017,Female,0,Yes,No,41.0,No,No phone service,DSL,No,Yes,No,Yes,No,No,One year,No,Mailed check,35.45,33.94268292682927
207,Male,0,No,No,1.0,Yes,No,Fiber optic,No,No,No,No,No,Yes,Month-to-month,No,Electronic check,79.9,79.9
4081,Female,0,No,No,1.0,Yes,No,Fiber optic,No,No,No,No,No,No,Month-to-month,Yes,Electronic check,69.6,69.6
6204,Male,0,No,No,13.0,No,No phone service,DSL,No,No,No,No,No,No,Month-to-month,Yes,Bank transfer (automatic),25.15,25.52692307692308
2638,Male,0,No,No,52.0,Yes,No,Fiber optic,No,Yes,Yes,Yes,Yes,Yes,One year,Yes,Bank transfer (automatic),105.0,104.36250000000001
279,Female,0,No,No,5.0,Yes,No,DSL,No,Yes,No,No,No,No,Month-to-month,No,Bank transfer (automatic),50.55,48.95
1902,Male,0,Yes,Yes,72.0,Yes,Yes,DSL,Yes,Yes,Yes,Yes,Yes,Yes,Two year,Yes,Credit card (automatic),90.6,89.4701388888889
6079,Female,0,Yes,No,25.0,Yes,Yes,DSL,No,Yes,No,No,No,No,Month-to-month,No,Electronic check,54.1,54.92
5142,Female,0,No,No,66.0,Yes,Yes,Fiber optic,Yes,Yes,Yes,Yes,Yes,No,One year,Yes,Bank transfer (automatic),104.55,102.7128787878788
4127,Male,0,No,Yes,56.0,Yes,Yes,No,No internet service,No internet service,No internet service,No internet service,No internet service,No internet service,Two year,Yes,Mailed check,24.8,25.432142857142857
4597,Female,0,No,No,6.0,Yes,No,Fiber optic,No,No,Yes,Yes,Yes,Yes,Month-to-month,Yes,Mailed check,99.95,91.27499999999999
790,Female,0,Yes,Yes,60.0,No,No phone service,DSL,Yes,No,Yes,Yes,Yes,Yes,Two year,No,Credit card (automatic),59.85,59.836666666666666
1865,Male,1,No,No,48.0,Yes,Yes,Fiber optic,No,Yes,No,No,Yes,Yes,One year,Yes,Electronic check,99.0,98.840625
782,Male,0,Yes,Yes,27.0,Yes,No,DSL,Yes,Yes,No,No,No,No,Month-to-month,Yes,Credit card (automatic),54.75,55.93703703703704
6225,Male,0,Yes,Yes,72.0,Yes,Yes,Fiber optic,Yes,Yes,Yes,Yes,Yes,No,Two year,Yes,Credit card (automatic),106.1,104.84166666666667
3602,Female,0,No,No,38.0,Yes,Yes,DSL,Yes,Yes,Yes,No,No,No,Month-to-month,Yes,Bank transfer (automatic),66.15,66.37894736842105
3830,Male,0,Yes,No,4.0,Yes,Yes,Fiber optic,No,Yes,No,No,Yes,Yes,Month-to-month,Yes,Electronic check,100.2,105.05
6282,Male,0,Yes,Yes,4.0,Yes,No,No,No internet service,No internet service,No internet service,No internet service,No internet service,No internet service,Two year,No,Credit card (automatic),19.55,17.2
2404,Female,0,Yes,Yes,42.0,Yes,Yes,Fiber optic,Yes,Yes,No,No,Yes,No,One year,Yes,Credit card (automatic),94.45,93.42380952380952
332,Male,0,No,No,46.0,Yes,Yes,Fiber optic,No,Yes,Yes,No,Yes,No,One year,Yes,Credit card (automatic),94.9,96.15108695652174
2127,Male,0,Yes,No,40.0,No,No phone service,DSL,Yes,Yes,Yes,No,No,No,One year,Yes,Electronic check,42.35,42.91125
226,Female,0,Yes,Yes,31.0,Yes,No,DSL,Yes,No,Yes,Yes,Yes,Yes,One year,Yes,Mailed check,81.15,82.12096774193549
1287,Female,0,Yes,Yes,30.0,Yes,Yes,Fiber optic,No,Yes,Yes,Yes,Yes,Yes,Month-to-month,Yes,Electronic check,107.5,108.08333333333333
6047,Male,0,Yes,No,13.0,Yes,Yes,DSL,Yes,No,No,No,No,Yes,Month-to-month,Yes,Electronic check,65.85,69.40384615384616
1139,Male,1,Yes,No,14.0,Yes,No,No,No internet service,No internet service,No internet service,No internet service,No internet service,No internet service,One year,No,Mailed check,19.65,16.33214285714286
5038,Female,0,No,No,10.0,Yes,No,No,No internet service,No internet service,No internet service,No internet service,No internet service,No internet service,One year,Yes,Mailed check,19.3,18.52
1709,Male,1,No,No,30.0,Yes,Yes,DSL,No,No,Yes,Yes,Yes,No,Two year,Yes,Credit card (automatic),69.1,69.79666666666667
6173,Male,1,No,No,35.0,Yes,Yes,Fiber optic,Yes,No,No,No,No,Yes,Month-to-month,No,Credit card (automatic),91.0,90.87142857142857
6420,Male,0,Yes,No,32.0,Yes,Yes,Fiber optic,No,No,No,Yes,No,No,One year,Yes,Electronic check,79.25,81.8484375
2504,Male,0,No,No,2.0,Yes,No,Fiber optic,Yes,No,No,No,No,No,Month-to-month,Yes,Electronic check,75.7,94.6
4769,Male,0,Yes,Yes,35.0,Yes,No,No,No internet service,No internet service,No internet service,No internet service,No internet service,No internet service,One year,No,Electronic check,19.9,19.02857142857143
2959,Male,0,Yes,Yes,27.0,Yes,Yes,Fiber optic,Yes,Yes,No,Yes,Yes,No,Month-to-month,No,Electronic check,100.75,103.46481481481482
1778,Male,0,Yes,Yes,72.0,Yes,Yes,No,No internet service,No internet service,No internet service,No internet service,No internet service,No internet service,Two year,No,Credit card (automatic),24.75,25.820833333333333
2989,Male,0,No,Yes,1.0,Yes,No,No,No internet service,No internet service,No internet service,No internet service,No internet service,No internet service,Month-to-month,Yes,Mailed check,19.2,19.2
6896,Female,0,No,No,1.0,Yes,No,DSL,No,No,No,No,No,No,Month-to-month,No,Mailed check,43.95,43.95
1415,Male,0,No,No,64.0,Yes,No,Fiber optic,Yes,Yes,No,No,Yes,Yes,One year,Yes,Credit card (automatic),100.3,103.184375
4252,Female,0,No,No,19.0,Yes,Yes,DSL,No,No,Yes,No,No,No,Month-to-month,Yes,Mailed check,56.1,54.415789473684214
6760,Male,0,No,Yes,4.0,Yes,No,DSL,Yes,No,No,No,No,No,Month-to-month,Yes,Electronic check,49.4,46.1
6933,Male,0,No,No,1.0,Yes,No,Fiber optic,No,No,No,No,No,No,Month-to-month,Yes,Electronic check,69.6,69.6
5015,Female,0,No,No,34.0,Yes,Yes,DSL,No,No,No,Yes,Yes,No,Month-to-month,No,Mailed check,65.0,63.455882352941174
4726,Female,0,Yes,No,72.0,No,No phone service,DSL,Yes,Yes,Yes,No,No,Yes,Two year,Yes,Electronic check,49.2,49.735416666666666
6566,Male,0,Yes,Yes,70.0,Yes,Yes,Fiber optic,Yes,Yes,Yes,Yes,Yes,Yes,Two year,Yes,Credit card (automatic),116.55,116.46142857142857
4716,Female,0,Yes,No,66.0,Yes,Yes,DSL,Yes,Yes,Yes,No,No,No,Two year,No,Bank transfer (automatic),66.9,66.2159090909091
2287,Male,1,Yes,No,69.0,Yes,Yes,Fiber optic,No,Yes,Yes,Yes,Yes,Yes,Two year,Yes,Bank transfer (automatic),108.4,106.06086956521739
5169,Male,0,No,Yes,15.0,Yes,No,DSL,Yes,No,Yes,No,No,Yes,One year,No,Mailed check,64.85,63.38333333333333
6799,Female,0,No,No,70.0,Yes,Yes,Fiber optic,Yes,Yes,Yes,No,Yes,Yes,Two year,Yes,Mailed check,111.15,110.53642857142857
2062,Female,0,No,No,66.0,Yes,Yes,No,No internet service,No internet service,No internet service,No internet service,No internet service,No internet service,Two year,Yes,Credit card (automatic),25.15,25.509090909090908
1645,Female,1,No,No,42.0,Yes,Yes,Fiber optic,No,No,No,No,Yes,No,Month-to-month,Yes,Electronic check,84.65,84.31785714285714
6888,Female,0,Yes,Yes,3.0,Yes,No,Fiber optic,No,No,No,No,Yes,No,Month-to-month,Yes,Electronic check,80.7,79.81666666666666
3302,Male,0,No,No,31.0,Yes,Yes,Fiber optic,No,Yes,Yes,No,Yes,Yes,One year,Yes,Electronic check,103.45,98.91774193548386
387,Female,0,No,No,42.0,No,No phone service,DSL,Yes,Yes,Yes,Yes,No,Yes,One year,Yes,Electronic check,54.75,55.915476190476184
2707,Male,0,No,No,3.0,Yes,No,Fiber optic,No,No,Yes,Yes,Yes,Yes,Month-to-month,Yes,Electronic check,98.7,97.88333333333333
343,Male,0,No,No,63.0,Yes,No,No,No internet service,No internet service,No internet service,No internet service,No internet service,No internet service,One year,No,Mailed check,20.5,21.081746031746032
4880,Male,0,Yes,No,50.0,Yes,No,No,No internet service,No internet service,No internet service,No internet service,No internet service,No internet service,Two year,No,Mailed check,20.55,21.353
976,Male,0,No,No,1.0,Yes,No,Fiber optic,No,No,No,No,No,No,Month-to-month,Yes,Electronic check,69.9,69.9
5335,Female,0,Yes,No,64.0,Yes,No,Fiber optic,Yes,No,No,Yes,Yes,Yes,One year,Yes,Mailed check,96.9,98.66171875
769,Male,0,Yes,No,17.0,Yes,No,DSL,Yes,Yes,No,No,No,Yes,One year,No,Mailed check,64.8,69.15294117647058
6928,Male,0,Yes,Yes,48.0,Yes,No,DSL,No,Yes,Yes,No,No,No,One year,Yes,Credit card (automatic),55.8,55.23333333333333
3653,Male,0,Yes,No,38.0,No,No phone service,DSL,Yes,Yes,No,Yes,Yes,Yes,Two year,Yes,Bank transfer (automatic),60.0,57.715789473684204
5606,Male,0,No,Yes,15.0,Yes,No,DSL,No,No,Yes,Yes,No,No,One year,No,Credit card (automatic),55.2,57.63666666666666
3425,Female,0,Yes,Yes,28.0,Yes,No,Fiber optic,No,No,No,No,No,No,One year,Yes,Bank transfer (automatic),70.4,71.15
5995,Male,0,Yes,Yes,72.0,Yes,No,Fiber optic,Yes,Yes,Yes,Yes,Yes,Yes,Two year,No,Bank transfer (automatic),111.95,111.57083333333334
2131,Male,0,Yes,Yes,42.0,No,No phone service,DSL,Yes,No,Yes,Yes,Yes,No,Two year,No,Credit card (automatic),48.15,48.38809523809524
2837,Female,0,No,No,1.0,Yes,No,No,No internet service,No internet service,No internet service,No internet service,No internet service,No internet service,Month-to-month,No,Mailed check,20.5,20.5
1822,Female,0,No,Yes,31.0,Yes,Yes,Fiber optic,No,No,No,No,Yes,No,Month-to-month,Yes,Credit card (automatic),86.55,87.01290322580645
973,Male,1,Yes,No,44.0,No,No phone service,DSL,No,Yes,No,No,No,No,Month-to-month,Yes,Electronic check,30.35,30.902272727272727
2419,Female,0,No,No,11.0,Yes,No,DSL,No,No,Yes,Yes,No,No,One year,No,Bank transfer (automatic),53.8,59.23181818181818
6055,Female,0,No,No,6.0,Yes,No,DSL,No,No,No,No,No,Yes,Month-to-month,Yes,Electronic check,55.0,56.73333333333333
6744,Male,0,No,No,68.0,Yes,Yes,Fiber optic,Yes,Yes,Yes,No,Yes,No,One year,No,Bank transfer (automatic),101.35,104.56985294117646
6217,Male,0,Yes,Yes,62.0,Yes,No,Fiber optic,Yes,Yes,No,No,No,No,One year,Yes,Credit card (automatic),81.45,80.37177419354839
3364,Female,0,Yes,No,21.0,Yes,Yes,Fiber optic,Yes,No,Yes,No,Yes,Yes,Month-to-month,Yes,Electronic check,103.9,107.34285714285713
6670,Female,0,Yes,Yes,0.0,Yes,Yes,DSL,No,Yes,Yes,Yes,Yes,No,Two year,No,Mailed check,73.35,73.35
4681,Male,1,No,No,9.0,Yes,Yes,Fiber optic,No,No,No,No,No,Yes,Month-to-month,Yes,Electronic check,83.85,87.79444444444444
2370,Male,0,Yes,No,69.0,Yes,Yes,Fiber optic,Yes,Yes,Yes,Yes,Yes,Yes,Two year,Yes,Bank transfer (automatic),112.55,113.1376811594203
3226,Male,0,No,No,7.0,Yes,No,No,No internet service,No internet service,No internet service,No internet service,No internet service,No internet service,Month-to-month,No,Mailed check,20.75,20.157142857142855
883,Female,0,Yes,No,67.0,Yes,Yes,Fiber optic,Yes,No,Yes,Yes,Yes,Yes,One year,Yes,Electronic check,111.25,112.1141791044776
6869,Female,0,Yes,Yes,45.0,Yes,No,DSL,No,Yes,No,Yes,No,No,One year,Yes,Credit card (automatic),54.15,51.55111111111111
3954,Male,1,Yes,No,17.0,Yes,Yes,Fiber optic,No,No,No,No,Yes,Yes,Month-to-month,Yes,Electronic check,94.8,91.99411764705883
3471,Female,0,No,No,35.0,Yes,No,No,No internet service,No internet service,No internet service,No internet service,No internet service,No internet service,One year,No,Mailed check,21.1,21.17142857142857
2270,Female,1,No,No,3.0,Yes,No,Fiber optic,No,No,Yes,No,Yes,No,Month-to-month,Yes,Electronic check,86.85,73.64999999999999
4173,Female,0,No,No,12.0,Yes,Yes,Fiber optic,No,No,No,No,No,Yes,Month-to-month,Yes,Electronic check,86.55,88.90833333333335
5665,Male,0,No,No,34.0,No,No phone service,DSL,No,No,No,No,No,No,Month-to-month,Yes,Bank transfer (automatic),25.05,25.079411764705885
903,Female,0,Yes,No,56.0,Yes,No,Fiber optic,Yes,Yes,Yes,No,Yes,Yes,One year,Yes,Credit card (automatic),105.6,108.36874999999999
4150,Male,1,Yes,No,7.0,Yes,No,Fiber optic,No,No,No,No,Yes,Yes,Month-to-month,Yes,Electronic check,89.0,86.49285714285715
2371,Female,0,No,No,1.0,Yes,Yes,No,No internet service,No internet service,No internet service,No internet service,No internet service,No internet service,Month-to-month,Yes,Electronic check,25.7,25.7
3817,Female,0,No,No,53.0,Yes,No,No,No internet service,No internet service,No internet service,No internet service,No internet service,No internet service,Two year,No,Mailed check,20.25,19.782075471698114
1787,Female,1,Yes,No,42.0,Yes,Yes,Fiber optic,Yes,No,Yes,No,Yes,Yes,One year,Yes,Bank transfer (automatic),105.2,109.50357142857142
525,Male,0,No,No,52.0,Yes,No,Fiber optic,Yes,No,Yes,No,Yes,No,One year,No,Electronic check,91.25,91.12115384615385
2368,Female,0,Yes,No,72.0,Yes,Yes,Fiber optic,Yes,Yes,Yes,Yes,Yes,Yes,Two year,Yes,Credit card (automatic),117.15,118.46527777777777
3621,Female,0,Yes,Yes,2.0,No,No phone service,DSL,No,No,No,No,No,No,Month-to-month,Yes,Mailed check,24.4,18.275
4916,Female,0,No,No,2.0,Yes,Yes,Fiber optic,No,Yes,No,No,No,No,Month-to-month,No,Electronic check,79.55,75.875
4282,Female,0,Yes,Yes,52.0,Yes,Yes,Fiber optic,No,No,Yes,No,Yes,Yes,One year,No,Bank transfer (automatic),101.25,101.94423076923077
1863,Male,0,Yes,No,6.0,Yes,Yes,No,No internet service,No internet service,No internet service,No internet service,No internet service,No internet service,One year,No,Mailed check,25.1,28.5
4620,Male,0,Yes,No,72.0,Yes,Yes,Fiber optic,Yes,Yes,Yes,Yes,Yes,Yes,Two year,No,Credit card (automatic),115.8,115.72430555555555
2191,Female,1,No,No,1.0,Yes,No,Fiber optic,No,No,No,No,Yes,Yes,Month-to-month,Yes,Electronic check,91.3,91.3
2790,Female,0,No,No,50.0,Yes,Yes,Fiber optic,Yes,Yes,No,Yes,Yes,Yes,Two year,Yes,Electronic check,109.65,111.023
3089,Female,0,No,No,68.0,Yes,No,DSL,Yes,Yes,Yes,Yes,Yes,Yes,Two year,Yes,Credit card (automatic),82.45,83.03823529411765
6660,Male,0,Yes,No,1.0,Yes,No,Fiber optic,No,No,No,No,No,No,Month-to-month,Yes,Electronic check,69.15,69.15
2975,Male,0,No,No,3.0,Yes,No,DSL,No,No,No,Yes,No,Yes,Month-to-month,No,Mailed check,60.65,65.63333333333334
3668,Male,0,Yes,No,22.0,Yes,No,DSL,Yes,No,No,No,Yes,No,One year,Yes,Bank transfer (automatic),59.75,62.470454545454544
5429,Female,0,Yes,Yes,72.0,Yes,Yes,DSL,Yes,Yes,Yes,Yes,No,Yes,Two year,Yes,Bank transfer (automatic),79.5,78.63472222222222
2252,Female,0,Yes,Yes,64.0,Yes,No,No,No internet service,No internet service,No internet service,No internet service,No internet service,No internet service,One year,No,Bank transfer (automatic),19.8,20.88515625
6281,Male,0,No,No,6.0,Yes,No,No,No internet service,No internet service,No internet service,No internet service,No internet service,No internet service,One year,No,Mailed check,20.6,19.433333333333334
2917,Male,0,Yes,Yes,68.0,Yes,No,No,No internet service,No internet service,No internet service,No internet service,No internet service,No internet service,Two year,Yes,Bank transfer (automatic),19.95,19.165441176470587
3503,Male,0,No,No,66.0,Yes,Yes,Fiber optic,No,Yes,No,Yes,Yes,Yes,One year,Yes,Electronic check,104.25,103.94848484848485
3310,Female,1,No,No,1.0,Yes,No,Fiber optic,No,No,No,No,Yes,No,Month-to-month,No,Electronic check,78.45,78.45
6878,Female,0,No,No,6.0,Yes,No,Fiber optic,No,No,No,No,Yes,Yes,Month-to-month,Yes,Electronic check,89.5,95.55
4851,Female,1,No,No,3.0,Yes,No,Fiber optic,No,No,No,No,No,No,Month-to-month,Yes,Electronic check,70.4,68.23333333333333
500,Male,0,No,No,34.0,Yes,Yes,Fiber optic,Yes,Yes,Yes,Yes,Yes,Yes,One year,No,Credit card (automatic),116.25,114.6779411764706
6254,Female,0,Yes,No,60.0,Yes,No,Fiber optic,Yes,No,No,Yes,Yes,Yes,Two year,Yes,Electronic check,97.2,93.52916666666667
355,Female,0,No,No,10.0,Yes,No,Fiber optic,No,No,No,No,No,Yes,Month-to-month,Yes,Bank transfer (automatic),80.25,84.6
2317,Female,0,Yes,Yes,49.0,Yes,Yes,No,No internet service,No internet service,No internet service,No internet service,No internet service,No internet service,Two year,No,Mailed check,25.25,24.727551020408164
6116,Female,0,No,No,48.0,Yes,Yes,DSL,No,Yes,Yes,Yes,Yes,No,One year,Yes,Bank transfer (automatic),73.85,74.6125
2344,Female,1,No,No,14.0,No,No phone service,DSL,Yes,No,Yes,Yes,No,No,Two year,No,Mailed check,39.7,49.45357142857143
719,Male,1,Yes,No,68.0,Yes,Yes,Fiber optic,No,No,Yes,No,No,No,Month-to-month,Yes,Credit card (automatic),80.35,82.19558823529412
1500,Female,0,No,No,37.0,No,No phone service,DSL,No,No,Yes,No,No,Yes,Month-to-month,Yes,Credit card (automatic),40.2,39.96891891891892
15,Female,0,Yes,Yes,69.0,Yes,Yes,Fiber optic,Yes,Yes,Yes,Yes,Yes,Yes,Two year,No,Credit card (automatic),113.25,114.42246376811593
6260,Female,0,No,No,13.0,No,No phone service,DSL,No,No,Yes,Yes,No,No,Two year,No,Mailed check,35.4,34.646153846153844
5162,Male,0,No,Yes,8.0,Yes,No,No,No internet service,No internet service,No internet service,No internet service,No internet service,No internet service,Month-to-month,No,Bank transfer (automatic),19.45,19.9
3143,Male,0,Yes,Yes,13.0,Yes,Yes,DSL,No,Yes,Yes,Yes,Yes,No,Month-to-month,Yes,Electronic check,72.8,71.54230769230769
271,Male,0,Yes,No,57.0,Yes,No,DSL,Yes,Yes,No,Yes,No,No,Two year,Yes,Electronic check,59.75,60.52894736842106
632,Male,0,Yes,Yes,72.0,Yes,Yes,DSL,Yes,Yes,Yes,Yes,Yes,Yes,Two year,No,Credit card (automatic),89.85,91.15138888888889
6828,Female,0,Yes,Yes,8.0,Yes,No,No,No internet service,No internet service,No internet service,No internet service,No internet service,No internet service,Two year,No,Mailed check,19.05,25.2125
3077,Male,0,Yes,No,45.0,Yes,No,DSL,Yes,No,Yes,No,No,No,Two year,No,Credit card (automatic),53.3,51.02777777777778
4207,Male,0,No,No,21.0,No,No phone service,DSL,Yes,No,No,Yes,Yes,No,Month-to-month,Yes,Mailed check,43.55,48.166666666666664
5085,Male,0,No,No,39.0,No,No phone service,DSL,No,No,No,Yes,No,Yes,Month-to-month,Yes,Electronic check,40.6,38.32051282051282
1100,Male,0,No,Yes,15.0,Yes,Yes,No,No internet service,No internet service,No internet service,No internet service,No internet service,No internet service,Month-to-month,Yes,Electronic check,24.8,21.61
4060,Male,0,Yes,Yes,54.0,Yes,Yes,DSL,No,No,Yes,No,No,Yes,Two year,No,Credit card (automatic),63.35,63.13148148148148
6247,Male,0,No,No,60.0,Yes,Yes,Fiber optic,No,No,Yes,No,Yes,No,Two year,Yes,Electronic check,89.55,87.18666666666667
6703,Female,0,No,No,2.0,No,No phone service,DSL,No,No,No,No,Yes,Yes,Month-to-month,Yes,Electronic check,45.25,42.75
1643,Male,0,Yes,No,37.0,Yes,No,Fiber optic,No,No,Yes,Yes,No,Yes,Month-to-month,Yes,Electronic check,90.35,92.41351351351352
4628,Female,0,Yes,No,12.0,Yes,No,DSL,Yes,No,No,Yes,No,No,Month-to-month,No,Bank transfer (automatic),54.2,57.541666666666664
2342,Female,0,No,No,30.0,Yes,Yes,Fiber optic,Yes,No,No,Yes,Yes,Yes,Month-to-month,No,Bank transfer (automatic),106.4,107.06333333333333
6565,Male,0,Yes,No,61.0,Yes,Yes,Fiber optic,Yes,Yes,No,No,Yes,Yes,Month-to-month,Yes,Electronic check,106.2,104.51147540983607
382,Male,1,Yes,Yes,72.0,No,No phone service,DSL,Yes,Yes,Yes,Yes,Yes,Yes,Two year,Yes,Bank transfer (automatic),64.8,65.72708333333334
222,Male,0,Yes,Yes,1.0,Yes,No,No,No internet service,No internet service,No internet service,No internet service,No internet service,No internet service,One year,Yes,Electronic check,20.2,20.2
2396,Female,1,Yes,No,38.0,Yes,Yes,Fiber optic,Yes,Yes,No,No,No,Yes,One year,No,Credit card (automatic),95.0,94.50657894736842
6531,Female,0,No,No,25.0,Yes,No,DSL,No,Yes,No,Yes,No,Yes,Month-to-month,Yes,Bank transfer (automatic),65.8,67.186
1323,Female,0,Yes,No,71.0,Yes,Yes,No,No internet service,No internet service,No internet service,No internet service,No internet service,No internet service,Two year,Yes,Bank transfer (automatic),24.65,24.086619718309862
2952,Female,0,Yes,Yes,26.0,Yes,No,No,No internet service,No internet service,No internet service,No internet service,No internet service,No internet service,Month-to-month,Yes,Credit card (automatic),20.25,18.998076923076923
6802,Female,0,No,No,20.0,Yes,Yes,Fiber optic,Yes,No,No,No,Yes,No,Month-to-month,Yes,Bank transfer (automatic),89.1,93.9625
2974,Male,0,No,No,28.0,Yes,Yes,Fiber optic,Yes,Yes,No,No,No,Yes,Month-to-month,Yes,Credit card (automatic),94.5,94.97857142857143
3366,Male,0,Yes,No,31.0,Yes,No,Fiber optic,No,No,Yes,No,Yes,Yes,One year,Yes,Electronic check,93.8,94.83225806451614
5439,Male,1,No,No,32.0,Yes,Yes,Fiber optic,No,No,No,No,Yes,Yes,Month-to-month,Yes,Credit card (automatic),96.15,94.3515625
5799,Female,0,No,No,13.0,No,No phone service,DSL,No,No,No,No,No,Yes,Month-to-month,Yes,Electronic check,35.1,34.315384615384616
2825,Male,0,No,No,15.0,Yes,Yes,No,No internet service,No internet service,No internet service,No internet service,No internet service,No internet service,Month-to-month,Yes,Electronic check,26.35,25.240000000000002
1110,Male,0,No,No,60.0,No,No phone service,DSL,Yes,Yes,Yes,No,No,No,Two year,No,Bank transfer (automatic),39.6,40.40833333333333
2105,Female,0,No,No,3.0,Yes,Yes,Fiber optic,No,No,No,No,No,No,Month-to-month,No,Electronic check,75.25,80.66666666666667
4850,Female,0,No,No,54.0,Yes,No,Fiber optic,Yes,Yes,No,No,Yes,Yes,One year,Yes,Credit card (automatic),100.05,98.14166666666667
3193,Female,0,Yes,Yes,3.0,Yes,No,No,No internet service,No internet service,No internet service,No internet service,No internet service,No internet service,Two year,No,Mailed check,19.1,17.333333333333332
6151,Female,0,No,No,9.0,Yes,No,Fiber optic,No,No,No,No,No,No,Month-to-month,No,Electronic check,71.0,74.72777777777777
5154,Female,0,Yes,Yes,17.0,Yes,Yes,Fiber optic,Yes,No,Yes,No,Yes,Yes,Month-to-month,Yes,Electronic check,104.2,102.55882352941177
5792,Female,1,No,No,15.0,Yes,No,Fiber optic,Yes,No,Yes,Yes,No,Yes,Month-to-month,Yes,Mailed check,96.3,95.11666666666666
3866,Female,0,Yes,Yes,19.0,Yes,Yes,No,No internet service,No internet service,No internet service,No internet service,No internet service,No internet service,Two year,No,Mailed check,25.6,25.573684210526313
722,Female,0,Yes,Yes,4.0,Yes,Yes,Fiber optic,No,No,No,No,No,Yes,Month-to-month,Yes,Electronic check,85.95,95.325
80,Female,0,No,Yes,1.0,Yes,No,Fiber optic,No,No,No,No,Yes,No,Month-to-month,Yes,Electronic check,79.35,79.35
1352,Male,0,Yes,Yes,72.0,No,No phone service,DSL,Yes,No,Yes,Yes,Yes,Yes,Two year,No,Bank transfer (automatic),60.95,63.181250000000006
4609,Male,0,Yes,Yes,25.0,Yes,Yes,DSL,No,No,No,Yes,No,No,One year,Yes,Mailed check,55.1,58.644
5159,Male,0,No,No,9.0,Yes,Yes,Fiber optic,No,No,No,No,No,No,Month-to-month,Yes,Electronic check,76.25,76.09444444444445
867,Female,0,No,No,5.0,Yes,No,No,No internet service,No internet service,No internet service,No internet service,No internet service,No internet service,Month-to-month,Yes,Mailed check,20.5,20.86
2348,Male,0,Yes,Yes,61.0,No,No phone service,DSL,Yes,No,Yes,No,No,No,Month-to-month,No,Bank transfer (automatic),33.6,34.708196721311474
1408,Female,0,Yes,No,71.0,Yes,Yes,Fiber optic,Yes,No,Yes,No,Yes,Yes,One year,Yes,Credit card (automatic),104.1,104.39788732394366
570,Female,0,Yes,Yes,60.0,Yes,No,No,No internet service,No internet service,No internet service,No internet service,No internet service,No internet service,Two year,Yes,Credit card (automatic),19.25,18.3875
3752,Male,0,No,No,55.0,Yes,No,DSL,Yes,No,Yes,Yes,No,No,Two year,Yes,Electronic check,59.2,57.74272727272727
54,Female,1,Yes,Yes,60.0,Yes,No,DSL,Yes,Yes,Yes,Yes,No,Yes,One year,Yes,Credit card (automatic),74.85,74.27250000000001
4910,Female,0,No,No,30.0,Yes,No,DSL,Yes,Yes,Yes,Yes,Yes,Yes,One year,No,Bank transfer (automatic),85.35,84.34666666666666
1673,Female,0,Yes,No,41.0,Yes,Yes,Fiber optic,Yes,Yes,Yes,Yes,Yes,Yes,Month-to-month,Yes,Bank transfer (automatic),113.6,112.07195121951219
3434,Female,0,No,No,11.0,Yes,No,DSL,Yes,No,No,Yes,No,No,One year,Yes,Mailed check,54.6,56.16818181818182
3326,Male,1,No,No,38.0,Yes,No,DSL,No,Yes,Yes,Yes,Yes,No,One year,Yes,Credit card (automatic),70.15,65.71973684210526
6673,Female,1,No,No,2.0,Yes,No,DSL,No,No,No,No,No,No,Month-to-month,No,Electronic check,43.95,42.55
2525,Male,0,Yes,Yes,72.0,Yes,Yes,Fiber optic,Yes,Yes,No,Yes,No,Yes,Two year,Yes,Credit card (automatic),97.75,97.10555555555555
5448,Female,0,Yes,Yes,41.0,Yes,Yes,Fiber optic,Yes,Yes,Yes,No,No,Yes,One year,Yes,Bank transfer (automatic),101.6,95.86707317073171
3209,Female,0,No,No,1.0,Yes,Yes,Fiber optic,No,No,No,No,Yes,Yes,Month-to-month,Yes,Electronic check,93.85,93.85
3097,Male,0,No,Yes,2.0,Yes,No,No,No internet service,No internet service,No internet service,No internet service,No internet service,No internet service,Month-to-month,No,Mailed check,20.4,21.45
26,Male,0,Yes,Yes,47.0,Yes,Yes,Fiber optic,No,Yes,No,No,Yes,Yes,Month-to-month,Yes,Electronic check,99.35,101.04574468085106
238,Female,1,No,No,11.0,Yes,No,Fiber optic,No,Yes,No,No,Yes,Yes,Month-to-month,Yes,Electronic check,95.0,101.84545454545454
3258,Male,0,No,No,1.0,No,No phone service,DSL,No,No,No,No,No,No,Month-to-month,Yes,Electronic check,24.4,24.4
1272,Male,0,Yes,Yes,5.0,Yes,No,No,No internet service,No internet service,No internet service,No internet service,No internet service,No internet service,Month-to-month,No,Mailed check,19.45,17.21
2626,Female,0,Yes,No,60.0,No,No phone service,DSL,Yes,Yes,Yes,No,No,Yes,One year,No,Electronic check,50.05,48.525
3106,Female,0,No,No,50.0,Yes,No,No,No internet service,No internet service,No internet service,No internet service,No internet service,No internet service,Two year,No,Credit card (automatic),19.4,20.479
2625,Male,0,No,No,56.0,Yes,Yes,Fiber optic,Yes,Yes,No,No,No,No,Month-to-month,Yes,Electronic check,86.4,87.89999999999999
4874,Female,0,No,No,38.0,Yes,No,Fiber optic,Yes,Yes,Yes,No,No,No,Month-to-month,Yes,Credit card (automatic),83.9,85.09473684210526
3418,Male,0,Yes,No,54.0,Yes,Yes,Fiber optic,Yes,Yes,Yes,No,Yes,Yes,Month-to-month,No,Electronic check,109.55,113.31388888888888
1632,Male,0,No,No,48.0,Yes,Yes,Fiber optic,No,Yes,Yes,No,Yes,Yes,One year,Yes,Credit card (automatic),106.1,105.89166666666667
3325,Male,0,No,No,4.0,Yes,Yes,Fiber optic,No,No,No,No,No,Yes,Month-to-month,Yes,Electronic check,85.65,84.725
5071,Male,0,Yes,No,1.0,Yes,No,Fiber optic,No,No,Yes,No,No,No,Month-to-month,No,Credit card (automatic),75.35,75.35
574,Female,1,Yes,No,28.0,Yes,Yes,Fiber optic,No,Yes,Yes,Yes,Yes,Yes,Month-to-month,Yes,Electronic check,110.85,114.44285714285715
742,Male,0,No,No,10.0,Yes,Yes,Fiber optic,Yes,No,No,No,Yes,Yes,Month-to-month,No,Electronic check,98.55,100.85499999999999
4176,Male,0,Yes,Yes,18.0,Yes,No,No,No internet service,No internet service,No internet service,No internet service,No internet service,No internet service,One year,No,Bank transfer (automatic),19.8,19.016666666666666
1949,Male,0,Yes,Yes,67.0,Yes,Yes,Fiber optic,Yes,No,No,Yes,Yes,Yes,Two year,No,Bank transfer (automatic),104.6,102.7723880597015
6816,Male,0,No,No,1.0,Yes,No,Fiber optic,No,No,No,No,No,No,Month-to-month,Yes,Electronic check,70.3,70.3
5109,Male,0,Yes,Yes,66.0,Yes,No,DSL,Yes,Yes,Yes,Yes,No,No,Two year,No,Mailed check,65.85,62.07651515151515
1433,Male,0,Yes,No,9.0,Yes,No,DSL,Yes,Yes,No,Yes,Yes,No,Month-to-month,Yes,Mailed check,68.95,65.98333333333333
6947,Male,0,Yes,Yes,68.0,Yes,Yes,Fiber optic,No,Yes,No,No,Yes,Yes,One year,Yes,Credit card (automatic),101.05,99.56617647058823
5985,Female,0,Yes,No,57.0,Yes,Yes,DSL,No,Yes,Yes,Yes,Yes,No,One year,No,Bank transfer (automatic),74.6,76.64824561403509
6861,Female,0,Yes,Yes,14.0,Yes,Yes,Fiber optic,No,No,No,Yes,Yes,No,Month-to-month,Yes,Electronic check,91.65,92.92857142857143
6451,Male,1,Yes,Yes,66.0,Yes,Yes,Fiber optic,Yes,Yes,Yes,Yes,Yes,Yes,One year,Yes,Electronic check,116.25,119.125
1404,Female,0,No,No,35.0,Yes,Yes,No,No internet service,No internet service,No internet service,No internet service,No internet service,No internet service,Two year,No,Bank transfer (automatic),23.3,22.774285714285714
2589,Male,1,No,No,3.0,Yes,Yes,Fiber optic,No,No,No,No,No,No,Month-to-month,Yes,Electronic check,76.05,77.26666666666667
1330,Male,0,Yes,No,22.0,Yes,No,DSL,Yes,No,No,Yes,No,No,One year,Yes,Credit card (automatic),56.25,58.73636363636364
4844,Female,0,No,Yes,37.0,Yes,No,No,No internet service,No internet service,No internet service,No internet service,No internet service,No internet service,One year,No,Bank transfer (automatic),20.3,20.416216216216217
6364,Male,0,No,Yes,27.0,Yes,Yes,No,No internet service,No internet service,No internet service,No internet service,No internet service,No internet service,Two year,Yes,Credit card (automatic),25.85,29.205555555555552
5130,Male,0,No,No,8.0,No,No phone service,DSL,Yes,No,No,No,No,No,Month-to-month,Yes,Electronic check,30.45,28.30625
1743,Male,0,Yes,No,67.0,Yes,Yes,No,No internet service,No internet service,No internet service,No internet service,No internet service,No internet service,Two year,No,Credit card (automatic),24.85,23.634328358208954
2285,Male,0,Yes,No,53.0,Yes,Yes,Fiber optic,Yes,No,Yes,No,No,Yes,Month-to-month,No,Electronic check,93.9,94.89056603773585
6242,Female,0,Yes,Yes,72.0,Yes,Yes,Fiber optic,Yes,Yes,Yes,Yes,No,Yes,Two year,No,Credit card (automatic),107.45,106.36527777777778
4288,Male,0,No,Yes,3.0,Yes,Yes,Fiber optic,No,No,Yes,No,No,Yes,Month-to-month,No,Electronic check,91.85,85.68333333333334
4621,Female,0,No,No,6.0,Yes,No,DSL,Yes,No,No,No,No,No,Month-to-month,Yes,Electronic check,49.45,52.43333333333334
30,Female,1,Yes,No,71.0,Yes,Yes,Fiber optic,Yes,Yes,Yes,Yes,No,No,Two year,Yes,Credit card (automatic),96.35,95.30915492957746
2824,Male,0,Yes,No,63.0,Yes,No,No,No internet service,No internet service,No internet service,No internet service,No internet service,No internet service,Two year,No,Mailed check,19.25,19.645238095238096
6312,Male,0,No,No,54.0,Yes,No,Fiber optic,Yes,Yes,No,Yes,Yes,Yes,One year,Yes,Credit card (automatic),105.4,104.5074074074074
5907,Male,0,No,No,1.0,Yes,No,DSL,No,No,No,No,No,No,Month-to-month,Yes,Mailed check,44.3,44.3
3072,Female,0,Yes,Yes,61.0,Yes,Yes,DSL,Yes,Yes,Yes,Yes,No,Yes,One year,Yes,Electronic check,79.4,79.02540983606558
6026,Female,0,No,No,13.0,Yes,No,No,No internet service,No internet service,No internet service,No internet service,No internet service,No internet service,Month-to-month,No,Credit card (automatic),19.45,17.853846153846153
673,Male,0,No,No,22.0,Yes,Yes,No,No internet service,No internet service,No internet service,No internet service,No internet service,No internet service,Month-to-month,Yes,Credit card (automatic),24.85,22.427272727272726
5917,Male,0,No,No,4.0,Yes,No,No,No internet service,No internet service,No internet service,No internet service,No internet service,No internet service,Month-to-month,Yes,Mailed check,19.95,14.8125
1298,Female,0,Yes,Yes,24.0,No,No phone service,DSL,Yes,Yes,Yes,No,Yes,Yes,One year,No,Electronic check,57.6,56.989583333333336
1164,Female,1,Yes,No,71.0,Yes,Yes,DSL,Yes,Yes,Yes,Yes,No,Yes,Two year,Yes,Bank transfer (automatic),82.7,82.12957746478872
811,Male,0,No,No,70.0,Yes,Yes,Fiber optic,Yes,No,No,Yes,Yes,Yes,Two year,Yes,Credit card (automatic),104.0,103.57357142857143
2514,Female,1,No,No,25.0,Yes,Yes,Fiber optic,No,Yes,No,No,No,Yes,Month-to-month,Yes,Electronic check,89.7,87.50200000000001
1537,Female,0,Yes,Yes,72.0,Yes,Yes,DSL,No,Yes,No,Yes,Yes,Yes,Two year,Yes,Electronic check,78.95,79.58541666666666
2133,Female,1,No,No,1.0,Yes,No,Fiber optic,No,No,No,No,No,No,Month-to-month,Yes,Electronic check,70.55,70.55
120,Female,0,Yes,Yes,56.0,Yes,Yes,Fiber optic,No,No,Yes,No,Yes,Yes,One year,Yes,Credit card (automatic),99.8,98.49017857142857
3861,Female,0,No,Yes,26.0,Yes,No,Fiber optic,No,Yes,Yes,Yes,Yes,Yes,Two year,Yes,Electronic check,105.45,104.4346153846154
66,Male,0,Yes,No,47.0,Yes,Yes,Fiber optic,No,Yes,No,No,No,No,One year,Yes,Electronic check,78.9,77.66702127659575
6775,Male,1,No,No,57.0,Yes,Yes,DSL,No,Yes,Yes,No,Yes,Yes,Two year,Yes,Bank transfer (automatic),79.75,77.86315789473684
6978,Female,0,Yes,Yes,70.0,Yes,Yes,DSL,Yes,Yes,Yes,Yes,Yes,No,Two year,No,Electronic check,80.7,80.25642857142857
369,Male,0,Yes,Yes,72.0,Yes,Yes,Fiber optic,Yes,Yes,Yes,Yes,Yes,Yes,Two year,Yes,Credit card (automatic),112.6,112.87013888888889
684,Female,0,No,No,1.0,Yes,No,Fiber optic,No,No,No,No,No,No,Month-to-month,No,Mailed check,71.1,71.1
3277,Male,0,Yes,Yes,13.0,Yes,No,No,No internet service,No internet service,No internet service,No internet service,No internet service,No internet service,One year,No,Mailed check,20.0,16.81153846153846
1202,Male,0,Yes,No,53.0,Yes,No,Fiber optic,No,Yes,No,No,Yes,Yes,One year,Yes,Bank transfer (automatic),94.25,91.84811320754717
5650,Male,0,Yes,Yes,39.0,Yes,No,DSL,Yes,Yes,Yes,No,No,No,One year,No,Electronic check,59.8,60.09871794871795
4837,Female,0,Yes,Yes,1.0,Yes,No,Fiber optic,No,No,No,No,No,No,Month-to-month,Yes,Electronic check,69.8,69.8
466,Male,1,Yes,No,64.0,Yes,Yes,Fiber optic,No,No,Yes,Yes,Yes,Yes,Two year,No,Electronic check,102.1,102.16328125
2384,Male,1,Yes,No,48.0,Yes,Yes,Fiber optic,No,No,Yes,No,No,Yes,Month-to-month,Yes,Credit card (automatic),91.05,91.05729166666667
4424,Male,0,No,Yes,1.0,No,No phone service,DSL,No,No,No,No,No,No,Month-to-month,No,Electronic check,24.75,24.75
6168,Male,0,No,No,1.0,Yes,No,Fiber optic,No,No,No,No,No,Yes,Month-to-month,Yes,Electronic check,79.25,79.25
2208,Female,1,Yes,No,1.0,Yes,Yes,Fiber optic,No,No,Yes,No,Yes,Yes,Month-to-month,Yes,Electronic check,100.8,100.8
1826,Male,0,Yes,No,65.0,Yes,Yes,Fiber optic,No,Yes,No,No,No,Yes,Month-to-month,Yes,Electronic check,90.65,91.24615384615385
6029,Male,0,No,No,4.0,Yes,No,Fiber optic,Yes,Yes,No,Yes,No,Yes,Month-to-month,Yes,Mailed check,94.9,90.1375
4796,Female,0,Yes,No,55.0,Yes,No,Fiber optic,Yes,No,No,No,Yes,Yes,One year,Yes,Electronic check,94.75,95.92909090909092
1502,Male,0,Yes,No,49.0,Yes,Yes,DSL,Yes,No,No,No,No,No,One year,Yes,Electronic check,55.35,53.754081632653055
1928,Female,0,Yes,Yes,31.0,Yes,No,No,No internet service,No internet service,No internet service,No internet service,No internet service,No internet service,Month-to-month,Yes,Mailed check,19.55,21.256451612903227
2025,Female,0,Yes,Yes,72.0,Yes,Yes,Fiber optic,Yes,Yes,Yes,Yes,Yes,Yes,Two year,Yes,Bank transfer (automatic),116.85,117.74583333333334
4535,Female,0,Yes,Yes,30.0,Yes,Yes,Fiber optic,No,No,Yes,No,Yes,Yes,Month-to-month,Yes,Electronic check,100.05,101.53833333333334
6424,Female,0,Yes,No,72.0,No,No phone service,DSL,No,Yes,Yes,No,Yes,Yes,Two year,Yes,Electronic check,54.2,54.68680555555555
2400,Female,0,No,Yes,9.0,Yes,No,Fiber optic,Yes,No,Yes,Yes,No,Yes,Month-to-month,No,Bank transfer (automatic),93.0,96.69444444444444
5,Female,0,No,No,8.0,Yes,Yes,Fiber optic,No,No,Yes,No,Yes,Yes,Month-to-month,Yes,Electronic check,99.65,102.5625
6704,Female,0,Yes,Yes,59.0,Yes,Yes,Fiber optic,No,Yes,Yes,No,Yes,Yes,One year,Yes,Electronic check,106.15,106.03728813559322
4548,Female,0,No,No,22.0,Yes,No,Fiber optic,No,Yes,No,No,No,Yes,Month-to-month,Yes,Mailed check,84.3,84.34772727272728
4998,Male,1,No,No,62.0,Yes,Yes,Fiber optic,No,Yes,Yes,Yes,Yes,Yes,One year,Yes,Bank transfer (automatic),110.75,113.76370967741936
5498,Female,1,Yes,No,1.0,Yes,No,DSL,No,No,No,No,No,No,Month-to-month,No,Electronic check,46.0,46.0
4901,Female,0,No,No,1.0,Yes,No,Fiber optic,No,Yes,No,No,No,No,Month-to-month,Yes,Electronic check,74.7,74.7
5733,Female,0,Yes,Yes,71.0,Yes,No,No,No internet service,No internet service,No internet service,No internet service,No internet service,No internet service,Two year,No,Bank transfer (automatic),19.85,18.680985915492958
1430,Female,0,No,No,23.0,Yes,Yes,No,No internet service,No internet service,No internet service,No internet service,No internet service,No internet service,One year,No,Credit card (automatic),24.8,26.754347826086956
3456,Female,0,No,No,67.0,Yes,Yes,DSL,Yes,No,Yes,Yes,Yes,Yes,Two year,Yes,Mailed check,85.25,85.2865671641791
860,Male,0,No,No,26.0,Yes,No,No,No internet service,No internet service,No internet service,No internet service,No internet service,No internet service,One year,No,Credit card (automatic),19.8,17.588461538461537
5445,Male,0,Yes,Yes,62.0,Yes,Yes,Fiber optic,No,No,Yes,No,Yes,No,Two year,Yes,Credit card (automatic),89.1,87.28467741935484
1559,Female,0,No,No,2.0,Yes,No,No,No internet service,No internet service,No internet service,No internet service,No internet service,No internet service,Month-to-month,No,Mailed check,20.35,22.65
3943,Male,1,No,No,1.0,Yes,No,DSL,No,No,No,No,No,No,Month-to-month,No,Electronic check,44.0,44.0
3827,Female,0,No,No,2.0,Yes,No,No,No internet service,No internet service,No internet service,No internet service,No internet service,No internet service,One year,No,Mailed check,20.45,17.4
5014,Male,1,Yes,No,71.0,No,No phone service,DSL,No,Yes,Yes,No,Yes,Yes,Month-to-month,Yes,Bank transfer (automatic),52.3,53.02887323943662
1149,Male,0,Yes,Yes,13.0,Yes,No,Fiber optic,No,No,Yes,No,Yes,Yes,Month-to-month,Yes,Mailed check,96.65,89.44999999999999
1810,Female,0,Yes,Yes,71.0,Yes,Yes,Fiber optic,Yes,Yes,Yes,Yes,No,No,One year,Yes,Credit card (automatic),95.15,95.36408450704226
3952,Female,0,No,No,72.0,Yes,Yes,Fiber optic,No,Yes,Yes,Yes,Yes,Yes,Two year,Yes,Credit card (automatic),108.05,108.42500000000001
6990,Male,0,Yes,No,36.0,Yes,No,Fiber optic,Yes,No,No,No,Yes,Yes,Month-to-month,Yes,Electronic check,93.6,93.5013888888889
5805,Male,1,Yes,No,19.0,Yes,No,DSL,Yes,No,Yes,No,Yes,No,Month-to-month,No,Bank transfer (automatic),66.4,67.68684210526315
4830,Male,0,Yes,No,54.0,Yes,No,DSL,Yes,Yes,No,No,Yes,Yes,Two year,Yes,Bank transfer (automatic),74.55,77.61944444444444
1678,Female,1,Yes,No,67.0,Yes,Yes,Fiber optic,Yes,Yes,Yes,Yes,No,Yes,One year,Yes,Credit card (automatic),105.4,105.0089552238806
6472,Female,0,Yes,Yes,60.0,Yes,Yes,Fiber optic,Yes,Yes,No,No,Yes,No,One year,No,Bank transfer (automatic),94.15,96.86333333333333
2889,Male,0,Yes,Yes,58.0,No,No phone service,DSL,Yes,Yes,Yes,No,Yes,No,One year,No,Mailed check,50.0,50.342241379310344
5327,Female,0,Yes,Yes,30.0,Yes,No,No,No internet service,No internet service,No internet service,No internet service,No internet service,No internet service,Two year,No,Mailed check,19.7,19.975
6400,Female,0,No,No,72.0,Yes,Yes,DSL,Yes,Yes,No,No,No,No,Two year,No,Bank transfer (automatic),59.75,59.236111111111114
4659,Female,0,Yes,Yes,65.0,Yes,Yes,Fiber optic,Yes,No,Yes,No,Yes,Yes,Two year,Yes,Credit card (automatic),104.3,103.46615384615384
4861,Female,1,Yes,No,48.0,Yes,No,DSL,No,Yes,No,No,No,Yes,One year,Yes,Bank transfer (automatic),58.95,58.11875
4663,Female,1,No,No,4.0,Yes,Yes,Fiber optic,No,No,No,No,No,No,Month-to-month,Yes,Electronic check,74.9,80.4375
727,Female,0,Yes,Yes,5.0,Yes,No,Fiber optic,No,No,No,No,Yes,No,Month-to-month,Yes,Electronic check,80.85,71.22
4168,Male,0,Yes,No,61.0,No,No phone service,DSL,Yes,No,Yes,Yes,Yes,Yes,Two year,Yes,Mailed check,62.15,61.9483606557377
6957,Male,0,No,No,9.0,Yes,No,Fiber optic,No,No,No,Yes,Yes,No,Month-to-month,No,Electronic check,86.25,85.61111111111111
585,Female,1,No,No,1.0,Yes,Yes,Fiber optic,No,No,No,No,Yes,No,Month-to-month,Yes,Electronic check,85.7,85.7
292,Male,0,Yes,Yes,23.0,Yes,No,Fiber optic,No,Yes,Yes,Yes,No,No,One year,No,Mailed check,86.8,84.38260869565217
6774,Female,0,No,No,1.0,Yes,No,No,No internet service,No internet service,No internet service,No internet service,No internet service,No internet service,Month-to-month,No,Mailed check,19.65,19.65
6653,Female,0,No,No,28.0,No,No phone service,DSL,No,No,Yes,No,No,No,Month-to-month,Yes,Mailed check,29.75,28.239285714285717
2024,Male,0,No,No,12.0,Yes,No,Fiber optic,No,No,Yes,No,Yes,Yes,One year,No,Electronic check,95.7,98.66666666666667
932,Male,0,Yes,No,72.0,Yes,No,No,No internet service,No internet service,No internet service,No internet service,No internet service,No internet service,Two year,No,Credit card (automatic),19.3,18.12222222222222
474,Female,0,Yes,Yes,1.0,Yes,No,Fiber optic,No,Yes,No,No,No,No,Month-to-month,Yes,Electronic check,74.7,74.7
6306,Male,0,No,No,71.0,Yes,Yes,Fiber optic,Yes,Yes,Yes,Yes,Yes,Yes,One year,Yes,Bank transfer (automatic),116.3,117.03591549295774
6575,Female,0,No,No,22.0,Yes,Yes,DSL,Yes,No,No,Yes,No,No,Month-to-month,Yes,Mailed check,59.05,56.97727272727273
6771,Male,0,Yes,Yes,31.0,Yes,No,No,No internet service,No internet service,No internet service,No internet service,No internet service,No internet service,Month-to-month,Yes,Electronic check,20.65,22.646774193548385
803,Female,0,Yes,No,46.0,Yes,No,DSL,No,Yes,No,Yes,Yes,No,Two year,Yes,Credit card (automatic),64.2,65.42391304347827
3026,Female,0,Yes,No,16.0,Yes,Yes,Fiber optic,No,No,No,No,Yes,No,Month-to-month,Yes,Electronic check,84.95,86.140625
2574,Male,1,No,No,39.0,Yes,Yes,Fiber optic,No,No,No,No,Yes,Yes,Month-to-month,Yes,Bank transfer (automatic),95.65,96.38589743589743
4055,Male,0,No,No,54.0,No,No phone service,DSL,Yes,Yes,No,No,No,Yes,Two year,No,Bank transfer (automatic),46.2,45.036111111111104
1131,Female,0,Yes,No,14.0,Yes,Yes,DSL,Yes,No,No,No,Yes,No,Month-to-month,Yes,Bank transfer (automatic),64.7,67.21428571428571
4707,Male,0,No,Yes,49.0,Yes,Yes,Fiber optic,Yes,Yes,Yes,No,Yes,Yes,One year,Yes,Credit card (automatic),109.2,107.96836734693878
2159,Female,0,No,No,15.0,Yes,Yes,No,No internet service,No internet service,No internet service,No internet service,No internet service,No internet service,Two year,No,Bank transfer (automatic),25.05,24.60666666666667
6000,Male,0,No,Yes,52.0,Yes,No,No,No internet service,No internet service,No internet service,No internet service,No internet service,No internet service,One year,No,Credit card (automatic),19.65,17.853846153846153
1723,Female,0,Yes,Yes,6.0,Yes,No,No,No internet service,No internet service,No internet service,No internet service,No internet service,No internet service,Two year,No,Mailed check,20.1,16.724999999999998
5282,Female,0,Yes,No,3.0,Yes,Yes,Fiber optic,No,No,No,No,Yes,Yes,Month-to-month,Yes,Electronic check,95.2,97.61666666666667
6836,Male,1,Yes,No,6.0,Yes,No,Fiber optic,No,Yes,No,No,No,Yes,Month-to-month,Yes,Electronic check,84.2,86.52499999999999
5640,Male,0,No,No,1.0,Yes,No,Fiber optic,No,No,No,No,No,Yes,Month-to-month,No,Electronic check,79.6,79.6
1064,Female,0,No,No,14.0,Yes,No,DSL,Yes,No,No,Yes,No,No,One year,No,Mailed check,55.7,56.79642857142857
3267,Male,0,Yes,Yes,47.0,Yes,No,No,No internet service,No internet service,No internet service,No internet service,No internet service,No internet service,One year,No,Mailed check,20.05,20.245744680851065
3183,Male,1,Yes,No,3.0,No,No phone service,DSL,No,No,No,No,Yes,No,Month-to-month,Yes,Mailed check,36.45,31.233333333333334
4534,Male,0,No,No,1.0,Yes,No,DSL,No,No,No,Yes,No,No,Month-to-month,No,Credit card (automatic),49.0,49.0
4972,Female,0,Yes,No,71.0,Yes,Yes,No,No internet service,No internet service,No internet service,No internet service,No internet service,No internet service,Two year,No,Credit card (automatic),25.05,26.390140845070423
162,Female,0,No,No,2.0,Yes,No,Fiber optic,No,No,No,No,No,No,Month-to-month,Yes,Electronic check,69.7,67.6
6842,Male,0,No,No,13.0,Yes,No,No,No internet service,No internet service,No internet service,No internet service,No internet service,No internet service,One year,Yes,Mailed check,19.95,19.76923076923077
5403,Female,0,Yes,Yes,54.0,Yes,Yes,DSL,No,Yes,Yes,Yes,Yes,Yes,Month-to-month,Yes,Electronic check,86.2,83.77870370370371
3947,Female,0,No,No,5.0,Yes,No,DSL,Yes,No,Yes,No,No,No,Month-to-month,No,Credit card (automatic),55.8,60.08
5983,Female,0,No,No,22.0,No,No phone service,DSL,No,Yes,No,No,Yes,Yes,Month-to-month,Yes,Electronic check,50.35,49.94772727272727
5931,Male,1,Yes,No,13.0,Yes,No,Fiber optic,No,Yes,Yes,No,Yes,Yes,Month-to-month,Yes,Electronic check,98.0,95.21923076923076
6165,Male,1,No,No,4.0,Yes,No,Fiber optic,No,No,No,No,No,No,Month-to-month,Yes,Electronic check,70.65,73.4625
1357,Male,0,Yes,No,48.0,Yes,Yes,Fiber optic,Yes,Yes,Yes,No,Yes,Yes,Month-to-month,Yes,Bank transfer (automatic),111.45,110.73125
1454,Male,0,Yes,Yes,29.0,Yes,No,No,No internet service,No internet service,No internet service,No internet service,No internet service,No internet service,Month-to-month,Yes,Mailed check,20.65,22.58103448275862
6072,Female,0,Yes,Yes,13.0,Yes,No,No,No internet service,No internet service,No internet service,No internet service,No internet service,No internet service,Month-to-month,No,Mailed check,18.8,19.326923076923077
4757,Male,0,No,No,1.0,Yes,Yes,DSL,No,Yes,No,Yes,No,No,Month-to-month,No,Mailed check,60.1,60.1
3051,Female,0,Yes,Yes,71.0,Yes,Yes,DSL,Yes,Yes,Yes,Yes,Yes,Yes,Two year,No,Bank transfer (automatic),89.9,89.33380281690141
5209,Male,0,Yes,No,72.0,Yes,Yes,Fiber optic,Yes,Yes,No,Yes,Yes,Yes,Two year,Yes,Credit card (automatic),109.95,109.0611111111111
1386,Male,0,No,No,64.0,Yes,Yes,DSL,No,Yes,Yes,Yes,Yes,Yes,Two year,No,Credit card (automatic),86.55,88.00859375
4041,Male,0,No,No,46.0,No,No phone service,DSL,Yes,No,Yes,Yes,Yes,Yes,Two year,Yes,Bank transfer (automatic),60.75,62.9
2571,Female,0,Yes,Yes,42.0,Yes,No,Fiber optic,No,No,Yes,Yes,Yes,Yes,Two year,Yes,Electronic check,100.4,102.46785714285713
4701,Male,1,No,No,21.0,Yes,Yes,Fiber optic,No,Yes,Yes,No,Yes,Yes,Month-to-month,Yes,Electronic check,104.35,108.18333333333332
815,Female,0,No,No,25.0,Yes,Yes,Fiber optic,No,No,No,No,Yes,No,Month-to-month,Yes,Mailed check,84.6,83.522
3165,Male,0,Yes,Yes,24.0,Yes,No,No,No internet service,No internet service,No internet service,No internet service,No internet service,No internet service,One year,No,Mailed check,20.25,18.322916666666668
3213,Female,0,Yes,Yes,41.0,No,No phone service,DSL,Yes,No,Yes,No,No,No,One year,No,Credit card (automatic),35.4,34.44878048780488
4066,Male,0,No,No,56.0,Yes,Yes,DSL,Yes,Yes,No,Yes,No,No,One year,Yes,Bank transfer (automatic),64.65,65.45625
6536,Male,0,No,No,1.0,No,No phone service,DSL,No,No,No,No,No,No,Month-to-month,No,Mailed check,24.4,24.4
3983,Male,0,No,No,1.0,No,No phone service,DSL,No,No,No,No,No,No,Month-to-month,Yes,Electronic check,24.25,24.25
3406,Female,0,No,No,31.0,Yes,No,No,No internet service,No internet service,No internet service,No internet service,No internet service,No internet service,One year,No,Mailed check,20.95,22.04032258064516
5230,Male,0,Yes,Yes,58.0,Yes,Yes,Fiber optic,No,No,Yes,Yes,No,Yes,Two year,No,Bank transfer (automatic),94.35,95.925
4101,Male,0,No,No,6.0,Yes,No,DSL,Yes,No,No,No,No,Yes,Month-to-month,Yes,Bank transfer (automatic),59.15,56.11666666666667
4938,Male,0,Yes,Yes,17.0,Yes,No,Fiber optic,Yes,No,Yes,No,Yes,No,Month-to-month,Yes,Electronic check,89.4,90.55588235294118
4936,Female,1,No,No,45.0,Yes,Yes,Fiber optic,Yes,Yes,No,Yes,Yes,No,Month-to-month,Yes,Electronic check,97.05,97.44555555555556
1078,Female,1,No,No,59.0,Yes,Yes,Fiber optic,No,Yes,No,No,No,No,Two year,Yes,Credit card (automatic),79.2,77.80254237288136
327,Female,1,No,No,2.0,Yes,No,Fiber optic,No,No,No,No,No,No,Month-to-month,Yes,Electronic check,70.35,69.525
4891,Male,0,Yes,No,4.0,Yes,Yes,DSL,No,No,Yes,No,Yes,No,Month-to-month,No,Electronic check,65.6,62.525
3477,Female,0,No,No,18.0,Yes,Yes,Fiber optic,No,No,No,No,No,No,Month-to-month,Yes,Electronic check,74.15,74.76388888888889
6532,Female,1,No,No,18.0,Yes,No,No,No internet service,No internet service,No internet service,No internet service,No internet service,No internet service,One year,No,Bank transfer (automatic),20.35,20.533333333333335
5961,Female,0,No,No,1.0,No,No phone service,DSL,No,No,Yes,Yes,No,No,Month-to-month,No,Mailed check,35.9,35.9
6352,Male,0,Yes,No,42.0,Yes,Yes,Fiber optic,Yes,No,Yes,No,No,Yes,Month-to-month,Yes,Electronic check,94.4,95.58571428571429
3555,Male,0,No,No,20.0,Yes,Yes,Fiber optic,No,No,No,No,Yes,No,Month-to-month,Yes,Electronic check,85.25,86.725
2049,Female,0,Yes,No,69.0,Yes,Yes,Fiber optic,No,Yes,Yes,No,No,No,Month-to-month,Yes,Bank transfer (automatic),85.4,85.06376811594203
2733,Female,0,Yes,No,1.0,Yes,No,DSL,No,No,No,No,Yes,No,Month-to-month,Yes,Mailed check,55.3,55.3
1759,Male,0,No,No,20.0,Yes,No,No,No internet service,No internet service,No internet service,No internet service,No internet service,No internet service,Month-to-month,No,Mailed check,19.4,20.77
3849,Female,0,Yes,No,58.0,Yes,Yes,Fiber optic,Yes,Yes,Yes,No,Yes,Yes,Two year,Yes,Bank transfer (automatic),109.45,105.94051724137931
6092,Female,0,Yes,No,72.0,Yes,Yes,Fiber optic,Yes,Yes,Yes,Yes,No,No,Two year,Yes,Bank transfer (automatic),94.25,95.13541666666667
5440,Female,0,Yes,Yes,19.0,Yes,No,DSL,No,No,Yes,No,No,No,Month-to-month,Yes,Bank transfer (automatic),49.6,50.67894736842105
2281,Female,0,No,No,16.0,Yes,Yes,DSL,No,No,Yes,No,No,Yes,Month-to-month,Yes,Credit card (automatic),65.2,65.209375
3229,Female,0,No,No,12.0,Yes,Yes,Fiber optic,No,No,No,No,Yes,Yes,Month-to-month,Yes,Electronic check,94.2,87.175
5307,Male,0,Yes,Yes,1.0,Yes,No,Fiber optic,No,No,No,No,Yes,Yes,Month-to-month,Yes,Electronic check,90.1,90.1
6498,Female,0,No,No,1.0,Yes,No,Fiber optic,No,Yes,Yes,No,No,No,Month-to-month,Yes,Electronic check,82.3,82.3
5703,Male,1,No,No,72.0,Yes,Yes,No,No internet service,No internet service,No internet service,No internet service,No internet service,No internet service,Two year,No,Bank transfer (automatic),25.4,25.12986111111111
6061,Female,0,No,Yes,26.0,Yes,Yes,DSL,No,No,No,No,No,No,Month-to-month,Yes,Mailed check,49.5,48.67884615384616
3384,Female,0,Yes,Yes,4.0,Yes,No,Fiber optic,No,No,Yes,No,No,No,Month-to-month,Yes,Electronic check,73.75,81.3625
7038,Male,0,Yes,Yes,24.0,Yes,Yes,DSL,Yes,No,Yes,Yes,Yes,Yes,One year,Yes,Mailed check,84.8,82.9375
3168,Female,0,No,No,50.0,Yes,No,No,No internet service,No internet service,No internet service,No internet service,No internet service,No internet service,One year,Yes,Mailed check,19.35,20.66
4302,Male,0,No,No,51.0,Yes,No,Fiber optic,Yes,No,No,No,Yes,No,One year,No,Mailed check,86.35,83.66960784313724
5848,Male,0,Yes,Yes,72.0,Yes,Yes,Fiber optic,Yes,Yes,Yes,Yes,No,Yes,Two year,No,Credit card (automatic),103.95,104.4125
6218,Female,0,Yes,Yes,70.0,No,No phone service,DSL,No,Yes,Yes,Yes,Yes,Yes,One year,Yes,Bank transfer (automatic),58.4,58.75928571428571
6278,Female,0,Yes,No,70.0,Yes,Yes,Fiber optic,No,No,Yes,Yes,Yes,Yes,Two year,Yes,Bank transfer (automatic),104.3,102.69285714285714
3469,Female,1,No,No,15.0,Yes,No,Fiber optic,No,No,No,No,Yes,Yes,Month-to-month,Yes,Electronic check,91.5,93.35333333333332
1027,Female,0,No,No,47.0,Yes,Yes,Fiber optic,Yes,No,Yes,No,Yes,No,One year,No,Credit card (automatic),94.9,98.19680851063829
4009,Male,0,No,No,63.0,Yes,No,DSL,Yes,Yes,Yes,Yes,Yes,Yes,Two year,Yes,Bank transfer (automatic),86.7,84.27777777777777
2515,Female,0,No,No,64.0,Yes,Yes,Fiber optic,Yes,Yes,Yes,Yes,Yes,Yes,Two year,Yes,Bank transfer (automatic),115.1,114.59453125
4159,Female,1,No,No,59.0,Yes,Yes,Fiber optic,Yes,Yes,Yes,No,No,No,Month-to-month,Yes,Electronic check,89.75,93.16779661016949
3865,Female,0,No,Yes,1.0,Yes,Yes,No,No internet service,No internet service,No internet service,No internet service,No internet service,No internet service,Month-to-month,No,Mailed check,24.0,24.0
3284,Male,0,No,No,40.0,Yes,Yes,Fiber optic,No,No,No,No,Yes,No,Month-to-month,Yes,Electronic check,84.9,84.22625000000001
4007,Male,0,Yes,No,55.0,Yes,Yes,No,No internet service,No internet service,No internet service,No internet service,No internet service,No internet service,Two year,No,Bank transfer (automatic),25.7,26.24818181818182
3809,Male,0,No,No,50.0,Yes,No,No,No internet service,No internet service,No internet service,No internet service,No internet service,No internet service,One year,No,Credit card (automatic),20.15,19.781
5221,Female,1,Yes,Yes,65.0,Yes,Yes,Fiber optic,No,Yes,Yes,No,Yes,Yes,One year,Yes,Electronic check,107.45,108.42307692307692
2813,Male,0,No,No,68.0,Yes,Yes,No,No internet service,No internet service,No internet service,No internet service,No internet service,No internet service,Two year,No,Mailed check,24.55,24.373529411764707
3319,Female,0,No,No,2.0,Yes,No,DSL,Yes,No,No,No,Yes,Yes,Month-to-month,Yes,Electronic check,70.75,73.45
4929,Male,1,Yes,No,63.0,Yes,No,DSL,Yes,Yes,Yes,Yes,Yes,Yes,One year,Yes,Bank transfer (automatic),84.0,84.59603174603176
1997,Female,0,Yes,Yes,67.0,Yes,Yes,Fiber optic,No,No,Yes,Yes,Yes,Yes,Two year,Yes,Bank transfer (automatic),105.65,100.26716417910447
6333,Female,1,No,No,60.0,Yes,Yes,Fiber optic,No,No,Yes,Yes,Yes,Yes,One year,Yes,Electronic check,106.0,107.35666666666665
6956,Male,1,No,No,67.0,Yes,Yes,DSL,Yes,Yes,No,Yes,No,No,Two year,Yes,Bank transfer (automatic),64.55,63.43432835820896
6077,Female,0,Yes,No,62.0,Yes,Yes,Fiber optic,Yes,Yes,Yes,Yes,Yes,Yes,Two year,No,Mailed check,113.95,111.1516129032258
3959,Male,0,No,No,59.0,Yes,No,DSL,No,No,Yes,No,No,Yes,One year,Yes,Bank transfer (automatic),61.35,61.78813559322034
4465,Male,0,No,No,31.0,No,No phone service,DSL,No,No,Yes,No,Yes,Yes,One year,Yes,Electronic check,50.05,49.141935483870974
1475,Female,1,Yes,No,69.0,Yes,Yes,Fiber optic,No,Yes,No,Yes,Yes,Yes,Two year,No,Credit card (automatic),105.4,101.4340579710145
4948,Female,0,No,No,4.0,Yes,No,DSL,No,No,No,No,Yes,No,Month-to-month,No,Credit card (automatic),55.5,56.8375
4509,Female,0,No,No,1.0,Yes,No,Fiber optic,No,Yes,No,No,Yes,No,Month-to-month,No,Electronic check,84.3,84.3
2794,Female,0,No,No,28.0,Yes,No,DSL,Yes,Yes,No,No,No,No,Month-to-month,No,Electronic check,56.05,54.38035714285714
5184,Female,0,Yes,No,68.0,Yes,Yes,Fiber optic,Yes,Yes,No,No,No,No,Two year,Yes,Bank transfer (automatic),84.7,83.9860294117647
921,Male,0,No,No,12.0,Yes,No,No,No internet service,No internet service,No internet service,No internet service,No internet service,No internet service,Month-to-month,No,Mailed check,20.45,21.279166666666665
5240,Female,1,Yes,No,65.0,Yes,No,Fiber optic,No,Yes,Yes,Yes,Yes,Yes,Two year,Yes,Credit card (automatic),105.85,103.46923076923076
5549,Female,0,No,No,3.0,Yes,No,Fiber optic,No,Yes,No,Yes,Yes,Yes,Month-to-month,Yes,Electronic check,97.9,105.10000000000001
1647,Male,0,Yes,Yes,11.0,Yes,No,Fiber optic,No,No,No,No,Yes,No,Month-to-month,Yes,Bank transfer (automatic),79.5,78.95454545454545
3618,Male,0,Yes,Yes,47.0,Yes,Yes,DSL,No,Yes,No,No,No,No,Month-to-month,No,Electronic check,54.25,54.00425531914893
2536,Male,0,No,No,25.0,Yes,Yes,No,No internet service,No internet service,No internet service,No internet service,No internet service,No internet service,One year,No,Bank transfer (automatic),25.3,27.054000000000002
1943,Male,0,No,No,1.0,Yes,Yes,DSL,No,No,No,No,No,No,Month-to-month,Yes,Credit card (automatic),49.8,49.8
1545,Male,0,No,No,63.0,Yes,Yes,Fiber optic,No,Yes,Yes,No,Yes,Yes,Two year,Yes,Bank transfer (automatic),104.75,103.75396825396825
4980,Female,1,Yes,No,22.0,Yes,Yes,No,No internet service,No internet service,No internet service,No internet service,No internet service,No internet service,One year,No,Bank transfer (automatic),25.6,24.94545454545454
452,Male,0,Yes,No,60.0,No,No phone service,DSL,No,Yes,Yes,Yes,Yes,Yes,Month-to-month,Yes,Bank transfer (automatic),60.2,59.70666666666667
4012,Female,0,No,No,1.0,Yes,No,DSL,No,Yes,No,No,No,No,Month-to-month,No,Electronic check,50.55,50.55
2973,Female,0,Yes,Yes,62.0,Yes,No,Fiber optic,No,Yes,Yes,No,Yes,Yes,Month-to-month,Yes,Electronic check,100.15,101.34354838709677
1129,Male,1,No,No,47.0,Yes,Yes,Fiber optic,No,No,No,No,Yes,No,Month-to-month,Yes,Credit card (automatic),86.05,82.2468085106383
5794,Male,1,Yes,No,72.0,Yes,Yes,Fiber optic,No,Yes,Yes,Yes,Yes,Yes,Two year,Yes,Bank transfer (automatic),109.75,110.17361111111111
5322,Female,0,Yes,No,26.0,Yes,No,DSL,No,Yes,Yes,Yes,Yes,Yes,Month-to-month,No,Bank transfer (automatic),81.9,79.94423076923077
3349,Female,0,Yes,No,11.0,Yes,Yes,Fiber optic,No,No,Yes,No,Yes,Yes,Month-to-month,Yes,Electronic check,99.5,96.08636363636364
3409,Female,1,Yes,No,70.0,Yes,Yes,Fiber optic,Yes,Yes,Yes,Yes,Yes,Yes,Two year,Yes,Electronic check,113.65,110.20928571428571
2035,Female,0,No,Yes,43.0,Yes,No,DSL,Yes,Yes,No,No,No,Yes,Month-to-month,Yes,Electronic check,63.95,63.65232558139535
5821,Female,0,Yes,No,69.0,Yes,Yes,No,No internet service,No internet service,No internet service,No internet service,No internet service,No internet service,One year,Yes,Electronic check,26.3,25.558695652173913
1170,Male,0,Yes,Yes,72.0,Yes,Yes,Fiber optic,Yes,Yes,Yes,Yes,Yes,Yes,Two year,Yes,Electronic check,114.0,112.4048611111111
2380,Male,0,Yes,Yes,60.0,Yes,Yes,Fiber optic,No,Yes,No,Yes,Yes,Yes,Month-to-month,Yes,Bank transfer (automatic),103.75,99.49916666666667
6798,Female,0,No,No,13.0,Yes,No,Fiber optic,No,No,No,No,No,No,Month-to-month,Yes,Mailed check,70.15,68.20769230769231
1365,Male,0,Yes,No,59.0,No,No phone service,DSL,No,Yes,No,No,No,Yes,Month-to-month,Yes,Bank transfer (automatic),41.05,41.57118644067796
5919,Male,0,No,No,67.0,Yes,No,DSL,Yes,No,Yes,No,No,Yes,Two year,No,Bank transfer (automatic),65.55,65.09776119402986
2484,Male,0,Yes,Yes,12.0,Yes,No,No,No internet service,No internet service,No internet service,No internet service,No internet service,No internet service,Month-to-month,No,Mailed check,20.5,21.291666666666668
3778,Male,0,No,No,3.0,Yes,Yes,DSL,No,No,No,No,No,No,Month-to-month,No,Bank transfer (automatic),50.4,45.75
4016,Female,0,No,No,1.0,Yes,No,DSL,No,No,No,No,No,No,Month-to-month,No,Mailed check,45.35,45.35
1374,Male,0,Yes,Yes,45.0,Yes,No,DSL,Yes,Yes,Yes,Yes,Yes,Yes,Two year,Yes,Mailed check,84.35,85.73444444444445
6548,Male,0,Yes,Yes,31.0,Yes,No,DSL,No,No,Yes,Yes,No,No,Month-to-month,No,Mailed check,54.35,53.12903225806452
2041,Male,0,No,No,7.0,Yes,No,No,No internet service,No internet service,No internet service,No internet service,No internet service,No internet service,Two year,No,Mailed check,19.45,23.62142857142857
3300,Female,0,Yes,Yes,33.0,Yes,No,No,No internet service,No internet service,No internet service,No internet service,No internet service,No internet service,One year,No,Mailed check,20.1,17.55757575757576
4306,Male,0,Yes,Yes,40.0,Yes,Yes,Fiber optic,Yes,Yes,No,Yes,Yes,Yes,Month-to-month,Yes,Credit card (automatic),110.1,111.7275
774,Male,0,Yes,No,33.0,Yes,No,Fiber optic,No,No,Yes,No,Yes,Yes,One year,Yes,Electronic check,95.8,92.02272727272727
5463,Female,0,Yes,Yes,1.0,Yes,No,DSL,No,No,No,No,No,No,Month-to-month,Yes,Bank transfer (automatic),44.35,44.35
4920,Female,0,Yes,Yes,71.0,Yes,No,No,No internet service,No internet service,No internet service,No internet service,No internet service,No internet service,Two year,No,Bank transfer (automatic),20.1,19.57183098591549
3410,Male,0,No,No,3.0,Yes,No,DSL,No,No,No,No,Yes,No,Month-to-month,No,Credit card (automatic),53.4,62.9
5247,Female,0,No,No,27.0,Yes,Yes,Fiber optic,No,No,No,No,Yes,Yes,Month-to-month,Yes,Mailed check,94.55,100.91111111111111
5289,Female,0,No,No,61.0,Yes,Yes,Fiber optic,Yes,Yes,Yes,Yes,Yes,Yes,One year,Yes,Mailed check,115.1,114.64999999999999
5580,Male,0,No,No,48.0,Yes,No,No,No internet service,No internet service,No internet service,No internet service,No internet service,No internet service,One year,No,Bank transfer (automatic),19.95,20.927083333333332
2838,Female,0,No,No,41.0,Yes,No,No,No internet service,No internet service,No internet service,No internet service,No internet service,No internet service,Two year,No,Mailed check,20.0,19.76341463414634
1625,Female,0,Yes,No,9.0,Yes,No,Fiber optic,No,No,Yes,No,No,No,Month-to-month,Yes,Bank transfer (automatic),75.75,72.87777777777778
569,Female,0,No,No,11.0,No,No phone service,DSL,No,Yes,Yes,Yes,No,No,One year,Yes,Credit card (automatic),40.4,38.41818181818182
1147,Female,0,No,No,3.0,Yes,Yes,DSL,No,No,No,No,Yes,No,Month-to-month,Yes,Electronic check,60.25,56.833333333333336
3779,Male,1,Yes,Yes,66.0,Yes,Yes,DSL,Yes,Yes,Yes,Yes,Yes,No,Two year,No,Credit card (automatic),79.4,78.10000000000001
5258,Male,0,No,No,69.0,Yes,Yes,Fiber optic,No,Yes,No,Yes,Yes,Yes,One year,Yes,Bank transfer (automatic),104.7,104.64275362318841
4717,Male,0,Yes,No,38.0,Yes,Yes,Fiber optic,Yes,No,Yes,Yes,Yes,Yes,One year,Yes,Electronic check,110.7,116.54210526315791
4463,Male,0,No,No,1.0,Yes,No,Fiber optic,No,No,No,No,No,No,Month-to-month,Yes,Electronic check,69.85,69.85
5813,Male,0,Yes,Yes,48.0,Yes,Yes,Fiber optic,Yes,Yes,Yes,Yes,Yes,Yes,Two year,No,Credit card (automatic),111.8,113.409375
2716,Female,0,Yes,No,19.0,Yes,No,DSL,No,No,No,No,No,No,Month-to-month,No,Mailed check,44.9,44.19210526315789
6430,Female,0,Yes,Yes,16.0,Yes,No,No,No internet service,No internet service,No internet service,No internet service,No internet service,No internet service,Month-to-month,No,Mailed check,19.35,17.24375
2996,Female,0,No,No,18.0,Yes,Yes,DSL,Yes,No,Yes,No,No,No,Month-to-month,Yes,Mailed check,60.6,64.24166666666666
2618,Male,0,Yes,Yes,25.0,Yes,No,No,No internet service,No internet service,No internet service,No internet service,No internet service,No internet service,One year,No,Electronic check,19.9,20.218
6359,Male,0,Yes,Yes,55.0,Yes,No,Fiber optic,No,Yes,No,Yes,No,No,Month-to-month,No,Electronic check,79.4,77.06272727272727
723,Male,0,No,No,3.0,Yes,No,DSL,No,No,No,No,No,No,Month-to-month,Yes,Electronic check,45.35,47.166666666666664
4518,Male,1,No,No,8.0,Yes,Yes,Fiber optic,No,No,Yes,No,No,No,Month-to-month,Yes,Electronic check,81.25,73.24375
2656,Female,0,No,No,39.0,Yes,No,DSL,No,No,No,Yes,No,Yes,One year,No,Electronic check,59.3,56.6448717948718
2001,Female,0,No,No,5.0,Yes,No,No,No internet service,No internet service,No internet service,No internet service,No internet service,No internet service,Month-to-month,No,Mailed check,20.15,23.59
4804,Female,0,No,No,61.0,Yes,Yes,Fiber optic,Yes,Yes,Yes,Yes,Yes,Yes,One year,Yes,Electronic check,118.6,120.74918032786886
4924,Female,0,No,No,1.0,No,No phone service,DSL,No,No,No,No,Yes,No,Month-to-month,Yes,Electronic check,35.75,35.75
4575,Male,0,No,No,4.0,Yes,Yes,No,No internet service,No internet service,No internet service,No internet service,No internet service,No internet service,Month-to-month,No,Mailed check,25.25,25.475
923,Female,0,Yes,No,63.0,Yes,Yes,DSL,Yes,Yes,No,No,Yes,Yes,One year,Yes,Credit card (automatic),79.7,75.97063492063492
5182,Male,0,No,No,12.0,Yes,Yes,No,No internet service,No internet service,No internet service,No internet service,No internet service,No internet service,One year,No,Credit card (automatic),24.95,23.366666666666664
6930,Female,0,Yes,No,3.0,Yes,Yes,Fiber optic,No,No,No,No,No,No,Month-to-month,Yes,Credit card (automatic),75.15,72.25
178,Female,0,Yes,Yes,15.0,Yes,Yes,Fiber optic,No,Yes,Yes,No,Yes,Yes,Month-to-month,Yes,Bank transfer (automatic),105.35,103.95
6966,Male,0,No,Yes,50.0,No,No phone service,DSL,Yes,Yes,No,No,Yes,No,One year,Yes,Bank transfer (automatic),43.05,44.161
6205,Male,0,Yes,No,42.0,Yes,Yes,Fiber optic,No,Yes,Yes,No,Yes,No,Month-to-month,Yes,Bank transfer (automatic),95.25,94.2702380952381
1322,Female,0,Yes,No,10.0,Yes,No,No,No internet service,No internet service,No internet service,No internet service,No internet service,No internet service,Month-to-month,Yes,Bank transfer (automatic),19.95,18.775
2106,Male,0,Yes,Yes,55.0,Yes,No,DSL,Yes,No,No,No,No,Yes,One year,No,Credit card (automatic),59.45,57.4
136,Female,0,No,No,23.0,Yes,No,Fiber optic,Yes,No,No,No,No,No,Month-to-month,Yes,Bank transfer (automatic),75.0,77.32608695652173
3588,Male,0,Yes,No,9.0,Yes,Yes,DSL,No,Yes,Yes,No,No,Yes,Month-to-month,Yes,Credit card (automatic),69.05,72.66111111111111
2166,Female,1,Yes,No,59.0,Yes,Yes,Fiber optic,Yes,Yes,Yes,Yes,No,No,One year,Yes,Electronic check,94.05,92.94745762711864
2920,Female,0,Yes,No,72.0,Yes,No,DSL,Yes,Yes,Yes,Yes,Yes,Yes,Two year,No,Mailed check,85.1,85.49166666666666
2238,Female,0,No,No,1.0,Yes,No,Fiber optic,No,No,No,Yes,Yes,Yes,Month-to-month,Yes,Electronic check,95.85,95.85
530,Female,0,Yes,Yes,24.0,Yes,No,No,No internet service,No internet service,No internet service,No internet service,No internet service,No internet service,Two year,Yes,Credit card (automatic),21.1,20.443749999999998
1378,Female,0,Yes,Yes,58.0,Yes,Yes,DSL,No,Yes,No,No,Yes,No,Month-to-month,Yes,Bank transfer (automatic),66.8,68.45517241379311
691,Male,0,Yes,Yes,31.0,Yes,Yes,DSL,Yes,Yes,No,Yes,No,Yes,One year,Yes,Bank transfer (automatic),75.25,75.62903225806451
3520,Female,0,Yes,No,16.0,Yes,No,No,No internet service,No internet service,No internet service,No internet service,No internet service,No internet service,Month-to-month,No,Mailed check,19.6,19.653125
3974,Male,0,Yes,No,37.0,Yes,Yes,DSL,Yes,No,Yes,No,Yes,Yes,One year,No,Mailed check,79.25,78.6972972972973
1210,Male,0,Yes,Yes,17.0,Yes,No,Fiber optic,No,No,No,No,No,No,Month-to-month,Yes,Electronic check,69.0,67.62647058823529
971,Male,0,Yes,No,49.0,Yes,Yes,Fiber optic,Yes,Yes,No,No,Yes,No,Month-to-month,Yes,Bank transfer (automatic),93.85,96.59387755102041
4764,Male,0,No,No,2.0,Yes,No,DSL,No,No,No,No,No,No,Month-to-month,Yes,Electronic check,45.15,49.25
5111,Male,1,No,No,47.0,Yes,No,Fiber optic,Yes,No,No,No,No,Yes,Month-to-month,No,Mailed check,85.5,86.00638297872341
6488,Female,0,No,No,1.0,Yes,No,Fiber optic,No,No,No,No,No,No,Month-to-month,Yes,Electronic check,69.5,69.5
5313,Male,0,Yes,No,56.0,Yes,No,Fiber optic,No,No,No,No,Yes,Yes,Month-to-month,No,Mailed check,89.7,88.44553571428571
5435,Female,0,Yes,Yes,46.0,Yes,No,Fiber optic,No,No,Yes,Yes,No,Yes,One year,No,Bank transfer (automatic),90.95,92.10000000000001
3023,Male,0,Yes,Yes,72.0,Yes,Yes,DSL,Yes,Yes,Yes,Yes,Yes,Yes,Two year,No,Credit card (automatic),89.7,88.04583333333333
4675,Male,0,No,No,43.0,Yes,Yes,Fiber optic,No,No,No,Yes,Yes,Yes,One year,Yes,Electronic check,100.0,97.94302325581396
4062,Female,0,No,No,1.0,Yes,No,Fiber optic,No,No,No,No,No,No,Month-to-month,No,Electronic check,70.5,70.5
4885,Male,1,Yes,No,72.0,Yes,Yes,Fiber optic,No,Yes,Yes,Yes,Yes,Yes,Two year,Yes,Bank transfer (automatic),111.65,111.42847222222223
3191,Male,1,No,No,12.0,No,No phone service,DSL,No,Yes,No,No,No,No,Month-to-month,Yes,Credit card (automatic),29.35,31.766666666666666
6547,Male,1,Yes,No,68.0,No,No phone service,DSL,Yes,Yes,Yes,No,No,No,Two year,Yes,Electronic check,41.95,43.6139705882353
3775,Male,1,No,No,41.0,Yes,Yes,Fiber optic,No,No,Yes,No,Yes,Yes,Month-to-month,Yes,Electronic check,98.4,102.14024390243902
4763,Female,0,Yes,Yes,58.0,Yes,No,Fiber optic,No,Yes,Yes,No,Yes,No,Month-to-month,Yes,Electronic check,91.55,95.02844827586206
2610,Female,0,No,Yes,39.0,No,No phone service,DSL,No,No,Yes,No,No,No,Month-to-month,No,Credit card (automatic),30.1,29.007692307692306
309,Male,0,No,Yes,48.0,Yes,Yes,DSL,Yes,No,Yes,No,Yes,Yes,One year,Yes,Credit card (automatic),78.75,76.71770833333333
4279,Male,0,Yes,Yes,25.0,Yes,Yes,No,No internet service,No internet service,No internet service,No internet service,No internet service,No internet service,Month-to-month,Yes,Bank transfer (automatic),25.4,21.874000000000002
3570,Male,0,Yes,Yes,16.0,Yes,No,No,No internet service,No internet service,No internet service,No internet service,No internet service,No internet service,Two year,No,Mailed check,20.5,18.159375
4404,Male,0,No,No,24.0,Yes,No,Fiber optic,No,Yes,Yes,No,No,Yes,Month-to-month,Yes,Electronic check,89.55,91.13125000000001
5687,Male,0,No,No,43.0,Yes,No,Fiber optic,Yes,Yes,Yes,Yes,No,No,One year,Yes,Credit card (automatic),90.65,90.28604651162792
6256,Female,0,No,No,1.0,No,No phone service,DSL,No,No,No,No,No,Yes,Month-to-month,No,Mailed check,35.05,35.05
1341,Male,0,No,Yes,3.0,Yes,No,DSL,No,No,No,No,Yes,No,Month-to-month,Yes,Credit card (automatic),54.7,56.48333333333333
5763,Female,0,No,No,3.0,Yes,No,Fiber optic,No,No,No,No,No,No,Month-to-month,Yes,Electronic check,70.25,76.56666666666666
6767,Male,0,Yes,No,57.0,Yes,No,DSL,Yes,No,No,Yes,No,No,Month-to-month,No,Electronic check,55.7,55.642105263157895
6814,Female,1,Yes,No,57.0,Yes,Yes,Fiber optic,No,Yes,Yes,No,No,Yes,Month-to-month,No,Credit card (automatic),94.0,95.42017543859649
5436,Female,0,No,Yes,1.0,Yes,No,DSL,Yes,No,No,Yes,No,No,Month-to-month,No,Electronic check,54.5,54.5
3662,Female,0,No,No,9.0,Yes,No,DSL,No,No,No,No,No,No,Month-to-month,No,Electronic check,45.15,46.27222222222222
6626,Male,1,Yes,No,6.0,Yes,No,Fiber optic,No,No,Yes,No,Yes,Yes,Month-to-month,Yes,Electronic check,95.75,95.625
490,Male,0,Yes,Yes,63.0,Yes,Yes,Fiber optic,No,Yes,Yes,No,Yes,Yes,Two year,Yes,Bank transfer (automatic),104.8,104.71825396825396
4321,Female,1,No,No,14.0,Yes,Yes,Fiber optic,No,No,Yes,No,No,No,Month-to-month,Yes,Bank transfer (automatic),80.35,75.57857142857142
3626,Male,0,No,Yes,23.0,Yes,No,DSL,No,Yes,No,Yes,No,No,Month-to-month,Yes,Bank transfer (automatic),55.3,55.834782608695654
2531,Female,0,Yes,No,71.0,Yes,Yes,No,No internet service,No internet service,No internet service,No internet service,No internet service,No internet service,Two year,Yes,Credit card (automatic),24.45,23.68450704225352
1409,Female,0,Yes,Yes,43.0,Yes,Yes,Fiber optic,No,No,Yes,No,No,Yes,Month-to-month,Yes,Bank transfer (automatic),92.55,93.93023255813954
4413,Female,1,No,No,17.0,Yes,No,Fiber optic,No,Yes,Yes,No,Yes,No,Month-to-month,Yes,Electronic check,89.15,88.0529411764706
1569,Female,0,Yes,Yes,15.0,Yes,No,DSL,No,No,No,No,No,No,Month-to-month,No,Electronic check,46.3,42.63
5564,Male,0,No,No,35.0,Yes,Yes,DSL,Yes,No,No,No,No,No,Two year,No,Mailed check,55.25,54.97428571428571
6166,Female,0,Yes,Yes,31.0,Yes,Yes,Fiber optic,No,No,Yes,Yes,Yes,Yes,Month-to-month,Yes,Electronic check,104.2,104.62741935483871
2060,Male,0,Yes,Yes,71.0,Yes,Yes,DSL,Yes,Yes,Yes,Yes,Yes,Yes,Two year,No,Electronic check,90.35,89.08802816901408
397,Female,0,No,No,34.0,Yes,No,Fiber optic,No,Yes,No,No,No,No,Month-to-month,Yes,Credit card (automatic),73.95,74.24852941176471
1603,Female,0,No,No,15.0,Yes,Yes,DSL,Yes,No,No,No,No,Yes,Month-to-month,Yes,Bank transfer (automatic),64.65,66.30333333333333
640,Male,0,Yes,Yes,68.0,Yes,Yes,No,No internet service,No internet service,No internet service,No internet service,No internet service,No internet service,Two year,No,Bank transfer (automatic),25.4,23.826470588235296
3880,Male,0,Yes,Yes,26.0,Yes,Yes,DSL,No,No,Yes,Yes,Yes,Yes,One year,Yes,Credit card (automatic),82.0,80.11923076923077
2462,Male,0,No,Yes,1.0,Yes,No,DSL,Yes,Yes,No,Yes,No,Yes,Month-to-month,Yes,Bank transfer (automatic),70.45,70.45
2583,Female,1,No,No,57.0,Yes,No,DSL,Yes,No,Yes,Yes,Yes,No,Two year,No,Bank transfer (automatic),69.85,70.2280701754386
5779,Female,0,No,No,39.0,Yes,No,Fiber optic,Yes,No,Yes,Yes,Yes,No,One year,Yes,Electronic check,95.55,94.68846153846154
591,Male,0,Yes,Yes,46.0,Yes,Yes,No,No internet service,No internet service,No internet service,No internet service,No internet service,No internet service,One year,No,Electronic check,24.9,25.539130434782606
5973,Male,0,No,No,64.0,Yes,Yes,Fiber optic,No,Yes,Yes,No,Yes,Yes,Two year,Yes,Bank transfer (automatic),104.4,104.57265625
1724,Female,0,Yes,No,3.0,Yes,Yes,Fiber optic,No,No,No,No,Yes,Yes,Month-to-month,No,Electronic check,94.9,91.06666666666666
3937,Female,0,No,No,4.0,Yes,No,No,No internet service,No internet service,No internet service,No internet service,No internet service,No internet service,Month-to-month,Yes,Credit card (automatic),20.15,17.1125
2302,Male,0,Yes,Yes,71.0,Yes,Yes,DSL,Yes,Yes,Yes,Yes,Yes,Yes,Two year,Yes,Mailed check,91.25,92.8112676056338
4775,Female,0,Yes,No,24.0,Yes,No,Fiber optic,No,Yes,Yes,No,Yes,Yes,Month-to-month,Yes,Credit card (automatic),99.3,101.30624999999999
2803,Female,0,No,No,43.0,Yes,No,No,No internet service,No internet service,No internet service,No internet service,No internet service,No internet service,Two year,Yes,Bank transfer (automatic),19.65,18.122093023255815
3530,Female,0,No,No,17.0,Yes,Yes,DSL,No,No,Yes,Yes,Yes,No,Month-to-month,Yes,Mailed check,69.0,65.17647058823529
7015,Male,1,Yes,No,34.0,Yes,No,Fiber optic,No,No,Yes,No,Yes,No,Month-to-month,Yes,Credit card (automatic),85.2,84.54264705882352
289,Male,0,No,No,10.0,Yes,No,DSL,No,No,No,No,No,No,Month-to-month,Yes,Credit card (automatic),44.85,43.54
2271,Female,1,No,No,40.0,Yes,No,Fiber optic,No,No,No,No,Yes,Yes,Month-to-month,Yes,Electronic check,91.55,91.84
4342,Female,1,No,No,52.0,Yes,Yes,DSL,Yes,No,Yes,No,No,No,Two year,No,Bank transfer (automatic),59.85,59.67788461538461
1871,Female,0,Yes,Yes,51.0,Yes,Yes,Fiber optic,Yes,Yes,No,No,No,Yes,Month-to-month,Yes,Electronic check,93.8,89.00686274509805
6714,Male,0,No,No,13.0,Yes,Yes,Fiber optic,No,No,No,Yes,Yes,Yes,Month-to-month,No,Electronic check,100.75,101.01923076923077
443,Female,0,No,Yes,18.0,Yes,Yes,DSL,Yes,No,No,No,No,Yes,Month-to-month,No,Electronic check,64.8,64.81666666666666
6320,Female,0,Yes,Yes,30.0,Yes,No,DSL,No,No,Yes,Yes,Yes,No,One year,Yes,Electronic check,64.5,66.17166666666667
4025,Male,0,No,No,4.0,Yes,No,Fiber optic,No,No,Yes,No,No,No,Month-to-month,Yes,Bank transfer (automatic),74.8,80.475
2864,Male,0,No,No,4.0,Yes,No,DSL,No,Yes,No,Yes,Yes,No,Month-to-month,Yes,Bank transfer (automatic),63.75,56.55
2033,Male,0,No,No,1.0,Yes,No,No,No internet service,No internet service,No internet service,No internet service,No internet service,No internet service,Month-to-month,Yes,Mailed check,20.2,20.2
6045,Female,0,Yes,Yes,38.0,Yes,No,No,No internet service,No internet service,No internet service,No internet service,No internet service,No internet service,One year,No,Credit card (automatic),19.6,20.08157894736842
5930,Female,0,No,No,72.0,Yes,Yes,Fiber optic,Yes,No,No,Yes,No,No,Two year,Yes,Bank transfer (automatic),84.7,85.9048611111111
5695,Female,0,Yes,No,72.0,Yes,Yes,Fiber optic,Yes,No,No,No,No,No,Two year,No,Bank transfer (automatic),80.45,79.6888888888889
6663,Female,0,No,No,1.0,Yes,No,DSL,No,No,No,No,Yes,No,Month-to-month,Yes,Electronic check,54.65,54.65
2182,Male,0,Yes,Yes,56.0,Yes,Yes,Fiber optic,No,No,Yes,Yes,Yes,Yes,Two year,Yes,Electronic check,103.2,104.88839285714286
1498,Male,1,No,No,15.0,Yes,Yes,Fiber optic,No,No,No,No,No,No,Month-to-month,No,Electronic check,75.65,76.44333333333334
5596,Female,0,No,No,65.0,Yes,Yes,No,No internet service,No internet service,No internet service,No internet service,No internet service,No internet service,Two year,No,Bank transfer (automatic),26.5,26.13153846153846
6927,Male,0,Yes,Yes,5.0,Yes,Yes,DSL,Yes,Yes,No,Yes,No,No,Month-to-month,No,Credit card (automatic),64.4,63.379999999999995
914,Male,0,Yes,Yes,72.0,Yes,Yes,No,No internet service,No internet service,No internet service,No internet service,No internet service,No internet service,Two year,Yes,Bank transfer (automatic),25.2,24.984722222222224
6915,Female,0,Yes,No,72.0,Yes,Yes,Fiber optic,No,No,Yes,No,Yes,Yes,Two year,Yes,Electronic check,97.85,95.01805555555556
3605,Male,0,No,No,34.0,Yes,No,DSL,No,Yes,No,No,No,No,Month-to-month,Yes,Electronic check,49.8,51.00588235294118
1499,Male,1,Yes,No,64.0,Yes,Yes,Fiber optic,No,Yes,Yes,No,No,Yes,Month-to-month,Yes,Electronic check,94.25,95.021875
599,Male,0,Yes,No,65.0,Yes,No,No,No internet service,No internet service,No internet service,No internet service,No internet service,No internet service,Two year,Yes,Credit card (automatic),20.4,21.76076923076923
1623,Female,0,No,No,54.0,Yes,Yes,Fiber optic,No,Yes,No,No,Yes,Yes,Two year,Yes,Bank transfer (automatic),97.2,94.9898148148148
6738,Male,0,No,No,1.0,Yes,No,No,No internet service,No internet service,No internet service,No internet service,No internet service,No internet service,Month-to-month,No,Mailed check,20.35,20.35
3095,Male,0,No,No,11.0,Yes,No,Fiber optic,No,No,Yes,No,No,Yes,Month-to-month,No,Electronic check,84.8,80.79545454545455
280,Female,0,No,No,6.0,Yes,No,DSL,Yes,Yes,No,No,No,No,Month-to-month,No,Mailed check,55.15,53.81666666666666
1107,Female,0,Yes,No,69.0,Yes,Yes,No,No internet service,No internet service,No internet service,No internet service,No internet service,No internet service,Two year,No,Bank transfer (automatic),24.25,23.794202898550726
1930,Male,0,No,No,3.0,Yes,No,No,No internet service,No internet service,No internet service,No internet service,No internet service,No internet service,Month-to-month,Yes,Electronic check,20.5,25.650000000000002
2972,Male,0,Yes,Yes,72.0,No,No phone service,DSL,Yes,Yes,Yes,Yes,Yes,Yes,Two year,Yes,Credit card (automatic),65.25,62.206250000000004
3169,Male,0,Yes,Yes,52.0,Yes,No,DSL,No,Yes,Yes,Yes,Yes,No,One year,Yes,Electronic check,68.75,66.97788461538461
6669,Female,1,No,No,35.0,Yes,Yes,Fiber optic,Yes,No,No,No,Yes,Yes,Month-to-month,Yes,Electronic check,99.05,101.56
209,Male,0,Yes,No,64.0,Yes,No,Fiber optic,No,Yes,Yes,Yes,Yes,Yes,One year,Yes,Credit card (automatic),102.45,103.9703125
1353,Male,0,Yes,Yes,66.0,Yes,No,No,No internet service,No internet service,No internet service,No internet service,No internet service,No internet service,One year,Yes,Electronic check,20.35,20.598484848484848
8,Female,0,Yes,No,28.0,Yes,Yes,Fiber optic,No,No,Yes,Yes,Yes,Yes,Month-to-month,Yes,Electronic check,104.8,108.78750000000001
4222,Male,0,No,No,45.0,Yes,No,Fiber optic,Yes,Yes,Yes,Yes,Yes,Yes,One year,No,Credit card (automatic),112.2,111.81888888888889
839,Male,0,No,No,44.0,Yes,No,No,No internet service,No internet service,No internet service,No internet service,No internet service,No internet service,Two year,No,Credit card (automatic),20.4,20.580681818181816
3078,Female,1,No,No,2.0,Yes,Yes,Fiber optic,No,No,No,No,Yes,No,Month-to-month,Yes,Electronic check,85.55,93.725
4816,Female,0,Yes,Yes,55.0,Yes,Yes,DSL,Yes,Yes,No,Yes,Yes,No,One year,Yes,Credit card (automatic),75.0,76.61636363636363
3603,Male,0,No,No,2.0,Yes,No,DSL,No,No,No,No,No,No,Month-to-month,No,Mailed check,45.85,40.5
4397,Female,0,Yes,No,72.0,Yes,Yes,Fiber optic,Yes,Yes,Yes,Yes,Yes,No,Two year,Yes,Bank transfer (automatic),103.95,104.95694444444445
4315,Female,0,No,No,1.0,Yes,No,Fiber optic,No,No,No,No,Yes,No,Month-to-month,No,Electronic check,79.55,79.55
5900,Male,0,Yes,Yes,37.0,No,No phone service,DSL,Yes,Yes,Yes,No,No,No,Month-to-month,No,Bank transfer (automatic),40.2,39.15675675675676
6275,Male,0,No,No,62.0,Yes,Yes,DSL,Yes,Yes,Yes,Yes,No,No,Two year,No,Bank transfer (automatic),69.4,68.34677419354838
1315,Female,0,Yes,Yes,11.0,Yes,No,No,No internet service,No internet service,No internet service,No internet service,No internet service,No internet service,Two year,No,Credit card (automatic),20.9,18.39090909090909
6376,Male,0,No,No,66.0,Yes,No,No,No internet service,No internet service,No internet service,No internet service,No internet service,No internet service,Two year,No,Bank transfer (automatic),19.35,18.8
1864,Female,1,Yes,No,26.0,Yes,No,DSL,No,No,Yes,No,No,Yes,One year,No,Mailed check,60.7,61.43846153846154
2044,Male,0,No,No,7.0,Yes,No,No,No internet service,No internet service,No internet service,No internet service,No internet service,No internet service,One year,No,Mailed check,19.5,18.37142857142857
4677,Male,0,Yes,No,10.0,Yes,No,Fiber optic,No,Yes,No,Yes,Yes,Yes,Month-to-month,Yes,Electronic check,99.85,99.09
2289,Female,0,Yes,Yes,72.0,Yes,Yes,Fiber optic,Yes,No,Yes,Yes,Yes,Yes,Two year,No,Mailed check,107.45,105.23194444444444
3426,Male,0,No,No,1.0,Yes,No,Fiber optic,No,No,No,No,No,No,Month-to-month,Yes,Electronic check,69.8,69.8
1539,Female,0,Yes,Yes,4.0,Yes,No,DSL,Yes,No,No,No,No,No,Month-to-month,No,Electronic check,50.3,54.275
2768,Female,0,No,No,12.0,Yes,No,No,No internet service,No internet service,No internet service,No internet service,No internet service,No internet service,One year,No,Mailed check,19.7,21.741666666666664
1833,Male,0,No,No,1.0,Yes,No,DSL,Yes,No,No,No,No,No,Month-to-month,No,Electronic check,47.95,47.95
4685,Female,0,Yes,No,46.0,Yes,Yes,Fiber optic,No,Yes,Yes,Yes,Yes,Yes,Two year,Yes,Credit card (automatic),108.9,105.52826086956522
1915,Male,0,No,No,24.0,Yes,No,DSL,No,No,No,Yes,No,No,Month-to-month,Yes,Credit card (automatic),51.1,52.9
506,Male,0,No,Yes,11.0,Yes,Yes,Fiber optic,No,No,Yes,No,No,No,Month-to-month,Yes,Mailed check,78.0,77.43636363636364
4945,Male,0,Yes,Yes,20.0,Yes,No,No,No internet service,No internet service,No internet service,No internet service,No internet service,No internet service,Two year,No,Mailed check,20.05,20.0
5434,Male,0,No,Yes,33.0,Yes,Yes,Fiber optic,Yes,No,Yes,No,No,Yes,Month-to-month,Yes,Bank transfer (automatic),95.3,99.2469696969697
3115,Female,0,No,No,13.0,Yes,Yes,Fiber optic,No,Yes,Yes,No,No,No,Month-to-month,Yes,Electronic check,84.45,81.43076923076923
84,Female,0,Yes,No,49.0,Yes,No,No,No internet service,No internet service,No internet service,No internet service,No internet service,No internet service,Two year,Yes,Bank transfer (automatic),20.15,19.864285714285714
1532,Male,0,No,No,14.0,Yes,No,No,No internet service,No internet service,No internet service,No internet service,No internet service,No internet service,Month-to-month,No,Credit card (automatic),19.6,21.457142857142856
4703,Male,1,Yes,No,24.0,Yes,Yes,Fiber optic,Yes,No,No,No,No,No,Month-to-month,Yes,Electronic check,78.85,73.84375
462,Male,0,Yes,Yes,4.0,Yes,Yes,Fiber optic,No,No,Yes,No,Yes,Yes,Month-to-month,No,Electronic check,101.15,96.475
6526,Male,0,No,Yes,49.0,Yes,Yes,Fiber optic,No,No,No,Yes,Yes,Yes,One year,Yes,Bank transfer (automatic),100.6,103.46224489795918
3391,Male,0,No,No,4.0,Yes,No,No,No internet service,No internet service,No internet service,No internet service,No internet service,No internet service,Month-to-month,No,Mailed check,19.0,18.3625
2454,Female,0,No,No,71.0,Yes,Yes,No,No internet service,No internet service,No internet service,No internet service,No internet service,No internet service,Two year,No,Electronic check,24.55,24.213380281690142
5977,Male,0,No,No,57.0,Yes,No,No,No internet service,No internet service,No internet service,No internet service,No internet service,No internet service,Two year,No,Bank transfer (automatic),20.65,19.74736842105263
3506,Male,0,No,No,19.0,Yes,Yes,Fiber optic,Yes,No,Yes,No,No,No,Month-to-month,Yes,Electronic check,84.75,86.94473684210527
1823,Male,0,No,No,19.0,Yes,No,Fiber optic,No,Yes,No,No,No,No,Month-to-month,Yes,Credit card (automatic),73.85,74.97368421052632
5699,Male,0,No,No,15.0,Yes,No,Fiber optic,No,No,Yes,No,Yes,No,Month-to-month,No,Electronic check,85.3,81.32333333333332
5295,Female,1,Yes,No,50.0,Yes,Yes,Fiber optic,Yes,Yes,Yes,No,Yes,Yes,Month-to-month,No,Bank transfer (automatic),108.75,108.63799999999999
2446,Female,0,No,No,18.0,Yes,Yes,Fiber optic,No,Yes,No,No,Yes,No,Month-to-month,Yes,Credit card (automatic),90.0,84.85277777777777
1278,Male,0,Yes,Yes,36.0,No,No phone service,DSL,Yes,No,Yes,Yes,Yes,Yes,One year,No,Credit card (automatic),60.7,62.07083333333334
4339,Male,0,Yes,No,38.0,Yes,Yes,DSL,No,No,Yes,Yes,No,Yes,One year,No,Credit card (automatic),69.0,70.2486842105263
1911,Female,0,Yes,Yes,72.0,Yes,Yes,Fiber optic,Yes,Yes,Yes,Yes,Yes,No,Two year,No,Credit card (automatic),106.1,106.35277777777777
2431,Male,1,No,No,2.0,No,No phone service,DSL,No,No,No,No,No,No,Month-to-month,Yes,Mailed check,24.45,23.75
4219,Female,0,No,No,48.0,Yes,No,Fiber optic,No,Yes,No,No,No,No,One year,No,Electronic check,75.15,78.596875
2703,Female,0,No,No,1.0,Yes,Yes,DSL,No,No,No,No,No,No,Month-to-month,Yes,Mailed check,50.1,50.1
4247,Male,0,Yes,Yes,69.0,Yes,No,Fiber optic,Yes,Yes,No,Yes,Yes,Yes,Two year,Yes,Credit card (automatic),106.35,105.2427536231884
4829,Female,0,No,No,12.0,Yes,No,DSL,No,No,No,No,No,No,Month-to-month,Yes,Bank transfer (automatic),45.0,43.69583333333333
2325,Female,0,Yes,Yes,4.0,Yes,No,No,No internet service,No internet service,No internet service,No internet service,No internet service,No internet service,Month-to-month,Yes,Electronic check,19.95,20.725
4417,Male,0,No,Yes,1.0,Yes,No,Fiber optic,No,No,No,No,No,No,Month-to-month,Yes,Mailed check,70.45,70.45
411,Female,0,Yes,No,46.0,Yes,Yes,No,No internet service,No internet service,No internet service,No internet service,No internet service,No internet service,One year,Yes,Bank transfer (automatic),24.45,23.17717391304348
612,Male,0,No,Yes,66.0,Yes,No,No,No internet service,No internet service,No internet service,No internet service,No internet service,No internet service,Two year,No,Mailed check,20.55,20.562121212121212
6684,Female,0,No,Yes,11.0,No,No phone service,DSL,Yes,No,No,Yes,No,No,One year,Yes,Mailed check,36.05,36.6
372,Male,0,No,Yes,24.0,No,No phone service,DSL,Yes,No,No,Yes,No,No,Two year,No,Mailed check,35.75,34.61666666666667
5254,Male,0,Yes,Yes,70.0,Yes,Yes,Fiber optic,Yes,Yes,Yes,Yes,Yes,Yes,Two year,No,Credit card (automatic),114.75,112.03285714285714
5849,Male,0,Yes,No,63.0,Yes,No,No,No internet service,No internet service,No internet service,No internet service,No internet service,No internet service,Two year,Yes,Bank transfer (automatic),19.95,19.599999999999998
3206,Female,0,No,No,6.0,Yes,No,No,No internet service,No internet service,No internet service,No internet service,No internet service,No internet service,Month-to-month,No,Mailed check,20.0,18.2
2073,Male,0,No,No,14.0,Yes,No,No,No internet service,No internet service,No internet service,No internet service,No internet service,No internet service,Month-to-month,No,Mailed check,19.9,20.267857142857142
5752,Male,0,Yes,Yes,69.0,Yes,Yes,No,No internet service,No internet service,No internet service,No internet service,No internet service,No internet service,Two year,Yes,Bank transfer (automatic),26.0,26.03695652173913
5164,Female,0,No,No,7.0,Yes,Yes,DSL,Yes,No,No,No,No,No,Month-to-month,Yes,Electronic check,53.65,57.76428571428572
4619,Male,0,Yes,No,3.0,Yes,Yes,Fiber optic,No,No,No,Yes,No,No,Month-to-month,Yes,Bank transfer (automatic),79.65,83.91666666666667
1186,Female,0,Yes,No,58.0,Yes,Yes,DSL,Yes,No,No,Yes,No,No,One year,Yes,Bank transfer (automatic),61.05,59.97844827586207
5489,Female,0,No,Yes,11.0,No,No phone service,DSL,No,No,No,No,No,No,Month-to-month,No,Electronic check,25.2,29.186363636363637
2537,Male,0,No,No,72.0,Yes,Yes,Fiber optic,Yes,Yes,Yes,Yes,Yes,Yes,Two year,No,Bank transfer (automatic),113.4,113.39027777777778
824,Female,0,No,No,62.0,Yes,Yes,No,No internet service,No internet service,No internet service,No internet service,No internet service,No internet service,Two year,Yes,Credit card (automatic),25.8,25.225
2698,Male,0,No,No,2.0,Yes,No,No,No internet service,No internet service,No internet service,No internet service,No internet service,No internet service,Month-to-month,No,Mailed check,19.85,25.8
2606,Female,0,No,No,31.0,Yes,Yes,Fiber optic,Yes,Yes,No,No,Yes,Yes,Month-to-month,No,Electronic check,104.35,103.40645161290323
6074,Male,0,Yes,No,1.0,No,No phone service,DSL,No,No,No,No,No,No,Month-to-month,Yes,Electronic check,23.45,23.45
5673,Male,0,No,No,4.0,Yes,No,No,No internet service,No internet service,No internet service,No internet service,No internet service,No internet service,One year,No,Mailed check,19.7,29.45
1876,Male,0,Yes,No,47.0,Yes,Yes,Fiber optic,No,No,No,No,Yes,Yes,One year,Yes,Credit card (automatic),95.2,97.08510638297872
6019,Female,0,No,No,41.0,Yes,Yes,DSL,No,Yes,Yes,No,Yes,Yes,One year,Yes,Electronic check,80.55,79.60731707317073
3414,Female,0,No,No,47.0,No,No phone service,DSL,Yes,No,Yes,Yes,No,No,Two year,No,Mailed check,41.9,39.898936170212764
133,Male,0,No,No,1.0,No,No phone service,DSL,No,No,No,No,No,Yes,Month-to-month,Yes,Electronic check,35.45,35.45
908,Female,0,No,Yes,8.0,Yes,No,No,No internet service,No internet service,No internet service,No internet service,No internet service,No internet service,Month-to-month,No,Mailed check,19.95,21.3625
2520,Female,0,Yes,Yes,34.0,Yes,No,DSL,Yes,Yes,Yes,Yes,Yes,Yes,Two year,No,Mailed check,84.75,83.51323529411764
5496,Male,0,Yes,Yes,43.0,Yes,Yes,No,No internet service,No internet service,No internet service,No internet service,No internet service,No internet service,Two year,No,Mailed check,24.25,25.06860465116279
6823,Female,0,No,No,4.0,Yes,No,DSL,Yes,No,No,No,No,No,Month-to-month,Yes,Bank transfer (automatic),50.55,58.9125
2938,Male,0,Yes,No,53.0,Yes,Yes,Fiber optic,No,Yes,No,Yes,No,Yes,One year,No,Bank transfer (automatic),97.75,95.15471698113207
4316,Male,0,No,No,69.0,Yes,Yes,DSL,Yes,Yes,Yes,Yes,Yes,Yes,Two year,No,Mailed check,90.65,91.62463768115943
6249,Male,0,No,No,3.0,Yes,Yes,Fiber optic,No,No,No,No,No,No,Month-to-month,No,Electronic check,74.5,72.48333333333333
3210,Female,0,Yes,Yes,64.0,Yes,No,DSL,Yes,No,No,Yes,Yes,No,One year,No,Mailed check,65.8,63.5625
2093,Male,0,No,Yes,10.0,Yes,Yes,No,No internet service,No internet service,No internet service,No internet service,No internet service,No internet service,Month-to-month,No,Credit card (automatic),24.8,22.39
5007,Male,0,No,No,25.0,Yes,No,No,No internet service,No internet service,No internet service,No internet service,No internet service,No internet service,Month-to-month,No,Mailed check,20.6,21.66
3423,Male,0,No,Yes,1.0,Yes,No,DSL,Yes,No,No,No,No,No,Month-to-month,No,Mailed check,50.6,50.6
1087,Male,0,No,No,32.0,Yes,Yes,Fiber optic,Yes,No,No,Yes,No,No,Month-to-month,No,Bank transfer (automatic),87.65,86.45
838,Male,0,No,No,36.0,Yes,No,DSL,Yes,No,Yes,Yes,Yes,Yes,Month-to-month,Yes,Credit card (automatic),79.2,79.30416666666666
25,Female,0,No,No,30.0,Yes,No,DSL,Yes,Yes,No,No,No,No,Month-to-month,Yes,Bank transfer (automatic),55.3,51.019999999999996
2780,Female,0,No,No,25.0,Yes,No,DSL,Yes,Yes,Yes,Yes,Yes,No,One year,No,Mailed check,74.3,74.55199999999999
5190,Male,1,Yes,Yes,29.0,Yes,Yes,Fiber optic,No,No,Yes,No,Yes,Yes,Month-to-month,Yes,Electronic check,103.95,102.2344827586207
1405,Female,0,No,No,1.0,Yes,Yes,Fiber optic,No,No,No,No,No,No,Month-to-month,No,Electronic check,76.0,76.0
4519,Female,0,Yes,No,57.0,Yes,Yes,Fiber optic,No,Yes,Yes,Yes,Yes,Yes,One year,Yes,Bank transfer (automatic),109.4,109.69649122807017
1165,Male,0,No,No,25.0,Yes,No,No,No internet service,No internet service,No internet service,No internet service,No internet service,No internet service,One year,No,Credit card (automatic),19.9,20.432000000000002
2379,Male,1,Yes,No,32.0,Yes,Yes,Fiber optic,No,Yes,Yes,No,Yes,Yes,Month-to-month,No,Bank transfer (automatic),106.35,110.0234375
5096,Male,0,Yes,Yes,71.0,Yes,Yes,DSL,Yes,Yes,Yes,Yes,Yes,Yes,Two year,No,Bank transfer (automatic),86.85,88.22253521126761
3290,Female,0,No,No,4.0,No,No phone service,DSL,Yes,No,Yes,No,No,No,Month-to-month,No,Mailed check,35.0,33.9375
6078,Female,0,Yes,No,55.0,Yes,Yes,DSL,Yes,Yes,Yes,Yes,Yes,Yes,One year,Yes,Electronic check,90.15,89.3990909090909
6325,Female,0,Yes,Yes,17.0,Yes,No,Fiber optic,Yes,No,No,Yes,Yes,No,Month-to-month,No,Electronic check,91.85,92.61470588235295
1270,Male,0,Yes,Yes,63.0,Yes,Yes,No,No internet service,No internet service,No internet service,No internet service,No internet service,No internet service,Two year,No,Credit card (automatic),24.65,24.99206349206349
2781,Male,1,No,No,7.0,No,No phone service,DSL,No,Yes,No,Yes,No,Yes,Month-to-month,Yes,Electronic check,44.4,37.971428571428575
4610,Male,0,Yes,No,72.0,Yes,Yes,Fiber optic,Yes,Yes,Yes,Yes,Yes,Yes,One year,Yes,Bank transfer (automatic),117.8,120.6222222222222
1257,Female,1,No,No,45.0,No,No phone service,DSL,No,No,No,No,No,Yes,One year,No,Electronic check,34.2,35.48
5354,Female,0,No,Yes,1.0,Yes,No,Fiber optic,No,No,No,No,Yes,Yes,Month-to-month,Yes,Electronic check,89.35,89.35
2450,Female,0,Yes,Yes,72.0,Yes,Yes,Fiber optic,Yes,No,Yes,Yes,Yes,Yes,Two year,Yes,Bank transfer (automatic),110.45,111.92847222222223
3795,Male,0,No,No,12.0,Yes,No,Fiber optic,No,No,No,No,Yes,No,Month-to-month,Yes,Electronic check,81.45,76.0
5188,Male,1,Yes,No,30.0,Yes,Yes,Fiber optic,No,No,No,Yes,Yes,Yes,Month-to-month,Yes,Electronic check,101.5,97.25500000000001
3820,Male,1,Yes,No,72.0,Yes,Yes,Fiber optic,Yes,Yes,Yes,Yes,Yes,Yes,Month-to-month,Yes,Credit card (automatic),112.9,111.96527777777777
3035,Female,1,Yes,No,25.0,Yes,No,Fiber optic,No,No,No,No,No,No,Month-to-month,Yes,Electronic check,69.3,72.524
119,Male,0,Yes,Yes,27.0,Yes,Yes,Fiber optic,No,Yes,No,Yes,No,No,Month-to-month,Yes,Credit card (automatic),85.2,79.68888888888888
6216,Male,0,Yes,Yes,58.0,Yes,Yes,DSL,Yes,Yes,Yes,Yes,No,No,Two year,No,Credit card (automatic),71.6,72.9353448275862
1335,Male,0,No,No,2.0,Yes,No,DSL,No,No,No,No,No,No,Month-to-month,Yes,Mailed check,45.0,48.225
5820,Male,0,Yes,No,60.0,Yes,No,DSL,Yes,No,No,No,Yes,No,One year,Yes,Mailed check,59.8,59.3525
4116,Female,0,Yes,Yes,20.0,Yes,No,No,No internet service,No internet service,No internet service,No internet service,No internet service,No internet service,One year,No,Bank transfer (automatic),19.7,19.78
6410,Female,1,No,No,63.0,Yes,Yes,DSL,Yes,Yes,Yes,Yes,Yes,No,One year,No,Bank transfer (automatic),83.0,83.22301587301588
6766,Male,0,Yes,Yes,14.0,Yes,No,No,No internet service,No internet service,No internet service,No internet service,No internet service,No internet service,One year,No,Mailed check,19.75,22.09642857142857
2676,Female,0,No,No,29.0,Yes,No,No,No internet service,No internet service,No internet service,No internet service,No internet service,No internet service,One year,No,Mailed check,20.35,21.28793103448276
3746,Female,0,Yes,No,1.0,Yes,No,Fiber optic,No,No,No,No,No,No,Month-to-month,Yes,Electronic check,68.95,68.95
6844,Male,0,No,No,29.0,Yes,No,Fiber optic,No,Yes,No,Yes,Yes,No,Month-to-month,No,Mailed check,89.65,90.47068965517242
5516,Male,0,No,No,4.0,Yes,Yes,DSL,No,No,No,No,No,No,Month-to-month,No,Credit card (automatic),51.75,50.275
1306,Female,0,No,No,70.0,Yes,Yes,Fiber optic,Yes,Yes,Yes,Yes,Yes,Yes,One year,No,Credit card (automatic),115.55,116.10857142857144
6893,Female,0,Yes,Yes,6.0,Yes,No,DSL,Yes,Yes,No,No,No,No,Month-to-month,No,Credit card (automatic),55.9,60.89166666666667
4618,Male,1,No,No,4.0,Yes,No,Fiber optic,No,No,Yes,No,Yes,Yes,Month-to-month,Yes,Electronic check,94.75,105.6
4244,Male,0,Yes,Yes,46.0,Yes,No,No,No internet service,No internet service,No internet service,No internet service,No internet service,No internet service,Two year,No,Credit card (automatic),19.75,18.619565217391305
5228,Male,0,No,No,9.0,Yes,No,DSL,No,No,No,No,No,No,Month-to-month,Yes,Mailed check,44.4,38.68333333333333
5724,Male,0,No,No,1.0,Yes,No,Fiber optic,No,No,No,No,No,No,Month-to-month,Yes,Mailed check,71.35,71.35
3164,Male,0,No,No,31.0,Yes,No,Fiber optic,No,Yes,Yes,No,Yes,Yes,Month-to-month,Yes,Electronic check,101.4,101.40806451612903
3495,Male,1,No,No,1.0,Yes,Yes,Fiber optic,No,No,No,No,No,No,Month-to-month,Yes,Electronic check,75.35,75.35
4285,Male,0,Yes,Yes,45.0,Yes,Yes,DSL,Yes,Yes,No,Yes,Yes,No,Two year,No,Credit card (automatic),73.85,74.91111111111111
5626,Female,0,No,No,11.0,Yes,No,DSL,Yes,No,Yes,No,No,Yes,Month-to-month,No,Bank transfer (automatic),64.05,66.72272727272728
1524,Female,0,No,No,63.0,Yes,Yes,Fiber optic,No,Yes,Yes,Yes,Yes,Yes,Month-to-month,Yes,Credit card (automatic),109.85,111.15793650793651
1317,Female,0,No,No,3.0,Yes,Yes,No,No internet service,No internet service,No internet service,No internet service,No internet service,No internet service,Month-to-month,No,Mailed check,24.6,28.78333333333333
158,Male,0,Yes,Yes,16.0,Yes,No,DSL,Yes,No,Yes,No,Yes,No,Two year,No,Mailed check,64.25,64.0
2196,Female,0,Yes,Yes,19.0,Yes,No,No,No internet service,No internet service,No internet service,No internet service,No internet service,No internet service,Month-to-month,No,Mailed check,20.2,20.11578947368421
2621,Male,0,Yes,No,71.0,Yes,No,DSL,No,Yes,Yes,Yes,Yes,Yes,Two year,Yes,Credit card (automatic),79.1,78.3781690140845
379,Male,0,No,No,17.0,Yes,Yes,Fiber optic,No,No,Yes,Yes,No,No,One year,No,Electronic check,86.75,82.95588235294117
3929,Male,0,Yes,Yes,50.0,Yes,No,DSL,No,No,No,No,No,No,One year,Yes,Bank transfer (automatic),44.8,44.617
3435,Male,0,No,No,2.0,Yes,No,Fiber optic,No,No,No,No,No,No,Month-to-month,Yes,Credit card (automatic),71.3,78.875
1613,Male,0,No,No,34.0,Yes,No,No,No internet service,No internet service,No internet service,No internet service,No internet service,No internet service,Month-to-month,No,Mailed check,19.7,19.870588235294118
3891,Male,0,Yes,No,42.0,Yes,Yes,DSL,Yes,No,No,No,No,No,One year,No,Credit card (automatic),56.1,56.8297619047619
2757,Female,0,Yes,Yes,69.0,Yes,Yes,Fiber optic,Yes,No,Yes,No,No,No,One year,No,Bank transfer (automatic),84.45,84.76231884057971
7026,Female,0,No,No,9.0,Yes,No,DSL,No,No,No,No,No,No,Month-to-month,Yes,Bank transfer (automatic),44.2,44.81666666666667
5387,Male,0,No,No,4.0,No,No phone service,DSL,No,No,No,Yes,No,No,Month-to-month,No,Electronic check,30.5,29.6
442,Female,0,Yes,No,54.0,Yes,Yes,Fiber optic,Yes,Yes,Yes,Yes,Yes,Yes,One year,Yes,Mailed check,114.65,112.02777777777777
2112,Female,0,No,No,33.0,Yes,Yes,DSL,Yes,No,No,Yes,No,No,One year,No,Electronic check,59.4,59.17575757575757
3782,Female,0,No,Yes,12.0,Yes,Yes,Fiber optic,No,No,No,No,Yes,No,Month-to-month,Yes,Electronic check,84.05,80.54583333333333
2389,Male,0,Yes,Yes,71.0,Yes,Yes,DSL,Yes,No,Yes,Yes,Yes,Yes,One year,No,Electronic check,85.45,88.7443661971831
3221,Male,0,No,No,3.0,No,No phone service,DSL,No,No,No,Yes,No,No,Month-to-month,Yes,Electronic check,29.75,32.28333333333333
2598,Female,0,No,No,7.0,Yes,No,Fiber optic,No,No,Yes,No,No,No,Month-to-month,Yes,Electronic check,75.15,75.0
5421,Female,0,No,No,38.0,Yes,No,No,No internet service,No internet service,No internet service,No internet service,No internet service,No internet service,Two year,No,Mailed check,20.05,19.513157894736842
4731,Male,0,Yes,Yes,19.0,Yes,No,No,No internet service,No internet service,No internet service,No internet service,No internet service,No internet service,One year,No,Mailed check,19.9,18.826315789473682
4044,Female,0,Yes,No,70.0,Yes,Yes,DSL,No,Yes,Yes,Yes,Yes,Yes,Two year,Yes,Bank transfer (automatic),84.8,84.53642857142857
1789,Male,0,Yes,No,54.0,No,No phone service,DSL,No,Yes,No,No,No,No,Month-to-month,No,Electronic check,30.4,30.025
1582,Female,0,Yes,Yes,56.0,Yes,Yes,DSL,Yes,No,No,No,Yes,No,One year,No,Bank transfer (automatic),65.2,62.71696428571429
706,Female,0,No,No,65.0,Yes,No,DSL,Yes,Yes,No,Yes,No,No,Two year,Yes,Mailed check,59.6,57.535384615384615
5070,Male,0,No,Yes,35.0,Yes,No,Fiber optic,No,No,Yes,No,Yes,No,One year,Yes,Electronic check,85.15,86.58857142857143
536,Female,0,Yes,No,63.0,Yes,Yes,Fiber optic,No,Yes,No,No,No,No,Month-to-month,Yes,Bank transfer (automatic),81.55,79.82619047619048
6042,Female,1,Yes,No,37.0,Yes,No,No,No internet service,No internet service,No internet service,No internet service,No internet service,No internet service,One year,No,Mailed check,19.6,19.67027027027027
4214,Male,0,No,No,4.0,Yes,Yes,Fiber optic,No,Yes,No,No,No,Yes,Month-to-month,Yes,Electronic check,90.05,92.025
1799,Female,0,No,No,10.0,Yes,Yes,Fiber optic,Yes,No,No,No,Yes,Yes,Month-to-month,Yes,Electronic check,98.7,97.325
2366,Female,1,No,No,1.0,Yes,No,Fiber optic,No,No,No,No,No,No,Month-to-month,Yes,Electronic check,70.15,70.15
5555,Female,0,Yes,Yes,70.0,Yes,No,No,No internet service,No internet service,No internet service,No internet service,No internet service,No internet service,Two year,No,Bank transfer (automatic),19.8,19.696428571428573
4814,Female,0,No,No,22.0,Yes,Yes,Fiber optic,No,No,No,Yes,Yes,No,Month-to-month,Yes,Electronic check,90.0,90.62727272727273
1907,Female,0,No,No,7.0,Yes,No,DSL,Yes,Yes,No,Yes,Yes,Yes,Month-to-month,Yes,Electronic check,78.5,81.57857142857142
4878,Male,0,Yes,No,31.0,Yes,Yes,DSL,No,No,No,No,Yes,No,Month-to-month,Yes,Credit card (automatic),59.05,60.73548387096774
4729,Female,0,Yes,Yes,69.0,No,No phone service,DSL,No,Yes,Yes,No,Yes,Yes,Two year,Yes,Credit card (automatic),54.95,54.67391304347826
3642,Female,1,No,No,30.0,Yes,Yes,Fiber optic,No,Yes,Yes,No,Yes,Yes,Month-to-month,Yes,Electronic check,104.1,104.03666666666666
2940,Male,1,No,No,53.0,No,No phone service,DSL,No,Yes,Yes,No,Yes,Yes,Month-to-month,Yes,Electronic check,54.45,53.859433962264156
2283,Male,0,No,No,1.0,Yes,No,Fiber optic,No,No,No,No,No,No,Month-to-month,Yes,Mailed check,71.55,71.55
4583,Female,0,Yes,No,71.0,Yes,Yes,DSL,Yes,Yes,Yes,Yes,Yes,Yes,Two year,No,Electronic check,90.1,88.88591549295774
2809,Male,1,No,No,37.0,No,No phone service,DSL,No,Yes,Yes,No,No,No,Month-to-month,No,Electronic check,36.65,35.54054054054054
6255,Male,1,Yes,No,69.0,Yes,Yes,Fiber optic,Yes,No,Yes,Yes,Yes,Yes,One year,Yes,Mailed check,110.55,110.2913043478261
5962,Male,0,Yes,No,16.0,Yes,No,Fiber optic,Yes,Yes,No,No,No,No,Month-to-month,No,Bank transfer (automatic),80.75,82.58125
5638,Male,0,No,No,1.0,Yes,No,No,No internet service,No internet service,No internet service,No internet service,No internet service,No internet service,Month-to-month,No,Electronic check,19.95,19.95
3705,Female,0,Yes,Yes,69.0,Yes,Yes,DSL,Yes,No,No,Yes,No,No,Two year,No,Credit card (automatic),61.4,58.83840579710145
818,Male,0,Yes,No,21.0,Yes,Yes,Fiber optic,No,Yes,Yes,Yes,Yes,Yes,Month-to-month,Yes,Electronic check,111.2,110.33809523809524
511,Male,0,No,No,61.0,Yes,Yes,Fiber optic,Yes,No,Yes,No,Yes,Yes,Month-to-month,Yes,Electronic check,106.45,103.2811475409836
6606,Female,0,Yes,No,38.0,Yes,Yes,Fiber optic,No,No,Yes,Yes,Yes,Yes,Month-to-month,Yes,Electronic check,105.0,105.9578947368421
5336,Male,0,No,No,1.0,Yes,No,No,No internet service,No internet service,No internet service,No internet service,No internet service,No internet service,Month-to-month,No,Mailed check,19.1,19.1
1796,Female,0,Yes,No,23.0,Yes,Yes,DSL,No,No,No,Yes,Yes,Yes,Month-to-month,Yes,Credit card (automatic),73.65,71.42391304347827
2682,Male,0,No,No,4.0,Yes,Yes,DSL,No,No,No,No,No,No,Month-to-month,No,Mailed check,50.4,51.65
6517,Female,0,Yes,Yes,6.0,Yes,No,DSL,No,No,No,No,Yes,No,Month-to-month,No,Electronic check,54.85,59.18333333333334
6475,Female,0,No,Yes,19.0,Yes,Yes,DSL,Yes,Yes,No,Yes,Yes,No,Month-to-month,Yes,Mailed check,75.9,72.39999999999999
1222,Male,0,Yes,Yes,64.0,Yes,No,DSL,Yes,No,Yes,Yes,Yes,No,Two year,No,Mailed check,69.25,69.49609375
1217,Male,0,Yes,No,62.0,Yes,Yes,No,No internet service,No internet service,No internet service,No internet service,No internet service,No internet service,One year,Yes,Credit card (automatic),23.75,23.335483870967742
3272,Male,0,No,No,1.0,Yes,Yes,Fiber optic,Yes,No,No,No,No,No,Month-to-month,Yes,Electronic check,81.7,81.7
6943,Female,0,Yes,Yes,1.0,No,No phone service,DSL,Yes,No,No,No,No,No,Month-to-month,No,Bank transfer (automatic),30.5,30.5
2712,Male,0,No,No,8.0,No,No phone service,DSL,Yes,No,No,No,No,No,Month-to-month,No,Mailed check,29.35,27.05625
2267,Female,0,Yes,No,72.0,Yes,Yes,Fiber optic,Yes,Yes,Yes,Yes,Yes,Yes,Two year,Yes,Credit card (automatic),113.65,112.83611111111111
6512,Male,0,No,No,11.0,Yes,No,DSL,No,Yes,Yes,Yes,No,No,Month-to-month,Yes,Electronic check,60.9,62.59090909090909
5124,Female,0,Yes,Yes,25.0,Yes,No,No,No internet service,No internet service,No internet service,No internet service,No internet service,No internet service,Two year,No,Mailed check,20.1,19.442
3615,Male,1,Yes,Yes,26.0,Yes,Yes,Fiber optic,No,Yes,Yes,No,Yes,Yes,Month-to-month,No,Electronic check,105.75,104.24038461538461
4962,Female,0,Yes,Yes,17.0,Yes,No,DSL,Yes,Yes,No,No,Yes,Yes,Month-to-month,No,Mailed check,74.55,71.51764705882353
5856,Female,0,No,No,11.0,Yes,No,DSL,No,No,No,No,No,No,Month-to-month,Yes,Mailed check,44.65,42.93181818181818
854,Female,0,No,No,68.0,Yes,No,No,No internet service,No internet service,No internet service,No internet service,No internet service,No internet service,Two year,No,Credit card (automatic),20.5,20.954411764705885
197,Male,0,No,No,59.0,Yes,Yes,Fiber optic,No,Yes,Yes,Yes,Yes,Yes,Month-to-month,Yes,Electronic check,111.35,110.5042372881356
2433,Male,0,No,No,9.0,No,No phone service,DSL,Yes,No,Yes,Yes,No,Yes,One year,No,Mailed check,50.8,51.51111111111111
5136,Male,1,No,No,2.0,Yes,Yes,Fiber optic,No,No,No,No,No,No,Month-to-month,Yes,Mailed check,72.6,77.15
2642,Female,0,Yes,No,47.0,Yes,No,Fiber optic,No,No,Yes,No,No,Yes,Month-to-month,Yes,Electronic check,85.3,86.07765957446809
398,Male,1,No,No,33.0,No,No phone service,DSL,No,No,Yes,Yes,Yes,Yes,Month-to-month,Yes,Electronic check,54.6,54.657575757575756
2186,Male,0,Yes,Yes,46.0,Yes,No,No,No internet service,No internet service,No internet service,No internet service,No internet service,No internet service,Two year,No,Credit card (automatic),19.95,18.747826086956522
6935,Female,0,Yes,Yes,65.0,Yes,Yes,Fiber optic,No,Yes,Yes,Yes,Yes,Yes,Two year,Yes,Credit card (automatic),110.8,111.47538461538461
2090,Female,0,Yes,Yes,48.0,No,No phone service,DSL,No,No,No,Yes,No,No,Month-to-month,Yes,Credit card (automatic),29.5,29.646874999999998
210,Male,0,No,No,2.0,Yes,No,DSL,No,No,No,No,No,No,Month-to-month,Yes,Credit card (automatic),46.0,42.25
651,Female,0,No,No,1.0,Yes,No,Fiber optic,No,No,Yes,No,No,No,Month-to-month,Yes,Mailed check,74.6,74.6
2272,Male,0,No,Yes,1.0,Yes,No,DSL,No,No,Yes,No,No,No,Month-to-month,Yes,Electronic check,49.85,49.85
918,Female,0,No,No,26.0,Yes,Yes,Fiber optic,No,No,Yes,No,No,No,Month-to-month,Yes,Electronic check,80.7,84.34615384615384
169,Female,0,Yes,Yes,16.0,Yes,No,No,No internet service,No internet service,No internet service,No internet service,No internet service,No internet service,Month-to-month,No,Electronic check,20.4,20.0875
4699,Female,0,Yes,No,49.0,Yes,Yes,Fiber optic,Yes,Yes,Yes,Yes,No,Yes,Two year,No,Credit card (automatic),106.65,105.59897959183674
3037,Male,0,No,No,32.0,Yes,No,No,No internet service,No internet service,No internet service,No internet service,No internet service,No internet service,One year,No,Credit card (automatic),20.35,22.109375
1048,Male,0,No,No,29.0,Yes,No,No,No internet service,No internet service,No internet service,No internet service,No internet service,No internet service,One year,Yes,Mailed check,19.8,19.731034482758623
3080,Male,0,No,No,2.0,No,No phone service,DSL,No,No,No,No,No,No,Month-to-month,No,Mailed check,24.3,19.225
4688,Female,1,Yes,No,70.0,Yes,Yes,Fiber optic,Yes,No,No,No,No,Yes,Month-to-month,Yes,Electronic check,90.85,92.43
6759,Male,1,Yes,No,51.0,Yes,Yes,Fiber optic,Yes,No,Yes,No,No,Yes,One year,Yes,Bank transfer (automatic),93.65,94.88529411764705
7031,Male,1,Yes,No,55.0,Yes,Yes,DSL,Yes,Yes,No,No,No,No,One year,No,Credit card (automatic),60.0,60.29272727272727
3562,Male,1,No,No,5.0,Yes,Yes,Fiber optic,No,Yes,No,No,No,Yes,Month-to-month,Yes,Electronic check,89.8,100.52000000000001
3120,Female,0,Yes,No,69.0,Yes,Yes,No,No internet service,No internet service,No internet service,No internet service,No internet service,No internet service,Two year,Yes,Credit card (automatic),24.95,24.903623188405795
1951,Male,0,Yes,No,14.0,Yes,No,DSL,No,No,Yes,No,No,No,Month-to-month,No,Credit card (automatic),50.2,47.775
3345,Female,0,Yes,No,72.0,Yes,Yes,Fiber optic,No,Yes,Yes,No,Yes,Yes,One year,Yes,Electronic check,101.35,101.71041666666666
3096,Female,0,Yes,No,71.0,No,No phone service,DSL,No,Yes,Yes,Yes,Yes,Yes,Two year,Yes,Credit card (automatic),61.4,60.70915492957747
5574,Female,0,No,No,41.0,Yes,No,No,No internet service,No internet service,No internet service,No internet service,No internet service,No internet service,Month-to-month,No,Electronic check,20.45,18.917073170731708
5176,Female,0,No,Yes,26.0,No,No phone service,DSL,Yes,No,No,Yes,No,Yes,Month-to-month,No,Mailed check,45.8,44.11538461538461
1675,Female,0,No,No,29.0,Yes,No,Fiber optic,No,No,No,No,Yes,No,Month-to-month,Yes,Electronic check,78.9,82.21206896551725
5061,Female,1,Yes,Yes,55.0,Yes,Yes,DSL,Yes,No,Yes,Yes,Yes,No,One year,No,Electronic check,76.25,75.53727272727274
1020,Female,0,Yes,Yes,39.0,Yes,No,DSL,Yes,No,No,No,No,No,Month-to-month,No,Credit card (automatic),51.05,52.97435897435897
5063,Male,0,No,No,21.0,Yes,Yes,Fiber optic,No,Yes,No,No,No,No,Month-to-month,Yes,Electronic check,82.35,88.23095238095237
5216,Female,0,Yes,No,48.0,No,No phone service,DSL,No,Yes,Yes,No,No,No,One year,No,Mailed check,34.7,33.427083333333336
5290,Female,0,Yes,Yes,71.0,No,No phone service,DSL,Yes,Yes,No,Yes,Yes,Yes,Two year,No,Bank transfer (automatic),59.7,58.06549295774647
1140,Female,0,No,Yes,13.0,Yes,Yes,DSL,Yes,Yes,Yes,Yes,Yes,Yes,Two year,No,Credit card (automatic),88.95,89.36538461538461
5563,Female,0,No,No,4.0,Yes,No,No,No internet service,No internet service,No internet service,No internet service,No internet service,No internet service,Month-to-month,No,Mailed check,20.15,21.125
2540,Female,0,No,No,70.0,Yes,Yes,Fiber optic,Yes,Yes,Yes,Yes,Yes,Yes,Two year,Yes,Credit card (automatic),111.95,111.37071428571429
5946,Female,0,No,No,42.0,Yes,No,DSL,Yes,Yes,Yes,Yes,No,Yes,One year,No,Credit card (automatic),73.9,75.25119047619049
4617,Female,0,No,No,2.0,Yes,No,No,No internet service,No internet service,No internet service,No internet service,No internet service,No internet service,Month-to-month,Yes,Bank transfer (automatic),20.7,19.925
2605,Female,0,No,No,13.0,Yes,No,No,No internet service,No internet service,No internet service,No internet service,No internet service,No internet service,Two year,Yes,Mailed check,20.4,20.1
4990,Female,0,Yes,Yes,6.0,Yes,No,DSL,No,No,No,No,No,No,Month-to-month,No,Mailed check,45.5,47.53333333333333
4789,Female,0,No,No,1.0,Yes,No,Fiber optic,No,No,No,No,No,No,Month-to-month,No,Mailed check,71.1,71.1
1642,Female,0,Yes,No,29.0,Yes,No,No,No internet service,No internet service,No internet service,No internet service,No internet service,No internet service,Month-to-month,No,Mailed check,19.85,19.760344827586206
3575,Male,0,No,No,59.0,No,No phone service,DSL,No,No,No,Yes,Yes,Yes,Month-to-month,Yes,Electronic check,51.7,50.94576271186441
4612,Female,0,No,Yes,65.0,No,No phone service,DSL,No,Yes,No,Yes,Yes,No,Two year,No,Mailed check,45.25,45.137692307692305
589,Male,0,Yes,Yes,71.0,Yes,Yes,DSL,Yes,Yes,Yes,Yes,Yes,Yes,Two year,No,Electronic check,90.4,93.91619718309859
689,Male,0,No,No,51.0,Yes,Yes,Fiber optic,No,No,No,No,No,Yes,Month-to-month,No,Bank transfer (automatic),83.4,81.36176470588235
5104,Female,0,Yes,No,18.0,Yes,No,No,No internet service,No internet service,No internet service,No internet service,No internet service,No internet service,Two year,No,Mailed check,20.1,20.583333333333332
4071,Female,0,No,No,16.0,No,No phone service,DSL,Yes,No,No,No,Yes,No,Month-to-month,Yes,Electronic check,38.9,41.525
4807,Female,0,No,Yes,34.0,Yes,Yes,Fiber optic,Yes,Yes,Yes,Yes,Yes,Yes,Two year,Yes,Credit card (automatic),116.15,116.08529411764707
5800,Female,0,No,No,17.0,Yes,Yes,Fiber optic,No,No,Yes,No,No,No,Month-to-month,No,Bank transfer (automatic),80.05,79.15588235294118
5829,Male,0,Yes,Yes,31.0,No,No phone service,DSL,Yes,No,Yes,Yes,Yes,Yes,One year,No,Electronic check,59.95,59.63870967741936
3558,Male,0,Yes,Yes,28.0,Yes,Yes,Fiber optic,No,No,No,No,Yes,Yes,One year,No,Bank transfer (automatic),92.2,91.71964285714286
4890,Male,0,Yes,Yes,53.0,Yes,No,Fiber optic,No,Yes,No,Yes,Yes,No,Month-to-month,Yes,Electronic check,92.55,90.17830188679245
878,Female,0,No,No,60.0,Yes,Yes,DSL,Yes,No,Yes,Yes,No,No,One year,No,Electronic check,64.75,67.325
3029,Male,0,Yes,Yes,23.0,Yes,Yes,DSL,No,No,No,No,No,No,One year,Yes,Credit card (automatic),48.35,46.39782608695653
2534,Male,0,Yes,No,69.0,Yes,Yes,Fiber optic,Yes,Yes,Yes,Yes,No,Yes,One year,Yes,Credit card (automatic),107.2,106.0449275362319
5464,Male,0,No,No,25.0,Yes,No,No,No internet service,No internet service,No internet service,No internet service,No internet service,No internet service,Two year,Yes,Mailed check,20.75,19.976
2836,Male,0,No,No,49.0,Yes,Yes,Fiber optic,No,Yes,No,No,Yes,Yes,Month-to-month,No,Electronic check,98.7,100.41938775510205
6819,Male,1,No,No,55.0,Yes,Yes,Fiber optic,Yes,No,No,No,Yes,Yes,Month-to-month,Yes,Electronic check,98.8,102.14090909090909
5036,Female,1,Yes,No,16.0,Yes,Yes,Fiber optic,No,No,No,No,No,Yes,Month-to-month,Yes,Credit card (automatic),85.35,85.946875
5847,Female,0,No,No,62.0,Yes,Yes,Fiber optic,No,No,No,No,Yes,Yes,One year,Yes,Bank transfer (automatic),94.0,92.85806451612903
6507,Female,0,Yes,Yes,58.0,Yes,Yes,Fiber optic,Yes,Yes,No,No,No,Yes,Month-to-month,Yes,Bank transfer (automatic),93.4,93.71724137931035
2051,Female,0,Yes,Yes,69.0,Yes,No,No,No internet service,No internet service,No internet service,No internet service,No internet service,No internet service,Two year,No,Mailed check,19.4,19.51014492753623
5644,Male,0,Yes,No,1.0,Yes,No,Fiber optic,No,No,Yes,No,No,No,Month-to-month,No,Electronic check,76.2,76.2
1649,Female,0,No,No,27.0,Yes,No,DSL,No,Yes,No,Yes,No,No,Month-to-month,Yes,Mailed check,56.15,53.30925925925926
5713,Male,1,No,No,49.0,Yes,Yes,DSL,Yes,Yes,Yes,Yes,No,Yes,Two year,No,Credit card (automatic),81.35,82.87551020408164
4138,Female,0,No,No,1.0,Yes,No,Fiber optic,No,No,Yes,No,Yes,No,Month-to-month,Yes,Electronic check,85.45,85.45
3269,Male,0,No,No,65.0,Yes,Yes,No,No internet service,No internet service,No internet service,No internet service,No internet service,No internet service,One year,No,Credit card (automatic),24.8,24.63
5630,Female,0,No,No,39.0,Yes,Yes,Fiber optic,No,Yes,Yes,No,Yes,Yes,Month-to-month,Yes,Electronic check,103.45,102.42179487179487
4125,Male,0,Yes,No,43.0,Yes,No,Fiber optic,Yes,Yes,Yes,No,No,No,Month-to-month,Yes,Credit card (automatic),86.1,82.59651162790698
4027,Female,0,Yes,No,20.0,No,No phone service,DSL,No,No,No,No,No,No,Month-to-month,Yes,Electronic check,24.45,24.14
3353,Male,0,Yes,No,12.0,Yes,No,Fiber optic,No,Yes,No,No,No,Yes,Month-to-month,Yes,Credit card (automatic),85.05,83.31666666666666
460,Male,0,No,Yes,6.0,Yes,No,No,No internet service,No internet service,No internet service,No internet service,No internet service,No internet service,Month-to-month,No,Mailed check,19.65,16.816666666666666
3199,Female,0,No,No,68.0,Yes,Yes,No,No internet service,No internet service,No internet service,No internet service,No internet service,No internet service,Two year,No,Bank transfer (automatic),25.5,26.791176470588233
2332,Female,0,Yes,No,47.0,Yes,No,DSL,Yes,No,Yes,No,Yes,No,One year,Yes,Credit card (automatic),66.05,64.28617021276595
1269,Male,0,Yes,Yes,62.0,Yes,Yes,Fiber optic,Yes,Yes,Yes,Yes,Yes,Yes,Two year,No,Bank transfer (automatic),115.55,115.46854838709677
6559,Female,0,Yes,No,56.0,Yes,No,Fiber optic,No,No,Yes,Yes,Yes,Yes,Month-to-month,Yes,Electronic check,98.7,101.24107142857143
3173,Female,0,Yes,No,17.0,Yes,No,No,No internet service,No internet service,No internet service,No internet service,No internet service,No internet service,One year,No,Mailed check,19.35,18.058823529411764
5045,Female,0,No,No,35.0,Yes,Yes,Fiber optic,No,No,No,Yes,No,No,Month-to-month,No,Credit card (automatic),80.05,81.02571428571429
6687,Female,1,Yes,No,2.0,Yes,Yes,Fiber optic,No,No,Yes,No,No,No,Month-to-month,No,Electronic check,79.2,86.425
5682,Female,0,Yes,No,1.0,No,No phone service,DSL,No,No,No,No,No,Yes,Month-to-month,No,Electronic check,35.0,35.0
2300,Female,0,Yes,Yes,48.0,Yes,Yes,Fiber optic,Yes,Yes,No,No,Yes,Yes,One year,Yes,Credit card (automatic),103.25,104.94895833333334
5244,Female,0,No,No,45.0,Yes,Yes,Fiber optic,No,No,Yes,No,No,Yes,Month-to-month,Yes,Credit card (automatic),89.3,93.15888888888888
4582,Male,0,Yes,Yes,70.0,Yes,Yes,DSL,Yes,Yes,Yes,Yes,Yes,Yes,Two year,Yes,Credit card (automatic),90.15,89.10071428571429
3260,Male,0,No,No,31.0,Yes,No,Fiber optic,No,Yes,No,Yes,No,No,Month-to-month,Yes,Electronic check,78.45,78.55322580645162
6065,Male,0,No,No,59.0,Yes,Yes,No,No internet service,No internet service,No internet service,No internet service,No internet service,No internet service,Two year,No,Mailed check,25.0,25.60169491525424
698,Male,1,Yes,Yes,47.0,Yes,No,Fiber optic,No,Yes,No,No,Yes,No,One year,Yes,Bank transfer (automatic),84.95,85.4904255319149
2722,Male,0,Yes,Yes,32.0,Yes,No,No,No internet service,No internet service,No internet service,No internet service,No internet service,No internet service,Two year,No,Mailed check,18.95,19.1859375
557,Male,0,No,No,38.0,Yes,No,DSL,Yes,Yes,No,Yes,Yes,No,One year,No,Mailed check,70.6,71.26842105263158
3698,Female,0,No,No,59.0,Yes,Yes,Fiber optic,No,Yes,Yes,No,No,No,Month-to-month,Yes,Electronic check,83.25,83.88305084745764
2416,Male,0,No,No,27.0,Yes,Yes,Fiber optic,No,No,Yes,No,Yes,Yes,One year,Yes,Bank transfer (automatic),100.5,99.01666666666667
3500,Female,0,Yes,No,58.0,Yes,Yes,Fiber optic,No,Yes,Yes,No,No,Yes,One year,Yes,Electronic check,94.3,96.72672413793103
6859,Female,0,No,No,71.0,Yes,Yes,Fiber optic,Yes,Yes,Yes,Yes,Yes,Yes,Two year,No,Mailed check,111.3,112.47746478873239
2418,Female,1,No,No,27.0,Yes,Yes,Fiber optic,No,Yes,Yes,No,No,No,Month-to-month,Yes,Bank transfer (automatic),86.45,88.92777777777779
2067,Male,1,Yes,No,65.0,Yes,Yes,Fiber optic,No,Yes,Yes,No,Yes,Yes,One year,Yes,Bank transfer (automatic),103.15,104.49923076923076
1312,Male,0,No,No,48.0,Yes,Yes,DSL,Yes,No,No,Yes,No,Yes,One year,Yes,Bank transfer (automatic),70.95,75.60833333333333
4514,Female,0,No,No,28.0,Yes,No,Fiber optic,No,No,No,No,No,Yes,Month-to-month,Yes,Electronic check,80.6,80.17678571428571
6784,Female,0,No,No,19.0,Yes,Yes,No,No internet service,No internet service,No internet service,No internet service,No internet service,No internet service,Month-to-month,No,Bank transfer (automatic),24.7,24.51842105263158
5378,Female,0,Yes,Yes,58.0,Yes,Yes,DSL,Yes,No,Yes,Yes,Yes,No,Two year,No,Mailed check,75.8,76.13362068965517
1968,Female,0,No,No,53.0,Yes,No,Fiber optic,No,Yes,Yes,No,Yes,Yes,One year,Yes,Mailed check,100.3,98.12830188679246
2415,Female,1,Yes,Yes,40.0,Yes,Yes,Fiber optic,No,No,No,No,Yes,Yes,Month-to-month,Yes,Credit card (automatic),94.55,91.01124999999999
5646,Male,0,No,Yes,1.0,Yes,No,No,No internet service,No internet service,No internet service,No internet service,No internet service,No internet service,Month-to-month,No,Mailed check,19.25,19.25
7006,Male,0,No,No,40.0,Yes,Yes,Fiber optic,No,Yes,Yes,No,Yes,Yes,Month-to-month,Yes,Credit card (automatic),104.5,100.92125
5223,Male,0,Yes,No,61.0,Yes,Yes,No,No internet service,No internet service,No internet service,No internet service,No internet service,No internet service,Two year,No,Bank transfer (automatic),25.45,25.22295081967213
6035,Male,1,Yes,No,66.0,Yes,Yes,Fiber optic,No,Yes,Yes,Yes,Yes,Yes,One year,Yes,Electronic check,110.85,113.51136363636364
2929,Male,0,No,Yes,40.0,No,No phone service,DSL,Yes,Yes,No,Yes,No,No,One year,No,Mailed check,40.25,39.10125
6567,Male,0,No,No,15.0,Yes,Yes,Fiber optic,Yes,No,No,No,Yes,Yes,Month-to-month,Yes,Electronic check,99.7,104.45
2883,Male,0,Yes,Yes,68.0,Yes,Yes,No,No internet service,No internet service,No internet service,No internet service,No internet service,No internet service,Two year,No,Mailed check,25.75,24.796323529411765
1579,Male,1,Yes,No,12.0,Yes,No,Fiber optic,No,No,No,No,No,Yes,Month-to-month,Yes,Electronic check,80.45,79.18333333333334
6170,Female,0,No,No,1.0,Yes,No,No,No internet service,No internet service,No internet service,No internet service,No internet service,No internet service,Month-to-month,No,Credit card (automatic),19.4,19.4
6569,Female,0,Yes,Yes,8.0,Yes,No,No,No internet service,No internet service,No internet service,No internet service,No internet service,No internet service,Two year,No,Mailed check,19.5,20.26875
4118,Female,0,No,No,40.0,Yes,No,Fiber optic,No,Yes,No,No,No,No,Month-to-month,No,Credit card (automatic),74.8,74.29249999999999
2177,Male,1,Yes,No,72.0,Yes,Yes,Fiber optic,Yes,Yes,Yes,No,No,Yes,Two year,Yes,Credit card (automatic),102.65,104.86527777777778
3580,Female,0,No,Yes,9.0,Yes,No,DSL,No,No,Yes,Yes,Yes,Yes,Month-to-month,Yes,Mailed check,72.9,72.37777777777778
953,Female,0,No,No,15.0,Yes,No,DSL,Yes,No,Yes,Yes,No,No,Month-to-month,No,Electronic check,58.95,63.67666666666666
1252,Male,0,No,No,1.0,Yes,No,No,No internet service,No internet service,No internet service,No internet service,No internet service,No internet service,Month-to-month,No,Electronic check,19.45,19.45
2643,Female,0,No,No,33.0,Yes,Yes,Fiber optic,No,No,No,No,No,Yes,Month-to-month,Yes,Electronic check,83.35,83.57121212121211
5936,Female,0,Yes,Yes,38.0,Yes,No,No,No internet service,No internet service,No internet service,No internet service,No internet service,No internet service,Two year,Yes,Mailed check,19.95,19.905263157894737
2632,Female,0,No,No,55.0,Yes,No,DSL,No,Yes,Yes,No,No,Yes,Two year,Yes,Mailed check,64.75,65.76545454545455
3278,Female,0,Yes,Yes,65.0,Yes,Yes,DSL,No,Yes,No,Yes,Yes,Yes,Two year,Yes,Bank transfer (automatic),79.4,78.02923076923076
4787,Female,0,Yes,No,4.0,Yes,No,DSL,Yes,Yes,No,No,No,No,Month-to-month,No,Mailed check,54.7,58.7625
3108,Female,0,No,Yes,43.0,Yes,No,Fiber optic,Yes,Yes,No,Yes,Yes,Yes,One year,Yes,Credit card (automatic),106.0,105.40232558139536
5060,Female,0,No,No,18.0,No,No phone service,DSL,No,No,Yes,Yes,No,No,Month-to-month,Yes,Electronic check,35.2,33.73888888888889
1976,Male,1,No,No,1.0,Yes,Yes,Fiber optic,No,No,No,No,Yes,Yes,Month-to-month,Yes,Electronic check,93.55,93.55
4939,Male,0,No,No,1.0,Yes,No,No,No internet service,No internet service,No internet service,No internet service,No internet service,No internet service,Month-to-month,No,Mailed check,18.9,18.9
762,Male,0,Yes,No,3.0,Yes,No,Fiber optic,No,No,No,No,No,No,Month-to-month,Yes,Electronic check,70.3,69.61666666666666
2817,Female,0,Yes,No,41.0,Yes,No,No,No internet service,No internet service,No internet service,No internet service,No internet service,No internet service,Two year,No,Credit card (automatic),20.65,21.35487804878049
4462,Female,0,No,No,16.0,Yes,Yes,Fiber optic,No,No,Yes,No,No,Yes,Month-to-month,Yes,Electronic check,88.45,88.88125
5557,Female,0,No,No,5.0,Yes,No,Fiber optic,No,No,No,No,Yes,No,Month-to-month,No,Electronic check,80.2,76.85
5051,Male,0,No,No,56.0,Yes,Yes,Fiber optic,Yes,No,No,Yes,Yes,Yes,Month-to-month,Yes,Mailed check,105.35,103.47232142857142
5757,Female,1,Yes,No,28.0,Yes,Yes,No,No internet service,No internet service,No internet service,No internet service,No internet service,No internet service,Month-to-month,No,Mailed check,25.7,26.235714285714288
1748,Female,0,Yes,No,54.0,Yes,No,No,No internet service,No internet service,No internet service,No internet service,No internet service,No internet service,Two year,No,Credit card (automatic),20.05,20.414814814814818
2977,Male,0,No,No,1.0,Yes,No,No,No internet service,No internet service,No internet service,No internet service,No internet service,No internet service,Month-to-month,Yes,Mailed check,19.5,19.5
1457,Male,0,Yes,No,42.0,Yes,Yes,Fiber optic,No,No,Yes,Yes,Yes,Yes,One year,Yes,Electronic check,108.3,109.19404761904761
7042,Male,0,No,No,66.0,Yes,No,Fiber optic,Yes,No,Yes,Yes,Yes,Yes,Two year,Yes,Bank transfer (automatic),105.65,103.70454545454545
5937,Female,1,Yes,No,8.0,Yes,Yes,Fiber optic,No,No,No,No,No,Yes,Month-to-month,Yes,Electronic check,84.0,76.675
827,Female,0,Yes,Yes,14.0,Yes,Yes,No,No internet service,No internet service,No internet service,No internet service,No internet service,No internet service,Month-to-month,No,Mailed check,25.55,26.603571428571428
6030,Female,0,No,No,43.0,No,No phone service,DSL,No,No,Yes,No,Yes,Yes,Month-to-month,Yes,Bank transfer (automatic),49.05,48.283720930232555
2215,Female,0,Yes,No,70.0,No,No phone service,DSL,Yes,No,Yes,Yes,No,Yes,Two year,Yes,Bank transfer (automatic),49.85,48.145714285714284
890,Male,0,Yes,Yes,31.0,Yes,Yes,Fiber optic,Yes,No,Yes,Yes,No,No,Month-to-month,No,Electronic check,89.3,91.06451612903226
590,Male,0,Yes,No,72.0,Yes,Yes,Fiber optic,Yes,No,Yes,Yes,Yes,Yes,Two year,Yes,Credit card (automatic),111.9,112.09791666666666
793,Female,0,No,Yes,34.0,Yes,No,DSL,Yes,No,Yes,Yes,Yes,No,Two year,No,Credit card (automatic),67.65,68.8029411764706
5042,Male,0,Yes,Yes,19.0,Yes,No,No,No internet service,No internet service,No internet service,No internet service,No internet service,No internet service,One year,No,Mailed check,19.8,18.13157894736842
1555,Female,0,Yes,No,53.0,Yes,No,Fiber optic,Yes,Yes,Yes,No,Yes,Yes,One year,Yes,Bank transfer (automatic),106.1,108.86320754716981
776,Female,0,Yes,Yes,3.0,No,No phone service,DSL,No,Yes,No,No,No,Yes,Month-to-month,No,Mailed check,40.3,30.833333333333332
5556,Male,0,No,No,13.0,Yes,No,Fiber optic,No,Yes,Yes,No,No,No,Month-to-month,Yes,Electronic check,79.8,74.88076923076923
3130,Male,0,Yes,No,24.0,Yes,No,DSL,Yes,No,No,Yes,Yes,Yes,One year,No,Bank transfer (automatic),74.4,71.37083333333334
6862,Female,1,No,No,4.0,Yes,Yes,Fiber optic,No,No,Yes,No,No,Yes,Month-to-month,Yes,Electronic check,88.85,93.1125
3572,Female,1,No,No,32.0,Yes,No,Fiber optic,No,No,No,No,No,Yes,Month-to-month,Yes,Electronic check,79.5,83.28125
6059,Female,0,No,No,39.0,No,No phone service,DSL,Yes,Yes,No,Yes,No,No,One year,Yes,Bank transfer (automatic),40.3,41.805128205128206
6686,Male,0,Yes,No,72.0,Yes,Yes,Fiber optic,No,Yes,Yes,Yes,Yes,Yes,Two year,Yes,Credit card (automatic),109.75,107.76249999999999
445,Female,0,No,No,60.0,Yes,Yes,Fiber optic,No,Yes,Yes,No,Yes,Yes,Month-to-month,Yes,Electronic check,105.9,106.6075
5952,Female,0,No,Yes,4.0,Yes,Yes,No,No internet service,No internet service,No internet service,No internet service,No internet service,No internet service,Month-to-month,Yes,Mailed check,25.45,21.05
5158,Male,0,No,No,72.0,Yes,Yes,No,No internet service,No internet service,No internet service,No internet service,No internet service,No internet service,Two year,No,Bank transfer (automatic),24.75,24.688888888888886
5942,Female,0,Yes,No,9.0,No,No phone service,DSL,No,No,Yes,No,Yes,Yes,Month-to-month,Yes,Electronic check,48.75,49.13333333333333
2382,Female,0,No,No,29.0,No,No phone service,DSL,Yes,Yes,No,Yes,No,No,One year,No,Credit card (automatic),39.5,37.33620689655172
5376,Male,0,No,No,18.0,Yes,Yes,No,No internet service,No internet service,No internet service,No internet service,No internet service,No internet service,One year,No,Mailed check,23.75,23.583333333333332
2240,Female,1,Yes,Yes,72.0,Yes,Yes,DSL,Yes,Yes,Yes,Yes,Yes,Yes,Two year,Yes,Credit card (automatic),89.55,89.56736111111111
5529,Male,0,No,No,2.0,Yes,No,No,No internet service,No internet service,No internet service,No internet service,No internet service,No internet service,Month-to-month,No,Mailed check,20.05,21.35
2597,Male,0,Yes,No,71.0,Yes,Yes,Fiber optic,Yes,Yes,Yes,No,Yes,Yes,One year,Yes,Electronic check,109.6,110.6218309859155
2209,Male,0,Yes,No,8.0,Yes,No,No,No internet service,No internet service,No internet service,No internet service,No internet service,No internet service,Month-to-month,Yes,Bank transfer (automatic),19.55,20.14375
140,Female,1,Yes,Yes,72.0,Yes,Yes,DSL,Yes,Yes,Yes,Yes,Yes,Yes,Two year,Yes,Credit card (automatic),88.05,89.24513888888889
565,Male,0,Yes,Yes,71.0,Yes,No,DSL,Yes,No,Yes,Yes,No,Yes,Two year,Yes,Credit card (automatic),70.85,70.04788732394366
4888,Male,0,No,No,44.0,Yes,No,Fiber optic,Yes,Yes,Yes,No,Yes,Yes,One year,Yes,Electronic check,106.05,102.51818181818182
2456,Male,0,Yes,Yes,47.0,Yes,Yes,No,No internet service,No internet service,No internet service,No internet service,No internet service,No internet service,Two year,No,Mailed check,24.55,24.690425531914894
887,Female,1,No,No,27.0,Yes,Yes,Fiber optic,Yes,Yes,Yes,No,Yes,Yes,One year,Yes,Bank transfer (automatic),110.5,105.83703703703704
5656,Male,0,No,No,1.0,Yes,No,DSL,Yes,No,No,No,No,No,Month-to-month,No,Electronic check,49.75,49.75
1382,Female,0,Yes,Yes,46.0,Yes,Yes,No,No internet service,No internet service,No internet service,No internet service,No internet service,No internet service,One year,No,Mailed check,24.95,25.345652173913045
3926,Male,0,No,No,11.0,No,No phone service,DSL,No,Yes,Yes,No,No,No,Month-to-month,No,Mailed check,34.7,34.86818181818182
2948,Male,1,Yes,No,41.0,Yes,Yes,Fiber optic,No,No,Yes,No,Yes,Yes,Month-to-month,Yes,Electronic check,99.8,103.88536585365854
3997,Female,0,Yes,No,69.0,Yes,No,DSL,No,Yes,No,No,No,Yes,Two year,Yes,Credit card (automatic),61.45,59.87246376811594
2896,Male,0,No,No,13.0,Yes,No,No,No internet service,No internet service,No internet service,No internet service,No internet service,No internet service,One year,Yes,Electronic check,19.95,19.523076923076925
1979,Female,0,Yes,Yes,45.0,Yes,No,No,No internet service,No internet service,No internet service,No internet service,No internet service,No internet service,Two year,Yes,Bank transfer (automatic),20.0,19.697777777777777
3739,Male,0,No,No,24.0,Yes,Yes,No,No internet service,No internet service,No internet service,No internet service,No internet service,No internet service,One year,No,Electronic check,24.6,24.693749999999998
6226,Male,0,No,No,65.0,Yes,Yes,No,No internet service,No internet service,No internet service,No internet service,No internet service,No internet service,Two year,No,Mailed check,25.75,25.45769230769231
3631,Female,1,Yes,No,1.0,Yes,No,DSL,Yes,No,No,No,No,No,Month-to-month,Yes,Electronic check,49.55,49.55
2063,Male,0,Yes,Yes,51.0,Yes,No,DSL,Yes,No,No,Yes,Yes,Yes,One year,Yes,Bank transfer (automatic),76.4,77.77058823529413
3008,Female,0,No,No,11.0,Yes,No,No,No internet service,No internet service,No internet service,No internet service,No internet service,No internet service,One year,No,Mailed check,20.0,19.268181818181816
2406,Female,0,No,No,5.0,Yes,No,Fiber optic,No,Yes,No,No,Yes,Yes,Month-to-month,Yes,Electronic check,96.25,102.49000000000001
2352,Male,0,No,No,8.0,Yes,No,No,No internet service,No internet service,No internet service,No internet service,No internet service,No internet service,Month-to-month,Yes,Bank transfer (automatic),19.7,21.1125
1510,Male,0,Yes,No,71.0,Yes,Yes,DSL,Yes,Yes,Yes,Yes,No,Yes,Two year,No,Credit card (automatic),80.4,80.66408450704225
5413,Female,0,No,No,15.0,Yes,No,Fiber optic,No,No,Yes,No,Yes,Yes,Month-to-month,Yes,Credit card (automatic),94.0,100.36333333333333
1344,Female,0,Yes,No,28.0,Yes,No,No,No internet service,No internet service,No internet service,No internet service,No internet service,No internet service,Month-to-month,No,Mailed check,20.5,20.10892857142857
1089,Female,0,No,No,16.0,Yes,Yes,Fiber optic,No,No,No,No,No,No,Month-to-month,Yes,Credit card (automatic),74.75,70.584375
6476,Male,0,Yes,Yes,53.0,Yes,Yes,DSL,Yes,Yes,No,Yes,No,No,One year,No,Bank transfer (automatic),64.15,65.87830188679246
5208,Female,0,Yes,Yes,14.0,Yes,No,DSL,Yes,Yes,No,Yes,No,No,Month-to-month,No,Bank transfer (automatic),59.45,55.775
4427,Female,0,No,No,49.0,Yes,No,Fiber optic,No,No,Yes,Yes,Yes,Yes,Two year,No,Credit card (automatic),100.65,100.36224489795919
6093,Female,0,Yes,No,71.0,No,No phone service,DSL,No,No,Yes,Yes,No,Yes,Two year,Yes,Electronic check,47.05,45.96619718309859
2408,Female,0,Yes,Yes,45.0,Yes,No,No,No internet service,No internet service,No internet service,No internet service,No internet service,No internet service,Two year,No,Mailed check,20.85,19.825555555555557
2471,Female,0,Yes,No,53.0,Yes,Yes,Fiber optic,No,Yes,No,No,Yes,Yes,Month-to-month,Yes,Credit card (automatic),98.4,97.16037735849056
435,Female,0,No,No,26.0,No,No phone service,DSL,No,No,Yes,Yes,Yes,No,Month-to-month,Yes,Credit card (automatic),44.45,45.53076923076923
5542,Female,0,Yes,No,67.0,Yes,Yes,DSL,No,Yes,Yes,Yes,Yes,Yes,Two year,No,Bank transfer (automatic),86.15,87.81865671641792
3735,Female,0,Yes,No,2.0,Yes,Yes,Fiber optic,No,No,No,No,Yes,No,Month-to-month,Yes,Electronic check,84.05,67.025
329,Female,1,No,No,17.0,Yes,Yes,Fiber optic,No,No,Yes,No,No,No,Month-to-month,Yes,Credit card (automatic),82.65,86.4735294117647
6953,Female,1,No,No,13.0,Yes,Yes,Fiber optic,No,No,No,No,No,Yes,Month-to-month,Yes,Electronic check,82.0,86.70769230769231
17,Male,0,No,Yes,71.0,Yes,Yes,Fiber optic,Yes,No,Yes,No,Yes,Yes,Two year,No,Bank transfer (automatic),106.7,103.97535211267606
429,Female,0,Yes,No,68.0,Yes,Yes,DSL,Yes,No,No,Yes,No,No,One year,No,Bank transfer (automatic),58.25,58.46617647058823
3468,Male,0,Yes,Yes,1.0,Yes,No,No,No internet service,No internet service,No internet service,No internet service,No internet service,No internet service,Month-to-month,No,Mailed check,19.7,19.7
5466,Male,0,No,Yes,10.0,Yes,No,No,No internet service,No internet service,No internet service,No internet service,No internet service,No internet service,One year,Yes,Bank transfer (automatic),19.95,21.95
6052,Female,0,Yes,Yes,41.0,Yes,No,DSL,Yes,Yes,No,Yes,Yes,Yes,Two year,No,Electronic check,78.45,76.25487804878048
6296,Female,1,Yes,No,31.0,No,No phone service,DSL,Yes,Yes,Yes,No,No,Yes,One year,Yes,Credit card (automatic),50.4,50.97096774193548
2251,Male,0,No,No,11.0,Yes,No,DSL,No,No,Yes,No,Yes,Yes,Month-to-month,Yes,Electronic check,69.35,64.75
3009,Male,0,No,No,1.0,Yes,Yes,No,No internet service,No internet service,No internet service,No internet service,No internet service,No internet service,Month-to-month,Yes,Mailed check,25.0,25.0
4662,Male,0,No,Yes,22.0,Yes,No,No,No internet service,No internet service,No internet service,No internet service,No internet service,No internet service,Month-to-month,No,Credit card (automatic),20.15,19.65909090909091
2309,Male,0,No,No,57.0,Yes,Yes,Fiber optic,No,No,No,Yes,Yes,No,Two year,Yes,Credit card (automatic),90.45,91.75087719298246
1262,Female,0,Yes,No,12.0,Yes,No,DSL,No,Yes,No,No,No,No,Month-to-month,Yes,Electronic check,51.25,51.00833333333333
6790,Female,0,No,No,67.0,Yes,Yes,No,No internet service,No internet service,No internet service,No internet service,No internet service,No internet service,Two year,Yes,Bank transfer (automatic),25.6,26.721641791044775
89,Male,0,Yes,No,29.0,No,No phone service,DSL,No,No,No,No,Yes,No,Month-to-month,No,Mailed check,33.75,34.80172413793103
946,Male,0,Yes,Yes,4.0,Yes,No,No,No internet service,No internet service,No internet service,No internet service,No internet service,No internet service,Month-to-month,Yes,Mailed check,20.5,19.4
6693,Female,0,No,No,25.0,No,No phone service,DSL,No,No,Yes,No,Yes,Yes,Month-to-month,Yes,Electronic check,48.25,51.751999999999995
6940,Female,0,Yes,Yes,72.0,No,No phone service,DSL,Yes,Yes,Yes,Yes,No,Yes,Two year,No,Credit card (automatic),55.65,53.889583333333334
5734,Male,0,Yes,Yes,72.0,Yes,Yes,DSL,Yes,Yes,Yes,Yes,Yes,Yes,Two year,Yes,Mailed check,89.4,88.56319444444445
3594,Female,0,No,No,9.0,No,No phone service,DSL,No,Yes,No,No,No,Yes,Month-to-month,No,Electronic check,40.75,39.93333333333333
5350,Male,0,Yes,Yes,53.0,Yes,Yes,DSL,Yes,Yes,No,No,No,Yes,Two year,No,Bank transfer (automatic),69.7,69.54811320754717
3033,Female,0,Yes,No,68.0,Yes,Yes,Fiber optic,Yes,Yes,Yes,No,Yes,Yes,Two year,Yes,Bank transfer (automatic),110.8,111.08235294117648
2979,Male,1,No,No,57.0,Yes,No,DSL,No,No,Yes,Yes,No,No,One year,Yes,Electronic check,53.5,53.25964912280702
644,Female,0,Yes,Yes,15.0,Yes,Yes,No,No internet service,No internet service,No internet service,No internet service,No internet service,No internet service,Month-to-month,Yes,Electronic check,25.25,26.323333333333334
4011,Female,0,Yes,Yes,23.0,Yes,No,No,No internet service,No internet service,No internet service,No internet service,No internet service,No internet service,Two year,Yes,Mailed check,19.65,19.632608695652173
5893,Male,0,Yes,Yes,12.0,Yes,Yes,No,No internet service,No internet service,No internet service,No internet service,No internet service,No internet service,Two year,Yes,Bank transfer (automatic),24.0,22.47083333333333
5666,Male,0,Yes,No,35.0,No,No phone service,DSL,Yes,No,Yes,No,Yes,Yes,One year,No,Credit card (automatic),53.15,55.16857142857143
1795,Female,0,Yes,No,19.0,Yes,Yes,Fiber optic,No,No,Yes,No,No,Yes,Month-to-month,No,Mailed check,89.65,92.68684210526315
182,Male,0,No,No,8.0,Yes,Yes,Fiber optic,No,No,No,No,No,Yes,Month-to-month,No,Bank transfer (automatic),84.5,82.83125
5979,Male,0,No,No,53.0,Yes,No,No,No internet service,No internet service,No internet service,No internet service,No internet service,No internet service,Two year,No,Bank transfer (automatic),19.65,18.452830188679247
4957,Male,0,No,No,13.0,Yes,No,No,No internet service,No internet service,No internet service,No internet service,No internet service,No internet service,Month-to-month,Yes,Electronic check,20.4,19.357692307692307
419,Female,1,No,No,1.0,Yes,No,Fiber optic,No,No,Yes,No,No,No,Month-to-month,Yes,Bank transfer (automatic),75.3,75.3
1972,Female,0,Yes,Yes,23.0,Yes,Yes,Fiber optic,No,No,No,No,No,Yes,Month-to-month,No,Electronic check,85.6,81.23478260869565
2966,Female,1,No,No,14.0,No,No phone service,DSL,No,No,No,No,Yes,Yes,Month-to-month,Yes,Electronic check,46.35,48.050000000000004
2430,Male,0,No,No,30.0,Yes,No,DSL,Yes,No,Yes,No,No,No,Two year,Yes,Mailed check,55.65,55.12833333333333
792,Female,0,Yes,Yes,8.0,Yes,No,No,No internet service,No internet service,No internet service,No internet service,No internet service,No internet service,Two year,Yes,Mailed check,19.85,18.325
1741,Male,0,No,No,16.0,Yes,Yes,DSL,No,Yes,Yes,No,No,Yes,Month-to-month,Yes,Bank transfer (automatic),71.4,75.75625
4050,Male,1,Yes,No,58.0,Yes,Yes,Fiber optic,No,Yes,No,No,Yes,Yes,Month-to-month,Yes,Electronic check,98.9,99.66724137931034
463,Male,0,No,No,7.0,Yes,Yes,Fiber optic,No,Yes,No,No,Yes,Yes,Month-to-month,Yes,Electronic check,99.8,96.17857142857143
6215,Female,1,No,No,6.0,Yes,Yes,Fiber optic,No,Yes,No,No,Yes,Yes,Month-to-month,Yes,Electronic check,98.25,93.43333333333334
1034,Female,0,Yes,No,71.0,Yes,No,DSL,Yes,No,Yes,Yes,Yes,Yes,Two year,No,Bank transfer (automatic),81.85,83.44225352112676
3509,Male,0,No,No,1.0,Yes,No,DSL,No,No,No,No,No,No,Month-to-month,Yes,Mailed check,44.9,44.9
5126,Male,0,Yes,No,57.0,Yes,Yes,Fiber optic,Yes,Yes,Yes,Yes,Yes,No,Month-to-month,Yes,Electronic check,103.05,103.96052631578948
2096,Female,0,No,No,1.0,Yes,No,No,No internet service,No internet service,No internet service,No internet service,No internet service,No internet service,Month-to-month,No,Electronic check,19.3,19.3
5712,Female,0,No,No,23.0,Yes,No,No,No internet service,No internet service,No internet service,No internet service,No internet service,No internet service,Month-to-month,Yes,Bank transfer (automatic),20.3,20.460869565217394
3094,Female,0,No,No,39.0,Yes,No,DSL,No,Yes,No,No,Yes,No,One year,Yes,Credit card (automatic),58.6,57.03846153846154
2068,Male,0,No,No,47.0,Yes,Yes,Fiber optic,Yes,Yes,No,Yes,Yes,No,Month-to-month,No,Mailed check,100.75,99.34468085106383
385,Male,1,Yes,No,11.0,Yes,No,No,No internet service,No internet service,No internet service,No internet service,No internet service,No internet service,Month-to-month,No,Mailed check,19.95,19.522727272727273
3289,Female,0,No,Yes,41.0,Yes,Yes,Fiber optic,No,Yes,No,No,Yes,No,Month-to-month,Yes,Bank transfer (automatic),88.5,88.90365853658537
6818,Female,0,No,No,3.0,Yes,No,DSL,Yes,Yes,No,Yes,No,Yes,Two year,No,Mailed check,71.1,71.11666666666666
1091,Male,0,No,No,29.0,Yes,No,DSL,No,No,Yes,Yes,Yes,Yes,One year,Yes,Bank transfer (automatic),75.35,77.37586206896552
6203,Female,0,Yes,Yes,69.0,Yes,Yes,Fiber optic,Yes,Yes,Yes,Yes,Yes,No,One year,Yes,Credit card (automatic),105.1,104.85217391304349
1856,Female,1,No,No,38.0,Yes,No,DSL,Yes,Yes,No,No,No,No,Month-to-month,Yes,Credit card (automatic),57.15,59.227631578947374
3958,Male,0,Yes,No,16.0,Yes,Yes,Fiber optic,No,No,No,No,No,No,Month-to-month,Yes,Bank transfer (automatic),73.85,80.2625
5305,Female,0,Yes,No,43.0,Yes,No,DSL,Yes,No,Yes,Yes,Yes,Yes,Two year,Yes,Electronic check,78.8,80.47209302325582
5391,Female,0,No,No,6.0,No,No phone service,DSL,No,No,No,Yes,Yes,Yes,One year,Yes,Mailed check,49.25,42.6
2331,Female,0,Yes,No,25.0,Yes,Yes,No,No internet service,No internet service,No internet service,No internet service,No internet service,No internet service,One year,Yes,Mailed check,26.8,29.342
5759,Female,0,No,No,1.0,Yes,No,Fiber optic,No,No,No,No,No,No,Month-to-month,Yes,Mailed check,70.15,70.15
5153,Male,1,Yes,No,41.0,Yes,No,Fiber optic,No,Yes,No,No,Yes,Yes,Month-to-month,Yes,Electronic check,94.55,93.93780487804878
4601,Male,0,No,No,45.0,Yes,Yes,Fiber optic,No,No,Yes,Yes,Yes,Yes,Month-to-month,Yes,Bank transfer (automatic),103.65,105.50777777777779
2288,Female,0,No,No,5.0,Yes,No,Fiber optic,No,Yes,No,No,Yes,No,Month-to-month,Yes,Mailed check,85.3,84.09
264,Female,0,Yes,No,45.0,Yes,Yes,Fiber optic,Yes,Yes,Yes,Yes,Yes,Yes,One year,No,Mailed check,113.3,111.82777777777778
2276,Female,1,Yes,No,44.0,Yes,Yes,Fiber optic,No,No,Yes,Yes,Yes,Yes,Month-to-month,No,Electronic check,104.15,102.17386363636363
681,Female,0,Yes,Yes,61.0,Yes,No,DSL,No,No,Yes,Yes,Yes,Yes,Two year,Yes,Bank transfer (automatic),73.8,75.67295081967214
4035,Male,0,Yes,Yes,52.0,Yes,Yes,Fiber optic,No,Yes,No,Yes,No,Yes,Month-to-month,Yes,Bank transfer (automatic),93.25,89.07115384615385
937,Female,0,No,No,6.0,Yes,Yes,Fiber optic,Yes,No,No,No,No,No,Month-to-month,Yes,Electronic check,79.05,72.41666666666667
6083,Male,1,Yes,Yes,64.0,Yes,Yes,No,No internet service,No internet service,No internet service,No internet service,No internet service,No internet service,Two year,Yes,Bank transfer (automatic),24.4,24.19765625
6213,Female,0,Yes,Yes,19.0,Yes,No,No,No internet service,No internet service,No internet service,No internet service,No internet service,No internet service,Two year,No,Mailed check,20.15,20.405263157894737
2026,Male,1,No,No,71.0,Yes,Yes,Fiber optic,No,Yes,No,Yes,Yes,Yes,One year,No,Bank transfer (automatic),105.75,103.98380281690142
679,Male,0,Yes,No,45.0,Yes,Yes,Fiber optic,No,Yes,No,No,No,No,Month-to-month,No,Bank transfer (automatic),81.4,83.90777777777778
548,Male,1,Yes,No,50.0,Yes,Yes,Fiber optic,Yes,Yes,Yes,No,Yes,No,One year,Yes,Bank transfer (automatic),101.9,105.31
3894,Female,0,Yes,No,68.0,Yes,Yes,Fiber optic,Yes,Yes,Yes,Yes,Yes,Yes,Two year,No,Mailed check,118.6,117.50073529411765
5165,Male,1,No,No,1.0,Yes,No,Fiber optic,No,No,No,No,No,No,Month-to-month,Yes,Electronic check,69.65,69.65
6625,Female,1,No,No,12.0,Yes,Yes,Fiber optic,No,Yes,No,No,Yes,No,Month-to-month,Yes,Electronic check,91.3,91.20833333333333
5260,Female,0,No,No,33.0,Yes,Yes,Fiber optic,Yes,No,No,No,No,Yes,Month-to-month,Yes,Electronic check,90.65,90.5939393939394
947,Female,1,Yes,Yes,32.0,Yes,Yes,Fiber optic,No,No,Yes,No,Yes,No,Month-to-month,Yes,Mailed check,91.35,90.5171875
4374,Male,0,Yes,Yes,71.0,Yes,No,No,No internet service,No internet service,No internet service,No internet service,No internet service,No internet service,Two year,Yes,Bank transfer (automatic),19.6,19.541549295774647
5213,Female,1,Yes,No,17.0,Yes,Yes,Fiber optic,No,No,No,No,Yes,Yes,Month-to-month,Yes,Electronic check,92.55,94.98235294117647
4477,Male,0,Yes,Yes,19.0,Yes,No,DSL,Yes,No,No,No,No,No,One year,Yes,Bank transfer (automatic),48.95,50.294736842105266
6238,Male,1,Yes,No,54.0,Yes,Yes,Fiber optic,No,No,No,No,No,No,Month-to-month,No,Bank transfer (automatic),74.0,72.57685185185186
215,Female,0,Yes,No,57.0,No,No phone service,DSL,Yes,Yes,Yes,No,Yes,Yes,Month-to-month,Yes,Bank transfer (automatic),58.75,60.30614035087719
3124,Male,0,Yes,Yes,68.0,Yes,No,DSL,Yes,Yes,No,Yes,Yes,Yes,Two year,No,Bank transfer (automatic),82.85,84.94779411764705
3370,Female,0,Yes,Yes,53.0,No,No phone service,DSL,Yes,Yes,Yes,No,No,Yes,Month-to-month,Yes,Bank transfer (automatic),48.7,47.079245283018864
6952,Female,0,No,No,48.0,Yes,Yes,Fiber optic,No,Yes,Yes,No,Yes,Yes,Month-to-month,Yes,Bank transfer (automatic),107.4,106.69375000000001
3232,Male,0,Yes,Yes,36.0,Yes,No,DSL,Yes,Yes,No,No,No,No,One year,No,Mailed check,53.65,53.87083333333333
291,Male,0,No,No,35.0,Yes,No,DSL,Yes,Yes,Yes,No,No,No,One year,No,Mailed check,61.2,57.74857142857143
1350,Female,0,Yes,No,67.0,Yes,Yes,DSL,Yes,Yes,Yes,No,No,No,Two year,No,Mailed check,65.65,64.52014925373135
4075,Male,0,No,No,53.0,No,No phone service,DSL,Yes,Yes,No,No,No,Yes,Month-to-month,Yes,Bank transfer (automatic),46.3,48.053773584905656
4656,Female,0,Yes,Yes,22.0,Yes,Yes,Fiber optic,No,No,No,No,No,No,Month-to-month,Yes,Bank transfer (automatic),75.8,73.41363636363636
78,Male,1,No,No,30.0,Yes,No,DSL,Yes,Yes,No,No,Yes,Yes,Month-to-month,Yes,Electronic check,74.75,70.37666666666668
4347,Female,0,No,No,50.0,Yes,No,Fiber optic,No,Yes,No,Yes,Yes,Yes,Two year,Yes,Mailed check,100.2,100.76899999999999
2230,Male,0,Yes,Yes,45.0,Yes,No,No,No internet service,No internet service,No internet service,No internet service,No internet service,No internet service,Two year,No,Mailed check,20.35,20.64888888888889
6515,Female,0,No,No,29.0,No,No phone service,DSL,No,No,No,No,No,No,Month-to-month,Yes,Credit card (automatic),25.1,24.58103448275862
433,Male,0,No,No,12.0,Yes,No,DSL,No,No,No,No,No,No,Month-to-month,Yes,Bank transfer (automatic),45.4,43.24166666666667
4974,Male,0,No,No,3.0,No,No phone service,DSL,No,Yes,No,Yes,No,No,Month-to-month,Yes,Mailed check,36.85,36.233333333333334
2465,Male,0,No,No,1.0,No,No phone service,DSL,No,No,No,No,No,Yes,Month-to-month,Yes,Bank transfer (automatic),35.25,35.25
1058,Male,0,Yes,Yes,2.0,Yes,No,Fiber optic,No,No,No,No,Yes,Yes,Month-to-month,Yes,Bank transfer (automatic),89.55,92.775
6997,Female,0,Yes,No,27.0,Yes,No,Fiber optic,No,Yes,No,No,No,No,Month-to-month,Yes,Electronic check,76.1,77.53333333333333
386,Female,1,Yes,No,55.0,Yes,Yes,Fiber optic,No,Yes,Yes,No,No,No,Month-to-month,Yes,Electronic check,85.45,88.63090909090909
5634,Female,0,Yes,Yes,1.0,Yes,No,No,No internet service,No internet service,No internet service,No internet service,No internet service,No internet service,Month-to-month,Yes,Electronic check,19.9,19.9
1447,Male,0,No,Yes,4.0,Yes,Yes,Fiber optic,No,No,No,Yes,No,No,Month-to-month,No,Credit card (automatic),80.8,83.1125
5152,Female,0,Yes,Yes,55.0,Yes,Yes,No,No internet service,No internet service,No internet service,No internet service,No internet service,No internet service,Two year,Yes,Credit card (automatic),25.65,25.236363636363638
5089,Male,0,Yes,Yes,8.0,Yes,No,DSL,No,No,No,No,Yes,No,Month-to-month,Yes,Electronic check,54.4,59.3875
2264,Male,0,No,No,70.0,Yes,Yes,Fiber optic,Yes,Yes,Yes,Yes,Yes,Yes,Two year,Yes,Bank transfer (automatic),114.95,110.16071428571429
6813,Female,0,Yes,No,64.0,No,No phone service,DSL,Yes,No,Yes,Yes,No,Yes,Two year,No,Electronic check,47.85,49.1796875
1627,Male,0,No,No,11.0,Yes,No,Fiber optic,No,Yes,No,No,No,No,Month-to-month,Yes,Mailed check,75.9,78.76363636363637
248,Male,0,No,No,1.0,Yes,No,DSL,Yes,No,No,No,No,No,Month-to-month,Yes,Mailed check,48.55,48.55
2084,Male,0,No,Yes,1.0,Yes,No,Fiber optic,No,No,No,No,No,No,Month-to-month,No,Bank transfer (automatic),69.75,69.75
2095,Male,0,No,No,1.0,Yes,No,Fiber optic,No,No,No,No,Yes,No,Month-to-month,Yes,Electronic check,79.95,79.95
5145,Male,0,Yes,Yes,66.0,Yes,Yes,No,No internet service,No internet service,No internet service,No internet service,No internet service,No internet service,One year,Yes,Credit card (automatic),25.7,25.9780303030303
4644,Male,0,No,No,13.0,Yes,No,DSL,No,No,No,Yes,No,No,Month-to-month,Yes,Mailed check,50.55,46.98076923076923
1226,Female,0,Yes,No,72.0,Yes,Yes,No,No internet service,No internet service,No internet service,No internet service,No internet service,No internet service,Two year,No,Bank transfer (automatic),24.65,25.41736111111111
4310,Male,0,No,No,72.0,No,No phone service,DSL,Yes,Yes,Yes,Yes,Yes,Yes,Two year,Yes,Bank transfer (automatic),65.6,63.423611111111114
3263,Female,0,Yes,Yes,52.0,Yes,No,Fiber optic,No,Yes,Yes,Yes,No,No,Month-to-month,No,Bank transfer (automatic),85.8,85.25576923076923
4587,Female,0,Yes,No,26.0,Yes,No,Fiber optic,No,No,No,Yes,No,Yes,Month-to-month,No,Credit card (automatic),85.9,84.47884615384615
3020,Male,0,No,Yes,33.0,No,No phone service,DSL,Yes,No,No,Yes,No,No,One year,No,Credit card (automatic),34.05,33.75606060606061
6506,Female,0,No,No,13.0,Yes,Yes,Fiber optic,No,No,No,No,No,Yes,Month-to-month,Yes,Electronic check,84.6,85.78461538461539
5456,Female,0,No,No,13.0,No,No phone service,DSL,No,Yes,No,No,No,No,Month-to-month,Yes,Electronic check,31.05,26.71153846153846
4153,Male,0,No,No,27.0,Yes,No,No,No internet service,No internet service,No internet service,No internet service,No internet service,No internet service,One year,No,Mailed check,20.3,22.038888888888888
4485,Male,0,Yes,No,66.0,Yes,Yes,DSL,Yes,Yes,Yes,Yes,Yes,Yes,Two year,No,Bank transfer (automatic),91.7,92.0590909090909
6135,Male,0,Yes,Yes,71.0,Yes,Yes,Fiber optic,Yes,Yes,Yes,Yes,Yes,Yes,Two year,Yes,Bank transfer (automatic),114.0,115.15352112676055
181,Female,0,No,No,1.0,Yes,No,DSL,No,No,No,No,No,No,Month-to-month,No,Mailed check,45.3,45.3
6310,Female,0,No,No,60.0,No,No phone service,DSL,Yes,No,Yes,No,No,Yes,One year,Yes,Electronic check,44.45,46.23166666666667
5286,Male,0,Yes,No,8.0,Yes,No,Fiber optic,Yes,No,No,No,No,No,Month-to-month,Yes,Electronic check,74.5,76.2375
3100,Female,0,Yes,No,55.0,Yes,Yes,Fiber optic,No,Yes,Yes,No,Yes,No,Month-to-month,Yes,Credit card (automatic),94.45,92.23818181818183
3040,Male,0,Yes,No,71.0,Yes,Yes,Fiber optic,No,Yes,Yes,Yes,Yes,Yes,Two year,Yes,Credit card (automatic),108.6,108.3225352112676
5895,Female,0,Yes,Yes,39.0,Yes,No,DSL,No,No,Yes,No,Yes,No,Month-to-month,Yes,Mailed check,59.85,60.03846153846154
2327,Female,1,Yes,No,26.0,Yes,No,Fiber optic,No,No,Yes,No,Yes,No,Month-to-month,Yes,Credit card (automatic),85.7,79.5
5210,Male,0,Yes,No,53.0,No,No phone service,DSL,No,Yes,Yes,Yes,Yes,Yes,One year,Yes,Electronic check,60.45,60.08018867924528
3146,Female,0,Yes,Yes,5.0,Yes,No,Fiber optic,No,Yes,No,Yes,Yes,Yes,Month-to-month,Yes,Mailed check,99.15,93.01
7022,Male,0,No,No,72.0,Yes,Yes,Fiber optic,No,Yes,Yes,No,Yes,Yes,One year,Yes,Electronic check,104.95,104.78194444444445
2445,Female,0,Yes,Yes,27.0,Yes,No,Fiber optic,Yes,No,No,No,No,No,Month-to-month,No,Mailed check,74.4,73.05
2449,Male,0,Yes,Yes,11.0,Yes,No,DSL,No,No,Yes,No,Yes,No,Month-to-month,Yes,Bank transfer (automatic),59.65,62.11363636363637
3886,Female,1,Yes,No,72.0,Yes,Yes,Fiber optic,Yes,Yes,No,No,Yes,Yes,One year,Yes,Bank transfer (automatic),106.85,106.63055555555555
1744,Female,0,Yes,No,41.0,Yes,No,Fiber optic,Yes,Yes,Yes,No,Yes,Yes,One year,Yes,Bank transfer (automatic),104.45,101.51341463414634
6675,Female,0,No,No,36.0,Yes,Yes,DSL,No,Yes,No,Yes,No,Yes,One year,Yes,Mailed check,70.7,69.77638888888889
326,Female,1,Yes,No,11.0,Yes,No,Fiber optic,No,No,No,Yes,Yes,No,Month-to-month,Yes,Electronic check,82.9,80.00454545454545
5365,Male,0,No,Yes,62.0,Yes,No,No,No internet service,No internet service,No internet service,No internet service,No internet service,No internet service,Two year,No,Bank transfer (automatic),20.0,20.16290322580645
4857,Female,0,No,No,20.0,No,No phone service,DSL,No,No,No,No,No,No,Month-to-month,No,Credit card (automatic),24.9,25.2975
5095,Female,0,No,No,55.0,Yes,No,DSL,No,No,No,No,No,No,One year,No,Bank transfer (automatic),45.05,44.77454545454545
6573,Female,0,Yes,Yes,45.0,No,No phone service,DSL,No,Yes,Yes,Yes,No,Yes,One year,No,Bank transfer (automatic),51.0,50.32222222222222
5769,Female,0,Yes,Yes,71.0,Yes,Yes,Fiber optic,Yes,Yes,Yes,No,Yes,Yes,Two year,Yes,Bank transfer (automatic),109.0,107.91267605633803
5186,Female,1,No,No,1.0,No,No phone service,DSL,No,No,No,No,Yes,No,Month-to-month,Yes,Electronic check,36.45,36.45
4080,Female,0,Yes,Yes,29.0,Yes,Yes,No,No internet service,No internet service,No internet service,No internet service,No internet service,No internet service,Two year,No,Mailed check,26.1,23.88103448275862
4298,Male,0,No,No,10.0,Yes,No,DSL,No,No,No,No,No,No,Month-to-month,No,Mailed check,46.0,49.21
2734,Male,0,No,No,11.0,Yes,No,No,No internet service,No internet service,No internet service,No internet service,No internet service,No internet service,Month-to-month,No,Mailed check,20.25,18.90909090909091
1354,Female,0,No,No,18.0,Yes,Yes,Fiber optic,No,No,No,Yes,Yes,No,Month-to-month,Yes,Electronic check,88.35,91.07222222222222
3734,Female,1,No,No,72.0,Yes,Yes,Fiber optic,No,Yes,Yes,Yes,Yes,Yes,Two year,Yes,Bank transfer (automatic),108.1,107.97291666666666
1633,Female,0,No,No,1.0,Yes,No,DSL,No,No,No,No,No,No,Month-to-month,No,Electronic check,43.8,43.8
529,Female,1,No,No,56.0,Yes,Yes,Fiber optic,No,Yes,Yes,Yes,Yes,No,Two year,Yes,Bank transfer (automatic),99.9,101.89821428571429
1372,Male,0,No,No,23.0,Yes,No,Fiber optic,No,Yes,No,No,Yes,Yes,Month-to-month,No,Mailed check,95.3,95.34347826086957
3438,Male,0,Yes,No,18.0,Yes,Yes,Fiber optic,No,No,No,No,Yes,Yes,Month-to-month,Yes,Electronic check,94.7,93.775
728,Female,1,No,No,30.0,Yes,Yes,Fiber optic,Yes,Yes,Yes,No,No,No,Month-to-month,No,Credit card (automatic),91.7,91.93833333333333
179,Male,0,Yes,No,61.0,Yes,No,No,No internet service,No internet service,No internet service,No internet service,No internet service,No internet service,One year,Yes,Credit card (automatic),20.55,20.524590163934427
1828,Male,0,No,No,42.0,Yes,Yes,No,No internet service,No internet service,No internet service,No internet service,No internet service,No internet service,One year,No,Electronic check,25.05,22.61547619047619
3666,Female,0,Yes,Yes,50.0,Yes,Yes,Fiber optic,No,No,No,No,Yes,No,Month-to-month,Yes,Bank transfer (automatic),84.4,82.323
6825,Male,0,No,No,27.0,Yes,Yes,Fiber optic,No,No,Yes,No,No,No,Month-to-month,Yes,Electronic check,81.3,84.17777777777779
6590,Female,0,No,No,1.0,Yes,No,Fiber optic,No,No,No,No,No,No,Month-to-month,Yes,Electronic check,70.85,70.85
4195,Female,1,No,No,45.0,Yes,Yes,DSL,Yes,No,No,Yes,No,Yes,Month-to-month,Yes,Electronic check,70.05,68.05444444444444
5654,Male,1,Yes,No,70.0,Yes,No,Fiber optic,Yes,Yes,Yes,No,Yes,Yes,Two year,No,Credit card (automatic),105.35,107.31285714285714
2644,Male,0,No,No,18.0,No,No phone service,DSL,No,Yes,Yes,No,No,No,Month-to-month,Yes,Credit card (automatic),33.5,33.333333333333336
665,Female,0,No,No,3.0,Yes,No,Fiber optic,No,No,Yes,No,No,No,Month-to-month,Yes,Mailed check,74.75,79.36666666666666
1553,Female,0,Yes,Yes,39.0,Yes,No,Fiber optic,No,No,Yes,Yes,No,No,Month-to-month,Yes,Bank transfer (automatic),81.5,79.67435897435898
3825,Female,0,Yes,Yes,52.0,Yes,No,No,No internet service,No internet service,No internet service,No internet service,No internet service,No internet service,Two year,No,Mailed check,19.35,19.840384615384615
1111,Female,0,No,No,4.0,Yes,No,Fiber optic,Yes,No,Yes,Yes,No,Yes,Month-to-month,Yes,Bank transfer (automatic),94.4,96.8
104,Male,0,Yes,No,68.0,Yes,Yes,Fiber optic,No,Yes,Yes,Yes,Yes,Yes,Two year,Yes,Bank transfer (automatic),110.0,111.93897058823529
4988,Female,0,Yes,No,26.0,Yes,No,No,No internet service,No internet service,No internet service,No internet service,No internet service,No internet service,One year,No,Mailed check,19.2,17.676923076923078
381,Male,0,No,No,1.0,Yes,No,DSL,No,Yes,No,No,No,No,Month-to-month,No,Mailed check,50.65,50.65
16,Female,0,No,No,52.0,Yes,No,No,No internet service,No internet service,No internet service,No internet service,No internet service,No internet service,One year,No,Mailed check,20.65,19.672115384615385
6068,Female,0,No,Yes,12.0,Yes,No,DSL,No,No,No,No,No,No,Month-to-month,Yes,Electronic check,44.55,40.050000000000004
3013,Female,0,No,No,29.0,Yes,Yes,DSL,No,No,No,No,Yes,Yes,One year,Yes,Credit card (automatic),71.0,71.72758620689655
2891,Female,0,No,No,1.0,Yes,No,Fiber optic,No,No,No,No,No,Yes,Month-to-month,Yes,Electronic check,79.7,79.7
1965,Male,0,No,No,24.0,Yes,No,DSL,Yes,No,No,No,No,No,Month-to-month,Yes,Bank transfer (automatic),49.55,50.43333333333334
4714,Female,0,Yes,Yes,65.0,Yes,Yes,DSL,Yes,Yes,Yes,Yes,Yes,Yes,Two year,Yes,Mailed check,90.45,91.66
4949,Male,0,No,No,5.0,No,No phone service,DSL,No,Yes,No,No,Yes,Yes,Month-to-month,Yes,Mailed check,51.0,61.19
6349,Female,0,Yes,Yes,35.0,Yes,No,No,No internet service,No internet service,No internet service,No internet service,No internet service,No internet service,Two year,No,Credit card (automatic),19.7,20.86857142857143
6484,Male,0,No,No,37.0,Yes,Yes,DSL,Yes,Yes,Yes,Yes,Yes,Yes,One year,Yes,Bank transfer (automatic),90.6,90.77432432432433
1803,Female,0,No,No,36.0,No,No phone service,DSL,Yes,Yes,Yes,Yes,No,Yes,Two year,Yes,Mailed check,53.1,52.8125
4946,Male,0,No,No,4.0,Yes,No,Fiber optic,No,No,No,No,Yes,No,Month-to-month,Yes,Electronic check,81.0,85.2125
1233,Female,0,Yes,Yes,70.0,Yes,Yes,No,No internet service,No internet service,No internet service,No internet service,No internet service,No internet service,Two year,No,Bank transfer (automatic),24.7,24.084285714285716
4634,Female,0,No,No,2.0,Yes,No,No,No internet service,No internet service,No internet service,No internet service,No internet service,No internet service,Month-to-month,No,Bank transfer (automatic),18.75,26.575
245,Male,1,No,No,4.0,Yes,No,Fiber optic,Yes,No,No,No,No,No,Month-to-month,No,Electronic check,75.35,68.35
1769,Male,0,Yes,No,71.0,Yes,Yes,Fiber optic,No,Yes,Yes,No,No,Yes,Month-to-month,Yes,Bank transfer (automatic),93.25,93.93591549295775
739,Female,1,Yes,No,72.0,Yes,Yes,DSL,Yes,Yes,Yes,Yes,Yes,Yes,Two year,Yes,Bank transfer (automatic),89.85,93.01875000000001
1850,Female,1,Yes,No,47.0,Yes,Yes,DSL,Yes,Yes,Yes,No,No,No,Month-to-month,Yes,Credit card (automatic),67.45,69.19148936170212
3280,Male,0,Yes,No,55.0,Yes,No,DSL,Yes,Yes,Yes,No,No,No,Two year,No,Electronic check,58.6,55.79272727272727
1663,Male,0,Yes,No,51.0,Yes,Yes,Fiber optic,No,No,No,No,Yes,Yes,Month-to-month,Yes,Electronic check,94.65,94.36764705882354
6118,Male,0,No,No,72.0,Yes,Yes,Fiber optic,Yes,Yes,Yes,Yes,Yes,Yes,Two year,Yes,Electronic check,118.2,118.71041666666666
1735,Male,0,Yes,Yes,72.0,Yes,Yes,Fiber optic,Yes,Yes,Yes,Yes,Yes,Yes,Two year,No,Bank transfer (automatic),114.45,112.50763888888889
6382,Male,0,Yes,Yes,38.0,Yes,No,DSL,Yes,Yes,Yes,Yes,Yes,No,One year,No,Electronic check,74.05,73.74473684210527
6694,Male,0,Yes,Yes,8.0,Yes,Yes,DSL,Yes,Yes,No,Yes,No,Yes,Two year,Yes,Credit card (automatic),76.15,80.725
4682,Female,1,No,No,27.0,Yes,Yes,Fiber optic,No,No,Yes,No,No,Yes,Month-to-month,No,Credit card (automatic),88.3,91.39814814814815
5910,Male,0,No,No,6.0,Yes,No,DSL,No,No,Yes,No,Yes,No,Month-to-month,No,Mailed check,60.9,69.01666666666667
6431,Male,0,No,No,17.0,Yes,No,No,No internet service,No internet service,No internet service,No internet service,No internet service,No internet service,Two year,No,Mailed check,19.15,20.20294117647059
1137,Male,0,Yes,Yes,71.0,Yes,No,No,No internet service,No internet service,No internet service,No internet service,No internet service,No internet service,Two year,No,Mailed check,19.8,19.66549295774648
2744,Female,0,Yes,No,42.0,Yes,No,Fiber optic,No,No,Yes,Yes,Yes,Yes,Two year,Yes,Credit card (automatic),99.0,98.45238095238095
1393,Female,0,No,No,1.0,Yes,No,No,No internet service,No internet service,No internet service,No internet service,No internet service,No internet service,Month-to-month,No,Mailed check,20.35,20.35
5697,Female,0,Yes,No,70.0,Yes,Yes,Fiber optic,No,Yes,Yes,Yes,Yes,Yes,One year,Yes,Electronic check,109.5,109.63642857142857
2945,Male,0,No,No,9.0,Yes,No,Fiber optic,Yes,No,No,No,No,No,Month-to-month,No,Electronic check,75.6,73.50555555555555
1373,Male,0,No,Yes,1.0,Yes,No,No,No internet service,No internet service,No internet service,No internet service,No internet service,No internet service,Month-to-month,No,Mailed check,19.85,19.85
424,Female,0,No,No,10.0,No,No phone service,DSL,Yes,Yes,Yes,No,No,No,Month-to-month,No,Bank transfer (automatic),40.7,44.93
3281,Male,0,Yes,No,49.0,Yes,No,Fiber optic,No,Yes,No,No,Yes,Yes,Two year,Yes,Electronic check,94.8,95.72755102040816
1894,Female,0,Yes,No,46.0,No,No phone service,DSL,No,No,No,No,Yes,Yes,Month-to-month,Yes,Electronic check,43.95,43.64891304347826
3445,Female,0,Yes,No,46.0,Yes,Yes,Fiber optic,No,Yes,No,Yes,Yes,Yes,One year,Yes,Electronic check,103.15,99.8836956521739
2844,Female,1,Yes,No,4.0,Yes,Yes,Fiber optic,Yes,No,No,No,Yes,Yes,Month-to-month,Yes,Electronic check,99.6,86.9125
6398,Male,0,Yes,Yes,71.0,Yes,Yes,Fiber optic,No,Yes,Yes,No,Yes,Yes,Two year,Yes,Bank transfer (automatic),106.0,108.78450704225352
5417,Male,0,Yes,Yes,14.0,Yes,No,DSL,Yes,Yes,No,No,No,Yes,Two year,Yes,Bank transfer (automatic),61.4,58.253571428571426
2355,Male,0,Yes,Yes,67.0,Yes,No,DSL,Yes,Yes,No,No,No,No,Two year,Yes,Bank transfer (automatic),54.2,57.286567164179104
5605,Male,0,Yes,Yes,10.0,Yes,No,DSL,No,No,Yes,No,Yes,No,Month-to-month,No,Mailed check,60.2,56.35
3729,Male,0,No,No,62.0,Yes,No,No,No internet service,No internet service,No internet service,No internet service,No internet service,No internet service,Two year,Yes,Credit card (automatic),20.05,19.381451612903227
6357,Male,0,Yes,No,65.0,Yes,Yes,Fiber optic,Yes,Yes,Yes,No,No,No,One year,No,Electronic check,89.75,88.76307692307692
2775,Male,1,Yes,No,53.0,Yes,Yes,DSL,Yes,No,No,Yes,No,No,One year,Yes,Electronic check,60.05,60.93679245283019
4454,Male,0,No,No,4.0,Yes,No,No,No internet service,No internet service,No internet service,No internet service,No internet service,No internet service,Month-to-month,No,Mailed check,19.4,23.35
23,Female,0,Yes,No,58.0,Yes,Yes,DSL,No,Yes,No,Yes,No,No,Two year,Yes,Credit card (automatic),59.9,60.432758620689654
3771,Male,0,No,No,1.0,Yes,No,Fiber optic,No,No,No,No,Yes,No,Month-to-month,Yes,Electronic check,79.05,79.05
59,Female,0,No,No,72.0,Yes,Yes,Fiber optic,No,No,Yes,Yes,Yes,Yes,Two year,Yes,Credit card (automatic),107.5,109.07916666666667
5321,Female,0,Yes,No,69.0,Yes,No,Fiber optic,Yes,Yes,No,Yes,Yes,Yes,One year,Yes,Credit card (automatic),106.4,105.1
4384,Female,0,Yes,No,2.0,Yes,No,Fiber optic,No,Yes,Yes,No,No,No,Month-to-month,No,Bank transfer (automatic),79.7,82.5
851,Male,0,No,Yes,52.0,Yes,Yes,DSL,Yes,Yes,No,Yes,Yes,Yes,Two year,Yes,Mailed check,85.15,85.8048076923077
2528,Female,0,No,No,8.0,Yes,No,Fiber optic,No,No,No,No,Yes,No,Month-to-month,Yes,Bank transfer (automatic),80.1,84.9125
628,Female,1,No,No,72.0,Yes,Yes,Fiber optic,No,Yes,Yes,Yes,Yes,Yes,Two year,No,Electronic check,111.65,110.32569444444444
1737,Female,0,Yes,No,7.0,Yes,No,DSL,No,No,No,No,No,No,Month-to-month,Yes,Mailed check,44.25,44.778571428571425
5467,Female,0,No,No,53.0,Yes,Yes,Fiber optic,Yes,Yes,Yes,No,Yes,No,One year,No,Mailed check,98.6,100.22358490566039
2249,Female,0,No,No,11.0,Yes,No,DSL,No,No,No,Yes,Yes,Yes,Month-to-month,No,Mailed check,70.5,75.39090909090909
5939,Male,0,No,No,18.0,No,No phone service,DSL,Yes,No,Yes,No,No,No,Month-to-month,No,Mailed check,33.6,30.575000000000003
4564,Male,0,No,No,1.0,Yes,No,No,No internet service,No internet service,No internet service,No internet service,No internet service,No internet service,Month-to-month,No,Mailed check,20.0,20.0
6316,Male,0,Yes,Yes,63.0,Yes,Yes,No,No internet service,No internet service,No internet service,No internet service,No internet service,No internet service,Two year,No,Mailed check,25.25,24.96904761904762
2175,Female,0,No,No,30.0,Yes,No,Fiber optic,No,No,No,Yes,Yes,No,Month-to-month,No,Electronic check,85.15,85.19666666666667
3754,Male,0,No,No,1.0,Yes,No,No,No internet service,No internet service,No internet service,No internet service,No internet service,No internet service,Month-to-month,No,Mailed check,20.05,20.05
4243,Female,0,No,Yes,40.0,Yes,No,DSL,Yes,No,No,Yes,Yes,No,Month-to-month,Yes,Credit card (automatic),64.1,61.50875
5918,Male,0,Yes,Yes,59.0,Yes,No,No,No internet service,No internet service,No internet service,No internet service,No internet service,No internet service,Two year,No,Mailed check,19.5,19.45508474576271
1831,Female,1,Yes,No,22.0,Yes,Yes,DSL,Yes,Yes,No,Yes,No,No,Month-to-month,Yes,Mailed check,63.55,62.809090909090905
206,Male,0,Yes,Yes,72.0,No,No phone service,DSL,Yes,Yes,Yes,Yes,No,Yes,Two year,Yes,Credit card (automatic),55.45,58.044444444444444
6128,Female,0,Yes,No,14.0,Yes,No,Fiber optic,No,No,No,No,No,Yes,Month-to-month,Yes,Electronic check,78.1,80.17142857142858
4031,Female,0,Yes,No,72.0,Yes,Yes,Fiber optic,No,Yes,Yes,Yes,Yes,Yes,Two year,Yes,Bank transfer (automatic),110.45,110.86805555555556
2667,Female,0,No,No,72.0,Yes,Yes,Fiber optic,Yes,Yes,Yes,Yes,Yes,Yes,Two year,No,Credit card (automatic),115.05,116.73611111111111
6870,Male,0,No,No,49.0,Yes,Yes,Fiber optic,No,No,No,No,No,No,Month-to-month,Yes,Bank transfer (automatic),74.6,75.92551020408163
3617,Female,1,Yes,No,18.0,No,No phone service,DSL,No,No,Yes,No,Yes,Yes,Month-to-month,Yes,Electronic check,48.35,45.03888888888889
5731,Female,0,No,No,10.0,Yes,No,No,No internet service,No internet service,No internet service,No internet service,No internet service,No internet service,Month-to-month,Yes,Mailed check,19.9,19.945
2104,Female,0,Yes,No,8.0,Yes,Yes,Fiber optic,No,No,No,No,No,Yes,Month-to-month,Yes,Credit card (automatic),85.2,78.425
4311,Female,0,No,No,7.0,No,No phone service,DSL,No,Yes,No,No,No,Yes,Month-to-month,Yes,Credit card (automatic),40.1,41.9
2398,Female,0,Yes,Yes,2.0,No,No phone service,DSL,No,Yes,No,No,No,No,Month-to-month,Yes,Mailed check,30.25,31.875
4129,Male,0,Yes,Yes,34.0,Yes,No,Fiber optic,No,No,Yes,No,Yes,No,Month-to-month,Yes,Mailed check,84.05,85.58676470588235
3993,Female,0,No,Yes,70.0,Yes,Yes,DSL,Yes,Yes,No,Yes,No,No,Two year,No,Electronic check,66.0,69.87857142857143
3635,Female,0,Yes,No,72.0,Yes,Yes,No,No internet service,No internet service,No internet service,No internet service,No internet service,No internet service,Two year,No,Electronic check,24.55,24.31527777777778
4883,Male,1,No,No,8.0,No,No phone service,DSL,No,No,Yes,No,No,No,Month-to-month,Yes,Electronic check,29.4,27.7375
6152,Female,0,No,No,16.0,Yes,No,Fiber optic,No,Yes,Yes,No,No,Yes,Month-to-month,Yes,Credit card (automatic),93.2,98.35625
2100,Male,0,Yes,No,69.0,Yes,Yes,Fiber optic,No,No,Yes,No,Yes,Yes,One year,No,Bank transfer (automatic),99.5,99.15144927536231
5843,Male,1,Yes,No,35.0,Yes,Yes,Fiber optic,No,No,Yes,No,No,No,One year,Yes,Bank transfer (automatic),81.6,80.43571428571428
3601,Female,0,Yes,Yes,55.0,Yes,No,No,No internet service,No internet service,No internet service,No internet service,No internet service,No internet service,Month-to-month,No,Credit card (automatic),20.0,19.76818181818182
5915,Male,0,No,No,69.0,Yes,No,No,No internet service,No internet service,No internet service,No internet service,No internet service,No internet service,Two year,Yes,Mailed check,19.1,18.389130434782608
334,Female,0,No,No,2.0,Yes,Yes,Fiber optic,No,No,Yes,No,No,No,Month-to-month,No,Mailed check,80.6,77.9
2980,Female,0,No,No,72.0,Yes,Yes,No,No internet service,No internet service,No internet service,No internet service,No internet service,No internet service,Two year,No,Credit card (automatic),25.45,25.922916666666666
6041,Female,0,No,No,5.0,Yes,No,No,No internet service,No internet service,No internet service,No internet service,No internet service,No internet service,Month-to-month,No,Mailed check,19.95,21.919999999999998
1358,Male,0,No,No,10.0,Yes,No,Fiber optic,No,No,No,No,No,No,Month-to-month,No,Mailed check,70.15,73.55
5807,Male,0,No,No,57.0,Yes,No,No,No internet service,No internet service,No internet service,No internet service,No internet service,No internet service,Two year,No,Credit card (automatic),18.8,19.19912280701754
131,Female,0,Yes,Yes,25.0,No,No phone service,DSL,Yes,Yes,Yes,No,Yes,Yes,Month-to-month,Yes,Credit card (automatic),58.6,60.106
4191,Female,0,Yes,No,63.0,Yes,Yes,Fiber optic,No,Yes,Yes,Yes,Yes,Yes,Month-to-month,Yes,Electronic check,108.75,109.07460317460317
6358,Female,0,Yes,Yes,72.0,Yes,No,DSL,Yes,No,Yes,Yes,Yes,Yes,Two year,Yes,Bank transfer (automatic),80.45,81.76180555555555
1597,Male,0,Yes,No,48.0,Yes,Yes,Fiber optic,Yes,Yes,Yes,No,Yes,No,Two year,Yes,Bank transfer (automatic),96.9,93.19687499999999
2947,Male,0,Yes,Yes,49.0,Yes,No,Fiber optic,No,Yes,Yes,No,Yes,No,Month-to-month,Yes,Credit card (automatic),90.4,91.72755102040816
4414,Female,0,No,Yes,21.0,Yes,No,No,No internet service,No internet service,No internet service,No internet service,No internet service,No internet service,Month-to-month,No,Mailed check,20.75,21.53333333333333
1832,Male,1,Yes,No,57.0,No,No phone service,DSL,No,No,No,No,Yes,Yes,Month-to-month,Yes,Electronic check,44.85,45.13947368421052
5491,Male,0,No,No,21.0,Yes,No,DSL,Yes,No,Yes,No,Yes,No,Month-to-month,No,Bank transfer (automatic),65.35,67.82857142857144
3149,Female,0,No,No,8.0,Yes,No,DSL,No,No,Yes,Yes,No,Yes,Month-to-month,No,Mailed check,64.1,63.00625
6912,Male,0,No,No,9.0,Yes,Yes,Fiber optic,No,No,No,No,Yes,No,Month-to-month,Yes,Electronic check,85.5,87.96666666666667
6066,Male,0,No,No,2.0,Yes,No,Fiber optic,No,No,Yes,No,Yes,Yes,Month-to-month,No,Electronic check,94.95,89.05
5599,Male,0,Yes,No,9.0,Yes,No,Fiber optic,No,Yes,Yes,Yes,Yes,No,Month-to-month,Yes,Mailed check,94.85,98.95555555555556
5741,Male,0,No,No,19.0,Yes,Yes,Fiber optic,No,Yes,No,No,Yes,Yes,Month-to-month,Yes,Electronic check,99.95,101.67105263157895
5494,Female,0,No,No,8.0,Yes,No,Fiber optic,Yes,No,No,No,Yes,No,Month-to-month,No,Electronic check,84.95,83.55
513,Female,0,No,No,56.0,Yes,Yes,Fiber optic,No,Yes,No,Yes,Yes,Yes,Month-to-month,Yes,Bank transfer (automatic),105.45,105.65982142857142
3877,Female,0,Yes,Yes,21.0,No,No phone service,DSL,Yes,No,Yes,No,Yes,Yes,One year,Yes,Electronic check,55.95,55.09761904761905
539,Female,0,Yes,Yes,60.0,Yes,No,DSL,No,Yes,Yes,Yes,Yes,Yes,Two year,Yes,Bank transfer (automatic),80.6,82.445
5382,Male,0,Yes,Yes,56.0,No,No phone service,DSL,Yes,Yes,No,Yes,Yes,No,One year,Yes,Mailed check,52.0,51.51607142857143
3336,Female,0,Yes,Yes,55.0,Yes,No,No,No internet service,No internet service,No internet service,No internet service,No internet service,No internet service,Two year,No,Mailed check,20.3,19.619090909090907
2799,Male,0,No,Yes,55.0,Yes,No,No,No internet service,No internet service,No internet service,No internet service,No internet service,No internet service,One year,No,Bank transfer (automatic),19.1,18.20909090909091
6708,Female,1,No,No,14.0,Yes,Yes,Fiber optic,No,No,No,No,No,No,Month-to-month,Yes,Electronic check,74.3,78.30357142857143
5010,Female,0,No,No,61.0,Yes,Yes,DSL,No,Yes,Yes,Yes,Yes,Yes,Two year,No,Credit card (automatic),88.65,87.23360655737704
5971,Male,0,Yes,Yes,66.0,Yes,No,No,No internet service,No internet service,No internet service,No internet service,No internet service,No internet service,Two year,No,Credit card (automatic),20.0,20.82121212121212
4261,Male,0,No,No,57.0,Yes,No,DSL,No,Yes,No,Yes,No,No,One year,Yes,Mailed check,54.65,54.99473684210526
5521,Male,0,No,No,59.0,Yes,No,DSL,No,No,Yes,Yes,Yes,No,Month-to-month,Yes,Electronic check,64.65,63.31271186440678
2730,Male,0,No,No,49.0,Yes,Yes,Fiber optic,No,Yes,No,Yes,Yes,Yes,One year,Yes,Bank transfer (automatic),106.65,105.47142857142858
1785,Male,0,Yes,Yes,68.0,Yes,Yes,DSL,Yes,Yes,Yes,Yes,Yes,Yes,Two year,Yes,Credit card (automatic),92.2,94.0125
4798,Female,1,No,No,36.0,Yes,Yes,Fiber optic,No,No,No,No,No,No,Month-to-month,Yes,Bank transfer (automatic),74.9,73.8736111111111
5454,Female,1,Yes,No,1.0,Yes,No,Fiber optic,No,No,No,No,No,No,Month-to-month,Yes,Electronic check,69.55,69.55
5425,Female,0,No,No,30.0,Yes,Yes,Fiber optic,No,No,Yes,No,Yes,Yes,Month-to-month,No,Electronic check,100.45,103.23
1711,Female,0,Yes,No,71.0,Yes,Yes,No,No internet service,No internet service,No internet service,No internet service,No internet service,No internet service,Two year,Yes,Credit card (automatic),24.4,24.301408450704226
5233,Female,0,Yes,No,8.0,Yes,No,Fiber optic,No,Yes,Yes,No,Yes,Yes,Month-to-month,No,Electronic check,101.15,105.3625
4368,Female,1,No,No,9.0,Yes,No,Fiber optic,No,No,No,No,Yes,No,Month-to-month,Yes,Electronic check,80.85,83.51666666666667
6408,Male,0,No,No,69.0,Yes,Yes,Fiber optic,No,No,Yes,Yes,Yes,Yes,Two year,Yes,Bank transfer (automatic),106.5,106.50434782608696
3054,Female,0,No,Yes,67.0,Yes,Yes,Fiber optic,No,Yes,No,Yes,Yes,Yes,One year,Yes,Bank transfer (automatic),106.6,108.12985074626866
1918,Male,0,No,No,24.0,Yes,No,DSL,Yes,No,No,Yes,No,No,Month-to-month,No,Electronic check,54.95,56.1875
5502,Male,1,Yes,No,16.0,Yes,No,Fiber optic,No,No,No,No,No,No,Month-to-month,Yes,Bank transfer (automatic),71.8,72.9875
1042,Female,0,Yes,Yes,14.0,Yes,No,Fiber optic,No,No,No,No,No,No,Month-to-month,No,Electronic check,70.2,74.75
5938,Male,1,Yes,Yes,34.0,Yes,Yes,Fiber optic,No,Yes,Yes,Yes,Yes,Yes,Month-to-month,Yes,Electronic check,108.9,106.62352941176471
3429,Female,0,Yes,Yes,53.0,Yes,No,No,No internet service,No internet service,No internet service,No internet service,No internet service,No internet service,One year,No,Bank transfer (automatic),19.55,19.016981132075472
2953,Female,0,Yes,Yes,20.0,Yes,Yes,Fiber optic,No,Yes,Yes,No,Yes,Yes,Month-to-month,Yes,Bank transfer (automatic),105.85,111.9825
3268,Male,0,Yes,Yes,24.0,Yes,Yes,DSL,Yes,No,No,No,Yes,Yes,One year,No,Mailed check,74.8,75.88333333333334
3181,Female,0,Yes,No,64.0,Yes,Yes,DSL,Yes,Yes,Yes,Yes,No,Yes,Two year,Yes,Mailed check,81.3,80.1453125
144,Male,1,Yes,No,71.0,Yes,Yes,No,No internet service,No internet service,No internet service,No internet service,No internet service,No internet service,Two year,No,Bank transfer (automatic),23.95,24.735211267605635
331,Female,0,No,No,8.0,Yes,No,No,No internet service,No internet service,No internet service,No internet service,No internet service,No internet service,One year,Yes,Mailed check,19.2,20.24375
663,Male,0,Yes,Yes,65.0,Yes,Yes,DSL,Yes,Yes,No,No,No,Yes,Two year,Yes,Mailed check,69.55,68.60230769230769
3717,Male,0,No,No,29.0,Yes,No,DSL,No,No,Yes,No,No,No,Month-to-month,No,Bank transfer (automatic),48.95,45.6448275862069
6337,Female,0,Yes,Yes,55.0,Yes,Yes,Fiber optic,Yes,No,No,No,Yes,Yes,One year,No,Mailed check,100.9,99.06545454545456
6272,Male,0,No,Yes,54.0,Yes,No,DSL,No,Yes,Yes,Yes,No,No,One year,Yes,Electronic check,61.0,60.797222222222224
5117,Female,0,No,No,66.0,No,No phone service,DSL,Yes,No,Yes,Yes,Yes,Yes,Two year,Yes,Bank transfer (automatic),61.35,63.53636363636363
3589,Male,0,Yes,Yes,31.0,Yes,Yes,DSL,No,No,No,No,No,Yes,Month-to-month,No,Bank transfer (automatic),59.7,58.88709677419355
1898,Female,1,No,No,5.0,Yes,No,Fiber optic,No,No,No,No,No,Yes,Month-to-month,No,Electronic check,78.95,75.67999999999999
5353,Male,0,No,No,21.0,Yes,No,DSL,No,No,Yes,No,No,Yes,Month-to-month,No,Mailed check,61.65,66.36190476190475
1221,Male,0,No,No,9.0,No,No phone service,DSL,No,No,No,No,No,No,Month-to-month,Yes,Mailed check,24.6,21.12222222222222
1977,Male,1,No,No,31.0,Yes,Yes,Fiber optic,No,Yes,No,No,Yes,No,Month-to-month,Yes,Electronic check,90.7,91.77903225806452
4793,Male,0,Yes,No,49.0,Yes,No,Fiber optic,No,No,Yes,Yes,Yes,Yes,One year,Yes,Credit card (automatic),99.25,100.42448979591838
5125,Female,0,Yes,No,11.0,Yes,Yes,Fiber optic,No,No,No,No,Yes,Yes,Month-to-month,Yes,Electronic check,94.0,98.08181818181819
3919,Female,0,No,No,6.0,Yes,Yes,Fiber optic,No,No,No,No,Yes,Yes,Month-to-month,Yes,Bank transfer (automatic),93.55,89.39999999999999
4380,Female,0,Yes,Yes,0.0,Yes,No,No,No internet service,No internet service,No internet service,No internet service,No internet service,No internet service,Two year,No,Mailed check,20.0,20.0
3770,Female,0,Yes,No,57.0,Yes,No,No,No internet service,No internet service,No internet service,No internet service,No internet service,No internet service,Two year,No,Bank transfer (automatic),19.9,19.5719298245614
491,Female,0,No,No,2.0,Yes,No,DSL,No,Yes,No,No,Yes,No,Month-to-month,Yes,Electronic check,59.0,57.075
3494,Female,0,Yes,Yes,9.0,Yes,Yes,Fiber optic,No,No,No,No,Yes,No,Month-to-month,Yes,Bank transfer (automatic),85.35,83.85
4003,Female,0,No,No,38.0,Yes,No,No,No internet service,No internet service,No internet service,No internet service,No internet service,No internet service,Two year,No,Mailed check,20.3,19.553947368421053
6007,Male,0,No,Yes,39.0,No,No phone service,DSL,No,No,Yes,Yes,Yes,Yes,One year,No,Bank transfer (automatic),54.85,56.197435897435895
2770,Male,0,Yes,Yes,17.0,Yes,Yes,Fiber optic,No,No,No,No,Yes,Yes,Month-to-month,Yes,Electronic check,92.55,89.12352941176471
4331,Male,0,No,No,71.0,Yes,Yes,No,No internet service,No internet service,No internet service,No internet service,No internet service,No internet service,Two year,No,Bank transfer (automatic),25.55,26.733802816901406
6262,Female,0,No,No,45.0,Yes,Yes,Fiber optic,Yes,Yes,No,No,No,Yes,One year,No,Bank transfer (automatic),96.75,98.72777777777777
2987,Female,0,Yes,Yes,33.0,Yes,No,No,No internet service,No internet service,No internet service,No internet service,No internet service,No internet service,Two year,No,Mailed check,20.1,20.313636363636363
6374,Female,0,Yes,Yes,72.0,Yes,No,No,No internet service,No internet service,No internet service,No internet service,No internet service,No internet service,Two year,Yes,Mailed check,20.7,20.5875
1712,Female,0,No,No,29.0,Yes,Yes,DSL,No,Yes,No,No,No,No,One year,Yes,Electronic check,55.25,55.86896551724138
2346,Female,0,Yes,Yes,71.0,Yes,Yes,Fiber optic,No,Yes,Yes,No,No,Yes,Two year,Yes,Credit card (automatic),95.75,96.47042253521126
6833,Female,1,No,No,18.0,Yes,Yes,Fiber optic,No,Yes,No,Yes,Yes,Yes,Month-to-month,Yes,Credit card (automatic),103.6,100.35277777777777
3351,Female,0,No,No,16.0,Yes,No,DSL,No,Yes,No,Yes,No,No,Month-to-month,Yes,Mailed check,53.9,52.134375
6962,Female,1,Yes,No,27.0,Yes,No,Fiber optic,Yes,No,Yes,No,Yes,Yes,Month-to-month,Yes,Electronic check,101.25,102.01666666666667
2497,Female,0,Yes,No,4.0,Yes,No,No,No internet service,No internet service,No internet service,No internet service,No internet service,No internet service,Month-to-month,No,Mailed check,19.6,23.3625
5193,Female,0,Yes,No,72.0,Yes,Yes,No,No internet service,No internet service,No internet service,No internet service,No internet service,No internet service,Two year,No,Credit card (automatic),26.45,26.59027777777778
6131,Female,1,No,No,47.0,Yes,Yes,Fiber optic,No,Yes,No,Yes,Yes,No,Month-to-month,Yes,Electronic check,95.05,95.84148936170213
3447,Male,0,No,No,39.0,Yes,Yes,Fiber optic,No,Yes,No,No,No,No,One year,No,Credit card (automatic),81.4,82.40384615384616
841,Female,0,Yes,No,72.0,Yes,Yes,Fiber optic,Yes,No,Yes,No,Yes,Yes,Two year,Yes,Credit card (automatic),105.0,105.41388888888889
5783,Female,1,No,No,1.0,Yes,No,Fiber optic,No,No,No,No,Yes,Yes,Month-to-month,Yes,Electronic check,89.3,89.3
5527,Female,1,Yes,No,72.0,Yes,Yes,Fiber optic,No,Yes,Yes,No,Yes,Yes,One year,No,Credit card (automatic),105.0,105.25069444444445
5873,Female,0,No,No,18.0,Yes,No,Fiber optic,Yes,No,No,No,No,No,Month-to-month,Yes,Electronic check,75.4,76.6888888888889
4637,Male,1,Yes,No,71.0,Yes,No,DSL,Yes,Yes,No,Yes,Yes,No,One year,Yes,Bank transfer (automatic),71.0,70.59295774647887
4346,Female,0,Yes,No,42.0,Yes,Yes,DSL,Yes,Yes,No,Yes,No,No,Month-to-month,Yes,Credit card (automatic),66.4,64.94761904761906
28,Male,0,Yes,No,72.0,Yes,Yes,DSL,Yes,Yes,Yes,Yes,Yes,Yes,Two year,Yes,Credit card (automatic),90.25,88.46458333333334
486,Female,0,No,No,15.0,Yes,Yes,Fiber optic,No,Yes,No,No,Yes,Yes,Month-to-month,Yes,Electronic check,100.15,94.33333333333333
4822,Male,0,Yes,Yes,72.0,Yes,No,Fiber optic,Yes,No,Yes,Yes,Yes,Yes,Two year,Yes,Credit card (automatic),104.9,104.99375
2786,Male,0,No,Yes,27.0,Yes,No,DSL,Yes,Yes,No,No,No,No,One year,No,Mailed check,56.2,58.0574074074074
2378,Female,0,Yes,No,35.0,Yes,No,Fiber optic,No,No,No,No,No,No,Month-to-month,Yes,Electronic check,70.3,69.04428571428572
5031,Male,0,Yes,Yes,9.0,Yes,No,Fiber optic,No,Yes,No,Yes,Yes,Yes,Month-to-month,Yes,Electronic check,101.5,100.76111111111112
2958,Female,0,No,No,1.0,Yes,No,No,No internet service,No internet service,No internet service,No internet service,No internet service,No internet service,Month-to-month,No,Credit card (automatic),19.55,19.55
286,Female,0,No,No,20.0,Yes,No,DSL,No,No,No,No,No,No,Month-to-month,Yes,Electronic check,44.35,46.3575
3828,Female,0,Yes,No,65.0,Yes,No,No,No internet service,No internet service,No internet service,No internet service,No internet service,No internet service,Two year,No,Bank transfer (automatic),19.35,20.306923076923077
3499,Female,0,No,No,1.0,Yes,No,No,No internet service,No internet service,No internet service,No internet service,No internet service,No internet service,Month-to-month,No,Mailed check,20.9,20.9
5112,Female,0,No,No,7.0,Yes,No,No,No internet service,No internet service,No internet service,No internet service,No internet service,No internet service,Month-to-month,No,Mailed check,20.05,23.55
307,Male,0,Yes,Yes,29.0,Yes,No,DSL,No,No,Yes,Yes,Yes,Yes,Two year,No,Mailed check,75.55,70.84137931034483
3042,Male,0,No,No,46.0,No,No phone service,DSL,No,Yes,No,No,No,No,Month-to-month,No,Bank transfer (automatic),30.3,30.002173913043475
1013,Female,0,No,No,1.0,Yes,No,DSL,No,Yes,No,No,No,No,Month-to-month,No,Electronic check,49.5,49.5
6643,Female,1,Yes,No,3.0,Yes,No,Fiber optic,No,Yes,No,No,No,No,Month-to-month,Yes,Bank transfer (automatic),74.6,79.68333333333334
6868,Male,0,No,No,13.0,Yes,No,Fiber optic,No,No,No,No,Yes,Yes,Month-to-month,Yes,Electronic check,91.1,87.36153846153846
4203,Female,0,No,Yes,7.0,Yes,No,No,No internet service,No internet service,No internet service,No internet service,No internet service,No internet service,One year,No,Mailed check,20.05,13.828571428571427
1173,Male,0,No,No,1.0,Yes,No,No,No internet service,No internet service,No internet service,No internet service,No internet service,No internet service,Month-to-month,Yes,Electronic check,19.85,19.85
2141,Male,0,Yes,Yes,16.0,Yes,No,No,No internet service,No internet service,No internet service,No internet service,No internet service,No internet service,Month-to-month,No,Electronic check,20.15,21.334375
6865,Female,0,Yes,No,8.0,Yes,No,DSL,Yes,No,No,Yes,No,Yes,Two year,No,Mailed check,65.5,70.54375
4876,Male,0,No,No,10.0,Yes,No,Fiber optic,Yes,Yes,Yes,No,Yes,Yes,Month-to-month,Yes,Electronic check,104.4,108.14500000000001
422,Male,0,No,Yes,29.0,Yes,Yes,Fiber optic,No,Yes,Yes,Yes,No,Yes,One year,No,Credit card (automatic),100.55,97.60172413793103
5306,Male,0,Yes,Yes,19.0,Yes,Yes,Fiber optic,No,No,No,No,No,Yes,Month-to-month,Yes,Electronic check,83.65,77.14473684210526
540,Female,0,Yes,Yes,72.0,Yes,Yes,Fiber optic,Yes,Yes,Yes,Yes,Yes,Yes,Two year,Yes,Bank transfer (automatic),113.1,114.5625
6283,Female,0,No,No,3.0,Yes,No,Fiber optic,Yes,No,Yes,No,Yes,Yes,Month-to-month,Yes,Credit card (automatic),99.0,95.8
2242,Male,0,Yes,Yes,44.0,Yes,Yes,No,No internet service,No internet service,No internet service,No internet service,No internet service,No internet service,One year,No,Electronic check,24.85,23.036363636363635
5994,Female,0,No,No,42.0,Yes,Yes,Fiber optic,Yes,No,Yes,No,Yes,Yes,Month-to-month,Yes,Electronic check,105.2,104.7797619047619
6849,Male,0,Yes,Yes,30.0,Yes,Yes,Fiber optic,No,Yes,No,Yes,No,No,Month-to-month,Yes,Bank transfer (automatic),83.55,85.67333333333333
2056,Male,0,No,No,51.0,Yes,Yes,Fiber optic,No,Yes,No,No,No,No,Month-to-month,No,Bank transfer (automatic),81.0,80.11274509803921
1049,Female,0,No,No,1.0,Yes,No,No,No internet service,No internet service,No internet service,No internet service,No internet service,No internet service,Month-to-month,No,Mailed check,19.65,19.65
5026,Male,0,Yes,Yes,23.0,Yes,No,No,No internet service,No internet service,No internet service,No internet service,No internet service,No internet service,One year,Yes,Credit card (automatic),20.0,19.360869565217392
6036,Female,0,Yes,No,53.0,Yes,No,Fiber optic,Yes,Yes,Yes,Yes,Yes,Yes,One year,No,Electronic check,110.5,110.10377358490567
1473,Female,0,No,No,24.0,Yes,Yes,Fiber optic,No,No,Yes,No,Yes,Yes,Month-to-month,Yes,Electronic check,98.75,100.30416666666667
2134,Female,0,No,No,1.0,Yes,No,No,No internet service,No internet service,No internet service,No internet service,No internet service,No internet service,Month-to-month,No,Mailed check,20.15,20.15
1235,Male,1,Yes,No,61.0,Yes,Yes,Fiber optic,No,Yes,Yes,Yes,Yes,No,One year,Yes,Mailed check,98.3,99.4516393442623
3257,Male,0,No,No,22.0,Yes,No,Fiber optic,No,Yes,No,No,Yes,Yes,Month-to-month,Yes,Mailed check,93.2,98.05909090909091
3467,Male,1,No,No,5.0,Yes,No,Fiber optic,No,No,No,No,Yes,Yes,Month-to-month,Yes,Electronic check,91.4,89.95
1180,Male,0,No,No,39.0,Yes,No,DSL,No,No,No,Yes,No,No,Two year,Yes,Bank transfer (automatic),49.8,50.542307692307695
6252,Male,0,Yes,Yes,50.0,No,No phone service,DSL,Yes,No,No,No,Yes,No,Month-to-month,Yes,Credit card (automatic),39.45,40.427
4238,Male,0,Yes,Yes,57.0,Yes,No,No,No internet service,No internet service,No internet service,No internet service,No internet service,No internet service,One year,No,Mailed check,19.4,18.62456140350877
5641,Male,0,No,Yes,39.0,Yes,Yes,No,No internet service,No internet service,No internet service,No internet service,No internet service,No internet service,One year,No,Bank transfer (automatic),25.45,24.575641025641026
4190,Female,0,Yes,No,11.0,Yes,Yes,Fiber optic,Yes,No,No,Yes,Yes,No,Month-to-month,Yes,Credit card (automatic),96.2,111.09545454545454
6518,Male,0,No,No,1.0,Yes,No,DSL,No,No,No,No,No,No,Month-to-month,No,Electronic check,45.3,45.3
5278,Female,0,Yes,Yes,56.0,Yes,Yes,Fiber optic,Yes,No,Yes,Yes,Yes,Yes,Month-to-month,Yes,Mailed check,109.6,106.30357142857143
1,Male,0,No,No,34.0,Yes,No,DSL,Yes,No,Yes,No,No,No,One year,No,Mailed check,56.95,55.5735294117647
3750,Female,1,Yes,No,12.0,Yes,No,DSL,Yes,No,Yes,Yes,Yes,Yes,One year,Yes,Electronic check,79.2,78.65416666666667
2654,Male,0,Yes,No,1.0,Yes,No,Fiber optic,No,No,No,No,Yes,Yes,Month-to-month,Yes,Electronic check,90.75,90.75
2876,Male,0,No,No,19.0,Yes,No,No,No internet service,No internet service,No internet service,No internet service,No internet service,No internet service,One year,Yes,Credit card (automatic),19.7,20.342105263157894
5657,Male,0,Yes,No,18.0,Yes,Yes,Fiber optic,No,No,No,No,Yes,Yes,Month-to-month,Yes,Electronic check,94.75,93.99444444444445
4367,Male,1,Yes,No,36.0,Yes,No,DSL,No,No,Yes,Yes,No,No,One year,No,Credit card (automatic),54.1,55.356944444444444
4053,Male,1,No,No,11.0,Yes,Yes,DSL,Yes,Yes,No,No,No,No,Month-to-month,No,Bank transfer (automatic),60.25,60.26818181818182
6926,Female,0,No,No,56.0,Yes,No,Fiber optic,No,Yes,No,No,No,No,Month-to-month,Yes,Electronic check,73.85,73.08660714285715
6417,Female,1,Yes,No,51.0,Yes,Yes,Fiber optic,Yes,No,No,No,No,No,Month-to-month,Yes,Electronic check,77.5,74.65392156862745
734,Female,0,Yes,No,27.0,Yes,Yes,Fiber optic,No,No,Yes,No,No,Yes,Month-to-month,No,Bank transfer (automatic),90.15,89.75555555555556
2269,Female,0,No,No,1.0,Yes,No,Fiber optic,No,No,No,No,No,No,Month-to-month,No,Mailed check,70.9,70.9
4928,Female,1,Yes,Yes,4.0,Yes,No,DSL,No,No,No,No,No,No,Month-to-month,No,Electronic check,46.0,45.4
3039,Male,1,Yes,No,72.0,No,No phone service,DSL,Yes,Yes,Yes,Yes,Yes,Yes,Two year,Yes,Credit card (automatic),64.45,64.45972222222223
1862,Female,1,No,No,52.0,No,No phone service,DSL,No,Yes,Yes,Yes,Yes,No,Month-to-month,Yes,Electronic check,50.5,49.35192307692308
4468,Female,0,No,No,15.0,Yes,Yes,No,No internet service,No internet service,No internet service,No internet service,No internet service,No internet service,Month-to-month,Yes,Credit card (automatic),25.4,26.64
227,Female,0,Yes,No,1.0,Yes,No,DSL,No,No,No,No,Yes,No,Month-to-month,No,Mailed check,55.2,55.2
43,Female,0,No,No,63.0,Yes,Yes,DSL,Yes,Yes,Yes,Yes,Yes,No,Two year,Yes,Credit card (automatic),79.85,77.16587301587302
1984,Female,0,Yes,Yes,14.0,Yes,Yes,Fiber optic,No,Yes,No,No,No,Yes,Month-to-month,Yes,Bank transfer (automatic),90.9,89.92857142857143
1508,Female,1,Yes,Yes,23.0,Yes,No,Fiber optic,No,Yes,Yes,No,No,Yes,Month-to-month,Yes,Bank transfer (automatic),88.45,92.63260869565218
5128,Female,1,Yes,No,47.0,Yes,Yes,Fiber optic,No,No,Yes,No,Yes,Yes,Month-to-month,No,Electronic check,99.7,101.00425531914894
6154,Female,0,Yes,Yes,72.0,Yes,Yes,Fiber optic,No,Yes,Yes,Yes,Yes,Yes,Two year,Yes,Bank transfer (automatic),109.2,107.10347222222222
6617,Female,0,No,No,48.0,Yes,Yes,DSL,Yes,Yes,Yes,No,Yes,Yes,One year,Yes,Credit card (automatic),83.45,80.996875
765,Female,0,No,No,11.0,No,No phone service,DSL,No,No,No,No,Yes,No,Month-to-month,Yes,Mailed check,35.8,33.01363636363636
5735,Female,0,Yes,Yes,48.0,Yes,No,No,No internet service,No internet service,No internet service,No internet service,No internet service,No internet service,Two year,No,Mailed check,20.0,19.497916666666665
2481,Male,1,Yes,No,61.0,Yes,Yes,No,No internet service,No internet service,No internet service,No internet service,No internet service,No internet service,Two year,No,Bank transfer (automatic),25.0,24.618852459016395
4762,Male,1,No,No,34.0,Yes,No,Fiber optic,No,No,No,No,No,No,Month-to-month,No,Credit card (automatic),69.15,66.91470588235293
3996,Male,0,No,No,24.0,Yes,No,No,No internet service,No internet service,No internet service,No internet service,No internet service,No internet service,Two year,No,Mailed check,20.75,20.29375
3017,Female,0,Yes,Yes,18.0,Yes,No,DSL,Yes,Yes,No,Yes,No,No,One year,Yes,Mailed check,61.5,60.41388888888889
3405,Female,0,Yes,Yes,64.0,Yes,Yes,Fiber optic,Yes,No,No,Yes,No,No,Month-to-month,Yes,Bank transfer (automatic),86.8,83.23828125
6171,Female,1,Yes,Yes,59.0,Yes,Yes,Fiber optic,No,No,Yes,No,No,Yes,Month-to-month,Yes,Credit card (automatic),88.75,90.65508474576271
3062,Male,1,Yes,No,24.0,No,No phone service,DSL,No,No,Yes,Yes,No,No,Month-to-month,No,Mailed check,34.25,34.50833333333333
3826,Male,0,Yes,Yes,0.0,Yes,Yes,No,No internet service,No internet service,No internet service,No internet service,No internet service,No internet service,Two year,No,Mailed check,25.35,25.35
1203,Female,0,No,No,60.0,Yes,Yes,No,No internet service,No internet service,No internet service,No internet service,No internet service,No internet service,Two year,No,Mailed check,25.0,25.084166666666665
6692,Female,0,No,No,41.0,Yes,Yes,DSL,Yes,No,Yes,Yes,No,Yes,Month-to-month,Yes,Bank transfer (automatic),74.65,75.38170731707318
410,Male,1,No,No,3.0,Yes,Yes,Fiber optic,No,Yes,No,No,No,No,Month-to-month,Yes,Electronic check,81.35,77.89999999999999
5808,Male,0,Yes,No,72.0,Yes,Yes,Fiber optic,No,Yes,Yes,Yes,Yes,Yes,Two year,Yes,Electronic check,108.4,107.21527777777777
6186,Male,0,Yes,No,47.0,Yes,Yes,Fiber optic,Yes,No,Yes,Yes,Yes,Yes,One year,Yes,Credit card (automatic),110.85,112.25106382978724
6113,Male,0,No,No,21.0,Yes,Yes,Fiber optic,No,No,No,No,No,No,Month-to-month,No,Mailed check,75.3,74.79523809523809
3688,Female,0,No,No,41.0,Yes,Yes,Fiber optic,No,No,Yes,No,Yes,Yes,Month-to-month,No,Bank transfer (automatic),98.05,97.33170731707317
6002,Male,0,Yes,No,6.0,Yes,Yes,Fiber optic,No,No,No,No,Yes,No,Month-to-month,Yes,Electronic check,82.85,76.70833333333333
1591,Male,0,No,No,17.0,Yes,No,No,No internet service,No internet service,No internet service,No internet service,No internet service,No internet service,Month-to-month,No,Credit card (automatic),21.1,22.679411764705883
3266,Female,0,Yes,Yes,72.0,Yes,No,No,No internet service,No internet service,No internet service,No internet service,No internet service,No internet service,Two year,No,Bank transfer (automatic),20.1,20.289583333333333
2660,Male,0,No,Yes,13.0,Yes,No,DSL,Yes,No,No,No,No,No,Month-to-month,Yes,Credit card (automatic),52.1,51.58846153846154
4615,Female,0,Yes,No,72.0,Yes,Yes,DSL,Yes,Yes,No,Yes,No,No,Two year,No,Bank transfer (automatic),64.75,66.73263888888889
4931,Male,0,Yes,No,15.0,Yes,Yes,Fiber optic,No,No,Yes,Yes,Yes,Yes,Month-to-month,Yes,Electronic check,103.45,102.65333333333334
875,Female,0,No,No,3.0,No,No phone service,DSL,No,No,No,No,Yes,No,Month-to-month,Yes,Credit card (automatic),34.8,37.983333333333334
37,Female,0,No,No,46.0,Yes,No,Fiber optic,No,No,Yes,No,No,No,Month-to-month,Yes,Credit card (automatic),74.8,77.13695652173914
127,Male,0,Yes,No,72.0,Yes,Yes,No,No internet service,No internet service,No internet service,No internet service,No internet service,No internet service,Two year,Yes,Bank transfer (automatic),23.55,23.94375
6407,Female,0,No,No,15.0,Yes,No,DSL,No,No,No,No,Yes,No,One year,No,Mailed check,56.15,62.126666666666665
5004,Female,0,Yes,No,64.0,Yes,Yes,Fiber optic,No,Yes,Yes,Yes,Yes,Yes,Month-to-month,Yes,Electronic check,111.15,108.646875
6004,Female,0,Yes,Yes,67.0,Yes,No,Fiber optic,Yes,Yes,Yes,No,No,No,One year,No,Bank transfer (automatic),84.8,83.55671641791045
2121,Male,0,No,No,1.0,Yes,No,No,No internet service,No internet service,No internet service,No internet service,No internet service,No internet service,Month-to-month,No,Mailed check,20.45,20.45
5426,Male,0,Yes,No,51.0,Yes,Yes,DSL,No,No,No,Yes,Yes,Yes,Two year,Yes,Bank transfer (automatic),75.2,76.49509803921569
877,Female,0,No,Yes,51.0,No,No phone service,DSL,Yes,No,Yes,Yes,Yes,Yes,One year,No,Bank transfer (automatic),60.15,60.333333333333336
3028,Male,0,No,No,5.0,No,No phone service,DSL,Yes,Yes,Yes,Yes,No,No,Month-to-month,Yes,Mailed check,43.25,43.8
1839,Female,0,No,No,4.0,Yes,Yes,No,No internet service,No internet service,No internet service,No internet service,No internet service,No internet service,Two year,Yes,Credit card (automatic),25.3,29.2375
1191,Male,0,Yes,Yes,35.0,Yes,Yes,DSL,Yes,Yes,Yes,Yes,No,No,Two year,Yes,Credit card (automatic),69.15,71.14714285714285
269,Female,0,Yes,No,71.0,Yes,Yes,No,No internet service,No internet service,No internet service,No internet service,No internet service,No internet service,Two year,Yes,Credit card (automatic),24.25,24.40774647887324
5129,Female,0,No,No,13.0,Yes,No,Fiber optic,No,No,No,No,Yes,No,Month-to-month,Yes,Mailed check,81.9,79.14615384615385
2110,Female,0,No,No,3.0,Yes,No,No,No internet service,No internet service,No internet service,No internet service,No internet service,No internet service,Month-to-month,No,Electronic check,20.2,21.983333333333334
4927,Male,0,Yes,No,30.0,Yes,No,No,No internet service,No internet service,No internet service,No internet service,No internet service,No internet service,Two year,No,Mailed check,19.05,21.251666666666665
862,Male,1,Yes,No,20.0,Yes,No,Fiber optic,No,Yes,No,No,No,No,Month-to-month,Yes,Electronic check,73.65,73.175
4715,Female,0,No,No,64.0,Yes,Yes,DSL,Yes,Yes,Yes,Yes,Yes,Yes,Two year,Yes,Credit card (automatic),86.4,85.03203125
1529,Female,0,Yes,No,59.0,Yes,No,No,No internet service,No internet service,No internet service,No internet service,No internet service,No internet service,Two year,No,Bank transfer (automatic),18.4,17.92966101694915
3766,Female,1,No,No,1.0,Yes,No,DSL,Yes,No,Yes,No,No,No,Month-to-month,Yes,Electronic check,55.8,55.8
5764,Male,1,No,No,57.0,Yes,Yes,Fiber optic,Yes,No,No,Yes,No,Yes,Two year,No,Electronic check,93.75,98.69385964912281
2562,Male,0,Yes,Yes,66.0,No,No phone service,DSL,No,No,No,Yes,Yes,Yes,Two year,No,Bank transfer (automatic),50.55,50.97803030303031
5348,Male,0,No,Yes,25.0,No,No phone service,DSL,Yes,No,No,No,Yes,No,One year,Yes,Credit card (automatic),40.65,38.821999999999996
3318,Male,0,No,No,10.0,No,No phone service,DSL,No,No,Yes,No,No,No,Month-to-month,No,Mailed check,29.5,25.525
1784,Female,0,No,No,4.0,Yes,No,No,No internet service,No internet service,No internet service,No internet service,No internet service,No internet service,Month-to-month,No,Mailed check,20.35,19.375
1363,Female,0,Yes,No,72.0,Yes,Yes,DSL,Yes,Yes,Yes,Yes,Yes,Yes,Two year,No,Bank transfer (automatic),92.0,89.92222222222222
5537,Male,1,Yes,No,71.0,Yes,Yes,Fiber optic,Yes,Yes,Yes,Yes,Yes,Yes,Two year,Yes,Bank transfer (automatic),115.05,112.90985915492958
4833,Female,0,No,No,41.0,Yes,No,No,No internet service,No internet service,No internet service,No internet service,No internet service,No internet service,One year,Yes,Mailed check,19.75,19.681707317073172
2354,Male,0,Yes,Yes,9.0,Yes,No,No,No internet service,No internet service,No internet service,No internet service,No internet service,No internet service,Two year,No,Mailed check,19.6,21.933333333333334
1919,Male,0,No,No,1.0,Yes,No,DSL,No,No,Yes,No,No,No,Month-to-month,No,Mailed check,50.9,50.9
299,Female,0,No,Yes,1.0,Yes,No,Fiber optic,Yes,No,No,No,No,No,Month-to-month,Yes,Mailed check,73.6,73.6
2969,Female,0,Yes,Yes,65.0,Yes,Yes,Fiber optic,Yes,No,Yes,Yes,Yes,Yes,Two year,No,Electronic check,109.3,112.88538461538462
5069,Female,0,No,No,4.0,Yes,Yes,Fiber optic,No,No,No,No,No,No,Month-to-month,No,Electronic check,75.35,84.525
5160,Female,0,No,No,1.0,Yes,No,Fiber optic,No,Yes,No,No,No,No,Month-to-month,No,Electronic check,74.35,74.35
3942,Male,0,No,No,1.0,Yes,No,DSL,No,No,No,No,No,No,Month-to-month,Yes,Electronic check,42.9,42.9
3387,Female,0,No,No,7.0,Yes,No,No,No internet service,No internet service,No internet service,No internet service,No internet service,No internet service,Month-to-month,No,Mailed check,20.65,22.271428571428572
731,Male,0,No,No,5.0,Yes,No,No,No internet service,No internet service,No internet service,No internet service,No internet service,No internet service,Month-to-month,No,Mailed check,20.35,18.55
1015,Male,0,Yes,Yes,12.0,Yes,No,DSL,No,No,No,No,No,Yes,One year,No,Credit card (automatic),53.65,58.02916666666667
840,Female,1,No,No,55.0,Yes,Yes,Fiber optic,No,No,Yes,No,Yes,Yes,One year,Yes,Electronic check,100.0,100.16909090909091
2002,Male,0,No,No,54.0,No,No phone service,DSL,Yes,No,No,Yes,Yes,No,Two year,No,Credit card (automatic),45.2,45.56574074074074
3497,Female,1,Yes,No,2.0,Yes,No,Fiber optic,No,No,No,No,No,No,Month-to-month,Yes,Electronic check,69.3,76.9
1683,Male,0,Yes,Yes,23.0,Yes,No,No,No internet service,No internet service,No internet service,No internet service,No internet service,No internet service,Two year,No,Credit card (automatic),19.6,18.55
5079,Male,0,No,No,15.0,Yes,Yes,Fiber optic,No,Yes,No,Yes,No,Yes,Month-to-month,No,Electronic check,95.7,96.74
4276,Female,0,No,No,2.0,Yes,No,DSL,No,Yes,No,No,No,No,Month-to-month,Yes,Mailed check,49.6,57.35
4133,Male,0,No,No,56.0,Yes,Yes,Fiber optic,No,Yes,No,No,Yes,Yes,Month-to-month,No,Electronic check,98.6,99.66160714285715
5834,Female,0,Yes,No,65.0,Yes,Yes,Fiber optic,Yes,No,Yes,No,Yes,Yes,Month-to-month,Yes,Electronic check,105.05,106.38384615384615
456,Male,0,Yes,Yes,28.0,Yes,No,Fiber optic,No,Yes,Yes,Yes,Yes,No,One year,No,Bank transfer (automatic),92.9,98.86964285714285
3773,Female,0,No,No,1.0,No,No phone service,DSL,No,No,No,No,No,No,Month-to-month,No,Mailed check,25.2,25.2
3989,Female,0,No,Yes,8.0,No,No phone service,DSL,Yes,No,No,No,No,Yes,Month-to-month,Yes,Electronic check,38.5,41.35
2512,Female,0,Yes,No,23.0,Yes,No,DSL,Yes,No,Yes,Yes,No,Yes,One year,Yes,Bank transfer (automatic),68.75,73.45434782608696
1220,Male,0,No,No,17.0,Yes,Yes,DSL,Yes,No,No,No,No,Yes,Month-to-month,No,Bank transfer (automatic),65.75,65.36470588235295
3676,Male,0,No,No,30.0,Yes,No,DSL,Yes,Yes,No,Yes,Yes,No,One year,No,Electronic check,70.4,68.15833333333333
3038,Female,1,Yes,No,67.0,Yes,Yes,Fiber optic,Yes,Yes,No,No,Yes,Yes,One year,Yes,Electronic check,105.6,106.15149253731343
1929,Male,0,Yes,Yes,1.0,Yes,No,Fiber optic,No,No,No,No,No,Yes,Month-to-month,Yes,Electronic check,81.05,81.05
1225,Female,0,Yes,No,16.0,No,No phone service,DSL,No,No,No,Yes,Yes,Yes,Month-to-month,Yes,Electronic check,49.95,50.6375
509,Female,0,No,No,1.0,Yes,No,No,No internet service,No internet service,No internet service,No internet service,No internet service,No internet service,Month-to-month,No,Mailed check,19.85,19.85
778,Female,0,Yes,No,59.0,Yes,Yes,Fiber optic,Yes,Yes,Yes,Yes,No,Yes,One year,Yes,Credit card (automatic),107.0,104.27627118644068
5711,Female,1,Yes,No,20.0,Yes,Yes,Fiber optic,No,No,Yes,No,Yes,No,Month-to-month,No,Electronic check,90.8,97.55
3225,Female,0,No,No,13.0,Yes,No,DSL,Yes,No,No,No,Yes,Yes,Month-to-month,Yes,Electronic check,71.95,71.06538461538462
2223,Female,0,No,No,28.0,Yes,Yes,Fiber optic,No,Yes,No,No,No,Yes,Month-to-month,Yes,Electronic check,89.95,93.76964285714287
4774,Female,0,Yes,No,53.0,Yes,Yes,Fiber optic,No,No,No,Yes,No,Yes,One year,Yes,Electronic check,91.15,91.74528301886792
624,Female,0,No,No,7.0,Yes,No,No,No internet service,No internet service,No internet service,No internet service,No internet service,No internet service,Month-to-month,No,Bank transfer (automatic),20.0,19.657142857142855
417,Female,0,Yes,Yes,40.0,Yes,Yes,No,No internet service,No internet service,No internet service,No internet service,No internet service,No internet service,Two year,Yes,Mailed check,24.8,25.6175
2151,Male,0,No,No,68.0,Yes,Yes,No,No internet service,No internet service,No internet service,No internet service,No internet service,No internet service,Two year,Yes,Bank transfer (automatic),24.15,22.04191176470588
7018,Male,0,Yes,Yes,1.0,Yes,No,Fiber optic,No,No,No,No,No,No,Month-to-month,Yes,Mailed check,70.65,70.65
2801,Female,0,Yes,Yes,62.0,Yes,Yes,Fiber optic,No,Yes,No,Yes,Yes,Yes,One year,Yes,Credit card (automatic),106.05,108.12096774193549
6327,Male,0,No,No,28.0,Yes,No,Fiber optic,No,Yes,No,Yes,Yes,No,One year,Yes,Bank transfer (automatic),91.25,88.70178571428572
5929,Male,1,Yes,No,62.0,Yes,Yes,Fiber optic,Yes,Yes,Yes,No,No,No,Month-to-month,Yes,Electronic check,89.1,90.61774193548388
4177,Male,0,No,Yes,21.0,Yes,No,DSL,No,No,No,No,No,No,Month-to-month,No,Mailed check,45.65,46.90714285714286
2532,Female,1,No,No,41.0,Yes,No,Fiber optic,No,No,Yes,Yes,Yes,Yes,One year,Yes,Bank transfer (automatic),101.1,97.9560975609756
5025,Male,0,Yes,Yes,6.0,Yes,No,Fiber optic,No,No,No,No,No,No,Month-to-month,Yes,Electronic check,69.8,62.975
629,Male,1,Yes,No,49.0,Yes,Yes,Fiber optic,No,Yes,No,No,No,Yes,Month-to-month,No,Credit card (automatic),90.05,92.80102040816327
3930,Female,0,Yes,Yes,67.0,Yes,Yes,Fiber optic,Yes,No,Yes,Yes,Yes,Yes,One year,Yes,Electronic check,109.4,108.68059701492538
4376,Female,0,No,No,45.0,Yes,No,Fiber optic,Yes,Yes,No,No,Yes,Yes,One year,Yes,Electronic check,100.3,99.64333333333333
194,Male,0,Yes,Yes,59.0,Yes,No,No,No internet service,No internet service,No internet service,No internet service,No internet service,No internet service,Two year,No,Credit card (automatic),19.3,20.215254237288136
1556,Female,0,No,No,1.0,Yes,No,Fiber optic,No,Yes,No,Yes,Yes,No,Month-to-month,No,Electronic check,91.7,91.7
2203,Male,0,Yes,Yes,72.0,Yes,Yes,Fiber optic,Yes,Yes,Yes,Yes,No,Yes,One year,Yes,Credit card (automatic),104.9,104.6875
6736,Male,0,Yes,Yes,67.0,Yes,No,No,No internet service,No internet service,No internet service,No internet service,No internet service,No internet service,Two year,Yes,Mailed check,20.8,21.07313432835821
2586,Female,0,Yes,Yes,44.0,Yes,No,No,No internet service,No internet service,No internet service,No internet service,No internet service,No internet service,Month-to-month,No,Mailed check,19.6,17.732954545454547
5868,Female,0,No,No,1.0,Yes,No,DSL,No,No,No,No,No,No,Month-to-month,Yes,Mailed check,44.0,44.0
3348,Female,1,No,No,71.0,Yes,Yes,Fiber optic,No,Yes,Yes,No,Yes,Yes,One year,Yes,Electronic check,105.9,105.94295774647887
2236,Male,1,No,No,5.0,Yes,No,Fiber optic,No,No,No,No,No,No,Month-to-month,Yes,Mailed check,71.45,74.32000000000001
3255,Female,1,Yes,Yes,66.0,Yes,Yes,Fiber optic,Yes,Yes,No,Yes,Yes,Yes,One year,Yes,Credit card (automatic),110.6,109.25530303030304
2912,Male,1,Yes,No,32.0,Yes,Yes,Fiber optic,No,Yes,Yes,No,No,Yes,Month-to-month,Yes,Electronic check,93.5,92.8375
586,Male,0,No,No,52.0,Yes,No,DSL,Yes,Yes,No,No,Yes,No,Two year,Yes,Credit card (automatic),63.25,64.27788461538461
837,Male,0,No,No,1.0,Yes,No,DSL,No,No,No,No,No,No,Month-to-month,No,Mailed check,44.4,44.4
6188,Male,0,No,No,18.0,Yes,No,No,No internet service,No internet service,No internet service,No internet service,No internet service,No internet service,Month-to-month,No,Mailed check,20.05,19.916666666666668
1964,Male,0,No,No,66.0,Yes,No,DSL,Yes,Yes,No,No,No,No,One year,Yes,Mailed check,54.8,52.51060606060606
1039,Male,0,Yes,No,38.0,Yes,No,Fiber optic,Yes,Yes,No,No,No,No,Month-to-month,Yes,Electronic check,79.45,79.29078947368421
566,Male,0,Yes,Yes,15.0,Yes,No,Fiber optic,Yes,No,No,Yes,Yes,Yes,One year,No,Electronic check,101.9,111.15
6510,Female,0,Yes,Yes,46.0,Yes,Yes,Fiber optic,Yes,No,Yes,Yes,No,Yes,Two year,No,Mailed check,99.65,100.65652173913043
2633,Female,0,Yes,No,65.0,Yes,Yes,Fiber optic,Yes,Yes,No,Yes,Yes,No,One year,Yes,Bank transfer (automatic),100.15,102.20769230769231
6589,Female,0,Yes,No,68.0,Yes,Yes,No,No internet service,No internet service,No internet service,No internet service,No internet service,No internet service,Two year,No,Credit card (automatic),25.8,28.110294117647058
6483,Male,0,Yes,Yes,13.0,Yes,No,Fiber optic,No,No,Yes,No,Yes,Yes,Month-to-month,No,Electronic check,97.0,102.65
801,Female,0,No,No,10.0,Yes,Yes,Fiber optic,No,No,No,Yes,Yes,Yes,Month-to-month,Yes,Electronic check,98.5,105.825
3436,Male,0,No,No,25.0,Yes,No,No,No internet service,No internet service,No internet service,No internet service,No internet service,No internet service,One year,Yes,Bank transfer (automatic),19.5,20.651999999999997
159,Male,0,No,No,10.0,Yes,Yes,No,No internet service,No internet service,No internet service,No internet service,No internet service,No internet service,Two year,No,Bank transfer (automatic),25.7,25.16
6817,Male,0,Yes,No,72.0,Yes,Yes,No,No internet service,No internet service,No internet service,No internet service,No internet service,No internet service,Two year,No,Credit card (automatic),25.85,26.00277777777778
1047,Male,0,No,No,3.0,Yes,No,DSL,No,No,No,Yes,No,No,Month-to-month,Yes,Mailed check,50.25,50.76666666666667
235,Male,0,No,No,2.0,Yes,Yes,DSL,No,Yes,No,No,No,No,Month-to-month,Yes,Mailed check,54.4,57.05
606,Male,0,Yes,Yes,38.0,Yes,No,DSL,Yes,No,Yes,Yes,Yes,Yes,Two year,No,Credit card (automatic),81.0,81.18157894736842
3393,Male,0,Yes,No,62.0,Yes,Yes,Fiber optic,No,No,Yes,Yes,Yes,Yes,Two year,Yes,Bank transfer (automatic),107.6,111.49516129032257
1142,Male,1,Yes,Yes,11.0,Yes,Yes,Fiber optic,No,No,No,No,No,No,Month-to-month,Yes,Credit card (automatic),75.2,70.48181818181818
2260,Female,0,No,No,3.0,Yes,No,Fiber optic,No,No,Yes,Yes,No,No,Month-to-month,No,Credit card (automatic),80.1,72.51666666666667
5497,Male,0,Yes,Yes,49.0,No,No phone service,DSL,No,Yes,No,No,Yes,Yes,One year,Yes,Bank transfer (automatic),51.8,51.86224489795919
3032,Male,0,No,No,17.0,Yes,No,No,No internet service,No internet service,No internet service,No internet service,No internet service,No internet service,Two year,No,Credit card (automatic),19.45,21.708823529411767
3027,Female,0,No,No,8.0,Yes,No,No,No internet service,No internet service,No internet service,No internet service,No internet service,No internet service,Month-to-month,Yes,Mailed check,20.7,17.2
2183,Male,0,No,No,2.0,Yes,No,DSL,No,No,No,Yes,No,No,Month-to-month,Yes,Credit card (automatic),50.2,54.625
2815,Male,0,No,No,3.0,Yes,No,Fiber optic,No,No,Yes,Yes,Yes,No,Month-to-month,Yes,Mailed check,88.35,87.35000000000001
3322,Female,1,No,No,9.0,Yes,Yes,Fiber optic,No,No,No,No,No,Yes,Month-to-month,Yes,Electronic check,84.45,84.72222222222223
5548,Male,0,Yes,No,70.0,Yes,Yes,No,No internet service,No internet service,No internet service,No internet service,No internet service,No internet service,Two year,No,Bank transfer (automatic),24.25,24.630714285714287
1320,Male,0,Yes,Yes,32.0,Yes,No,Fiber optic,Yes,Yes,Yes,No,No,Yes,One year,No,Mailed check,94.8,97.8609375
4457,Male,0,Yes,Yes,22.0,Yes,No,Fiber optic,Yes,No,No,No,No,No,Month-to-month,No,Bank transfer (automatic),75.0,71.54318181818182
4068,Female,0,Yes,Yes,14.0,Yes,No,No,No internet service,No internet service,No internet service,No internet service,No internet service,No internet service,One year,Yes,Mailed check,19.5,19.428571428571427
1530,Male,0,Yes,Yes,2.0,Yes,No,Fiber optic,No,No,Yes,Yes,No,Yes,Month-to-month,No,Credit card (automatic),90.0,95.025
4754,Male,0,Yes,No,68.0,Yes,Yes,No,No internet service,No internet service,No internet service,No internet service,No internet service,No internet service,Two year,No,Bank transfer (automatic),25.25,25.41470588235294
767,Male,0,No,No,14.0,Yes,No,No,No internet service,No internet service,No internet service,No internet service,No internet service,No internet service,One year,No,Bank transfer (automatic),20.4,19.692857142857143
1779,Female,0,No,No,2.0,Yes,No,Fiber optic,Yes,Yes,No,No,Yes,No,Month-to-month,Yes,Electronic check,91.15,84.25
5246,Female,0,No,No,2.0,Yes,No,Fiber optic,No,No,No,No,Yes,No,Month-to-month,Yes,Electronic check,79.75,82.25
4278,Female,0,Yes,No,48.0,Yes,No,Fiber optic,No,Yes,Yes,No,Yes,Yes,One year,Yes,Electronic check,97.05,97.76979166666666
3696,Female,0,Yes,No,6.0,Yes,No,DSL,No,No,No,Yes,No,No,Month-to-month,Yes,Electronic check,49.15,45.13333333333333
6914,Male,1,Yes,No,43.0,Yes,Yes,Fiber optic,No,Yes,Yes,No,Yes,Yes,Month-to-month,Yes,Electronic check,103.0,102.65813953488373
1307,Female,0,No,No,36.0,Yes,No,DSL,Yes,Yes,Yes,Yes,No,Yes,One year,Yes,Mailed check,75.55,74.44861111111112
1575,Male,0,No,No,66.0,Yes,No,Fiber optic,No,Yes,Yes,No,Yes,Yes,Month-to-month,No,Electronic check,99.5,101.67424242424242
6857,Male,0,Yes,Yes,58.0,Yes,No,Fiber optic,No,Yes,No,No,Yes,Yes,Month-to-month,Yes,Electronic check,92.85,91.46637931034483
1065,Female,0,No,No,23.0,Yes,Yes,Fiber optic,Yes,No,No,No,Yes,No,Month-to-month,Yes,Bank transfer (automatic),90.05,94.33913043478262
6482,Male,0,No,No,1.0,Yes,Yes,Fiber optic,No,No,Yes,No,Yes,Yes,Month-to-month,Yes,Electronic check,101.45,101.45
2250,Female,0,No,No,15.0,Yes,No,No,No internet service,No internet service,No internet service,No internet service,No internet service,No internet service,One year,No,Credit card (automatic),20.1,20.163333333333334
3538,Male,0,Yes,Yes,71.0,Yes,No,Fiber optic,Yes,Yes,Yes,Yes,Yes,No,Two year,No,Credit card (automatic),100.2,101.53521126760563
5032,Female,0,No,No,12.0,Yes,Yes,Fiber optic,No,Yes,No,No,No,Yes,Month-to-month,Yes,Electronic check,89.15,88.12916666666666
1249,Male,0,No,No,1.0,Yes,No,DSL,No,No,No,No,No,No,Month-to-month,No,Mailed check,45.05,45.05
4529,Male,1,No,No,9.0,Yes,No,DSL,No,No,No,Yes,No,No,Month-to-month,No,Mailed check,49.2,49.766666666666666
2111,Male,0,Yes,Yes,30.0,Yes,No,No,No internet service,No internet service,No internet service,No internet service,No internet service,No internet service,Two year,No,Mailed check,21.25,23.73
3784,Male,1,No,No,35.0,Yes,Yes,Fiber optic,No,No,Yes,No,Yes,Yes,Month-to-month,Yes,Electronic check,101.4,99.89428571428572
2261,Female,0,Yes,No,49.0,Yes,Yes,DSL,No,No,No,No,No,No,Month-to-month,Yes,Credit card (automatic),52.15,52.72959183673469
6553,Female,0,Yes,Yes,61.0,No,No phone service,DSL,No,Yes,Yes,Yes,Yes,Yes,Two year,Yes,Bank transfer (automatic),61.45,61.49426229508197
5314,Female,0,Yes,No,70.0,No,No phone service,DSL,Yes,Yes,Yes,Yes,Yes,Yes,Two year,No,Bank transfer (automatic),64.55,64.35571428571428
5874,Female,0,No,No,10.0,Yes,Yes,Fiber optic,No,No,Yes,No,Yes,Yes,Month-to-month,Yes,Electronic check,100.6,106.02000000000001
2787,Male,0,Yes,Yes,72.0,Yes,Yes,No,No internet service,No internet service,No internet service,No internet service,No internet service,No internet service,Two year,No,Mailed check,26.1,25.714583333333334
6543,Female,0,Yes,Yes,62.0,Yes,No,DSL,Yes,No,Yes,No,No,No,One year,No,Credit card (automatic),54.75,55.247580645161285
3846,Female,0,Yes,Yes,8.0,Yes,No,DSL,No,No,No,No,No,No,Month-to-month,Yes,Electronic check,45.45,51.46875
532,Male,0,No,No,2.0,Yes,No,Fiber optic,No,No,No,No,Yes,No,Month-to-month,Yes,Electronic check,79.95,87.225
13,Male,0,No,No,49.0,Yes,Yes,Fiber optic,No,Yes,Yes,No,Yes,Yes,Month-to-month,Yes,Bank transfer (automatic),103.7,102.78163265306122
3518,Male,0,No,No,1.0,Yes,No,No,No internet service,No internet service,No internet service,No internet service,No internet service,No internet service,Month-to-month,No,Mailed check,19.45,19.45
3597,Male,0,Yes,No,25.0,Yes,No,Fiber optic,No,No,No,Yes,Yes,Yes,Month-to-month,Yes,Credit card (automatic),95.7,93.53399999999999
5195,Male,0,No,No,72.0,Yes,No,DSL,Yes,Yes,Yes,Yes,Yes,No,Two year,Yes,Bank transfer (automatic),75.1,74.11597222222223
6406,Female,0,No,No,39.0,No,No phone service,DSL,No,No,Yes,No,Yes,Yes,Month-to-month,Yes,Credit card (automatic),50.65,48.85641025641026
3692,Female,0,Yes,Yes,3.0,Yes,Yes,DSL,No,Yes,Yes,No,Yes,No,Month-to-month,Yes,Bank transfer (automatic),69.15,78.33333333333333
4395,Female,0,Yes,Yes,69.0,Yes,Yes,Fiber optic,No,Yes,Yes,No,Yes,Yes,Month-to-month,Yes,Electronic check,103.95,107.92608695652173
6103,Male,0,No,No,16.0,Yes,No,No,No internet service,No internet service,No internet service,No internet service,No internet service,No internet service,Month-to-month,No,Credit card (automatic),19.75,18.43125
934,Female,0,No,No,12.0,No,No phone service,DSL,Yes,No,No,Yes,No,No,One year,Yes,Mailed check,33.6,36.2875
96,Male,0,Yes,Yes,71.0,Yes,Yes,DSL,Yes,Yes,No,Yes,No,No,One year,Yes,Credit card (automatic),66.85,66.8830985915493
2934,Female,0,Yes,Yes,12.0,Yes,No,No,No internet service,No internet service,No internet service,No internet service,No internet service,No internet service,Month-to-month,No,Bank transfer (automatic),19.4,16.508333333333333
5138,Male,1,No,No,71.0,Yes,Yes,Fiber optic,No,Yes,No,Yes,Yes,Yes,Two year,Yes,Electronic check,106.8,107.36901408450704
5276,Male,0,Yes,Yes,46.0,Yes,No,DSL,Yes,No,Yes,Yes,No,No,One year,No,Mailed check,56.9,55.654347826086955
2717,Female,0,Yes,Yes,72.0,Yes,Yes,DSL,Yes,Yes,Yes,Yes,Yes,Yes,Two year,No,Bank transfer (automatic),92.65,93.51388888888889
285,Female,0,No,No,22.0,Yes,Yes,Fiber optic,No,No,No,No,No,No,One year,Yes,Credit card (automatic),76.0,81.07272727272726
5519,Male,0,Yes,No,1.0,Yes,No,DSL,Yes,No,Yes,No,No,No,Month-to-month,No,Mailed check,55.7,55.7
5558,Female,0,Yes,Yes,72.0,Yes,Yes,Fiber optic,Yes,Yes,Yes,Yes,Yes,Yes,Two year,Yes,Credit card (automatic),116.4,118.65625
2715,Male,0,No,No,41.0,Yes,Yes,No,No internet service,No internet service,No internet service,No internet service,No internet service,No internet service,Month-to-month,Yes,Bank transfer (automatic),25.25,24.303658536585367
173,Female,0,Yes,No,53.0,Yes,No,Fiber optic,No,No,Yes,No,Yes,Yes,One year,Yes,Bank transfer (automatic),94.85,94.3433962264151
1274,Female,0,Yes,Yes,62.0,Yes,Yes,Fiber optic,Yes,No,No,No,Yes,Yes,Two year,Yes,Bank transfer (automatic),101.15,107.07016129032259
969,Female,0,No,No,2.0,Yes,Yes,Fiber optic,No,No,No,No,Yes,Yes,Month-to-month,Yes,Electronic check,96.0,87.4
1986,Female,0,Yes,Yes,69.0,Yes,Yes,Fiber optic,No,Yes,No,Yes,No,Yes,Two year,Yes,Bank transfer (automatic),93.3,92.72536231884058
3479,Female,0,No,No,4.0,Yes,No,DSL,No,No,No,No,No,No,Month-to-month,Yes,Mailed check,45.3,49.2375
4391,Female,0,No,No,9.0,Yes,No,DSL,No,No,No,Yes,Yes,No,Month-to-month,Yes,Bank transfer (automatic),59.5,58.89444444444444
1940,Male,0,No,No,63.0,Yes,Yes,DSL,Yes,Yes,Yes,Yes,No,No,One year,No,Electronic check,71.5,72.63968253968254
2006,Male,0,No,No,5.0,Yes,Yes,DSL,No,No,No,No,No,No,Month-to-month,No,Electronic check,47.15,44.63
118,Female,0,No,No,41.0,Yes,No,No,No internet service,No internet service,No internet service,No internet service,No internet service,No internet service,Two year,No,Mailed check,20.65,20.36951219512195
4848,Female,0,No,No,5.0,Yes,Yes,Fiber optic,No,No,No,No,Yes,Yes,Month-to-month,Yes,Mailed check,93.9,97.37
31,Male,1,Yes,No,2.0,Yes,No,Fiber optic,No,No,Yes,No,Yes,Yes,Month-to-month,Yes,Credit card (automatic),95.5,90.825
5879,Male,0,Yes,No,33.0,Yes,No,DSL,Yes,Yes,No,Yes,No,No,Two year,Yes,Mailed check,61.05,61.163636363636364
1816,Male,0,No,No,1.0,Yes,No,No,No internet service,No internet service,No internet service,No internet service,No internet service,No internet service,Month-to-month,No,Mailed check,19.2,19.2
3176,Female,0,Yes,No,51.0,Yes,Yes,No,No internet service,No internet service,No internet service,No internet service,No internet service,No internet service,Two year,No,Mailed check,25.5,25.122549019607842
6886,Female,1,No,No,8.0,Yes,Yes,Fiber optic,No,No,Yes,No,Yes,Yes,Month-to-month,No,Electronic check,101.35,97.5625
4839,Male,1,No,No,7.0,Yes,Yes,Fiber optic,No,No,No,No,No,No,Month-to-month,No,Mailed check,73.75,77.87857142857142
4738,Male,0,No,No,5.0,Yes,Yes,Fiber optic,No,Yes,Yes,No,Yes,Yes,Month-to-month,No,Mailed check,104.1,108.38
3888,Female,0,No,No,1.0,Yes,No,Fiber optic,No,No,No,No,No,Yes,Month-to-month,No,Credit card (automatic),80.15,80.15
1122,Female,0,No,No,19.0,No,No phone service,DSL,No,No,No,No,Yes,Yes,One year,Yes,Credit card (automatic),44.85,47.02894736842105
5059,Female,0,No,No,36.0,Yes,Yes,Fiber optic,No,Yes,No,No,Yes,Yes,Month-to-month,Yes,Electronic check,99.15,100.43333333333334
5054,Female,0,No,No,68.0,Yes,No,DSL,Yes,No,Yes,No,No,No,One year,Yes,Credit card (automatic),54.45,54.04338235294117
4000,Female,1,No,No,39.0,Yes,Yes,Fiber optic,No,No,Yes,No,Yes,Yes,Month-to-month,Yes,Electronic check,99.75,103.48717948717949
5134,Male,1,No,No,15.0,Yes,Yes,Fiber optic,No,Yes,No,No,No,No,Month-to-month,Yes,Electronic check,80.2,81.15
1527,Male,0,Yes,Yes,72.0,Yes,No,No,No internet service,No internet service,No internet service,No internet service,No internet service,No internet service,Two year,No,Bank transfer (automatic),21.0,20.74652777777778
5911,Male,0,Yes,No,7.0,No,No phone service,DSL,Yes,Yes,No,No,No,No,Month-to-month,No,Mailed check,34.2,36.65714285714286
4987,Male,0,Yes,No,71.0,Yes,Yes,No,No internet service,No internet service,No internet service,No internet service,No internet service,No internet service,Two year,No,Bank transfer (automatic),24.45,24.375352112676058
4073,Male,0,Yes,Yes,14.0,Yes,No,DSL,Yes,Yes,No,No,Yes,No,Month-to-month,Yes,Electronic check,65.45,66.97142857142858
1920,Male,0,Yes,No,22.0,Yes,No,No,No internet service,No internet service,No internet service,No internet service,No internet service,No internet service,Month-to-month,Yes,Bank transfer (automatic),20.45,21.43409090909091
4155,Female,1,No,No,72.0,Yes,Yes,Fiber optic,Yes,Yes,Yes,Yes,Yes,Yes,Two year,Yes,Credit card (automatic),117.35,117.17013888888889
5903,Male,0,Yes,No,52.0,Yes,Yes,Fiber optic,Yes,No,Yes,Yes,No,No,Two year,Yes,Credit card (automatic),91.6,88.99615384615385
3571,Female,0,No,No,35.0,Yes,No,DSL,No,No,Yes,No,No,Yes,Month-to-month,Yes,Electronic check,62.1,59.888571428571424
68,Female,0,Yes,Yes,50.0,Yes,No,No,No internet service,No internet service,No internet service,No internet service,No internet service,No internet service,Two year,No,Bank transfer (automatic),20.15,18.618
3718,Female,0,Yes,No,57.0,Yes,Yes,Fiber optic,Yes,No,No,No,Yes,Yes,Month-to-month,Yes,Electronic check,99.65,96.43947368421053
6689,Female,0,Yes,Yes,67.0,Yes,Yes,Fiber optic,No,Yes,Yes,Yes,Yes,Yes,One year,Yes,Credit card (automatic),112.35,110.27537313432836
1493,Male,0,No,No,11.0,Yes,No,Fiber optic,Yes,No,Yes,No,No,No,Month-to-month,Yes,Bank transfer (automatic),79.5,72.33181818181818
6903,Male,0,Yes,No,35.0,Yes,Yes,DSL,No,Yes,No,Yes,Yes,No,One year,Yes,Electronic check,69.0,69.76285714285714
915,Male,1,Yes,No,1.0,Yes,Yes,Fiber optic,No,No,No,No,No,No,Month-to-month,Yes,Electronic check,73.55,73.55
5471,Female,0,No,No,29.0,Yes,Yes,Fiber optic,No,No,No,No,No,No,Month-to-month,Yes,Electronic check,74.2,68.73275862068965
174,Female,0,No,No,32.0,Yes,No,No,No internet service,No internet service,No internet service,No internet service,No internet service,No internet service,One year,No,Bank transfer (automatic),20.55,20.4546875
186,Male,0,No,No,20.0,Yes,No,DSL,No,Yes,No,No,No,No,Month-to-month,Yes,Mailed check,51.8,51.1925
5754,Female,0,Yes,Yes,22.0,Yes,No,No,No internet service,No internet service,No internet service,No internet service,No internet service,No internet service,Month-to-month,No,Bank transfer (automatic),19.05,20.638636363636365
4964,Female,0,No,No,26.0,Yes,Yes,Fiber optic,No,No,No,No,No,No,Month-to-month,Yes,Bank transfer (automatic),74.95,70.575
1072,Male,0,No,No,22.0,No,No phone service,DSL,No,No,Yes,Yes,Yes,Yes,Two year,No,Bank transfer (automatic),56.75,59.31136363636363
5508,Male,0,Yes,No,70.0,Yes,Yes,No,No internet service,No internet service,No internet service,No internet service,No internet service,No internet service,Two year,No,Bank transfer (automatic),25.15,27.72642857142857
4595,Female,0,Yes,Yes,68.0,Yes,Yes,DSL,No,Yes,Yes,Yes,Yes,Yes,Two year,No,Bank transfer (automatic),85.3,81.76470588235294
1899,Male,0,No,No,17.0,Yes,No,Fiber optic,No,Yes,Yes,No,No,Yes,Month-to-month,Yes,Credit card (automatic),90.95,94.83529411764707
1255,Female,0,No,No,2.0,No,No phone service,DSL,No,No,No,Yes,No,No,Month-to-month,Yes,Electronic check,30.9,29.525
2358,Female,0,Yes,No,55.0,Yes,No,No,No internet service,No internet service,No internet service,No internet service,No internet service,No internet service,One year,No,Electronic check,19.7,20.728181818181817
1190,Male,0,No,No,38.0,Yes,Yes,Fiber optic,Yes,Yes,No,No,Yes,Yes,One year,Yes,Electronic check,104.85,102.29605263157895
1562,Female,0,Yes,Yes,7.0,No,No phone service,DSL,Yes,No,No,Yes,No,No,Month-to-month,No,Mailed check,34.65,35.22857142857143
6211,Female,0,Yes,Yes,5.0,Yes,No,Fiber optic,No,No,No,Yes,Yes,No,Month-to-month,Yes,Electronic check,85.75,94.19
361,Female,0,No,No,41.0,Yes,No,Fiber optic,No,Yes,No,Yes,Yes,Yes,Two year,Yes,Bank transfer (automatic),98.8,96.56463414634146
2882,Female,0,No,No,11.0,Yes,No,DSL,No,No,No,No,Yes,Yes,Month-to-month,Yes,Electronic check,64.9,65.10000000000001
3184,Female,0,Yes,No,71.0,Yes,Yes,DSL,No,Yes,Yes,Yes,Yes,Yes,Two year,Yes,Credit card (automatic),83.3,83.02112676056338
2436,Female,1,No,No,31.0,Yes,No,Fiber optic,Yes,No,No,No,No,No,Month-to-month,Yes,Credit card (automatic),73.55,67.56935483870969
6572,Male,0,Yes,No,68.0,Yes,Yes,DSL,Yes,Yes,Yes,Yes,Yes,Yes,Two year,Yes,Credit card (automatic),90.8,92.68897058823529
870,Female,0,Yes,No,72.0,Yes,Yes,Fiber optic,Yes,No,Yes,Yes,Yes,No,Two year,Yes,Bank transfer (automatic),98.2,97.44305555555555
6975,Female,0,Yes,Yes,24.0,Yes,Yes,DSL,Yes,Yes,Yes,No,No,No,Two year,No,Electronic check,64.35,64.94375000000001
6839,Female,0,No,No,11.0,Yes,Yes,Fiber optic,No,No,Yes,No,Yes,Yes,Month-to-month,Yes,Electronic check,100.75,102.70454545454545
2846,Female,0,Yes,No,2.0,Yes,No,DSL,Yes,No,No,No,No,Yes,Month-to-month,Yes,Mailed check,62.15,56.55
6793,Male,0,Yes,Yes,72.0,Yes,Yes,Fiber optic,Yes,Yes,Yes,No,Yes,Yes,Two year,Yes,Credit card (automatic),108.4,107.87847222222223
294,Female,0,No,No,12.0,Yes,No,No,No internet service,No internet service,No internet service,No internet service,No internet service,No internet service,Month-to-month,No,Mailed check,19.7,18.3625
253,Male,0,No,Yes,32.0,Yes,Yes,DSL,No,Yes,Yes,Yes,Yes,Yes,One year,No,Credit card (automatic),83.7,82.290625
6257,Female,1,No,No,1.0,Yes,No,Fiber optic,No,Yes,No,No,No,No,Month-to-month,Yes,Electronic check,73.0,73.0
5226,Male,0,Yes,Yes,12.0,Yes,No,No,No internet service,No internet service,No internet service,No internet service,No internet service,No internet service,Month-to-month,Yes,Electronic check,21.15,25.504166666666666
6616,Male,0,No,No,43.0,Yes,Yes,Fiber optic,No,Yes,No,No,Yes,Yes,Month-to-month,Yes,Electronic check,101.4,105.30232558139535
5988,Male,0,Yes,Yes,12.0,Yes,No,No,No internet service,No internet service,No internet service,No internet service,No internet service,No internet service,Two year,No,Bank transfer (automatic),21.05,21.837500000000002
6285,Male,0,No,No,26.0,No,No phone service,DSL,Yes,No,No,Yes,Yes,Yes,One year,No,Credit card (automatic),54.55,52.41730769230769
3328,Female,0,No,No,1.0,Yes,No,Fiber optic,No,No,No,No,No,No,Month-to-month,Yes,Electronic check,70.25,70.25
4751,Male,0,No,No,11.0,Yes,Yes,No,No internet service,No internet service,No internet service,No internet service,No internet service,No internet service,Month-to-month,No,Credit card (automatic),23.15,22.29090909090909
5147,Male,0,No,No,28.0,No,No phone service,DSL,No,No,No,Yes,No,No,Month-to-month,Yes,Credit card (automatic),30.1,28.958928571428572
4698,Female,1,Yes,No,66.0,Yes,Yes,DSL,No,Yes,Yes,No,Yes,Yes,Two year,Yes,Bank transfer (automatic),80.55,79.77424242424243
5040,Male,0,Yes,Yes,20.0,Yes,Yes,Fiber optic,No,Yes,No,Yes,Yes,No,Month-to-month,No,Mailed check,96.8,91.33500000000001
6876,Female,0,Yes,No,62.0,Yes,No,Fiber optic,Yes,No,Yes,Yes,Yes,Yes,One year,Yes,Electronic check,104.3,106.67177419354839
3821,Female,1,No,No,1.0,Yes,Yes,Fiber optic,No,No,No,No,No,No,Month-to-month,Yes,Electronic check,74.2,74.2
5534,Male,0,No,Yes,21.0,Yes,Yes,Fiber optic,Yes,No,No,No,No,No,Month-to-month,No,Electronic check,80.35,83.2
3756,Male,0,No,No,1.0,No,No phone service,DSL,No,No,No,No,No,No,Month-to-month,Yes,Mailed check,24.45,24.45
6851,Male,0,Yes,Yes,38.0,Yes,Yes,Fiber optic,No,No,Yes,Yes,Yes,No,Two year,Yes,Bank transfer (automatic),94.9,95.16447368421052
5737,Male,0,Yes,Yes,18.0,Yes,No,DSL,Yes,No,Yes,Yes,Yes,Yes,Month-to-month,No,Electronic check,83.25,89.50833333333334
4727,Male,0,Yes,No,60.0,Yes,No,No,No internet service,No internet service,No internet service,No internet service,No internet service,No internet service,Two year,Yes,Bank transfer (automatic),20.5,19.98
1947,Female,0,No,No,70.0,Yes,Yes,Fiber optic,No,Yes,Yes,Yes,No,No,One year,Yes,Bank transfer (automatic),90.25,91.22785714285715
6938,Female,0,Yes,Yes,67.0,Yes,Yes,DSL,No,No,Yes,Yes,No,Yes,Two year,Yes,Bank transfer (automatic),69.9,68.89402985074626
5870,Male,0,Yes,Yes,5.0,Yes,Yes,No,No internet service,No internet service,No internet service,No internet service,No internet service,No internet service,Month-to-month,Yes,Bank transfer (automatic),25.9,27.0
5009,Male,0,Yes,No,66.0,Yes,Yes,Fiber optic,Yes,Yes,Yes,Yes,Yes,Yes,One year,No,Bank transfer (automatic),115.8,120.33560606060605
5024,Male,0,Yes,No,72.0,Yes,Yes,No,No internet service,No internet service,No internet service,No internet service,No internet service,No internet service,Two year,No,Mailed check,25.4,24.959722222222222
6629,Female,1,Yes,No,72.0,Yes,Yes,DSL,Yes,Yes,Yes,No,Yes,Yes,Two year,Yes,Credit card (automatic),84.1,85.13402777777777
6350,Male,0,No,Yes,3.0,Yes,No,No,No internet service,No internet service,No internet service,No internet service,No internet service,No internet service,Month-to-month,Yes,Mailed check,20.05,25.150000000000002
5998,Male,0,Yes,No,48.0,Yes,No,No,No internet service,No internet service,No internet service,No internet service,No internet service,No internet service,Two year,Yes,Mailed check,20.05,21.583333333333332
4482,Female,0,No,No,7.0,Yes,Yes,Fiber optic,No,No,No,No,No,No,Month-to-month,Yes,Electronic check,74.9,77.30714285714285
754,Female,0,Yes,No,2.0,Yes,No,Fiber optic,Yes,Yes,No,No,Yes,No,Month-to-month,No,Electronic check,90.35,95.25
6497,Male,0,No,No,52.0,Yes,Yes,Fiber optic,No,Yes,Yes,No,Yes,Yes,Month-to-month,Yes,Electronic check,103.05,103.16923076923078
5981,Female,0,Yes,Yes,38.0,Yes,No,No,No internet service,No internet service,No internet service,No internet service,No internet service,No internet service,Two year,Yes,Mailed check,20.2,19.632894736842104
2501,Male,0,Yes,Yes,72.0,Yes,No,No,No internet service,No internet service,No internet service,No internet service,No internet service,No internet service,Two year,No,Electronic check,20.35,18.811111111111114
2795,Female,1,No,No,9.0,Yes,Yes,Fiber optic,No,No,No,No,No,No,Month-to-month,Yes,Electronic check,74.55,69.21111111111111
664,Female,0,Yes,Yes,57.0,Yes,No,No,No internet service,No internet service,No internet service,No internet service,No internet service,No internet service,Two year,No,Bank transfer (automatic),19.5,20.48421052631579
4672,Male,0,No,Yes,13.0,Yes,No,DSL,No,No,No,No,No,No,Month-to-month,No,Mailed check,44.0,50.71923076923077
3198,Male,0,Yes,No,40.0,Yes,Yes,Fiber optic,No,Yes,Yes,No,Yes,Yes,One year,Yes,Bank transfer (automatic),106.0,104.46624999999999
1375,Female,0,Yes,Yes,39.0,Yes,No,No,No internet service,No internet service,No internet service,No internet service,No internet service,No internet service,Two year,Yes,Bank transfer (automatic),19.85,21.91794871794872
2619,Female,1,No,No,33.0,Yes,Yes,Fiber optic,No,Yes,Yes,Yes,Yes,Yes,Month-to-month,Yes,Electronic check,110.45,110.77121212121212
5582,Female,0,No,No,48.0,Yes,Yes,No,No internet service,No internet service,No internet service,No internet service,No internet service,No internet service,Two year,No,Credit card (automatic),24.0,24.646874999999998
5359,Female,1,No,No,10.0,No,No phone service,DSL,No,No,No,Yes,No,No,Month-to-month,Yes,Electronic check,29.65,29.139999999999997
4334,Female,0,No,No,11.0,Yes,No,Fiber optic,Yes,No,No,No,No,No,Month-to-month,No,Electronic check,76.4,76.24545454545455
2552,Female,0,Yes,No,47.0,Yes,Yes,No,No internet service,No internet service,No internet service,No internet service,No internet service,No internet service,One year,No,Electronic check,26.9,26.613829787234042
4759,Male,0,No,No,1.0,Yes,No,Fiber optic,No,No,No,No,Yes,No,Month-to-month,Yes,Electronic check,78.95,78.95
3367,Male,0,No,No,52.0,Yes,Yes,DSL,Yes,Yes,Yes,Yes,Yes,Yes,Two year,Yes,Mailed check,89.25,89.46923076923076
1196,Male,0,Yes,No,66.0,Yes,Yes,DSL,Yes,Yes,No,Yes,Yes,Yes,Two year,No,Electronic check,85.25,83.91439393939395
5708,Female,1,Yes,Yes,11.0,Yes,Yes,Fiber optic,No,No,Yes,No,No,No,Month-to-month,Yes,Credit card (automatic),78.1,78.62272727272727
6298,Male,0,Yes,Yes,46.0,Yes,Yes,Fiber optic,No,Yes,No,No,No,No,Month-to-month,Yes,Bank transfer (automatic),80.0,81.95
5131,Female,0,Yes,No,44.0,Yes,Yes,Fiber optic,No,No,No,No,Yes,Yes,Month-to-month,Yes,Electronic check,96.1,99.18409090909091
5702,Male,1,Yes,Yes,71.0,Yes,Yes,Fiber optic,Yes,Yes,No,No,Yes,Yes,Month-to-month,Yes,Credit card (automatic),105.1,106.3112676056338
3019,Female,0,Yes,Yes,22.0,Yes,No,DSL,No,Yes,No,Yes,No,No,Month-to-month,No,Electronic check,55.15,54.820454545454545
3732,Female,0,Yes,Yes,23.0,Yes,Yes,DSL,Yes,No,Yes,Yes,Yes,No,Two year,Yes,Bank transfer (automatic),77.15,76.49565217391304
6141,Male,1,Yes,No,52.0,Yes,Yes,Fiber optic,Yes,No,Yes,No,Yes,Yes,Month-to-month,Yes,Electronic check,104.2,107.08365384615385
109,Male,0,Yes,Yes,72.0,Yes,No,No,No internet service,No internet service,No internet service,No internet service,No internet service,No internet service,Two year,No,Credit card (automatic),19.4,18.93402777777778
4058,Female,0,Yes,Yes,40.0,Yes,Yes,Fiber optic,No,No,Yes,Yes,No,No,Month-to-month,Yes,Electronic check,84.85,82.57625
538,Female,0,Yes,No,69.0,Yes,No,Fiber optic,No,Yes,No,No,Yes,Yes,One year,Yes,Credit card (automatic),95.65,97.74202898550725
4182,Female,1,No,No,29.0,Yes,Yes,Fiber optic,No,No,No,Yes,Yes,Yes,Month-to-month,No,Electronic check,98.65,98.71551724137932
3634,Male,1,No,No,72.0,Yes,Yes,Fiber optic,Yes,Yes,Yes,Yes,Yes,Yes,Two year,No,Bank transfer (automatic),113.8,108.96944444444445
5011,Female,1,Yes,No,43.0,Yes,Yes,Fiber optic,Yes,Yes,No,No,Yes,No,Month-to-month,Yes,Electronic check,94.5,96.66976744186047
3025,Male,0,Yes,Yes,67.0,Yes,Yes,No,No internet service,No internet service,No internet service,No internet service,No internet service,No internet service,Two year,No,Mailed check,26.3,25.207462686567165
2120,Female,0,Yes,Yes,55.0,Yes,No,No,No internet service,No internet service,No internet service,No internet service,No internet service,No internet service,Two year,No,Mailed check,21.0,22.005454545454544
2507,Male,0,Yes,No,71.0,Yes,Yes,No,No internet service,No internet service,No internet service,No internet service,No internet service,No internet service,Two year,Yes,Electronic check,24.5,25.580281690140847
6929,Female,0,No,Yes,25.0,Yes,No,No,No internet service,No internet service,No internet service,No internet service,No internet service,No internet service,Month-to-month,No,Credit card (automatic),20.05,18.868
2756,Female,0,No,No,1.0,Yes,No,No,No internet service,No internet service,No internet service,No internet service,No internet service,No internet service,Month-to-month,No,Mailed check,20.95,20.95
241,Male,0,No,No,72.0,Yes,Yes,Fiber optic,No,Yes,Yes,Yes,Yes,Yes,Two year,No,Bank transfer (automatic),109.2,109.42083333333333
2020,Male,0,Yes,No,52.0,Yes,No,DSL,Yes,Yes,No,No,Yes,Yes,One year,Yes,Mailed check,75.4,74.33557692307691
6583,Female,0,No,No,22.0,Yes,No,No,No internet service,No internet service,No internet service,No internet service,No internet service,No internet service,One year,Yes,Mailed check,19.25,18.75227272727273
1714,Male,0,No,No,68.0,Yes,Yes,DSL,Yes,Yes,Yes,No,No,Yes,One year,No,Credit card (automatic),76.75,76.9595588235294
6172,Male,0,Yes,No,10.0,Yes,No,Fiber optic,No,No,No,No,No,No,Month-to-month,Yes,Electronic check,70.1,65.965
117,Female,0,Yes,Yes,10.0,Yes,Yes,Fiber optic,Yes,No,No,No,Yes,Yes,Month-to-month,Yes,Electronic check,100.25,106.465
817,Female,0,Yes,Yes,55.0,Yes,No,Fiber optic,No,Yes,Yes,Yes,Yes,Yes,One year,Yes,Bank transfer (automatic),103.7,102.85
6792,Male,0,No,No,56.0,Yes,Yes,No,No internet service,No internet service,No internet service,No internet service,No internet service,No internet service,One year,No,Electronic check,24.9,23.821428571428573
4401,Female,1,Yes,Yes,46.0,Yes,Yes,Fiber optic,Yes,Yes,No,Yes,Yes,Yes,Month-to-month,Yes,Electronic check,110.2,108.08913043478262
232,Male,0,No,No,1.0,Yes,No,Fiber optic,Yes,No,No,No,No,Yes,Month-to-month,Yes,Mailed check,84.6,84.6
3684,Male,0,No,No,43.0,Yes,Yes,Fiber optic,No,No,No,No,No,No,Month-to-month,Yes,Credit card (automatic),75.35,73.52093023255814
1125,Male,1,Yes,No,39.0,Yes,Yes,Fiber optic,No,Yes,Yes,No,Yes,Yes,Month-to-month,Yes,Electronic check,105.65,109.86666666666667
3685,Male,0,Yes,No,50.0,No,No phone service,DSL,Yes,No,No,Yes,Yes,No,One year,Yes,Bank transfer (automatic),44.45,43.769
5455,Female,0,No,No,6.0,Yes,No,No,No internet service,No internet service,No internet service,No internet service,No internet service,No internet service,Month-to-month,No,Credit card (automatic),19.7,21.59166666666667
1429,Male,0,Yes,Yes,45.0,Yes,Yes,No,No internet service,No internet service,No internet service,No internet service,No internet service,No internet service,Two year,No,Mailed check,24.45,24.183333333333334
4309,Female,0,No,No,22.0,No,No phone service,DSL,No,No,Yes,No,Yes,Yes,Month-to-month,Yes,Electronic check,50.6,48.78636363636363
3984,Female,0,Yes,Yes,72.0,Yes,Yes,No,No internet service,No internet service,No internet service,No internet service,No internet service,No internet service,Two year,No,Bank transfer (automatic),25.1,25.803472222222222
2530,Female,0,No,No,7.0,Yes,No,Fiber optic,No,No,Yes,Yes,Yes,Yes,Month-to-month,Yes,Electronic check,100.4,102.14285714285714
4156,Male,0,No,No,1.0,Yes,No,No,No internet service,No internet service,No internet service,No internet service,No internet service,No internet service,Month-to-month,Yes,Mailed check,19.75,19.75
1746,Female,0,No,No,72.0,Yes,Yes,Fiber optic,Yes,Yes,Yes,Yes,Yes,Yes,Two year,Yes,Bank transfer (automatic),116.45,111.29930555555556
5330,Male,1,Yes,No,10.0,Yes,No,Fiber optic,No,Yes,Yes,Yes,Yes,No,Month-to-month,Yes,Mailed check,92.5,93.41
252,Male,1,Yes,No,1.0,No,No phone service,DSL,No,Yes,No,No,Yes,No,Month-to-month,No,Electronic check,40.2,40.2
4467,Female,0,Yes,No,48.0,Yes,Yes,DSL,No,No,Yes,Yes,No,Yes,One year,Yes,Mailed check,69.55,71.575
6221,Male,0,No,No,26.0,Yes,No,No,No internet service,No internet service,No internet service,No internet service,No internet service,No internet service,One year,Yes,Bank transfer (automatic),19.6,18.148076923076925
3355,Female,0,Yes,No,68.0,Yes,Yes,Fiber optic,No,Yes,Yes,Yes,No,No,Two year,No,Credit card (automatic),90.2,92.6125
4167,Female,0,Yes,No,50.0,Yes,Yes,DSL,No,No,Yes,No,Yes,Yes,One year,No,Bank transfer (automatic),75.7,77.524
4263,Female,0,Yes,No,72.0,Yes,Yes,Fiber optic,Yes,Yes,Yes,Yes,Yes,Yes,Two year,Yes,Credit card (automatic),115.55,115.44999999999999
470,Female,1,No,No,17.0,Yes,No,No,No internet service,No internet service,No internet service,No internet service,No internet service,No internet service,One year,No,Mailed check,20.65,19.447058823529414
3315,Male,1,Yes,No,66.0,Yes,Yes,Fiber optic,No,Yes,Yes,Yes,Yes,Yes,One year,Yes,Bank transfer (automatic),107.35,106.84772727272727
4269,Male,0,Yes,No,17.0,Yes,Yes,Fiber optic,Yes,Yes,Yes,No,No,No,Month-to-month,No,Credit card (automatic),90.2,85.53823529411765
2951,Male,0,Yes,No,20.0,Yes,No,DSL,Yes,No,No,Yes,No,Yes,One year,Yes,Mailed check,64.15,63.722500000000004
4188,Female,1,No,No,28.0,Yes,Yes,Fiber optic,No,No,Yes,Yes,Yes,Yes,Month-to-month,Yes,Electronic check,103.3,103.2375
3972,Male,0,No,No,45.0,Yes,No,DSL,Yes,No,No,No,No,No,Month-to-month,Yes,Bank transfer (automatic),50.9,51.07888888888889
3998,Male,0,Yes,Yes,42.0,Yes,No,DSL,Yes,Yes,No,No,No,No,Month-to-month,No,Mailed check,54.5,54.78928571428572
3138,Female,0,No,No,1.0,Yes,No,DSL,No,No,No,No,No,No,Month-to-month,Yes,Electronic check,45.3,45.3
6961,Female,0,Yes,No,24.0,Yes,Yes,Fiber optic,No,No,No,No,No,No,Month-to-month,Yes,Credit card (automatic),75.4,72.82708333333333
6470,Male,0,Yes,Yes,8.0,Yes,No,DSL,No,No,No,No,No,No,One year,Yes,Mailed check,43.45,43.1875
847,Female,0,Yes,Yes,12.0,No,No phone service,DSL,Yes,No,No,Yes,No,No,One year,No,Credit card (automatic),33.15,37.0625
3933,Male,0,No,No,9.0,Yes,No,No,No internet service,No internet service,No internet service,No internet service,No internet service,No internet service,Month-to-month,No,Credit card (automatic),19.7,20.077777777777776
2410,Female,0,Yes,No,43.0,Yes,Yes,Fiber optic,No,Yes,No,No,No,No,Month-to-month,No,Electronic check,80.45,79.04418604651163
71,Female,0,Yes,Yes,52.0,Yes,No,No,No internet service,No internet service,No internet service,No internet service,No internet service,No internet service,One year,Yes,Electronic check,20.4,20.974038461538463
1145,Female,0,Yes,No,32.0,Yes,No,Fiber optic,Yes,No,No,No,No,No,Month-to-month,Yes,Bank transfer (automatic),75.5,72.646875
3917,Male,1,No,No,1.0,Yes,No,Fiber optic,No,No,No,No,No,No,Month-to-month,No,Electronic check,69.1,69.1
3205,Female,0,Yes,Yes,72.0,Yes,Yes,Fiber optic,Yes,Yes,Yes,Yes,Yes,Yes,Two year,Yes,Bank transfer (automatic),117.6,115.40138888888889
804,Male,0,No,No,6.0,Yes,No,Fiber optic,No,Yes,No,No,Yes,No,Month-to-month,Yes,Electronic check,85.35,81.575
2814,Female,0,Yes,Yes,62.0,No,No phone service,DSL,Yes,Yes,No,Yes,Yes,No,Two year,No,Bank transfer (automatic),48.7,48.525000000000006
1971,Female,0,No,No,20.0,Yes,No,No,No internet service,No internet service,No internet service,No internet service,No internet service,No internet service,One year,Yes,Credit card (automatic),19.35,21.6875
5827,Male,0,Yes,Yes,34.0,Yes,Yes,Fiber optic,No,No,Yes,No,No,Yes,Month-to-month,Yes,Credit card (automatic),90.05,91.08823529411765
5832,Male,0,Yes,Yes,20.0,Yes,No,Fiber optic,No,No,No,No,No,No,Month-to-month,Yes,Electronic check,70.45,73.5475
1349,Female,0,Yes,No,51.0,No,No phone service,DSL,No,Yes,No,No,Yes,Yes,Month-to-month,Yes,Electronic check,49.65,50.0656862745098
233,Female,0,No,No,72.0,Yes,No,No,No internet service,No internet service,No internet service,No internet service,No internet service,No internet service,Two year,No,Credit card (automatic),20.25,21.762500000000003
619,Female,0,No,No,7.0,Yes,Yes,Fiber optic,No,Yes,No,No,No,No,Month-to-month,Yes,Bank transfer (automatic),78.55,74.70714285714287
1932,Male,0,No,No,1.0,Yes,No,No,No internet service,No internet service,No internet service,No internet service,No internet service,No internet service,Month-to-month,No,Mailed check,20.2,20.2
77,Female,0,Yes,Yes,8.0,Yes,No,DSL,Yes,Yes,No,No,No,No,Month-to-month,No,Mailed check,54.65,60.28125
6241,Male,0,No,No,3.0,Yes,No,DSL,No,No,Yes,No,No,No,Month-to-month,Yes,Electronic check,49.15,56.35
2123,Male,0,No,No,31.0,Yes,Yes,Fiber optic,No,Yes,No,No,No,No,Month-to-month,Yes,Electronic check,80.45,78.35806451612903
4089,Female,0,No,No,9.0,Yes,Yes,Fiber optic,No,No,No,No,No,No,Month-to-month,Yes,Electronic check,74.75,78.51111111111112
4335,Female,1,No,No,18.0,Yes,No,Fiber optic,No,No,Yes,No,No,Yes,Month-to-month,Yes,Electronic check,84.95,80.20277777777778
1859,Male,0,No,No,52.0,Yes,No,Fiber optic,No,Yes,No,No,No,Yes,Month-to-month,Yes,Electronic check,85.35,83.4346153846154
5267,Male,1,Yes,No,9.0,Yes,No,No,No internet service,No internet service,No internet service,No internet service,No internet service,No internet service,One year,No,Credit card (automatic),19.85,20.35
6117,Male,0,No,No,69.0,Yes,No,No,No internet service,No internet service,No internet service,No internet service,No internet service,No internet service,Two year,Yes,Bank transfer (automatic),19.3,20.984057971014494
4064,Female,0,No,No,1.0,Yes,No,DSL,Yes,No,No,No,No,No,Month-to-month,No,Electronic check,50.15,50.15
5947,Female,0,Yes,Yes,33.0,Yes,Yes,No,No internet service,No internet service,No internet service,No internet service,No internet service,No internet service,Two year,Yes,Mailed check,24.5,22.433333333333334
5814,Male,0,No,No,16.0,Yes,No,No,No internet service,No internet service,No internet service,No internet service,No internet service,No internet service,Month-to-month,Yes,Credit card (automatic),20.6,20.640625
3388,Female,0,Yes,No,65.0,Yes,No,DSL,Yes,No,Yes,No,No,No,Month-to-month,Yes,Mailed check,55.15,56.51
720,Male,0,Yes,Yes,2.0,Yes,No,No,No internet service,No internet service,No internet service,No internet service,No internet service,No internet service,One year,No,Mailed check,20.2,17.375
1482,Female,1,No,No,13.0,Yes,No,Fiber optic,No,No,Yes,No,Yes,Yes,Month-to-month,Yes,Electronic check,96.85,95.04230769230769
2245,Female,0,Yes,No,69.0,Yes,Yes,Fiber optic,No,No,Yes,Yes,Yes,Yes,Two year,No,Bank transfer (automatic),105.35,104.93695652173912
5438,Male,0,Yes,No,9.0,Yes,No,Fiber optic,No,Yes,Yes,No,No,No,Month-to-month,Yes,Electronic check,79.9,82.41111111111111
3925,Female,0,Yes,No,37.0,Yes,Yes,DSL,No,Yes,No,Yes,No,Yes,One year,No,Mailed check,72.1,71.84864864864865
3052,Male,0,Yes,No,37.0,Yes,Yes,DSL,Yes,No,No,No,No,No,Month-to-month,Yes,Mailed check,55.05,54.88513513513514
1757,Male,0,Yes,Yes,54.0,Yes,No,Fiber optic,No,Yes,No,Yes,No,No,Two year,Yes,Bank transfer (automatic),79.95,80.77870370370371
1684,Female,0,No,Yes,35.0,Yes,Yes,DSL,No,No,No,No,No,No,Month-to-month,No,Mailed check,50.15,47.29571428571428
2694,Male,0,Yes,Yes,8.0,Yes,No,No,No internet service,No internet service,No internet service,No internet service,No internet service,No internet service,Month-to-month,No,Credit card (automatic),19.65,21.21875
6699,Female,0,No,No,54.0,Yes,No,No,No internet service,No internet service,No internet service,No internet service,No internet service,No internet service,Two year,Yes,Mailed check,20.5,19.17962962962963
4940,Male,1,No,No,16.0,Yes,Yes,Fiber optic,No,No,No,No,No,No,Month-to-month,Yes,Bank transfer (automatic),74.45,78.834375
572,Female,0,No,No,11.0,Yes,No,DSL,No,No,Yes,Yes,No,Yes,One year,No,Credit card (automatic),64.9,63.38636363636363
813,Male,0,Yes,Yes,34.0,No,No phone service,DSL,Yes,No,No,No,No,No,One year,No,Bank transfer (automatic),30.4,27.60735294117647
3157,Male,0,No,No,9.0,Yes,No,DSL,No,No,No,No,No,No,Month-to-month,No,Mailed check,44.95,47.888888888888886
1681,Female,0,Yes,No,72.0,Yes,Yes,No,No internet service,No internet service,No internet service,No internet service,No internet service,No internet service,Two year,No,Credit card (automatic),25.0,25.683333333333334
6197,Male,0,No,No,17.0,Yes,No,DSL,No,No,No,Yes,No,No,Month-to-month,No,Mailed check,51.5,52.970588235294116
3222,Male,0,No,No,2.0,Yes,No,DSL,No,No,No,No,No,No,Month-to-month,No,Bank transfer (automatic),44.9,55.525
7014,Male,0,No,No,41.0,Yes,Yes,Fiber optic,No,Yes,No,No,Yes,No,Month-to-month,Yes,Electronic check,89.2,88.92073170731707
5342,Female,0,No,No,37.0,Yes,No,DSL,No,No,No,No,Yes,Yes,Month-to-month,Yes,Electronic check,64.75,63.38378378378378
643,Female,1,No,No,49.0,Yes,No,Fiber optic,No,Yes,Yes,No,No,Yes,One year,Yes,Bank transfer (automatic),89.85,87.4938775510204
6923,Female,0,Yes,No,53.0,Yes,Yes,DSL,Yes,Yes,Yes,No,No,Yes,One year,No,Bank transfer (automatic),74.1,72.33867924528302
1620,Female,0,Yes,Yes,2.0,No,No phone service,DSL,No,No,No,Yes,No,No,Month-to-month,No,Bank transfer (automatic),29.05,22.375
4613,Female,1,No,No,54.0,Yes,Yes,Fiber optic,No,Yes,No,No,No,No,Month-to-month,Yes,Electronic check,79.5,80.93055555555556
4090,Female,0,No,Yes,1.0,Yes,No,DSL,Yes,No,No,No,No,No,Month-to-month,No,Mailed check,49.9,49.9
2587,Male,0,No,Yes,27.0,Yes,No,No,No internet service,No internet service,No internet service,No internet service,No internet service,No internet service,One year,No,Credit card (automatic),20.05,20.477777777777778
5771,Female,0,No,No,12.0,Yes,No,No,No internet service,No internet service,No internet service,No internet service,No internet service,No internet service,Month-to-month,No,Mailed check,20.4,22.21666666666667
2103,Male,1,Yes,No,11.0,Yes,No,Fiber optic,No,No,No,No,No,No,Month-to-month,Yes,Electronic check,70.2,75.88181818181819
3733,Female,0,No,Yes,25.0,No,No phone service,DSL,Yes,No,No,Yes,No,No,Two year,No,Bank transfer (automatic),35.05,33.778
2750,Male,0,No,No,3.0,Yes,No,No,No internet service,No internet service,No internet service,No internet service,No internet service,No internet service,One year,Yes,Mailed check,19.45,23.083333333333332
2007,Male,0,No,No,2.0,Yes,No,Fiber optic,No,No,No,No,No,Yes,Month-to-month,Yes,Electronic check,80.2,90.55
1937,Female,0,Yes,Yes,13.0,Yes,No,No,No internet service,No internet service,No internet service,No internet service,No internet service,No internet service,Two year,No,Mailed check,19.55,20.407692307692308
99,Female,1,Yes,No,25.0,Yes,No,Fiber optic,No,Yes,Yes,No,Yes,Yes,Month-to-month,Yes,Electronic check,98.5,100.58
6379,Male,0,No,No,10.0,Yes,Yes,Fiber optic,No,Yes,No,No,No,No,Month-to-month,Yes,Bank transfer (automatic),80.7,78.88
3659,Male,0,Yes,No,67.0,Yes,Yes,Fiber optic,Yes,Yes,Yes,No,Yes,Yes,One year,No,Credit card (automatic),109.9,109.43880597014925
3622,Female,0,Yes,Yes,72.0,Yes,Yes,DSL,Yes,Yes,Yes,Yes,Yes,Yes,Two year,No,Credit card (automatic),90.95,92.39513888888888
6619,Female,0,No,No,9.0,Yes,No,No,No internet service,No internet service,No internet service,No internet service,No internet service,No internet service,Month-to-month,No,Bank transfer (automatic),20.15,26.461111111111112
6464,Male,1,No,No,50.0,Yes,Yes,DSL,Yes,Yes,No,No,Yes,No,Month-to-month,Yes,Bank transfer (automatic),70.35,69.092
1456,Female,0,Yes,No,16.0,Yes,Yes,Fiber optic,No,Yes,No,No,Yes,Yes,Month-to-month,Yes,Electronic check,100.0,95.921875
4294,Female,0,No,No,12.0,Yes,No,Fiber optic,Yes,No,No,No,Yes,No,One year,Yes,Credit card (automatic),85.15,81.58749999999999
1356,Female,0,No,No,9.0,Yes,Yes,Fiber optic,No,No,No,No,No,No,Month-to-month,Yes,Credit card (automatic),75.2,70.42777777777778
5861,Male,0,No,No,35.0,Yes,No,No,No internet service,No internet service,No internet service,No internet service,No internet service,No internet service,Two year,No,Mailed check,19.25,19.36857142857143
6989,Female,0,Yes,Yes,20.0,Yes,Yes,DSL,Yes,No,No,No,Yes,Yes,One year,No,Bank transfer (automatic),76.0,79.4375
2492,Male,0,Yes,No,13.0,No,No phone service,DSL,Yes,No,No,Yes,Yes,Yes,Month-to-month,Yes,Electronic check,54.45,54.37307692307692
3872,Male,0,Yes,Yes,9.0,Yes,No,Fiber optic,No,No,Yes,Yes,Yes,Yes,Month-to-month,No,Electronic check,103.1,107.82777777777778
764,Male,0,Yes,Yes,65.0,Yes,No,No,No internet service,No internet service,No internet service,No internet service,No internet service,No internet service,Two year,No,Mailed check,19.9,19.886153846153846
1905,Female,0,No,No,41.0,Yes,Yes,No,No internet service,No internet service,No internet service,No internet service,No internet service,No internet service,One year,Yes,Mailed check,24.85,23.46951219512195
1981,Female,0,Yes,No,58.0,Yes,Yes,Fiber optic,No,No,Yes,Yes,Yes,Yes,Month-to-month,Yes,Credit card (automatic),102.1,101.47241379310344
3833,Male,0,No,No,12.0,Yes,Yes,DSL,No,No,Yes,No,Yes,Yes,Month-to-month,No,Bank transfer (automatic),74.75,68.92083333333333
6279,Female,0,Yes,Yes,21.0,Yes,No,DSL,No,No,No,No,No,No,Month-to-month,Yes,Electronic check,44.95,44.107142857142854
2613,Female,0,No,No,1.0,Yes,Yes,Fiber optic,No,Yes,No,No,No,No,Month-to-month,Yes,Mailed check,80.2,80.2
885,Male,0,No,No,1.0,Yes,No,No,No internet service,No internet service,No internet service,No internet service,No internet service,No internet service,Month-to-month,Yes,Mailed check,20.05,20.05
994,Male,0,No,No,13.0,Yes,No,No,No internet service,No internet service,No internet service,No internet service,No internet service,No internet service,Two year,No,Credit card (automatic),20.0,20.65
1868,Male,0,No,No,1.0,Yes,No,DSL,No,No,No,No,No,No,Month-to-month,Yes,Bank transfer (automatic),44.05,44.05
1138,Male,0,Yes,Yes,11.0,Yes,Yes,DSL,Yes,No,No,No,Yes,No,Month-to-month,Yes,Bank transfer (automatic),65.15,65.75909090909092
1671,Male,0,Yes,Yes,66.0,Yes,No,Fiber optic,Yes,Yes,Yes,No,Yes,Yes,One year,Yes,Bank transfer (automatic),103.15,106.53484848484848
1765,Female,0,Yes,No,58.0,Yes,Yes,Fiber optic,Yes,Yes,Yes,No,Yes,Yes,One year,Yes,Credit card (automatic),110.65,112.52844827586206
4954,Male,0,No,Yes,1.0,Yes,No,Fiber optic,No,No,No,No,Yes,Yes,Month-to-month,Yes,Electronic check,90.85,90.85
2746,Female,0,Yes,Yes,31.0,Yes,No,No,No internet service,No internet service,No internet service,No internet service,No internet service,No internet service,Two year,No,Mailed check,21.0,22.506451612903227
6706,Female,0,No,No,1.0,Yes,No,No,No internet service,No internet service,No internet service,No internet service,No internet service,No internet service,Month-to-month,No,Mailed check,19.9,19.9
3839,Female,0,Yes,Yes,15.0,Yes,No,No,No internet service,No internet service,No internet service,No internet service,No internet service,No internet service,Month-to-month,No,Mailed check,20.05,18.953333333333333
2906,Female,0,Yes,Yes,6.0,Yes,No,DSL,No,No,No,Yes,No,No,Month-to-month,Yes,Mailed check,48.8,49.55833333333334
2635,Male,0,No,No,63.0,Yes,Yes,No,No internet service,No internet service,No internet service,No internet service,No internet service,No internet service,Two year,No,Mailed check,25.25,24.75079365079365
4783,Female,1,Yes,Yes,71.0,Yes,Yes,DSL,Yes,Yes,No,No,Yes,No,One year,No,Electronic check,69.2,70.17605633802818
2887,Male,0,No,No,1.0,Yes,No,DSL,No,No,No,No,No,No,Month-to-month,Yes,Mailed check,45.05,45.05
2336,Male,0,Yes,No,17.0,Yes,No,Fiber optic,No,No,No,No,No,No,Month-to-month,Yes,Bank transfer (automatic),70.4,71.41470588235293
2557,Male,0,No,No,3.0,Yes,No,DSL,No,No,No,No,No,No,Month-to-month,No,Mailed check,45.45,47.23333333333333
6338,Male,0,No,No,1.0,Yes,No,No,No internet service,No internet service,No internet service,No internet service,No internet service,No internet service,Month-to-month,Yes,Mailed check,20.25,20.25
4778,Male,0,No,Yes,62.0,Yes,Yes,No,No internet service,No internet service,No internet service,No internet service,No internet service,No internet service,Two year,Yes,Mailed check,24.4,22.79032258064516
2475,Female,0,No,No,53.0,Yes,No,Fiber optic,Yes,Yes,Yes,Yes,No,Yes,Two year,No,Mailed check,99.5,102.34433962264151
415,Female,0,Yes,Yes,16.0,Yes,No,Fiber optic,No,Yes,No,No,No,No,Month-to-month,No,Bank transfer (automatic),73.25,74.734375
4020,Male,1,Yes,No,72.0,No,No phone service,DSL,Yes,Yes,Yes,Yes,Yes,Yes,Two year,Yes,Credit card (automatic),64.95,63.138888888888886
4130,Female,0,No,No,10.0,No,No phone service,DSL,No,Yes,No,Yes,No,No,Month-to-month,No,Electronic check,36.25,37.4
4555,Male,0,Yes,Yes,19.0,Yes,No,No,No internet service,No internet service,No internet service,No internet service,No internet service,No internet service,Two year,No,Mailed check,20.2,20.389473684210525
330,Female,0,Yes,Yes,35.0,Yes,No,No,No internet service,No internet service,No internet service,No internet service,No internet service,No internet service,Two year,Yes,Mailed check,19.85,21.124285714285715
1360,Female,1,No,No,13.0,Yes,Yes,Fiber optic,No,No,No,No,Yes,Yes,Month-to-month,Yes,Electronic check,95.05,99.23076923076923
4180,Female,1,No,No,2.0,No,No phone service,DSL,No,No,No,No,No,No,Month-to-month,No,Electronic check,24.35,20.925
911,Female,1,No,No,15.0,Yes,Yes,Fiber optic,No,Yes,No,No,Yes,No,Month-to-month,No,Credit card (automatic),89.0,85.88666666666667
2858,Female,0,Yes,No,10.0,Yes,No,No,No internet service,No internet service,No internet service,No internet service,No internet service,No internet service,Month-to-month,Yes,Mailed check,20.55,25.275
5171,Female,0,Yes,No,12.0,Yes,No,DSL,No,No,No,No,No,No,Month-to-month,No,Bank transfer (automatic),45.9,42.1625
2395,Female,1,Yes,No,31.0,Yes,Yes,Fiber optic,No,No,Yes,No,Yes,No,One year,Yes,Electronic check,90.7,91.46774193548387
5504,Male,1,Yes,No,44.0,Yes,Yes,Fiber optic,No,Yes,No,No,No,Yes,One year,No,Mailed check,88.4,88.92954545454546
1309,Female,0,No,No,18.0,Yes,Yes,Fiber optic,No,No,No,No,Yes,No,Month-to-month,Yes,Electronic check,85.2,86.32777777777778
2738,Female,0,Yes,Yes,43.0,Yes,No,DSL,Yes,No,Yes,No,Yes,Yes,Two year,No,Bank transfer (automatic),75.2,75.68255813953488
4169,Female,0,No,No,15.0,Yes,No,Fiber optic,No,Yes,Yes,No,Yes,Yes,Month-to-month,Yes,Electronic check,101.25,97.15
1336,Female,0,Yes,No,15.0,Yes,No,Fiber optic,No,Yes,No,No,No,No,Month-to-month,No,Bank transfer (automatic),75.35,74.30333333333333
5411,Female,1,Yes,No,1.0,No,No phone service,DSL,No,No,No,No,No,No,Month-to-month,Yes,Electronic check,24.8,24.8
79,Female,0,Yes,Yes,45.0,Yes,Yes,No,No internet service,No internet service,No internet service,No internet service,No internet service,No internet service,One year,Yes,Credit card (automatic),25.9,27.035555555555554
1066,Male,0,Yes,No,47.0,Yes,No,No,No internet service,No internet service,No internet service,No internet service,No internet service,No internet service,Two year,No,Mailed check,19.65,20.70425531914894
4361,Male,0,No,No,29.0,Yes,No,DSL,Yes,Yes,No,Yes,No,No,One year,Yes,Electronic check,58.75,58.4896551724138
3307,Female,0,Yes,Yes,48.0,Yes,Yes,DSL,No,Yes,No,Yes,Yes,Yes,Two year,No,Electronic check,79.65,80.63125000000001
1342,Female,0,No,No,8.0,Yes,No,No,No internet service,No internet service,No internet service,No internet service,No internet service,No internet service,Two year,No,Mailed check,20.0,17.7
4547,Male,0,Yes,Yes,62.0,Yes,Yes,Fiber optic,Yes,Yes,No,No,Yes,Yes,Month-to-month,Yes,Electronic check,105.5,104.63225806451612
1406,Male,0,No,Yes,66.0,Yes,Yes,No,No internet service,No internet service,No internet service,No internet service,No internet service,No internet service,Two year,Yes,Credit card (automatic),25.3,25.36060606060606
3180,Female,0,No,No,3.0,Yes,No,No,No internet service,No internet service,No internet service,No internet service,No internet service,No internet service,Month-to-month,No,Mailed check,20.0,21.2
604,Female,0,No,No,32.0,Yes,Yes,Fiber optic,Yes,No,Yes,Yes,Yes,Yes,One year,Yes,Bank transfer (automatic),109.55,112.75
6980,Male,1,No,No,16.0,No,No phone service,DSL,No,Yes,No,No,Yes,No,Month-to-month,Yes,Mailed check,39.0,42.490625
6323,Female,0,No,No,40.0,Yes,Yes,Fiber optic,No,No,Yes,Yes,Yes,Yes,One year,Yes,Credit card (automatic),105.95,108.38
1666,Female,0,No,No,8.0,Yes,No,No,No internet service,No internet service,No internet service,No internet service,No internet service,No internet service,Two year,No,Mailed check,20.25,21.83125
3747,Female,0,Yes,Yes,4.0,Yes,Yes,DSL,No,Yes,No,Yes,No,No,Month-to-month,Yes,Mailed check,58.5,56.2125
2009,Male,0,Yes,Yes,70.0,Yes,Yes,DSL,Yes,Yes,Yes,Yes,Yes,No,Two year,Yes,Bank transfer (automatic),79.25,81.88357142857143
6607,Male,0,No,Yes,1.0,No,No phone service,DSL,No,No,No,No,No,No,Month-to-month,Yes,Electronic check,25.3,25.3
4447,Male,0,Yes,No,68.0,Yes,Yes,Fiber optic,Yes,Yes,No,Yes,Yes,Yes,Month-to-month,Yes,Electronic check,107.7,107.66029411764706
6183,Male,0,Yes,Yes,44.0,No,No phone service,DSL,No,No,Yes,Yes,Yes,Yes,One year,Yes,Electronic check,54.3,52.66136363636363
6361,Female,0,No,No,7.0,Yes,No,DSL,No,No,Yes,Yes,No,Yes,Month-to-month,No,Bank transfer (automatic),62.8,59.75714285714286
1112,Female,1,No,No,71.0,Yes,Yes,DSL,Yes,Yes,Yes,Yes,Yes,Yes,Two year,No,Mailed check,89.85,88.64014084507042
6176,Male,0,No,No,43.0,Yes,Yes,Fiber optic,No,Yes,No,No,No,No,Month-to-month,Yes,Electronic check,77.85,78.27558139534884
6193,Female,0,No,Yes,13.0,Yes,Yes,Fiber optic,No,Yes,Yes,No,Yes,Yes,One year,Yes,Credit card (automatic),104.15,99.93076923076923
4834,Male,0,Yes,Yes,67.0,Yes,Yes,No,No internet service,No internet service,No internet service,No internet service,No internet service,No internet service,Two year,No,Bank transfer (automatic),24.65,24.18582089552239
2668,Male,0,No,Yes,1.0,Yes,No,No,No internet service,No internet service,No internet service,No internet service,No internet service,No internet service,Month-to-month,No,Mailed check,19.75,19.75
2119,Male,0,Yes,Yes,46.0,Yes,No,No,No internet service,No internet service,No internet service,No internet service,No internet service,No internet service,One year,Yes,Bank transfer (automatic),20.2,18.382608695652173
1701,Female,0,Yes,Yes,66.0,Yes,Yes,Fiber optic,No,Yes,Yes,No,Yes,Yes,One year,Yes,Credit card (automatic),102.45,100.22954545454544
298,Male,0,Yes,Yes,40.0,Yes,Yes,DSL,No,No,Yes,No,Yes,Yes,Month-to-month,Yes,Electronic check,74.55,75.39375
2614,Female,0,Yes,Yes,67.0,Yes,Yes,Fiber optic,Yes,No,No,Yes,No,Yes,One year,Yes,Credit card (automatic),94.35,94.64850746268657
1531,Female,0,Yes,Yes,35.0,Yes,Yes,No,No internet service,No internet service,No internet service,No internet service,No internet service,No internet service,Month-to-month,Yes,Electronic check,25.75,25.215714285714284
4734,Male,0,Yes,Yes,39.0,Yes,No,DSL,Yes,No,Yes,Yes,Yes,Yes,One year,No,Credit card (automatic),80.0,81.61410256410257
5116,Male,0,No,No,1.0,Yes,No,Fiber optic,No,No,No,No,No,No,Month-to-month,No,Electronic check,70.4,70.4
1419,Male,0,Yes,Yes,63.0,Yes,No,No,No internet service,No internet service,No internet service,No internet service,No internet service,No internet service,Two year,Yes,Mailed check,19.15,18.683333333333334
6516,Male,0,No,Yes,1.0,Yes,No,DSL,No,No,Yes,No,No,No,Month-to-month,No,Electronic check,48.95,48.95
534,Female,0,No,No,1.0,Yes,Yes,Fiber optic,No,No,No,No,No,Yes,Month-to-month,Yes,Electronic check,85.0,85.0
2777,Male,0,No,No,10.0,Yes,No,No,No internet service,No internet service,No internet service,No internet service,No internet service,No internet service,Month-to-month,No,Electronic check,20.0,18.54
1561,Male,0,No,No,1.0,Yes,Yes,Fiber optic,No,No,No,No,No,No,Month-to-month,Yes,Electronic check,74.95,74.95
2937,Female,0,Yes,Yes,64.0,Yes,Yes,Fiber optic,No,Yes,Yes,No,No,Yes,One year,Yes,Electronic check,92.85,93.44921875
3343,Female,0,No,No,16.0,Yes,No,No,No internet service,No internet service,No internet service,No internet service,No internet service,No internet service,One year,No,Bank transfer (automatic),20.1,19.9125
2595,Female,0,Yes,No,71.0,Yes,Yes,DSL,No,No,Yes,Yes,Yes,Yes,Two year,Yes,Bank transfer (automatic),80.45,79.75
6524,Male,0,No,Yes,10.0,Yes,Yes,Fiber optic,No,No,No,No,Yes,Yes,Month-to-month,No,Electronic check,95.2,93.03999999999999
5072,Male,1,Yes,No,23.0,Yes,Yes,Fiber optic,No,Yes,Yes,No,Yes,Yes,Month-to-month,Yes,Electronic check,104.45,94.99347826086957
3352,Female,0,No,No,1.0,Yes,Yes,Fiber optic,No,No,No,No,No,Yes,Month-to-month,Yes,Mailed check,85.45,85.45
1167,Male,0,No,No,26.0,Yes,Yes,DSL,No,No,No,No,No,No,One year,Yes,Credit card (automatic),51.55,49.823076923076925
1368,Male,0,No,No,54.0,Yes,No,Fiber optic,Yes,No,Yes,Yes,No,No,One year,No,Electronic check,84.4,83.03796296296296
2683,Female,0,No,No,7.0,Yes,Yes,Fiber optic,Yes,No,No,No,No,No,Month-to-month,Yes,Mailed check,79.65,86.38571428571429
5141,Male,0,No,No,5.0,Yes,No,No,No internet service,No internet service,No internet service,No internet service,No internet service,No internet service,Month-to-month,Yes,Mailed check,19.25,17.21
6054,Female,0,Yes,Yes,36.0,Yes,Yes,Fiber optic,No,Yes,Yes,No,Yes,No,Month-to-month,Yes,Bank transfer (automatic),97.35,96.05277777777778
2016,Female,0,No,No,10.0,Yes,Yes,Fiber optic,No,No,No,No,No,Yes,Month-to-month,No,Electronic check,86.45,83.08500000000001
561,Male,0,Yes,No,3.0,Yes,Yes,No,No internet service,No internet service,No internet service,No internet service,No internet service,No internet service,Month-to-month,Yes,Mailed check,23.6,29.683333333333334
6486,Female,0,Yes,No,5.0,Yes,Yes,DSL,No,No,Yes,Yes,Yes,No,Month-to-month,No,Bank transfer (automatic),67.95,70.06
3428,Male,1,Yes,No,51.0,Yes,Yes,Fiber optic,Yes,No,Yes,No,Yes,No,Month-to-month,Yes,Bank transfer (automatic),93.8,93.15588235294118
2592,Female,0,No,No,12.0,Yes,No,No,No internet service,No internet service,No internet service,No internet service,No internet service,No internet service,Month-to-month,No,Mailed check,19.45,20.520833333333332
205,Female,0,No,No,33.0,Yes,No,Fiber optic,No,Yes,No,Yes,No,No,One year,Yes,Bank transfer (automatic),79.95,81.35909090909091
5058,Female,0,No,No,30.0,Yes,No,DSL,Yes,No,No,No,No,No,Month-to-month,Yes,Mailed check,48.8,51.225
1767,Female,0,Yes,No,71.0,Yes,Yes,Fiber optic,Yes,Yes,Yes,Yes,Yes,Yes,Two year,Yes,Credit card (automatic),115.15,113.77605633802817
1325,Female,1,No,No,1.0,Yes,No,Fiber optic,No,No,No,No,No,No,Month-to-month,Yes,Electronic check,69.25,69.25
251,Female,0,Yes,Yes,2.0,Yes,No,Fiber optic,No,No,No,No,No,No,Month-to-month,No,Electronic check,70.4,73.575
1501,Male,0,No,No,13.0,Yes,No,No,No internet service,No internet service,No internet service,No internet service,No internet service,No internet service,Two year,No,Mailed check,19.95,18.742307692307694
6702,Male,0,Yes,Yes,18.0,Yes,No,Fiber optic,No,No,No,Yes,No,Yes,Month-to-month,Yes,Electronic check,85.6,88.97222222222223
103,Female,1,Yes,No,66.0,No,No phone service,DSL,No,Yes,Yes,No,Yes,No,One year,No,Bank transfer (automatic),45.55,45.86742424242424
2470,Female,0,Yes,No,67.0,Yes,Yes,No,No internet service,No internet service,No internet service,No internet service,No internet service,No internet service,Two year,Yes,Credit card (automatic),25.25,25.867910447761194
616,Male,0,No,No,8.0,No,No phone service,DSL,No,No,No,No,No,No,Month-to-month,Yes,Credit card (automatic),25.25,23.2875
1215,Female,0,Yes,Yes,3.0,Yes,No,Fiber optic,No,No,No,No,No,Yes,Month-to-month,Yes,Electronic check,80.3,83.35000000000001
3657,Female,0,Yes,Yes,37.0,Yes,Yes,No,No internet service,No internet service,No internet service,No internet service,No internet service,No internet service,Two year,Yes,Bank transfer (automatic),24.1,23.293243243243243
3304,Male,1,Yes,No,69.0,Yes,Yes,Fiber optic,No,Yes,Yes,Yes,Yes,Yes,Two year,Yes,Electronic check,109.95,110.6413043478261
5526,Male,0,Yes,Yes,51.0,Yes,Yes,No,No internet service,No internet service,No internet service,No internet service,No internet service,No internet service,One year,Yes,Mailed check,23.95,23.849999999999998
3144,Male,0,No,No,6.0,Yes,No,No,No internet service,No internet service,No internet service,No internet service,No internet service,No internet service,Month-to-month,No,Mailed check,18.95,18.358333333333334
4522,Male,0,Yes,No,30.0,Yes,No,No,No internet service,No internet service,No internet service,No internet service,No internet service,No internet service,One year,No,Credit card (automatic),20.7,19.57
4196,Female,0,Yes,Yes,70.0,Yes,Yes,No,No internet service,No internet service,No internet service,No internet service,No internet service,No internet service,Two year,No,Mailed check,24.05,25.210714285714285
3015,Male,0,Yes,Yes,59.0,Yes,No,DSL,Yes,Yes,Yes,Yes,Yes,Yes,Two year,Yes,Electronic check,86.75,87.89830508474576
738,Male,1,No,No,42.0,Yes,Yes,Fiber optic,No,Yes,No,No,No,No,Month-to-month,Yes,Bank transfer (automatic),79.35,79.62142857142857
5170,Female,0,No,No,1.0,Yes,No,No,No internet service,No internet service,No internet service,No internet service,No internet service,No internet service,Month-to-month,No,Mailed check,19.65,19.65
4356,Female,0,No,No,3.0,Yes,No,No,No internet service,No internet service,No internet service,No internet service,No internet service,No internet service,Month-to-month,No,Mailed check,18.8,18.666666666666668
6462,Male,0,No,No,2.0,Yes,No,Fiber optic,No,Yes,No,No,Yes,Yes,Month-to-month,No,Electronic check,95.65,83.65
6958,Female,0,Yes,Yes,13.0,Yes,No,No,No internet service,No internet service,No internet service,No internet service,No internet service,No internet service,Two year,Yes,Bank transfer (automatic),19.75,18.976923076923075
2692,Female,0,No,No,22.0,Yes,No,DSL,Yes,No,No,No,No,No,Month-to-month,Yes,Electronic check,49.8,47.684090909090905
1931,Female,0,Yes,No,53.0,Yes,Yes,Fiber optic,No,Yes,Yes,Yes,Yes,Yes,One year,Yes,Bank transfer (automatic),111.8,109.61792452830188
5869,Female,0,Yes,Yes,44.0,Yes,Yes,Fiber optic,No,Yes,Yes,No,No,Yes,One year,No,Electronic check,94.4,97.62159090909091
4553,Male,0,Yes,No,72.0,Yes,Yes,Fiber optic,Yes,Yes,Yes,Yes,Yes,Yes,Two year,Yes,Bank transfer (automatic),115.8,117.01249999999999
5420,Male,0,Yes,No,70.0,Yes,Yes,Fiber optic,Yes,Yes,Yes,Yes,Yes,Yes,Two year,No,Credit card (automatic),114.3,117.77571428571427
987,Male,0,No,No,1.0,Yes,No,No,No internet service,No internet service,No internet service,No internet service,No internet service,No internet service,Month-to-month,No,Bank transfer (automatic),19.75,19.75
2437,Female,0,No,No,7.0,Yes,No,DSL,Yes,Yes,Yes,No,No,No,Month-to-month,No,Electronic check,61.4,62.699999999999996
1061,Female,1,Yes,No,72.0,Yes,Yes,Fiber optic,Yes,Yes,Yes,No,Yes,Yes,Two year,Yes,Electronic check,112.4,111.76180555555555
6770,Female,0,Yes,Yes,4.0,Yes,No,Fiber optic,No,No,No,No,Yes,No,Month-to-month,Yes,Mailed check,78.9,74.9375
4517,Female,1,Yes,No,11.0,Yes,Yes,Fiber optic,No,No,Yes,No,Yes,Yes,Month-to-month,Yes,Electronic check,99.55,102.83636363636364
418,Female,0,Yes,Yes,22.0,Yes,No,Fiber optic,No,Yes,No,No,No,Yes,Month-to-month,No,Electronic check,83.3,83.90454545454546
3639,Female,1,Yes,No,60.0,Yes,Yes,Fiber optic,No,No,Yes,No,Yes,Yes,One year,Yes,Credit card (automatic),100.5,100.48333333333333
5913,Female,0,No,No,26.0,Yes,No,Fiber optic,Yes,No,Yes,Yes,No,No,One year,Yes,Credit card (automatic),87.15,87.46538461538461
1469,Male,0,No,No,37.0,Yes,Yes,Fiber optic,No,No,No,Yes,Yes,Yes,Month-to-month,No,Bank transfer (automatic),98.8,93.9337837837838
1176,Female,0,No,No,6.0,Yes,Yes,Fiber optic,No,Yes,Yes,Yes,Yes,Yes,Month-to-month,Yes,Credit card (automatic),109.9,111.575
5383,Male,0,No,No,36.0,Yes,Yes,Fiber optic,No,No,No,No,No,Yes,Month-to-month,Yes,Electronic check,84.75,84.72638888888889
789,Male,0,No,No,72.0,Yes,Yes,DSL,Yes,Yes,Yes,Yes,No,No,Two year,No,Bank transfer (automatic),69.65,68.17013888888889
3977,Male,0,Yes,No,63.0,Yes,No,Fiber optic,Yes,Yes,Yes,Yes,Yes,Yes,Two year,Yes,Credit card (automatic),110.1,106.43968253968254
6920,Male,0,No,Yes,27.0,Yes,No,No,No internet service,No internet service,No internet service,No internet service,No internet service,No internet service,Two year,No,Credit card (automatic),19.7,18.862962962962964
1486,Female,0,No,No,2.0,Yes,No,DSL,No,Yes,No,Yes,No,No,Month-to-month,Yes,Credit card (automatic),55.05,51.375
6269,Female,0,No,No,35.0,No,No phone service,DSL,No,No,Yes,Yes,No,No,Month-to-month,Yes,Mailed check,33.45,33.59571428571428
1574,Female,0,No,Yes,15.0,Yes,No,No,No internet service,No internet service,No internet service,No internet service,No internet service,No internet service,One year,No,Mailed check,19.65,18.040000000000003
1085,Female,1,No,No,13.0,Yes,No,Fiber optic,No,No,Yes,No,No,No,Month-to-month,Yes,Electronic check,74.3,72.33461538461539
243,Female,1,Yes,No,65.0,Yes,No,Fiber optic,Yes,Yes,Yes,No,No,Yes,Month-to-month,No,Electronic check,94.4,94.24846153846153
6545,Female,0,No,No,9.0,Yes,No,DSL,Yes,Yes,No,No,Yes,Yes,Month-to-month,Yes,Electronic check,74.65,78.17222222222222
4952,Male,0,No,No,2.0,Yes,No,Fiber optic,Yes,Yes,No,No,Yes,Yes,Month-to-month,No,Electronic check,100.2,99.25
5746,Female,0,No,No,10.0,Yes,Yes,Fiber optic,No,Yes,No,No,No,No,Month-to-month,Yes,Credit card (automatic),81.0,81.80499999999999
480,Male,0,Yes,Yes,11.0,Yes,No,No,No internet service,No internet service,No internet service,No internet service,No internet service,No internet service,Two year,No,Mailed check,19.65,20.522727272727273
1281,Female,0,No,No,36.0,Yes,No,No,No internet service,No internet service,No internet service,No internet service,No internet service,No internet service,One year,Yes,Bank transfer (automatic),19.25,18.883333333333333
6666,Female,1,Yes,No,27.0,Yes,Yes,DSL,No,Yes,Yes,Yes,Yes,Yes,Month-to-month,No,Electronic check,83.85,85.56296296296296
6243,Female,0,Yes,Yes,72.0,Yes,Yes,DSL,Yes,Yes,Yes,No,Yes,Yes,Two year,Yes,Credit card (automatic),83.6,82.76805555555556
6086,Male,0,Yes,No,61.0,Yes,Yes,DSL,Yes,No,Yes,No,No,Yes,Two year,Yes,Mailed check,69.9,69.29016393442623
5684,Female,1,Yes,No,58.0,Yes,No,Fiber optic,Yes,Yes,No,Yes,Yes,Yes,One year,Yes,Credit card (automatic),105.5,106.99137931034483
2878,Male,0,Yes,No,22.0,Yes,No,Fiber optic,No,No,Yes,No,Yes,No,Month-to-month,Yes,Bank transfer (automatic),87.0,84.12045454545455
4903,Female,0,No,No,5.0,Yes,Yes,Fiber optic,No,Yes,No,No,Yes,No,Month-to-month,Yes,Electronic check,90.8,91.1
6305,Female,1,No,No,26.0,Yes,Yes,Fiber optic,Yes,Yes,No,No,No,Yes,Month-to-month,Yes,Electronic check,95.0,96.04615384615384
1732,Male,1,Yes,Yes,61.0,Yes,Yes,Fiber optic,No,Yes,No,No,Yes,Yes,One year,No,Electronic check,99.0,97.85737704918033
6496,Male,1,Yes,No,40.0,Yes,Yes,Fiber optic,Yes,No,No,No,Yes,Yes,Month-to-month,No,Electronic check,101.85,102.1575
4604,Male,1,No,No,65.0,Yes,No,Fiber optic,No,Yes,Yes,No,Yes,Yes,Month-to-month,Yes,Bank transfer (automatic),99.1,99.94076923076922
1719,Male,0,No,No,3.0,Yes,No,Fiber optic,No,Yes,Yes,Yes,Yes,Yes,Month-to-month,Yes,Electronic check,107.95,106.2
1752,Male,0,Yes,No,27.0,Yes,No,DSL,Yes,No,No,No,No,No,One year,No,Credit card (automatic),48.7,52.657407407407405
504,Male,0,No,Yes,69.0,Yes,Yes,DSL,Yes,Yes,Yes,Yes,Yes,No,Two year,Yes,Credit card (automatic),79.45,79.74710144927536
6402,Female,0,Yes,Yes,54.0,Yes,Yes,DSL,No,Yes,Yes,No,No,No,Two year,Yes,Bank transfer (automatic),59.8,60.11944444444444
6651,Female,0,No,No,29.0,Yes,Yes,DSL,Yes,Yes,No,Yes,No,No,Month-to-month,No,Mailed check,67.45,62.106896551724134
293,Female,1,No,No,6.0,Yes,No,Fiber optic,No,No,No,No,Yes,Yes,Month-to-month,Yes,Electronic check,89.35,94.63333333333333
5358,Male,0,No,No,18.0,Yes,No,No,No internet service,No internet service,No internet service,No internet service,No internet service,No internet service,Month-to-month,No,Mailed check,19.25,18.408333333333335
6591,Male,0,No,No,2.0,Yes,No,Fiber optic,No,No,No,No,No,No,Month-to-month,Yes,Credit card (automatic),69.8,67.35
5823,Female,0,No,No,22.0,Yes,No,No,No internet service,No internet service,No internet service,No internet service,No internet service,No internet service,Month-to-month,Yes,Mailed check,20.05,21.37272727272727
3238,Female,0,Yes,Yes,26.0,Yes,No,No,No internet service,No internet service,No internet service,No internet service,No internet service,No internet service,Two year,No,Credit card (automatic),19.65,19.034615384615385
5146,Male,0,No,Yes,11.0,Yes,Yes,Fiber optic,No,No,No,No,No,Yes,Month-to-month,No,Electronic check,86.2,81.2
6336,Male,0,Yes,Yes,57.0,Yes,Yes,Fiber optic,No,No,No,No,No,No,Month-to-month,Yes,Electronic check,74.3,70.49736842105263
6095,Male,0,No,No,4.0,Yes,No,No,No internet service,No internet service,No internet service,No internet service,No internet service,No internet service,Month-to-month,Yes,Mailed check,19.65,16.8875
4719,Male,0,No,No,36.0,Yes,Yes,Fiber optic,No,No,No,No,No,Yes,Month-to-month,Yes,Electronic check,84.9,85.19999999999999
4806,Male,0,No,No,67.0,Yes,No,No,No internet service,No internet service,No internet service,No internet service,No internet service,No internet service,One year,Yes,Mailed check,19.45,17.85
5855,Female,0,No,No,55.0,Yes,No,DSL,Yes,No,No,No,No,No,Month-to-month,Yes,Credit card (automatic),50.55,51.50454545454546
3842,Female,0,Yes,No,27.0,Yes,Yes,Fiber optic,No,No,No,No,Yes,Yes,Month-to-month,No,Credit card (automatic),95.0,91.20555555555556
646,Male,0,No,No,1.0,Yes,No,DSL,No,No,No,No,No,No,Month-to-month,Yes,Mailed check,45.7,45.7
2091,Female,0,No,Yes,50.0,Yes,No,No,No internet service,No internet service,No internet service,No internet service,No internet service,No internet service,Two year,No,Credit card (automatic),20.15,19.417
2314,Female,0,Yes,Yes,72.0,Yes,Yes,DSL,Yes,Yes,Yes,Yes,Yes,Yes,Two year,Yes,Bank transfer (automatic),93.25,92.90208333333334
3016,Female,0,No,No,3.0,Yes,No,DSL,No,No,No,No,No,Yes,Month-to-month,Yes,Electronic check,55.3,65.38333333333334
3422,Female,0,No,No,70.0,No,No phone service,DSL,Yes,No,Yes,Yes,Yes,Yes,Two year,Yes,Bank transfer (automatic),58.35,60.20357142857143
909,Female,0,No,No,71.0,Yes,Yes,Fiber optic,No,Yes,Yes,Yes,Yes,Yes,Two year,Yes,Electronic check,111.25,112.45281690140844
1324,Female,0,Yes,Yes,4.0,Yes,No,No,No internet service,No internet service,No internet service,No internet service,No internet service,No internet service,Month-to-month,No,Mailed check,20.35,19.0875
1669,Female,0,No,No,8.0,Yes,Yes,Fiber optic,No,No,No,No,No,No,Month-to-month,Yes,Credit card (automatic),74.6,68.6125
6307,Female,0,No,No,32.0,Yes,No,No,No internet service,No internet service,No internet service,No internet service,No internet service,No internet service,Month-to-month,No,Bank transfer (automatic),19.9,18.7984375
2122,Female,0,No,No,12.0,Yes,Yes,DSL,No,No,No,Yes,Yes,Yes,One year,Yes,Mailed check,75.85,71.20416666666667
427,Female,0,Yes,Yes,10.0,Yes,Yes,Fiber optic,No,No,No,No,No,Yes,Month-to-month,No,Electronic check,85.95,85.86
3924,Female,0,Yes,Yes,48.0,Yes,Yes,Fiber optic,No,No,No,No,No,Yes,One year,Yes,Mailed check,82.05,83.95729166666666
2003,Female,0,No,No,57.0,Yes,No,Fiber optic,No,No,Yes,No,Yes,Yes,Two year,Yes,Electronic check,95.25,95.87105263157895
3195,Female,0,No,No,9.0,Yes,No,Fiber optic,No,Yes,Yes,No,No,No,Month-to-month,No,Electronic check,80.55,72.65555555555555
2939,Male,1,No,No,12.0,Yes,No,Fiber optic,No,Yes,Yes,Yes,No,No,Month-to-month,Yes,Mailed check,83.8,85.8125
1224,Male,0,Yes,Yes,1.0,Yes,No,DSL,No,No,No,No,No,No,Month-to-month,Yes,Mailed check,45.85,45.85
6983,Female,0,No,No,23.0,Yes,No,Fiber optic,No,Yes,Yes,Yes,No,No,Month-to-month,No,Bank transfer (automatic),83.2,88.36086956521739
5056,Female,0,Yes,Yes,72.0,Yes,Yes,DSL,Yes,No,Yes,Yes,Yes,Yes,Two year,No,Credit card (automatic),84.7,81.85972222222222
3592,Female,0,No,No,1.0,Yes,No,DSL,No,No,No,No,No,No,Month-to-month,Yes,Electronic check,45.65,45.65
4407,Male,0,No,Yes,8.0,Yes,No,No,No internet service,No internet service,No internet service,No internet service,No internet service,No internet service,Month-to-month,No,Mailed check,20.35,22.3375
757,Female,0,No,No,3.0,Yes,No,No,No internet service,No internet service,No internet service,No internet service,No internet service,No internet service,Month-to-month,No,Mailed check,19.85,19.066666666666666
6555,Male,0,No,No,18.0,Yes,No,No,No internet service,No internet service,No internet service,No internet service,No internet service,No internet service,One year,No,Mailed check,19.65,22.84722222222222
2960,Male,0,No,No,22.0,Yes,Yes,Fiber optic,Yes,No,No,No,Yes,Yes,Month-to-month,Yes,Electronic check,100.75,95.22727272727273
6450,Female,0,Yes,Yes,27.0,Yes,No,No,No internet service,No internet service,No internet service,No internet service,No internet service,No internet service,Two year,No,Mailed check,19.9,20.374074074074073
3135,Female,1,No,No,38.0,Yes,Yes,Fiber optic,No,No,No,Yes,Yes,Yes,Month-to-month,Yes,Electronic check,99.55,98.26973684210526
550,Male,0,Yes,Yes,72.0,Yes,Yes,Fiber optic,Yes,Yes,Yes,No,Yes,Yes,Two year,Yes,Bank transfer (automatic),110.3,110.65138888888889
3714,Male,0,Yes,Yes,69.0,Yes,No,DSL,Yes,Yes,Yes,No,No,No,Two year,Yes,Bank transfer (automatic),59.75,58.984057971014494
4739,Female,0,No,No,11.0,Yes,Yes,Fiber optic,Yes,No,No,No,No,No,Month-to-month,Yes,Bank transfer (automatic),79.0,84.48181818181818
1982,Male,0,No,Yes,14.0,Yes,No,No,No internet service,No internet service,No internet service,No internet service,No internet service,No internet service,Month-to-month,No,Mailed check,19.95,19.17142857142857
2158,Female,0,Yes,Yes,57.0,Yes,Yes,DSL,Yes,No,Yes,Yes,Yes,Yes,Two year,Yes,Electronic check,84.5,85.00701754385965
5396,Female,0,No,Yes,35.0,Yes,No,No,No internet service,No internet service,No internet service,No internet service,No internet service,No internet service,One year,Yes,Credit card (automatic),20.1,18.414285714285715
2030,Male,0,No,Yes,2.0,Yes,Yes,DSL,Yes,Yes,No,No,No,No,Month-to-month,No,Bank transfer (automatic),60.95,67.3
3061,Male,1,No,No,23.0,Yes,Yes,Fiber optic,No,Yes,Yes,No,Yes,Yes,Month-to-month,Yes,Electronic check,106.4,107.97826086956522
6723,Male,0,No,No,46.0,Yes,No,No,No internet service,No internet service,No internet service,No internet service,No internet service,No internet service,Two year,No,Bank transfer (automatic),20.05,19.608695652173914
2551,Female,0,No,No,12.0,Yes,No,No,No internet service,No internet service,No internet service,No internet service,No internet service,No internet service,Month-to-month,No,Bank transfer (automatic),19.45,18.954166666666666
3893,Female,1,No,No,7.0,Yes,No,DSL,No,Yes,No,No,No,No,Month-to-month,Yes,Mailed check,51.3,59.90714285714286
1677,Male,0,Yes,Yes,6.0,Yes,Yes,No,No internet service,No internet service,No internet service,No internet service,No internet service,No internet service,Two year,No,Mailed check,25.4,25.55
672,Female,0,No,No,1.0,Yes,Yes,Fiber optic,No,No,No,No,No,No,Month-to-month,Yes,Mailed check,75.05,75.05
6737,Female,0,Yes,No,63.0,Yes,Yes,Fiber optic,No,Yes,Yes,Yes,Yes,Yes,Two year,Yes,Bank transfer (automatic),109.25,108.59365079365078
4922,Female,0,Yes,Yes,61.0,Yes,Yes,DSL,Yes,Yes,No,No,No,No,Month-to-month,No,Electronic check,59.8,59.69672131147541
5969,Female,0,No,No,31.0,Yes,No,Fiber optic,Yes,No,Yes,Yes,No,No,Month-to-month,No,Electronic check,87.6,87.87903225806451
3561,Male,0,No,No,26.0,Yes,Yes,Fiber optic,No,No,No,Yes,No,No,Month-to-month,Yes,Electronic check,80.5,80.33846153846154
879,Male,0,No,No,33.0,Yes,Yes,DSL,No,Yes,No,No,No,No,Month-to-month,Yes,Bank transfer (automatic),54.65,50.46060606060606
4993,Male,0,Yes,Yes,72.0,No,No phone service,DSL,Yes,Yes,Yes,Yes,Yes,Yes,Two year,Yes,Bank transfer (automatic),65.65,64.78472222222223
242,Female,0,Yes,Yes,41.0,Yes,No,DSL,Yes,No,No,Yes,Yes,Yes,One year,Yes,Credit card (automatic),74.7,77.74756097560976
3256,Male,0,Yes,Yes,61.0,Yes,No,DSL,Yes,Yes,Yes,Yes,Yes,Yes,One year,No,Bank transfer (automatic),84.9,86.30327868852459
6925,Male,0,Yes,No,15.0,Yes,No,No,No internet service,No internet service,No internet service,No internet service,No internet service,No internet service,One year,No,Mailed check,18.8,19.663333333333334
3613,Male,1,No,No,55.0,No,No phone service,DSL,No,No,Yes,No,Yes,Yes,One year,Yes,Bank transfer (automatic),50.05,49.880909090909086
1927,Male,0,Yes,Yes,47.0,Yes,Yes,Fiber optic,No,No,Yes,Yes,Yes,Yes,Month-to-month,Yes,Bank transfer (automatic),107.35,108.91382978723404
3994,Female,1,Yes,No,54.0,Yes,Yes,Fiber optic,No,Yes,No,No,Yes,Yes,One year,Yes,Credit card (automatic),101.5,99.50185185185185
6499,Male,0,No,No,1.0,Yes,No,No,No internet service,No internet service,No internet service,No internet service,No internet service,No internet service,Month-to-month,No,Mailed check,20.3,20.3
2474,Female,0,No,No,47.0,Yes,Yes,Fiber optic,No,Yes,Yes,No,Yes,Yes,Month-to-month,Yes,Electronic check,106.35,103.17234042553193
2146,Female,0,No,No,62.0,Yes,Yes,Fiber optic,Yes,Yes,Yes,Yes,Yes,Yes,One year,Yes,Credit card (automatic),115.05,115.05564516129031
4378,Female,0,Yes,No,67.0,Yes,No,No,No internet service,No internet service,No internet service,No internet service,No internet service,No internet service,One year,Yes,Bank transfer (automatic),20.85,19.811940298507466
5206,Male,0,No,No,37.0,Yes,No,DSL,Yes,Yes,Yes,Yes,No,No,Two year,No,Bank transfer (automatic),65.6,62.53513513513514
6062,Female,1,No,No,53.0,Yes,No,Fiber optic,No,Yes,No,No,No,No,Month-to-month,Yes,Credit card (automatic),73.8,75.5443396226415
2169,Female,0,Yes,No,62.0,Yes,No,DSL,Yes,No,Yes,Yes,Yes,Yes,Two year,No,Mailed check,81.0,80.41774193548386
6594,Male,0,No,No,14.0,Yes,No,No,No internet service,No internet service,No internet service,No internet service,No internet service,No internet service,Month-to-month,Yes,Electronic check,20.05,21.37857142857143
2402,Male,0,No,Yes,6.0,Yes,No,No,No internet service,No internet service,No internet service,No internet service,No internet service,No internet service,Month-to-month,No,Mailed check,19.7,18.608333333333334
200,Female,0,Yes,No,27.0,Yes,No,Fiber optic,Yes,No,No,Yes,Yes,Yes,One year,Yes,Credit card (automatic),101.9,99.30185185185185
5632,Male,0,No,No,58.0,Yes,No,No,No internet service,No internet service,No internet service,No internet service,No internet service,No internet service,Two year,No,Credit card (automatic),20.3,19.50862068965517
1068,Male,0,Yes,No,49.0,Yes,Yes,Fiber optic,No,Yes,No,No,Yes,Yes,Month-to-month,Yes,Bank transfer (automatic),99.05,99.0561224489796
4189,Female,0,Yes,Yes,69.0,Yes,Yes,DSL,Yes,Yes,No,Yes,Yes,No,One year,No,Credit card (automatic),73.7,70.80942028985508
1599,Female,0,Yes,Yes,70.0,Yes,No,DSL,No,Yes,Yes,Yes,Yes,Yes,Two year,Yes,Bank transfer (automatic),80.4,81.68357142857144
1938,Female,0,No,No,1.0,Yes,No,No,No internet service,No internet service,No internet service,No internet service,No internet service,No internet service,Month-to-month,No,Mailed check,20.9,20.9
3607,Female,0,No,No,13.0,Yes,No,DSL,Yes,No,No,Yes,No,No,One year,No,Mailed check,55.15,57.146153846153844
6001,Female,0,No,No,1.0,No,No phone service,DSL,No,No,No,No,No,No,Month-to-month,Yes,Mailed check,24.9,24.9
2000,Female,1,No,No,9.0,Yes,No,Fiber optic,No,No,Yes,No,No,No,Month-to-month,No,Credit card (automatic),75.5,70.82222222222222
143,Male,0,No,No,64.0,Yes,Yes,Fiber optic,Yes,Yes,No,No,No,No,One year,Yes,Credit card (automatic),84.3,82.64140625
4643,Male,0,No,No,3.0,Yes,Yes,DSL,No,No,No,Yes,Yes,No,Month-to-month,Yes,Mailed check,65.25,69.96666666666667
2401,Male,1,No,Yes,11.0,Yes,No,DSL,No,Yes,No,Yes,No,No,Month-to-month,Yes,Electronic check,54.55,54.65909090909091
2916,Male,0,No,No,51.0,No,No phone service,DSL,Yes,No,No,Yes,No,Yes,Month-to-month,Yes,Credit card (automatic),44.45,42.77549019607844
5645,Male,0,Yes,No,64.0,Yes,Yes,DSL,Yes,No,No,No,Yes,No,One year,Yes,Credit card (automatic),66.15,68.6328125
5883,Female,0,No,No,13.0,Yes,No,No,No internet service,No internet service,No internet service,No internet service,No internet service,No internet service,Month-to-month,Yes,Mailed check,20.3,21.184615384615384
3136,Female,0,No,No,17.0,Yes,No,Fiber optic,No,No,No,No,No,No,Month-to-month,Yes,Electronic check,70.0,67.32352941176471
2854,Male,0,Yes,Yes,17.0,Yes,Yes,DSL,Yes,No,Yes,No,Yes,No,One year,Yes,Bank transfer (automatic),70.35,70.68529411764706
107,Female,0,No,No,32.0,No,No phone service,DSL,Yes,No,No,No,No,No,One year,No,Mailed check,30.15,28.9890625
4110,Male,0,Yes,No,70.0,Yes,No,DSL,Yes,Yes,No,Yes,No,Yes,Two year,No,Mailed check,67.95,66.63071428571428
3030,Male,0,No,No,1.0,Yes,No,Fiber optic,No,No,No,No,Yes,No,Month-to-month,Yes,Electronic check,79.55,79.55
2113,Male,0,Yes,Yes,45.0,Yes,Yes,Fiber optic,No,Yes,Yes,No,No,Yes,One year,Yes,Credit card (automatic),95.0,97.08555555555556
1916,Female,0,No,No,44.0,Yes,Yes,Fiber optic,No,Yes,Yes,No,No,No,Month-to-month,Yes,Bank transfer (automatic),84.8,87.78522727272728
2213,Female,0,Yes,Yes,12.0,Yes,Yes,No,No internet service,No internet service,No internet service,No internet service,No internet service,No internet service,Two year,No,Credit card (automatic),25.25,22.891666666666666
3625,Female,0,Yes,No,71.0,Yes,No,No,No internet service,No internet service,No internet service,No internet service,No internet service,No internet service,Two year,No,Credit card (automatic),19.85,19.430985915492958
2706,Male,0,Yes,No,2.0,Yes,No,Fiber optic,No,No,Yes,No,No,No,Month-to-month,No,Electronic check,76.4,75.9
611,Female,0,Yes,Yes,9.0,Yes,No,DSL,Yes,Yes,Yes,Yes,No,No,Month-to-month,No,Mailed check,65.0,73.67222222222222
4024,Female,0,No,No,7.0,No,No phone service,DSL,No,No,No,No,No,No,Month-to-month,No,Bank transfer (automatic),25.05,27.135714285714283
364,Male,0,No,No,18.0,Yes,No,Fiber optic,No,No,No,Yes,No,No,Month-to-month,Yes,Bank transfer (automatic),75.9,76.28055555555555
6195,Male,0,No,No,4.0,Yes,Yes,Fiber optic,No,No,No,No,No,No,Month-to-month,Yes,Bank transfer (automatic),72.2,76.3875
4917,Female,0,No,No,15.0,Yes,No,No,No internet service,No internet service,No internet service,No internet service,No internet service,No internet service,Month-to-month,No,Mailed check,19.6,19.959999999999997
6250,Female,0,Yes,No,69.0,Yes,Yes,Fiber optic,Yes,No,No,No,Yes,Yes,Two year,No,Bank transfer (automatic),99.15,99.64275362318841
4706,Female,0,No,No,1.0,Yes,No,DSL,No,No,No,No,No,No,Month-to-month,Yes,Mailed check,44.45,44.45
5450,Male,0,No,No,1.0,Yes,Yes,Fiber optic,No,No,No,No,Yes,No,Month-to-month,Yes,Mailed check,84.65,84.65
4970,Male,0,No,No,7.0,No,No phone service,DSL,No,No,No,No,No,No,One year,Yes,Credit card (automatic),24.35,21.55
4048,Female,0,Yes,Yes,58.0,No,No phone service,DSL,Yes,No,Yes,Yes,Yes,Yes,Two year,No,Mailed check,59.75,62.48879310344827
1668,Female,0,No,No,45.0,Yes,Yes,Fiber optic,Yes,Yes,Yes,Yes,Yes,Yes,Month-to-month,Yes,Electronic check,115.65,113.9
4937,Female,0,No,No,36.0,Yes,No,DSL,Yes,Yes,Yes,Yes,Yes,No,One year,Yes,Mailed check,76.35,72.39861111111111
391,Male,1,Yes,No,27.0,Yes,Yes,DSL,No,Yes,Yes,Yes,Yes,Yes,Month-to-month,Yes,Bank transfer (automatic),84.8,85.53888888888889
6380,Male,1,Yes,No,65.0,Yes,Yes,Fiber optic,No,Yes,Yes,No,Yes,Yes,Month-to-month,Yes,Electronic check,104.35,101.20846153846153
464,Male,1,Yes,No,72.0,Yes,Yes,Fiber optic,Yes,Yes,Yes,Yes,Yes,Yes,Two year,Yes,Bank transfer (automatic),116.05,116.73472222222222
3308,Female,0,Yes,No,15.0,Yes,Yes,No,No internet service,No internet service,No internet service,No internet service,No internet service,No internet service,Two year,No,Mailed check,25.2,25.86
999,Male,0,No,No,2.0,Yes,No,DSL,No,No,No,Yes,Yes,Yes,Month-to-month,No,Electronic check,70.3,66.2
1396,Female,0,No,No,64.0,Yes,Yes,Fiber optic,No,No,Yes,No,Yes,Yes,One year,Yes,Credit card (automatic),100.05,97.721875
6341,Female,0,No,No,13.0,Yes,Yes,Fiber optic,Yes,No,No,No,Yes,Yes,Month-to-month,Yes,Electronic check,100.35,104.52692307692307
751,Male,0,Yes,Yes,70.0,Yes,No,DSL,Yes,Yes,Yes,No,Yes,Yes,Two year,Yes,Credit card (automatic),80.15,80.00214285714286
2116,Male,0,No,No,1.0,Yes,Yes,DSL,No,No,Yes,No,No,No,Month-to-month,No,Electronic check,54.35,54.35
2392,Male,0,No,No,20.0,Yes,Yes,Fiber optic,No,No,Yes,No,Yes,No,Month-to-month,Yes,Credit card (automatic),90.7,89.0675
4479,Female,0,No,No,59.0,Yes,Yes,No,No internet service,No internet service,No internet service,No internet service,No internet service,No internet service,Two year,No,Electronic check,24.45,25.306779661016947
4360,Male,1,Yes,No,31.0,Yes,Yes,Fiber optic,Yes,No,No,No,Yes,No,Month-to-month,No,Electronic check,89.45,90.56935483870969
3577,Male,0,No,No,36.0,Yes,No,DSL,No,Yes,No,Yes,No,Yes,One year,Yes,Mailed check,65.4,69.4
4326,Male,0,No,No,1.0,Yes,No,Fiber optic,No,No,No,No,Yes,Yes,Month-to-month,Yes,Electronic check,89.1,89.1
3241,Male,0,No,No,1.0,Yes,No,No,No internet service,No internet service,No internet service,No internet service,No internet service,No internet service,Month-to-month,No,Mailed check,20.1,20.1
3645,Female,0,No,No,9.0,Yes,No,No,No internet service,No internet service,No internet service,No internet service,No internet service,No internet service,Month-to-month,No,Mailed check,19.05,17.516666666666666
5525,Female,0,Yes,Yes,54.0,Yes,Yes,No,No internet service,No internet service,No internet service,No internet service,No internet service,No internet service,One year,Yes,Bank transfer (automatic),24.75,24.85462962962963
430,Female,0,Yes,Yes,61.0,Yes,No,No,No internet service,No internet service,No internet service,No internet service,No internet service,No internet service,Month-to-month,Yes,Mailed check,19.4,19.38606557377049
2010,Male,0,No,No,5.0,Yes,Yes,Fiber optic,No,No,No,No,No,No,Month-to-month,Yes,Bank transfer (automatic),75.9,71.55
2128,Male,0,Yes,Yes,41.0,Yes,Yes,DSL,Yes,Yes,Yes,No,Yes,No,Month-to-month,Yes,Credit card (automatic),74.55,73.74512195121952
3378,Male,0,Yes,No,72.0,Yes,No,DSL,Yes,Yes,Yes,Yes,Yes,Yes,Two year,No,Mailed check,84.45,83.79305555555555
6797,Male,0,No,No,27.0,Yes,No,Fiber optic,No,No,No,No,No,No,Month-to-month,Yes,Mailed check,69.05,66.41666666666667
6762,Male,0,No,No,35.0,Yes,No,DSL,No,No,No,No,Yes,No,Month-to-month,No,Mailed check,55.0,57.44428571428571
1238,Female,1,No,No,16.0,Yes,Yes,Fiber optic,No,No,No,No,Yes,Yes,Month-to-month,Yes,Electronic check,96.15,95.575
3569,Male,0,No,No,17.0,Yes,No,No,No internet service,No internet service,No internet service,No internet service,No internet service,No internet service,One year,No,Mailed check,19.95,18.27058823529412
3724,Male,0,Yes,Yes,62.0,Yes,Yes,No,No internet service,No internet service,No internet service,No internet service,No internet service,No internet service,One year,No,Bank transfer (automatic),24.8,23.81048387096774
345,Female,1,No,No,1.0,Yes,Yes,Fiber optic,No,No,No,No,No,No,Month-to-month,Yes,Electronic check,72.1,72.1
2778,Female,0,No,No,13.0,Yes,No,Fiber optic,No,Yes,No,No,No,No,One year,Yes,Mailed check,74.65,74.32692307692308
5374,Female,0,No,No,10.0,Yes,Yes,Fiber optic,No,No,No,No,No,No,Month-to-month,Yes,Electronic check,74.75,79.965
3356,Female,0,Yes,Yes,4.0,Yes,Yes,DSL,No,No,No,No,No,No,Month-to-month,No,Mailed check,50.85,59.8875
633,Male,0,No,No,10.0,Yes,No,No,No internet service,No internet service,No internet service,No internet service,No internet service,No internet service,One year,No,Mailed check,20.35,17.630000000000003
6508,Female,0,Yes,Yes,42.0,Yes,Yes,Fiber optic,No,No,No,No,Yes,Yes,Month-to-month,Yes,Electronic check,94.2,99.67380952380952
4236,Female,0,No,No,1.0,Yes,No,No,No internet service,No internet service,No internet service,No internet service,No internet service,No internet service,Month-to-month,No,Credit card (automatic),19.95,19.95
1612,Male,0,Yes,Yes,67.0,Yes,Yes,Fiber optic,No,Yes,Yes,No,No,No,One year,No,Electronic check,87.4,88.34029850746269
2360,Male,0,Yes,Yes,62.0,Yes,No,No,No internet service,No internet service,No internet service,No internet service,No internet service,No internet service,Two year,No,Credit card (automatic),20.05,20.385483870967743
2365,Male,1,No,No,18.0,Yes,Yes,Fiber optic,No,No,Yes,Yes,Yes,No,Month-to-month,No,Bank transfer (automatic),93.9,96.88333333333334
2866,Female,0,No,No,12.0,Yes,No,Fiber optic,No,Yes,No,No,No,Yes,Month-to-month,Yes,Electronic check,84.6,84.77916666666667
6615,Male,0,No,Yes,9.0,Yes,No,DSL,No,Yes,No,No,No,No,Month-to-month,Yes,Electronic check,50.1,53.78333333333333
6719,Male,0,Yes,No,72.0,Yes,Yes,No,No internet service,No internet service,No internet service,No internet service,No internet service,No internet service,Two year,No,Credit card (automatic),25.75,25.891666666666666
4354,Male,0,No,No,59.0,Yes,No,No,No internet service,No internet service,No internet service,No internet service,No internet service,No internet service,Two year,Yes,Bank transfer (automatic),20.2,20.208474576271186
6697,Female,0,No,No,30.0,Yes,Yes,DSL,Yes,No,Yes,No,Yes,Yes,One year,Yes,Credit card (automatic),79.3,80.90333333333334
5904,Female,0,No,No,70.0,Yes,Yes,Fiber optic,No,Yes,No,No,Yes,Yes,One year,No,Electronic check,98.9,97.69428571428573
5273,Female,0,Yes,Yes,69.0,Yes,No,No,No internet service,No internet service,No internet service,No internet service,No internet service,No internet service,Two year,No,Bank transfer (automatic),20.15,19.384057971014492
6049,Female,0,Yes,Yes,47.0,Yes,No,No,No internet service,No internet service,No internet service,No internet service,No internet service,No internet service,Two year,No,Credit card (automatic),20.05,21.631914893617022
7021,Male,0,No,No,12.0,Yes,No,DSL,No,No,No,Yes,Yes,No,One year,Yes,Electronic check,59.8,60.65
5651,Female,0,Yes,No,42.0,Yes,Yes,Fiber optic,No,No,Yes,Yes,No,No,Month-to-month,Yes,Electronic check,84.3,85.43809523809524
1327,Male,0,Yes,No,59.0,Yes,Yes,Fiber optic,No,No,Yes,No,Yes,Yes,One year,Yes,Bank transfer (automatic),99.5,101.035593220339
1503,Female,1,No,No,45.0,Yes,Yes,Fiber optic,No,No,Yes,No,Yes,Yes,One year,Yes,Bank transfer (automatic),102.15,105.23
2611,Male,0,Yes,No,10.0,Yes,No,Fiber optic,No,No,No,No,No,No,Month-to-month,Yes,Electronic check,70.3,73.82000000000001
6580,Female,0,Yes,Yes,49.0,Yes,No,DSL,No,Yes,Yes,No,Yes,Yes,One year,No,Credit card (automatic),78.0,78.04489795918367
6856,Female,0,Yes,Yes,58.0,Yes,Yes,No,No internet service,No internet service,No internet service,No internet service,No internet service,No internet service,Two year,No,Credit card (automatic),25.15,26.032758620689656
1181,Male,1,No,No,21.0,Yes,No,DSL,No,No,Yes,No,Yes,No,Month-to-month,Yes,Bank transfer (automatic),60.05,58.86428571428572
3337,Female,0,No,No,7.0,Yes,Yes,Fiber optic,No,No,No,No,No,No,Month-to-month,Yes,Electronic check,75.35,80.66428571428571
3093,Male,0,No,Yes,28.0,Yes,No,DSL,No,Yes,No,Yes,No,No,One year,Yes,Credit card (automatic),54.4,54.16428571428571
2802,Male,1,Yes,No,32.0,Yes,Yes,Fiber optic,No,No,Yes,Yes,Yes,Yes,Month-to-month,Yes,Electronic check,104.9,104.7359375
2149,Female,0,No,No,46.0,Yes,Yes,Fiber optic,No,No,Yes,No,Yes,Yes,One year,Yes,Electronic check,101.1,101.61739130434782
3385,Male,0,No,No,12.0,Yes,Yes,Fiber optic,No,No,No,No,Yes,Yes,Month-to-month,Yes,Electronic check,96.05,95.675
5428,Female,0,Yes,No,9.0,Yes,No,Fiber optic,No,No,No,No,Yes,Yes,Month-to-month,No,Electronic check,89.45,94.78888888888889
5495,Male,0,No,No,11.0,Yes,No,Fiber optic,No,No,No,Yes,No,No,Month-to-month,Yes,Electronic check,73.85,84.20454545454545
6277,Male,0,No,No,2.0,Yes,No,No,No internet service,No internet service,No internet service,No internet service,No internet service,No internet service,Month-to-month,No,Mailed check,20.35,16.6
6520,Male,0,No,No,2.0,Yes,No,Fiber optic,No,No,Yes,No,No,Yes,Month-to-month,Yes,Electronic check,85.85,83.65
2297,Female,0,Yes,No,54.0,Yes,Yes,Fiber optic,No,Yes,Yes,Yes,Yes,Yes,One year,No,Electronic check,110.35,109.1324074074074
4841,Female,0,No,No,24.0,Yes,No,Fiber optic,Yes,No,No,No,Yes,Yes,Month-to-month,Yes,Electronic check,94.6,95.13125000000001
2306,Female,0,No,No,3.0,Yes,No,Fiber optic,No,No,No,No,No,No,Month-to-month,Yes,Electronic check,69.85,66.61666666666666
3879,Male,0,No,No,1.0,Yes,No,DSL,No,No,No,No,No,No,Month-to-month,No,Electronic check,45.75,45.75
1094,Male,0,Yes,Yes,41.0,Yes,Yes,DSL,No,Yes,Yes,No,Yes,No,One year,No,Bank transfer (automatic),68.5,69.2670731707317
5062,Female,0,Yes,No,39.0,No,No phone service,DSL,Yes,No,Yes,No,Yes,Yes,Month-to-month,No,Electronic check,55.9,56.008974358974356
3556,Male,0,Yes,Yes,6.0,Yes,No,No,No internet service,No internet service,No internet service,No internet service,No internet service,No internet service,One year,No,Mailed check,19.45,18.916666666666668
2872,Female,0,Yes,Yes,42.0,Yes,Yes,No,No internet service,No internet service,No internet service,No internet service,No internet service,No internet service,Two year,No,Electronic check,22.95,24.148809523809526
1172,Female,1,Yes,Yes,32.0,Yes,Yes,Fiber optic,No,Yes,No,No,Yes,Yes,Month-to-month,Yes,Electronic check,100.4,100.5515625
4777,Female,0,No,Yes,2.0,Yes,No,DSL,No,Yes,No,No,No,No,Month-to-month,No,Mailed check,51.55,53.1
4043,Male,1,Yes,No,59.0,No,No phone service,DSL,Yes,No,Yes,Yes,Yes,Yes,Two year,Yes,Credit card (automatic),64.05,65.87881355932203
6620,Male,0,No,No,1.0,Yes,No,Fiber optic,No,No,No,No,No,Yes,Month-to-month,Yes,Electronic check,80.8,80.8
3189,Female,0,Yes,Yes,15.0,Yes,No,No,No internet service,No internet service,No internet service,No internet service,No internet service,No internet service,Month-to-month,No,Mailed check,19.8,18.196666666666665
4591,Female,0,No,No,10.0,Yes,No,No,No internet service,No internet service,No internet service,No internet service,No internet service,No internet service,Month-to-month,Yes,Electronic check,21.2,22.265
421,Female,0,No,No,7.0,Yes,No,Fiber optic,No,No,No,No,No,No,Month-to-month,Yes,Bank transfer (automatic),69.85,73.63571428571429
1811,Female,1,No,No,23.0,Yes,Yes,Fiber optic,No,No,Yes,No,No,No,Month-to-month,Yes,Mailed check,79.35,79.79565217391304
1908,Male,0,No,No,69.0,Yes,No,No,No internet service,No internet service,No internet service,No internet service,No internet service,No internet service,Two year,No,Credit card (automatic),19.95,20.280434782608694
916,Female,1,No,No,23.0,Yes,No,Fiber optic,Yes,No,No,No,No,No,Month-to-month,Yes,Bank transfer (automatic),75.4,71.45869565217392
1052,Female,0,No,No,40.0,Yes,Yes,DSL,No,No,Yes,Yes,Yes,Yes,One year,Yes,Mailed check,80.75,80.21625
5602,Male,0,No,No,6.0,Yes,No,DSL,Yes,No,Yes,Yes,Yes,Yes,Two year,Yes,Mailed check,80.25,82.23333333333333
2560,Male,0,No,No,46.0,Yes,Yes,Fiber optic,Yes,Yes,No,No,No,Yes,Month-to-month,Yes,Electronic check,93.7,90.32173913043479
1773,Female,0,Yes,Yes,68.0,Yes,No,No,No internet service,No internet service,No internet service,No internet service,No internet service,No internet service,Two year,Yes,Bank transfer (automatic),19.35,19.009558823529414
3137,Female,0,Yes,Yes,41.0,Yes,Yes,Fiber optic,No,Yes,Yes,Yes,Yes,Yes,One year,Yes,Bank transfer (automatic),109.1,108.64024390243902
6691,Female,0,No,No,39.0,No,No phone service,DSL,Yes,Yes,No,Yes,No,No,One year,No,Bank transfer (automatic),41.15,43.61282051282051
4616,Male,0,Yes,No,21.0,Yes,No,DSL,No,No,No,No,Yes,No,Month-to-month,No,Bank transfer (automatic),54.6,53.58095238095238
1024,Male,0,No,No,37.0,Yes,No,Fiber optic,No,No,No,No,No,No,Month-to-month,Yes,Mailed check,70.35,68.9972972972973
1459,Female,0,No,No,60.0,Yes,No,Fiber optic,No,Yes,Yes,No,Yes,Yes,Two year,Yes,Electronic check,99.65,99.0175
4135,Female,0,Yes,Yes,36.0,Yes,Yes,DSL,Yes,Yes,Yes,Yes,Yes,Yes,Two year,Yes,Credit card (automatic),92.9,93.86805555555556
6439,Female,0,Yes,Yes,35.0,Yes,No,Fiber optic,Yes,No,Yes,Yes,Yes,Yes,Month-to-month,Yes,Electronic check,106.9,107.32714285714285
35,Female,0,Yes,Yes,72.0,Yes,Yes,Fiber optic,Yes,Yes,No,Yes,Yes,No,Two year,No,Bank transfer (automatic),99.9,100.71805555555555
167,Male,0,Yes,No,72.0,Yes,Yes,DSL,Yes,Yes,Yes,Yes,Yes,Yes,Two year,Yes,Bank transfer (automatic),89.05,86.86736111111111
2862,Male,0,Yes,No,7.0,Yes,No,Fiber optic,No,No,No,No,No,No,Month-to-month,Yes,Electronic check,69.35,64.44285714285715
2037,Female,1,No,No,1.0,Yes,No,Fiber optic,No,No,No,No,No,No,Month-to-month,Yes,Mailed check,70.6,70.6
756,Male,0,No,No,66.0,Yes,No,No,No internet service,No internet service,No internet service,No internet service,No internet service,No internet service,Two year,No,Bank transfer (automatic),19.7,18.996969696969696
636,Male,0,No,No,31.0,Yes,No,Fiber optic,No,No,Yes,Yes,Yes,Yes,Two year,No,Bank transfer (automatic),99.45,100.31935483870969
2955,Male,0,No,No,7.0,Yes,Yes,Fiber optic,No,No,No,No,Yes,Yes,Month-to-month,Yes,Electronic check,93.85,90.8
3595,Female,1,No,No,2.0,Yes,No,Fiber optic,No,No,No,No,No,No,Month-to-month,Yes,Bank transfer (automatic),70.2,57.975
3859,Female,0,No,No,54.0,Yes,Yes,Fiber optic,No,Yes,Yes,No,Yes,No,One year,Yes,Bank transfer (automatic),94.75,94.84722222222223
4005,Male,0,No,No,1.0,Yes,Yes,No,No internet service,No internet service,No internet service,No internet service,No internet service,No internet service,Month-to-month,Yes,Mailed check,24.05,24.05
780,Male,0,Yes,Yes,71.0,Yes,No,DSL,No,Yes,No,Yes,Yes,Yes,Two year,Yes,Credit card (automatic),73.35,72.59859154929578
2316,Male,0,No,No,4.0,Yes,No,No,No internet service,No internet service,No internet service,No internet service,No internet service,No internet service,Month-to-month,No,Mailed check,20.7,18.2625
4771,Female,0,No,No,3.0,Yes,No,Fiber optic,No,No,No,No,Yes,No,Month-to-month,Yes,Electronic check,79.4,81.55
29,Female,0,No,Yes,17.0,Yes,No,DSL,No,No,No,No,Yes,Yes,Month-to-month,Yes,Mailed check,64.7,64.3
48,Male,0,No,No,52.0,Yes,Yes,DSL,Yes,No,No,Yes,Yes,Yes,Two year,Yes,Credit card (automatic),79.75,81.11153846153846
3475,Female,0,Yes,Yes,2.0,Yes,No,No,No internet service,No internet service,No internet service,No internet service,No internet service,No internet service,One year,No,Mailed check,20.3,15.95
6800,Female,0,Yes,No,14.0,Yes,No,Fiber optic,Yes,Yes,No,Yes,Yes,Yes,One year,No,Mailed check,105.95,96.35000000000001
6636,Female,0,Yes,Yes,10.0,Yes,Yes,DSL,Yes,Yes,No,No,Yes,No,One year,No,Electronic check,70.3,67.615
1476,Male,0,No,No,2.0,Yes,No,No,No internet service,No internet service,No internet service,No internet service,No internet service,No internet service,Month-to-month,No,Mailed check,20.25,18.4
4858,Male,0,Yes,Yes,57.0,Yes,No,DSL,Yes,Yes,No,Yes,No,No,One year,No,Mailed check,59.6,61.56842105263158
5304,Male,1,Yes,No,13.0,Yes,No,Fiber optic,No,No,No,No,No,No,Month-to-month,No,Bank transfer (automatic),70.45,65.31538461538462
4720,Male,1,No,No,64.0,Yes,Yes,Fiber optic,No,No,Yes,Yes,Yes,Yes,One year,No,Electronic check,102.1,104.5015625
5296,Female,0,No,No,57.0,No,No phone service,DSL,Yes,No,Yes,Yes,No,No,One year,Yes,Credit card (automatic),41.1,39.61842105263158
296,Female,0,Yes,Yes,71.0,Yes,No,Fiber optic,No,No,Yes,No,No,No,Two year,No,Electronic check,76.05,76.56971830985916
3389,Male,0,No,No,1.0,Yes,No,Fiber optic,No,No,No,No,No,No,Month-to-month,Yes,Mailed check,70.6,70.6
3671,Female,0,No,No,1.0,Yes,Yes,Fiber optic,No,No,No,No,No,No,Month-to-month,Yes,Electronic check,75.1,75.1
2863,Male,0,No,No,1.0,Yes,No,DSL,No,No,No,No,No,No,Month-to-month,No,Mailed check,44.6,44.6
1005,Female,1,Yes,No,53.0,Yes,Yes,Fiber optic,No,No,No,No,Yes,Yes,One year,Yes,Credit card (automatic),95.85,94.64622641509433
1185,Female,0,No,No,1.0,Yes,Yes,DSL,No,No,No,No,No,Yes,Month-to-month,Yes,Electronic check,60.15,60.15
4497,Male,1,Yes,No,60.0,Yes,No,Fiber optic,No,Yes,Yes,No,Yes,Yes,One year,Yes,Electronic check,97.95,97.78333333333333
1835,Female,0,Yes,No,1.0,Yes,No,DSL,No,No,No,No,No,No,Month-to-month,Yes,Electronic check,45.0,45.0
4827,Female,0,No,Yes,16.0,Yes,No,Fiber optic,No,No,No,No,Yes,No,Month-to-month,Yes,Electronic check,81.0,82.009375
2461,Female,0,No,No,70.0,Yes,No,No,No internet service,No internet service,No internet service,No internet service,No internet service,No internet service,One year,No,Bank transfer (automatic),19.7,19.164285714285715
858,Female,0,Yes,No,66.0,Yes,Yes,Fiber optic,Yes,Yes,No,Yes,No,No,One year,No,Electronic check,89.0,89.37272727272727
705,Female,0,No,No,25.0,Yes,No,Fiber optic,Yes,Yes,No,No,No,No,Month-to-month,Yes,Bank transfer (automatic),79.85,80.61399999999999
367,Female,0,No,No,1.0,Yes,No,No,No internet service,No internet service,No internet service,No internet service,No internet service,No internet service,Month-to-month,No,Mailed check,19.15,19.15
1521,Male,0,No,No,37.0,Yes,Yes,DSL,Yes,Yes,Yes,Yes,No,No,One year,No,Electronic check,67.45,66.03513513513514
1319,Male,0,No,Yes,1.0,Yes,No,No,No internet service,No internet service,No internet service,No internet service,No internet service,No internet service,Month-to-month,Yes,Mailed check,19.45,19.45
3276,Female,0,No,No,4.0,Yes,No,Fiber optic,No,No,No,No,No,Yes,Month-to-month,Yes,Electronic check,79.15,79.3125
5816,Female,0,No,No,3.0,Yes,No,DSL,No,No,No,No,No,No,Month-to-month,No,Electronic check,44.6,40.9
2657,Female,0,No,No,29.0,Yes,Yes,DSL,Yes,No,No,No,No,Yes,Month-to-month,Yes,Electronic check,66.1,65.93620689655172
1229,Male,0,Yes,No,61.0,Yes,Yes,DSL,Yes,No,Yes,Yes,No,Yes,Two year,No,Credit card (automatic),75.35,77.52950819672131
2689,Female,1,Yes,No,72.0,Yes,Yes,Fiber optic,Yes,Yes,Yes,Yes,Yes,Yes,Two year,Yes,Credit card (automatic),116.75,114.95902777777776
6090,Male,0,Yes,Yes,68.0,Yes,No,Fiber optic,Yes,Yes,Yes,No,Yes,Yes,Two year,Yes,Credit card (automatic),103.25,104.03529411764706
22,Male,0,No,No,1.0,Yes,No,No,No internet service,No internet service,No internet service,No internet service,No internet service,No internet service,Month-to-month,No,Mailed check,20.15,20.15
4918,Male,0,Yes,Yes,51.0,Yes,No,No,No internet service,No internet service,No internet service,No internet service,No internet service,No internet service,Two year,No,Credit card (automatic),19.55,21.308823529411764
2438,Female,0,No,No,8.0,Yes,Yes,Fiber optic,Yes,No,No,Yes,Yes,Yes,Month-to-month,Yes,Bank transfer (automatic),103.35,105.9125
6196,Male,0,No,No,69.0,Yes,Yes,Fiber optic,Yes,Yes,Yes,No,Yes,Yes,Two year,Yes,Credit card (automatic),110.05,107.69202898550725
3161,Male,0,No,No,14.0,Yes,No,No,No internet service,No internet service,No internet service,No internet service,No internet service,No internet service,One year,No,Mailed check,19.35,23.2
4181,Female,0,Yes,No,62.0,Yes,Yes,Fiber optic,No,No,Yes,No,Yes,Yes,Month-to-month,Yes,Electronic check,101.35,99.43064516129031
5114,Female,1,No,No,50.0,Yes,Yes,Fiber optic,Yes,Yes,No,No,No,No,Month-to-month,Yes,Electronic check,83.4,82.274
2403,Female,0,Yes,No,71.0,Yes,No,DSL,Yes,Yes,Yes,Yes,Yes,Yes,One year,Yes,Bank transfer (automatic),84.8,85.15633802816902
6772,Male,0,No,No,38.0,Yes,No,DSL,No,No,Yes,Yes,No,Yes,One year,Yes,Mailed check,62.3,61.968421052631584
4074,Male,1,Yes,No,58.0,Yes,Yes,Fiber optic,No,No,Yes,No,Yes,Yes,Month-to-month,Yes,Electronic check,98.7,100.21724137931035
1636,Female,0,No,No,48.0,Yes,Yes,No,No internet service,No internet service,No internet service,No internet service,No internet service,No internet service,One year,No,Bank transfer (automatic),24.35,23.618750000000002
5064,Male,0,No,No,2.0,No,No phone service,DSL,No,Yes,Yes,Yes,No,No,Month-to-month,Yes,Credit card (automatic),40.4,38.575
1882,Male,0,Yes,Yes,29.0,Yes,No,DSL,Yes,No,No,No,No,Yes,Month-to-month,Yes,Mailed check,60.2,63.24655172413794
1301,Female,0,Yes,Yes,66.0,Yes,No,DSL,Yes,Yes,No,Yes,No,No,Two year,Yes,Credit card (automatic),58.2,57.73939393939394
2812,Male,0,Yes,No,66.0,Yes,Yes,Fiber optic,No,Yes,No,Yes,Yes,Yes,One year,Yes,Electronic check,104.05,104.39393939393939
6895,Male,0,Yes,Yes,54.0,No,No phone service,DSL,No,No,Yes,Yes,No,Yes,Two year,No,Credit card (automatic),46.0,44.88981481481482
5366,Female,0,Yes,Yes,66.0,Yes,No,DSL,Yes,No,No,No,Yes,No,Two year,Yes,Electronic check,59.75,60.55757575757576
2312,Male,0,No,No,18.0,Yes,No,No,No internet service,No internet service,No internet service,No internet service,No internet service,No internet service,One year,No,Mailed check,20.1,22.325000000000003
677,Female,0,No,No,2.0,No,No phone service,DSL,No,No,No,No,No,Yes,Month-to-month,Yes,Electronic check,34.7,31.125
146,Male,0,No,No,3.0,Yes,No,No,No internet service,No internet service,No internet service,No internet service,No internet service,No internet service,One year,No,Mailed check,19.6,20.45
4396,Male,1,No,No,1.0,No,No phone service,DSL,No,No,No,No,No,No,Month-to-month,Yes,Electronic check,25.1,25.1
583,Female,0,Yes,Yes,1.0,Yes,No,No,No internet service,No internet service,No internet service,No internet service,No internet service,No internet service,Month-to-month,Yes,Mailed check,19.0,19.0
6461,Male,0,Yes,No,49.0,Yes,No,Fiber optic,No,Yes,No,No,Yes,No,Month-to-month,Yes,Credit card (automatic),85.3,87.71326530612245
1256,Female,0,Yes,Yes,72.0,Yes,Yes,DSL,Yes,No,Yes,Yes,Yes,Yes,Two year,Yes,Credit card (automatic),85.9,84.87152777777777
6604,Male,0,Yes,Yes,2.0,Yes,No,DSL,No,No,No,No,No,No,Month-to-month,Yes,Electronic check,44.5,45.025
3250,Male,0,Yes,No,11.0,Yes,No,No,No internet service,No internet service,No internet service,No internet service,No internet service,No internet service,One year,Yes,Mailed check,20.55,16.813636363636363
3808,Female,0,Yes,Yes,3.0,Yes,No,No,No internet service,No internet service,No internet service,No internet service,No internet service,No internet service,Month-to-month,No,Mailed check,19.3,18.233333333333334
1960,Female,0,Yes,Yes,33.0,Yes,Yes,Fiber optic,No,Yes,Yes,Yes,No,No,Month-to-month,No,Credit card (automatic),88.6,87.53636363636363
1944,Male,0,No,Yes,8.0,No,No phone service,DSL,No,No,No,No,No,No,Month-to-month,No,Mailed check,25.5,26.9
4445,Female,0,No,No,63.0,Yes,Yes,Fiber optic,Yes,Yes,Yes,No,Yes,No,Two year,No,Credit card (automatic),98.0,98.70555555555555
5099,Female,0,No,Yes,11.0,Yes,No,No,No internet service,No internet service,No internet service,No internet service,No internet service,No internet service,Month-to-month,No,Credit card (automatic),20.1,20.12272727272727
2637,Female,0,Yes,Yes,36.0,No,No phone service,DSL,Yes,No,Yes,Yes,No,No,Two year,No,Credit card (automatic),40.65,42.981944444444444
448,Male,0,Yes,Yes,8.0,Yes,No,Fiber optic,No,No,Yes,No,Yes,Yes,Month-to-month,Yes,Electronic check,94.75,94.94375
2761,Female,1,No,No,10.0,No,No phone service,DSL,No,No,No,No,No,Yes,Month-to-month,Yes,Electronic check,34.7,32.980000000000004
693,Female,0,No,No,3.0,Yes,Yes,Fiber optic,No,No,No,No,No,No,Month-to-month,Yes,Credit card (automatic),75.1,90.23333333333333
1522,Female,0,No,No,29.0,Yes,No,DSL,Yes,Yes,Yes,No,No,Yes,Month-to-month,Yes,Bank transfer (automatic),68.85,67.94827586206897
4489,Female,0,Yes,Yes,64.0,Yes,Yes,DSL,No,Yes,No,No,No,No,One year,Yes,Bank transfer (automatic),53.85,53.12265625
4712,Male,0,Yes,Yes,50.0,Yes,Yes,Fiber optic,Yes,Yes,Yes,No,Yes,Yes,One year,Yes,Electronic check,108.25,108.62799999999999
2607,Male,1,No,No,1.0,Yes,No,Fiber optic,No,No,No,No,No,No,Month-to-month,Yes,Electronic check,69.75,69.75
82,Female,0,Yes,No,7.0,Yes,No,Fiber optic,No,No,Yes,No,No,No,Month-to-month,Yes,Bank transfer (automatic),75.15,70.98571428571428
6119,Female,0,No,No,14.0,Yes,No,DSL,No,Yes,No,No,No,No,One year,No,Credit card (automatic),51.45,51.989285714285714
274,Male,0,No,No,1.0,Yes,No,Fiber optic,No,No,No,No,No,No,Month-to-month,No,Mailed check,70.6,70.6
5368,Female,1,No,No,3.0,Yes,No,Fiber optic,No,No,No,No,No,No,Month-to-month,Yes,Electronic check,70.3,78.5
1914,Female,0,No,No,3.0,Yes,Yes,DSL,No,No,No,Yes,Yes,No,Month-to-month,No,Electronic check,64.6,58.06666666666666
1223,Female,0,No,No,2.0,Yes,Yes,Fiber optic,No,No,No,No,No,No,Month-to-month,Yes,Electronic check,75.9,71.675
3444,Male,0,Yes,No,36.0,No,No phone service,DSL,Yes,No,Yes,No,No,No,One year,No,Mailed check,35.35,36.609722222222224
928,Female,0,Yes,Yes,68.0,Yes,Yes,Fiber optic,No,Yes,No,Yes,Yes,Yes,Two year,Yes,Credit card (automatic),103.75,103.52132352941176
6266,Male,1,No,No,33.0,Yes,Yes,Fiber optic,No,Yes,Yes,No,No,No,Month-to-month,Yes,Credit card (automatic),83.85,82.31212121212121
901,Female,0,No,No,9.0,Yes,Yes,Fiber optic,No,No,Yes,No,Yes,Yes,Month-to-month,No,Credit card (automatic),98.3,102.61111111111111
1809,Male,1,Yes,No,32.0,Yes,Yes,Fiber optic,No,No,No,No,No,Yes,Month-to-month,Yes,Electronic check,85.0,82.5640625
5696,Male,0,Yes,No,22.0,Yes,No,DSL,Yes,No,No,Yes,No,No,Month-to-month,Yes,Electronic check,54.2,52.39545454545455
6163,Female,0,Yes,No,19.0,Yes,Yes,Fiber optic,No,Yes,No,No,No,Yes,Month-to-month,Yes,Electronic check,89.1,85.30526315789473
1886,Male,0,Yes,Yes,67.0,Yes,No,DSL,Yes,No,Yes,Yes,No,No,Two year,Yes,Bank transfer (automatic),60.4,59.01044776119403
1872,Female,0,Yes,Yes,41.0,Yes,No,No,No internet service,No internet service,No internet service,No internet service,No internet service,No internet service,Two year,No,Bank transfer (automatic),19.7,19.615853658536587
4538,Female,0,No,No,3.0,Yes,No,Fiber optic,No,No,No,Yes,No,Yes,Month-to-month,No,Electronic check,85.8,90.73333333333333
6751,Male,0,No,No,52.0,Yes,No,No,No internet service,No internet service,No internet service,No internet service,No internet service,No internet service,Two year,No,Mailed check,19.65,19.7125
2861,Female,0,No,No,1.0,Yes,No,Fiber optic,No,No,No,No,No,Yes,Month-to-month,Yes,Electronic check,81.95,81.95
4059,Female,0,Yes,Yes,2.0,Yes,No,DSL,No,No,No,No,Yes,Yes,Month-to-month,No,Mailed check,65.7,67.175
1742,Female,0,No,No,2.0,Yes,No,Fiber optic,No,Yes,No,No,Yes,No,Month-to-month,Yes,Bank transfer (automatic),87.15,91.875
1450,Male,0,Yes,Yes,8.0,Yes,No,No,No internet service,No internet service,No internet service,No internet service,No internet service,No internet service,Month-to-month,Yes,Mailed check,19.35,19.075
6960,Female,1,Yes,No,42.0,Yes,Yes,Fiber optic,No,Yes,Yes,No,Yes,No,Month-to-month,Yes,Electronic check,95.55,93.58571428571429
5750,Female,1,Yes,No,13.0,Yes,No,Fiber optic,No,No,No,No,No,No,Month-to-month,Yes,Electronic check,70.15,70.51923076923077
141,Female,0,No,No,8.0,Yes,Yes,DSL,Yes,No,No,Yes,No,Yes,Month-to-month,No,Electronic check,71.15,70.45625
3643,Female,0,Yes,No,53.0,Yes,No,No,No internet service,No internet service,No internet service,No internet service,No internet service,No internet service,One year,No,Credit card (automatic),19.05,18.687735849056605
4515,Female,0,No,No,15.0,Yes,No,Fiber optic,No,Yes,No,No,Yes,No,Month-to-month,Yes,Bank transfer (automatic),83.2,75.33333333333333
5683,Female,0,No,No,39.0,No,No phone service,DSL,No,No,Yes,No,Yes,Yes,Month-to-month,Yes,Electronic check,50.75,51.57435897435898
6039,Male,1,Yes,No,27.0,No,No phone service,DSL,No,No,No,No,No,Yes,Month-to-month,No,Bank transfer (automatic),36.5,38.22222222222222
4459,Female,0,No,No,1.0,Yes,Yes,Fiber optic,No,Yes,No,No,Yes,Yes,Month-to-month,Yes,Credit card (automatic),100.25,100.25
1542,Female,0,No,No,46.0,Yes,No,No,No internet service,No internet service,No internet service,No internet service,No internet service,No internet service,Two year,Yes,Electronic check,21.1,20.371739130434783
4435,Male,0,Yes,No,17.0,Yes,Yes,Fiber optic,No,Yes,No,No,No,No,Month-to-month,Yes,Bank transfer (automatic),80.5,78.64117647058823
6646,Male,0,Yes,Yes,51.0,Yes,No,No,No internet service,No internet service,No internet service,No internet service,No internet service,No internet service,One year,No,Mailed check,19.4,19.563725490196077
6046,Female,0,No,No,9.0,Yes,No,Fiber optic,No,No,Yes,No,No,Yes,Month-to-month,Yes,Credit card (automatic),85.3,86.82222222222222
5224,Female,1,No,No,45.0,Yes,Yes,Fiber optic,No,No,Yes,No,Yes,Yes,One year,Yes,Bank transfer (automatic),100.15,99.10666666666667
3813,Male,0,Yes,Yes,69.0,Yes,Yes,Fiber optic,No,Yes,Yes,No,Yes,Yes,Two year,Yes,Electronic check,105.0,105.76449275362319
5088,Female,0,Yes,Yes,57.0,Yes,No,No,No internet service,No internet service,No internet service,No internet service,No internet service,No internet service,Two year,No,Bank transfer (automatic),19.75,22.316666666666666
5073,Female,0,No,Yes,22.0,No,No phone service,DSL,No,No,Yes,No,Yes,Yes,One year,Yes,Credit card (automatic),49.45,46.88181818181818
1095,Male,0,No,No,1.0,Yes,No,Fiber optic,No,No,No,No,Yes,No,Month-to-month,Yes,Electronic check,80.55,80.55
5892,Male,0,No,No,10.0,Yes,No,DSL,Yes,No,No,No,No,No,Month-to-month,Yes,Mailed check,51.65,52.45
1080,Male,0,No,No,32.0,Yes,No,No,No internet service,No internet service,No internet service,No internet service,No internet service,No internet service,Two year,Yes,Bank transfer (automatic),20.05,19.2015625
5053,Female,0,Yes,Yes,16.0,Yes,Yes,Fiber optic,No,Yes,No,No,No,No,Month-to-month,Yes,Credit card (automatic),79.95,79.246875
5416,Female,0,Yes,Yes,57.0,Yes,No,Fiber optic,No,Yes,No,No,Yes,Yes,One year,Yes,Electronic check,95.0,97.11929824561403
2094,Female,0,No,No,18.0,Yes,No,No,No internet service,No internet service,No internet service,No internet service,No internet service,No internet service,Month-to-month,No,Mailed check,19.65,21.76111111111111
6996,Female,0,Yes,Yes,41.0,Yes,No,DSL,No,Yes,No,Yes,No,Yes,One year,Yes,Bank transfer (automatic),66.5,66.55121951219512
3140,Male,0,No,No,14.0,Yes,No,Fiber optic,No,No,Yes,No,No,No,Month-to-month,No,Electronic check,76.45,79.825
1359,Female,0,No,No,9.0,Yes,Yes,Fiber optic,No,No,No,No,Yes,Yes,Month-to-month,Yes,Electronic check,94.75,98.87777777777778
2708,Female,1,No,No,13.0,Yes,Yes,Fiber optic,Yes,No,No,No,Yes,Yes,Month-to-month,Yes,Electronic check,100.8,100.62307692307692
459,Male,0,No,No,1.0,Yes,Yes,Fiber optic,No,No,No,No,No,No,Month-to-month,Yes,Electronic check,75.1,75.1
4566,Male,0,Yes,No,68.0,Yes,No,Fiber optic,No,Yes,No,Yes,Yes,Yes,One year,Yes,Electronic check,100.3,99.32867647058823
6295,Female,0,Yes,Yes,48.0,Yes,No,No,No internet service,No internet service,No internet service,No internet service,No internet service,No internet service,Two year,No,Bank transfer (automatic),20.2,21.401041666666668
261,Male,1,No,No,13.0,Yes,Yes,Fiber optic,No,Yes,Yes,No,Yes,Yes,Month-to-month,Yes,Electronic check,106.9,104.94615384615385
6106,Male,0,No,No,2.0,Yes,No,DSL,Yes,No,Yes,No,No,No,Month-to-month,Yes,Mailed check,55.1,56.675
4655,Female,0,No,No,32.0,Yes,Yes,DSL,Yes,No,No,No,Yes,Yes,One year,No,Mailed check,74.75,71.3421875
1936,Female,0,Yes,No,51.0,Yes,No,DSL,Yes,Yes,No,Yes,No,No,One year,Yes,Bank transfer (automatic),60.5,61.66960784313726
446,Female,0,No,No,1.0,Yes,No,Fiber optic,No,No,No,No,No,No,Month-to-month,No,Mailed check,69.55,69.55
3309,Female,0,No,No,25.0,Yes,No,No,No internet service,No internet service,No internet service,No internet service,No internet service,No internet service,One year,No,Credit card (automatic),19.9,21.1
2658,Female,0,Yes,Yes,14.0,Yes,No,No,No internet service,No internet service,No internet service,No internet service,No internet service,No internet service,Two year,No,Mailed check,18.8,18.25357142857143
3699,Female,0,Yes,No,30.0,Yes,No,DSL,No,Yes,Yes,Yes,No,Yes,One year,No,Bank transfer (automatic),70.25,73.29666666666667
6768,Female,0,Yes,Yes,72.0,Yes,Yes,Fiber optic,Yes,Yes,Yes,Yes,Yes,Yes,Two year,No,Credit card (automatic),117.5,120.41805555555555
4363,Female,0,Yes,No,56.0,Yes,Yes,Fiber optic,No,No,No,No,Yes,No,Month-to-month,Yes,Bank transfer (automatic),85.6,87.55
2941,Male,0,Yes,No,72.0,Yes,Yes,Fiber optic,Yes,Yes,Yes,No,Yes,No,Two year,Yes,Credit card (automatic),97.95,98.80902777777777
1616,Male,0,Yes,Yes,53.0,Yes,No,No,No internet service,No internet service,No internet service,No internet service,No internet service,No internet service,Two year,Yes,Mailed check,19.4,20.95
2284,Male,0,No,Yes,3.0,Yes,No,DSL,Yes,No,Yes,No,No,No,Month-to-month,No,Mailed check,55.9,52.51666666666667
3608,Male,0,No,No,39.0,Yes,Yes,Fiber optic,No,No,No,No,No,No,Month-to-month,No,Electronic check,75.25,77.37564102564103
808,Male,0,Yes,No,40.0,Yes,Yes,Fiber optic,No,Yes,No,No,Yes,Yes,Month-to-month,Yes,Electronic check,101.3,102.82750000000001
5192,Male,0,No,Yes,60.0,Yes,No,No,No internet service,No internet service,No internet service,No internet service,No internet service,No internet service,Two year,No,Mailed check,19.95,19.831666666666667
4344,Female,0,No,No,68.0,Yes,Yes,DSL,No,Yes,Yes,No,Yes,Yes,Two year,Yes,Electronic check,80.65,78.38529411764705
6742,Male,0,Yes,Yes,52.0,Yes,No,DSL,Yes,Yes,Yes,No,Yes,Yes,Two year,No,Electronic check,79.2,77.23653846153846
3722,Male,0,No,Yes,23.0,No,No phone service,DSL,Yes,Yes,No,Yes,No,No,One year,No,Bank transfer (automatic),40.65,41.19130434782608
575,Male,0,Yes,No,61.0,Yes,No,DSL,Yes,Yes,No,Yes,Yes,Yes,Two year,Yes,Mailed check,81.05,77.83032786885245
1511,Female,0,Yes,Yes,67.0,Yes,No,No,No internet service,No internet service,No internet service,No internet service,No internet service,No internet service,Two year,Yes,Bank transfer (automatic),19.25,20.491044776119406
2852,Male,0,Yes,No,66.0,Yes,No,DSL,Yes,Yes,Yes,Yes,Yes,Yes,Two year,Yes,Bank transfer (automatic),85.9,84.77727272727273
2347,Male,0,Yes,Yes,8.0,Yes,Yes,No,No internet service,No internet service,No internet service,No internet service,No internet service,No internet service,One year,No,Mailed check,24.4,25.49375
3074,Female,0,Yes,Yes,35.0,Yes,Yes,DSL,Yes,Yes,No,No,No,No,Month-to-month,Yes,Credit card (automatic),59.45,61.05428571428572
2994,Male,0,Yes,No,62.0,No,No phone service,DSL,Yes,Yes,No,Yes,No,No,Two year,Yes,Credit card (automatic),38.6,37.83145161290323
2628,Female,0,No,No,1.0,Yes,No,Fiber optic,Yes,Yes,No,Yes,No,No,Month-to-month,Yes,Mailed check,83.4,83.4
2713,Male,0,No,No,1.0,Yes,No,No,No internet service,No internet service,No internet service,No internet service,No internet service,No internet service,Month-to-month,Yes,Mailed check,20.45,20.45
2839,Female,0,Yes,Yes,41.0,Yes,No,No,No internet service,No internet service,No internet service,No internet service,No internet service,No internet service,Two year,No,Bank transfer (automatic),19.3,18.839024390243903
1817,Male,1,Yes,No,72.0,Yes,Yes,Fiber optic,No,Yes,No,No,Yes,Yes,Two year,No,Bank transfer (automatic),98.35,96.24166666666666
4631,Male,0,No,No,5.0,Yes,Yes,Fiber optic,No,No,Yes,No,Yes,No,Month-to-month,Yes,Electronic check,92.5,90.53999999999999
4562,Female,0,Yes,Yes,71.0,Yes,Yes,Fiber optic,Yes,Yes,Yes,Yes,Yes,Yes,Two year,No,Bank transfer (automatic),114.6,114.08802816901408
5481,Male,1,No,No,1.0,Yes,Yes,Fiber optic,No,No,No,No,No,No,Month-to-month,Yes,Electronic check,73.65,73.65
1800,Male,0,No,No,1.0,Yes,No,DSL,No,No,No,No,No,No,Month-to-month,Yes,Bank transfer (automatic),43.85,43.85
1594,Female,0,No,Yes,62.0,Yes,Yes,No,No internet service,No internet service,No internet service,No internet service,No internet service,No internet service,Two year,No,Bank transfer (automatic),26.0,26.43064516129032
5726,Female,0,Yes,Yes,47.0,Yes,No,No,No internet service,No internet service,No internet service,No internet service,No internet service,No internet service,Two year,Yes,Bank transfer (automatic),21.3,22.16595744680851
270,Female,1,No,No,16.0,Yes,No,Fiber optic,No,No,No,Yes,Yes,Yes,Month-to-month,Yes,Electronic check,94.45,94.45
2739,Female,0,Yes,No,61.0,Yes,Yes,Fiber optic,No,No,No,Yes,Yes,Yes,One year,No,Bank transfer (automatic),101.15,104.65409836065574
7005,Male,0,Yes,No,23.0,Yes,No,No,No internet service,No internet service,No internet service,No internet service,No internet service,No internet service,One year,No,Credit card (automatic),19.3,21.139130434782608
3338,Female,0,No,No,12.0,Yes,No,Fiber optic,No,No,Yes,Yes,No,Yes,Month-to-month,Yes,Electronic check,89.4,91.30416666666667
1983,Male,0,Yes,No,27.0,Yes,Yes,DSL,Yes,No,No,Yes,Yes,Yes,One year,No,Mailed check,80.85,81.64259259259259
2495,Female,0,Yes,No,38.0,Yes,No,No,No internet service,No internet service,No internet service,No internet service,No internet service,No internet service,One year,Yes,Credit card (automatic),20.25,21.44078947368421
2469,Female,0,No,No,29.0,Yes,No,No,No internet service,No internet service,No internet service,No internet service,No internet service,No internet service,One year,No,Mailed check,20.0,20.66551724137931
3321,Female,0,Yes,No,64.0,Yes,Yes,No,No internet service,No internet service,No internet service,No internet service,No internet service,No internet service,Two year,No,Mailed check,25.55,26.79609375
7017,Female,0,No,No,51.0,Yes,No,No,No internet service,No internet service,No internet service,No internet service,No internet service,No internet service,Two year,No,Bank transfer (automatic),20.65,20.014705882352942
3082,Male,0,No,No,51.0,Yes,Yes,DSL,Yes,No,No,Yes,No,No,One year,No,Credit card (automatic),59.9,59.67843137254902
1437,Male,0,No,No,27.0,Yes,Yes,DSL,No,No,No,No,No,No,Month-to-month,No,Mailed check,49.0,47.827777777777776
823,Male,0,No,No,5.0,Yes,No,DSL,No,No,Yes,Yes,Yes,No,Month-to-month,Yes,Credit card (automatic),63.95,63.620000000000005
2901,Female,0,Yes,Yes,72.0,Yes,Yes,Fiber optic,Yes,Yes,No,No,Yes,No,Two year,Yes,Electronic check,95.1,95.04374999999999
3832,Female,0,Yes,No,51.0,Yes,Yes,DSL,No,Yes,No,Yes,Yes,Yes,One year,Yes,Credit card (automatic),78.65,77.46764705882353
4293,Female,0,No,No,14.0,Yes,No,Fiber optic,No,No,No,No,Yes,Yes,Month-to-month,Yes,Mailed check,89.8,80.64999999999999
952,Male,0,No,No,22.0,Yes,No,DSL,Yes,No,No,Yes,No,No,Month-to-month,No,Mailed check,55.1,56.96136363636364
6395,Male,0,Yes,Yes,41.0,Yes,Yes,Fiber optic,No,No,Yes,Yes,Yes,Yes,One year,Yes,Electronic check,102.6,102.76463414634148
1198,Female,0,No,No,42.0,Yes,No,No,No internet service,No internet service,No internet service,No internet service,No internet service,No internet service,Two year,Yes,Bank transfer (automatic),20.75,20.10595238095238
220,Female,0,No,No,4.0,Yes,No,Fiber optic,No,No,No,No,No,No,Month-to-month,Yes,Electronic check,70.15,67.0875
759,Female,0,Yes,Yes,72.0,Yes,Yes,Fiber optic,Yes,Yes,No,Yes,No,No,Two year,Yes,Bank transfer (automatic),90.35,91.15833333333333
2345,Female,0,No,Yes,4.0,Yes,No,No,No internet service,No internet service,No internet service,No internet service,No internet service,No internet service,Month-to-month,Yes,Bank transfer (automatic),20.05,21.375
1195,Female,1,Yes,No,20.0,Yes,No,DSL,No,Yes,No,No,No,Yes,Month-to-month,Yes,Electronic check,60.0,62.967499999999994
4111,Female,0,No,No,22.0,Yes,No,DSL,No,Yes,Yes,No,Yes,No,One year,No,Bank transfer (automatic),65.25,65.53636363636363
1200,Male,0,No,No,37.0,Yes,Yes,Fiber optic,No,Yes,No,Yes,Yes,Yes,One year,Yes,Credit card (automatic),104.5,102.10810810810811
3758,Female,0,No,No,1.0,Yes,No,DSL,Yes,No,No,No,No,No,Month-to-month,No,Bank transfer (automatic),49.55,49.55
755,Male,1,No,No,20.0,Yes,Yes,Fiber optic,No,No,Yes,No,Yes,Yes,Month-to-month,Yes,Electronic check,98.55,92.14
2153,Female,0,Yes,No,25.0,Yes,No,Fiber optic,No,No,Yes,No,No,No,Month-to-month,Yes,Electronic check,74.6,71.91
1361,Male,0,No,No,4.0,Yes,Yes,Fiber optic,No,Yes,No,No,No,No,Month-to-month,No,Electronic check,78.45,82.5125
3382,Male,0,Yes,Yes,72.0,Yes,Yes,No,No internet service,No internet service,No internet service,No internet service,No internet service,No internet service,Two year,No,Credit card (automatic),25.55,25.94027777777778
3655,Female,0,Yes,No,32.0,Yes,No,No,No internet service,No internet service,No internet service,No internet service,No internet service,No internet service,Month-to-month,No,Bank transfer (automatic),19.4,20.0359375
6200,Female,0,Yes,Yes,59.0,Yes,No,No,No internet service,No internet service,No internet service,No internet service,No internet service,No internet service,Two year,No,Credit card (automatic),19.5,20.722881355932206
2575,Female,0,No,No,35.0,Yes,No,No,No internet service,No internet service,No internet service,No internet service,No internet service,No internet service,Month-to-month,No,Bank transfer (automatic),19.25,17.647142857142857
4122,Male,0,No,Yes,53.0,Yes,No,DSL,Yes,Yes,No,Yes,No,No,One year,No,Credit card (automatic),62.85,64.51886792452831
2394,Male,0,No,No,71.0,Yes,Yes,Fiber optic,No,Yes,No,No,No,No,One year,Yes,Credit card (automatic),79.05,78.20422535211267
39,Female,0,No,No,11.0,Yes,Yes,Fiber optic,No,No,Yes,No,Yes,Yes,Month-to-month,Yes,Bank transfer (automatic),97.85,100.4909090909091
2843,Female,0,Yes,Yes,52.0,Yes,No,No,No internet service,No internet service,No internet service,No internet service,No internet service,No internet service,Two year,No,Mailed check,19.85,20.58653846153846
6750,Male,0,No,No,43.0,No,No phone service,DSL,Yes,No,Yes,No,No,No,One year,Yes,Credit card (automatic),35.2,34.03953488372093
553,Female,0,Yes,Yes,23.0,Yes,Yes,No,No internet service,No internet service,No internet service,No internet service,No internet service,No internet service,Two year,Yes,Credit card (automatic),25.6,22.380434782608695
81,Female,0,Yes,Yes,11.0,No,No phone service,DSL,Yes,No,No,No,Yes,Yes,Month-to-month,No,Electronic check,50.55,51.39545454545455
3980,Male,0,No,No,28.0,Yes,Yes,Fiber optic,No,Yes,Yes,No,Yes,Yes,Month-to-month,Yes,Electronic check,105.7,106.41071428571429
56,Female,0,Yes,Yes,63.0,Yes,Yes,Fiber optic,Yes,No,No,No,Yes,Yes,One year,Yes,Credit card (automatic),99.65,100.17777777777778
5935,Male,1,No,No,13.0,Yes,No,DSL,No,Yes,No,No,Yes,No,Month-to-month,Yes,Electronic check,59.9,60.642307692307696
4503,Female,0,No,No,17.0,Yes,Yes,Fiber optic,Yes,Yes,No,No,Yes,No,Month-to-month,Yes,Electronic check,94.4,95.1470588235294
2477,Male,0,No,No,3.0,Yes,No,Fiber optic,Yes,No,No,No,No,Yes,Month-to-month,Yes,Mailed check,86.05,81.61666666666666
668,Female,0,No,No,4.0,Yes,No,DSL,No,No,No,No,No,No,Month-to-month,No,Mailed check,45.65,47.7625
1230,Male,0,Yes,Yes,47.0,Yes,Yes,Fiber optic,No,Yes,No,No,Yes,No,Month-to-month,No,Electronic check,87.2,85.47765957446808
4772,Female,0,Yes,Yes,69.0,Yes,No,DSL,No,Yes,Yes,Yes,No,No,One year,No,Bank transfer (automatic),59.1,59.9231884057971
1934,Female,0,No,No,3.0,Yes,No,Fiber optic,Yes,Yes,No,No,No,No,Month-to-month,Yes,Electronic check,79.1,82.16666666666667
4606,Female,0,Yes,Yes,11.0,Yes,Yes,No,No internet service,No internet service,No internet service,No internet service,No internet service,No internet service,Two year,No,Mailed check,25.0,27.336363636363636
4956,Female,1,No,No,8.0,Yes,No,Fiber optic,No,No,Yes,No,Yes,Yes,Month-to-month,Yes,Credit card (automatic),94.45,92.86875
3125,Male,0,No,No,4.0,Yes,No,No,No internet service,No internet service,No internet service,No internet service,No internet service,No internet service,Month-to-month,No,Mailed check,19.0,19.725
1271,Female,0,No,No,53.0,No,No phone service,DSL,Yes,Yes,Yes,Yes,Yes,No,One year,Yes,Electronic check,53.6,54.32452830188679
1101,Female,0,Yes,Yes,20.0,Yes,No,No,No internet service,No internet service,No internet service,No internet service,No internet service,No internet service,Month-to-month,No,Electronic check,20.0,20.8825
4338,Male,1,No,No,5.0,No,No phone service,DSL,No,No,Yes,Yes,Yes,No,Month-to-month,No,Credit card (automatic),45.4,42.95
2677,Female,0,No,No,4.0,Yes,No,Fiber optic,No,No,No,No,No,No,Month-to-month,Yes,Credit card (automatic),70.05,66.725
5461,Female,0,No,No,62.0,Yes,No,DSL,Yes,No,No,Yes,No,Yes,Two year,Yes,Mailed check,65.1,62.04435483870968
3116,Female,1,No,No,44.0,Yes,No,Fiber optic,No,Yes,Yes,No,No,Yes,One year,No,Credit card (automatic),89.15,90.69886363636364
4941,Male,0,No,No,3.0,Yes,No,No,No internet service,No internet service,No internet service,No internet service,No internet service,No internet service,Month-to-month,Yes,Mailed check,19.8,19.383333333333333
5477,Female,0,Yes,Yes,72.0,Yes,Yes,DSL,Yes,No,Yes,Yes,Yes,Yes,Two year,Yes,Bank transfer (automatic),84.2,83.14652777777778
1814,Male,0,Yes,Yes,12.0,Yes,No,No,No internet service,No internet service,No internet service,No internet service,No internet service,No internet service,Two year,No,Mailed check,19.7,21.52916666666667
2808,Male,0,Yes,Yes,2.0,Yes,No,Fiber optic,Yes,No,No,No,Yes,Yes,Month-to-month,No,Electronic check,97.1,92.075
748,Male,0,Yes,No,48.0,Yes,No,No,No internet service,No internet service,No internet service,No internet service,No internet service,No internet service,Two year,No,Mailed check,19.25,17.814583333333335
906,Male,0,No,No,4.0,Yes,No,DSL,No,No,No,No,Yes,No,Month-to-month,Yes,Electronic check,56.4,58.7125
2065,Female,0,No,No,34.0,Yes,Yes,Fiber optic,No,No,No,No,Yes,No,Month-to-month,No,Electronic check,85.35,85.19411764705882
1754,Male,0,No,No,62.0,Yes,No,DSL,Yes,Yes,No,No,Yes,Yes,One year,Yes,Credit card (automatic),74.3,75.775
3923,Male,0,No,No,1.0,Yes,No,Fiber optic,No,No,No,No,No,Yes,Month-to-month,Yes,Mailed check,80.85,80.85
4115,Male,0,Yes,No,53.0,Yes,Yes,DSL,Yes,No,Yes,Yes,Yes,No,One year,No,Bank transfer (automatic),77.4,78.41415094339622
6756,Male,1,Yes,No,22.0,Yes,No,Fiber optic,No,No,No,No,Yes,Yes,Month-to-month,Yes,Bank transfer (automatic),89.75,88.13181818181819
2599,Female,0,No,No,72.0,Yes,No,DSL,Yes,Yes,Yes,Yes,No,Yes,Two year,Yes,Credit card (automatic),73.0,73.12777777777778
1526,Female,0,No,No,3.0,Yes,No,Fiber optic,No,Yes,No,No,Yes,Yes,Month-to-month,No,Electronic check,95.4,97.71666666666665
4767,Male,0,Yes,Yes,1.0,Yes,No,No,No internet service,No internet service,No internet service,No internet service,No internet service,No internet service,One year,No,Credit card (automatic),19.85,19.85
6334,Female,0,No,Yes,67.0,Yes,Yes,Fiber optic,No,Yes,No,Yes,Yes,Yes,Two year,Yes,Electronic check,104.0,105.06044776119403
5384,Female,0,No,No,4.0,Yes,Yes,DSL,No,No,No,Yes,Yes,No,Month-to-month,Yes,Mailed check,64.4,63.25
1060,Male,0,Yes,Yes,26.0,Yes,No,No,No internet service,No internet service,No internet service,No internet service,No internet service,No internet service,One year,Yes,Bank transfer (automatic),20.05,19.457692307692305
1880,Male,0,No,No,2.0,Yes,Yes,Fiber optic,No,No,No,No,No,Yes,Month-to-month,Yes,Electronic check,86.0,82.725
3022,Female,0,No,No,2.0,Yes,No,No,No internet service,No internet service,No internet service,No internet service,No internet service,No internet service,Month-to-month,No,Mailed check,19.95,19.075
707,Male,1,No,No,27.0,Yes,Yes,Fiber optic,No,Yes,No,Yes,Yes,Yes,One year,Yes,Bank transfer (automatic),104.65,109.77777777777777
114,Female,0,Yes,Yes,64.0,No,No phone service,DSL,No,Yes,No,Yes,Yes,Yes,Two year,Yes,Electronic check,54.6,53.4921875
5565,Female,0,Yes,No,18.0,No,No phone service,DSL,No,No,Yes,No,Yes,No,Month-to-month,Yes,Electronic check,39.05,37.21388888888889
4539,Male,0,Yes,Yes,67.0,Yes,Yes,DSL,Yes,No,Yes,No,Yes,Yes,Two year,Yes,Electronic check,79.7,79.00597014925373
2500,Male,0,Yes,Yes,50.0,Yes,No,DSL,Yes,No,No,Yes,Yes,Yes,One year,No,Electronic check,75.5,80.512
5005,Female,0,Yes,No,39.0,Yes,No,Fiber optic,Yes,No,Yes,Yes,Yes,Yes,One year,Yes,Credit card (automatic),104.7,106.02179487179488
5591,Male,0,No,No,4.0,Yes,No,Fiber optic,No,No,No,No,Yes,Yes,Month-to-month,Yes,Electronic check,88.45,92.6625
1132,Female,1,Yes,No,11.0,Yes,Yes,Fiber optic,No,No,Yes,Yes,Yes,Yes,Month-to-month,Yes,Bank transfer (automatic),104.05,103.05909090909091
2441,Female,1,No,No,2.0,Yes,No,Fiber optic,No,No,No,No,Yes,No,Month-to-month,No,Mailed check,81.5,81.275
1041,Female,0,No,Yes,16.0,Yes,No,No,No internet service,No internet service,No internet service,No internet service,No internet service,No internet service,One year,Yes,Bank transfer (automatic),19.3,22.521875
1786,Female,0,No,No,38.0,Yes,No,Fiber optic,No,Yes,Yes,Yes,No,No,Month-to-month,Yes,Credit card (automatic),84.25,85.90789473684211
4107,Female,0,Yes,No,72.0,Yes,Yes,Fiber optic,Yes,Yes,No,No,No,Yes,Two year,Yes,Credit card (automatic),94.45,96.13472222222222
3243,Female,0,No,No,19.0,No,No phone service,DSL,No,Yes,No,No,No,Yes,Month-to-month,Yes,Electronic check,39.7,37.37105263157895
662,Male,0,No,No,1.0,Yes,No,No,No internet service,No internet service,No internet service,No internet service,No internet service,No internet service,Month-to-month,No,Mailed check,20.05,20.05
4260,Male,0,Yes,Yes,42.0,Yes,No,DSL,No,No,Yes,Yes,Yes,Yes,One year,No,Electronic check,73.15,73.5297619047619
1407,Male,0,No,Yes,8.0,No,No phone service,DSL,Yes,No,No,Yes,No,Yes,Two year,Yes,Mailed check,44.55,42.93125
1745,Female,0,Yes,Yes,56.0,Yes,No,No,No internet service,No internet service,No internet service,No internet service,No internet service,No internet service,Two year,Yes,Credit card (automatic),19.8,19.998214285714287
836,Male,0,Yes,Yes,62.0,Yes,No,DSL,Yes,No,Yes,Yes,No,Yes,One year,No,Credit card (automatic),71.4,72.3758064516129
432,Male,0,No,No,2.0,Yes,No,DSL,Yes,No,Yes,No,No,No,Month-to-month,No,Electronic check,53.45,59.75
4146,Male,0,Yes,No,35.0,Yes,Yes,Fiber optic,No,No,No,No,No,No,Month-to-month,Yes,Electronic check,75.2,73.60571428571428
2273,Male,0,Yes,No,30.0,Yes,No,No,No internet service,No internet service,No internet service,No internet service,No internet service,No internet service,One year,No,Credit card (automatic),19.8,19.221666666666668
2971,Female,0,Yes,Yes,59.0,Yes,Yes,DSL,Yes,Yes,Yes,Yes,Yes,Yes,Two year,No,Credit card (automatic),90.3,88.03474576271186
938,Female,0,Yes,No,65.0,Yes,Yes,Fiber optic,No,Yes,Yes,Yes,Yes,Yes,One year,Yes,Credit card (automatic),108.05,109.52153846153846
855,Female,0,No,Yes,62.0,Yes,Yes,Fiber optic,No,No,Yes,No,Yes,Yes,One year,Yes,Electronic check,100.15,103.44596774193548
2114,Male,0,No,No,40.0,Yes,No,DSL,Yes,Yes,No,Yes,No,No,Month-to-month,Yes,Mailed check,61.9,66.1775
2518,Male,0,No,No,24.0,Yes,Yes,Fiber optic,No,Yes,No,No,Yes,Yes,Month-to-month,Yes,Bank transfer (automatic),99.65,100.20208333333333
2032,Female,0,Yes,No,15.0,Yes,No,Fiber optic,No,No,No,No,Yes,Yes,Month-to-month,No,Electronic check,88.15,92.70666666666666
6432,Male,0,Yes,No,35.0,Yes,No,DSL,Yes,Yes,Yes,No,No,No,Month-to-month,No,Mailed check,61.0,60.87
1364,Female,0,Yes,Yes,51.0,Yes,No,DSL,Yes,Yes,Yes,Yes,Yes,Yes,Two year,No,Credit card (automatic),85.5,86.70490196078431
1581,Male,0,No,No,21.0,No,No phone service,DSL,No,Yes,No,Yes,No,No,Month-to-month,Yes,Mailed check,36.0,37.15
395,Female,0,No,No,66.0,Yes,Yes,DSL,Yes,Yes,Yes,Yes,Yes,Yes,Two year,Yes,Credit card (automatic),90.05,90.39318181818182
2218,Female,0,Yes,Yes,71.0,Yes,No,DSL,Yes,No,Yes,Yes,Yes,Yes,Two year,Yes,Credit card (automatic),82.0,84.5049295774648
2591,Female,0,Yes,Yes,57.0,Yes,Yes,Fiber optic,No,Yes,No,No,Yes,Yes,Month-to-month,Yes,Electronic check,100.6,98.45087719298245
687,Male,1,No,No,2.0,Yes,No,DSL,Yes,No,No,No,No,No,Month-to-month,Yes,Electronic check,49.25,45.55
1550,Male,1,Yes,No,6.0,Yes,Yes,Fiber optic,No,No,Yes,No,No,No,Month-to-month,Yes,Electronic check,80.8,76.18333333333334
1715,Female,0,Yes,Yes,46.0,Yes,No,No,No internet service,No internet service,No internet service,No internet service,No internet service,No internet service,Two year,No,Mailed check,19.4,21.04021739130435
732,Male,0,Yes,Yes,25.0,Yes,No,Fiber optic,No,Yes,No,No,No,No,Month-to-month,Yes,Electronic check,75.5,76.042
2549,Male,0,No,No,2.0,Yes,No,No,No internet service,No internet service,No internet service,No internet service,No internet service,No internet service,Month-to-month,No,Mailed check,20.05,16.85
6858,Female,0,Yes,Yes,25.0,Yes,Yes,Fiber optic,No,No,Yes,No,No,Yes,Month-to-month,Yes,Electronic check,89.1,94.736
4174,Female,0,No,No,37.0,No,No phone service,DSL,No,No,No,Yes,No,No,Month-to-month,No,Credit card (automatic),28.6,26.31216216216216
4645,Female,0,Yes,No,33.0,Yes,Yes,Fiber optic,No,Yes,Yes,No,Yes,Yes,Month-to-month,Yes,Electronic check,104.4,103.32121212121211
239,Male,0,No,No,16.0,Yes,No,No,No internet service,No internet service,No internet service,No internet service,No internet service,No internet service,Two year,No,Mailed check,19.75,17.771875
1012,Male,0,No,No,9.0,Yes,No,Fiber optic,No,No,No,Yes,Yes,Yes,Month-to-month,Yes,Bank transfer (automatic),95.9,91.9388888888889
1243,Male,0,No,No,1.0,Yes,No,DSL,No,No,No,No,No,No,Month-to-month,No,Electronic check,45.3,45.3
2732,Female,0,No,Yes,4.0,Yes,No,No,No internet service,No internet service,No internet service,No internet service,No internet service,No internet service,Month-to-month,No,Credit card (automatic),20.4,23.625
319,Male,0,Yes,No,35.0,Yes,Yes,Fiber optic,No,No,No,Yes,Yes,No,Month-to-month,Yes,Credit card (automatic),91.5,92.46714285714286
5431,Female,0,No,No,37.0,Yes,No,No,No internet service,No internet service,No internet service,No internet service,No internet service,No internet service,One year,Yes,Electronic check,19.8,18.785135135135135
75,Female,1,No,No,56.0,Yes,Yes,Fiber optic,Yes,Yes,Yes,No,Yes,Yes,One year,No,Electronic check,110.5,109.63392857142857
6758,Male,0,No,No,27.0,Yes,No,No,No internet service,No internet service,No internet service,No internet service,No internet service,No internet service,Month-to-month,Yes,Credit card (automatic),19.4,17.046296296296298
2017,Male,0,Yes,No,38.0,Yes,No,No,No internet service,No internet service,No internet service,No internet service,No internet service,No internet service,Two year,No,Bank transfer (automatic),20.4,19.56578947368421
1051,Female,0,Yes,Yes,16.0,No,No phone service,DSL,No,No,No,No,No,Yes,Month-to-month,Yes,Credit card (automatic),35.5,34.54375
635,Female,0,Yes,Yes,65.0,Yes,Yes,Fiber optic,No,Yes,Yes,No,Yes,Yes,Month-to-month,Yes,Electronic check,105.5,107.47153846153846
2076,Female,0,No,No,14.0,Yes,No,DSL,No,No,No,Yes,No,Yes,One year,No,Credit card (automatic),59.1,55.20357142857143
2741,Male,1,No,No,5.0,Yes,No,Fiber optic,No,No,No,No,Yes,Yes,Month-to-month,Yes,Electronic check,89.5,95.53999999999999
6700,Male,0,Yes,No,72.0,Yes,Yes,Fiber optic,No,Yes,Yes,No,Yes,Yes,Two year,Yes,Bank transfer (automatic),106.3,105.07430555555555
3481,Female,0,No,No,4.0,Yes,Yes,DSL,No,No,No,No,No,No,Month-to-month,No,Electronic check,50.7,53.6375
1069,Male,1,No,No,20.0,Yes,No,DSL,Yes,No,No,Yes,No,No,One year,No,Mailed check,54.0,52.795
6911,Female,0,Yes,Yes,57.0,Yes,No,No,No internet service,No internet service,No internet service,No internet service,No internet service,No internet service,Two year,Yes,Bank transfer (automatic),20.1,19.082456140350878
1413,Male,0,Yes,Yes,65.0,Yes,Yes,Fiber optic,Yes,Yes,Yes,Yes,No,No,Two year,No,Credit card (automatic),94.55,93.51923076923077
2291,Female,0,No,No,4.0,Yes,Yes,Fiber optic,No,No,No,No,Yes,No,Month-to-month,Yes,Electronic check,85.65,80.4125
400,Female,0,No,No,32.0,Yes,No,No,No internet service,No internet service,No internet service,No internet service,No internet service,No internet service,One year,No,Bank transfer (automatic),19.75,19.5046875
5685,Male,0,Yes,Yes,45.0,Yes,No,No,No internet service,No internet service,No internet service,No internet service,No internet service,No internet service,Two year,No,Electronic check,19.2,20.082222222222224
4825,Male,0,No,No,22.0,Yes,Yes,Fiber optic,No,No,No,No,No,Yes,Month-to-month,No,Electronic check,83.05,81.78636363636363
4421,Male,0,Yes,No,34.0,Yes,Yes,Fiber optic,No,Yes,No,No,No,Yes,Month-to-month,No,Mailed check,88.85,88.24264705882354
3858,Male,0,No,No,47.0,Yes,No,DSL,Yes,Yes,Yes,Yes,Yes,Yes,One year,Yes,Bank transfer (automatic),86.95,88.06170212765957
2496,Male,0,No,No,18.0,Yes,No,No,No internet service,No internet service,No internet service,No internet service,No internet service,No internet service,Two year,No,Credit card (automatic),20.05,21.58888888888889
3551,Female,0,No,Yes,1.0,Yes,No,Fiber optic,No,No,No,No,No,Yes,Month-to-month,Yes,Electronic check,79.6,79.6
6134,Male,1,No,No,6.0,Yes,No,DSL,No,No,No,No,No,No,Month-to-month,No,Credit card (automatic),44.7,46.083333333333336
5941,Female,0,No,No,36.0,No,No phone service,DSL,No,Yes,No,Yes,No,No,Month-to-month,Yes,Bank transfer (automatic),34.85,35.2
2315,Male,0,Yes,Yes,35.0,Yes,Yes,DSL,No,No,No,Yes,Yes,Yes,One year,Yes,Bank transfer (automatic),73.45,76.03142857142856
6033,Male,1,No,No,25.0,Yes,Yes,Fiber optic,No,Yes,No,No,Yes,No,Month-to-month,Yes,Electronic check,88.95,91.648
4042,Male,0,No,No,5.0,Yes,No,DSL,No,Yes,No,No,No,No,Month-to-month,Yes,Electronic check,51.35,52.46
2842,Female,0,No,No,4.0,No,No phone service,DSL,Yes,No,Yes,Yes,No,Yes,Month-to-month,No,Mailed check,48.25,50.5625
5332,Female,0,No,No,47.0,Yes,No,DSL,Yes,Yes,No,Yes,No,No,One year,Yes,Mailed check,58.9,59.85212765957447
6129,Male,0,Yes,No,52.0,No,No phone service,DSL,Yes,No,No,No,No,Yes,Month-to-month,Yes,Electronic check,39.9,38.86346153846154
124,Female,0,Yes,Yes,4.0,Yes,No,No,No internet service,No internet service,No internet service,No internet service,No internet service,No internet service,Month-to-month,No,Mailed check,20.85,15.725
4968,Female,1,Yes,Yes,68.0,No,No phone service,DSL,No,Yes,Yes,No,Yes,Yes,Two year,Yes,Electronic check,53.0,53.768382352941174
5550,Male,1,No,No,21.0,Yes,No,No,No internet service,No internet service,No internet service,No internet service,No internet service,No internet service,One year,No,Bank transfer (automatic),20.5,20.454761904761906
1866,Female,0,Yes,Yes,64.0,Yes,Yes,Fiber optic,Yes,No,No,Yes,Yes,Yes,One year,Yes,Bank transfer (automatic),104.4,105.025
1208,Female,0,No,No,1.0,Yes,No,Fiber optic,No,No,No,No,Yes,No,Month-to-month,Yes,Electronic check,80.25,80.25
4262,Male,1,No,No,2.0,Yes,No,DSL,Yes,No,Yes,No,Yes,No,Month-to-month,No,Bank transfer (automatic),66.4,47.275
6795,Female,0,Yes,Yes,55.0,Yes,Yes,Fiber optic,Yes,Yes,No,No,No,No,Month-to-month,Yes,Electronic check,85.1,83.65363636363637
5922,Male,0,Yes,Yes,72.0,Yes,Yes,Fiber optic,Yes,No,Yes,No,Yes,Yes,Two year,No,Bank transfer (automatic),105.25,105.69097222222223
4641,Female,0,No,No,1.0,No,No phone service,DSL,No,No,No,No,No,No,Month-to-month,No,Mailed check,24.4,24.4
3610,Female,0,No,No,12.0,Yes,Yes,Fiber optic,No,No,Yes,No,Yes,Yes,Month-to-month,Yes,Bank transfer (automatic),100.15,97.02499999999999
6082,Female,0,Yes,No,59.0,Yes,Yes,Fiber optic,No,Yes,No,No,Yes,Yes,Month-to-month,No,Electronic check,101.1,102.37118644067796
339,Male,0,Yes,No,63.0,Yes,Yes,Fiber optic,No,Yes,Yes,No,Yes,Yes,Month-to-month,Yes,Electronic check,103.4,104.80952380952381
4944,Male,0,Yes,Yes,10.0,Yes,Yes,No,No internet service,No internet service,No internet service,No internet service,No internet service,No internet service,Month-to-month,Yes,Mailed check,24.4,25.39
3219,Female,0,Yes,Yes,24.0,Yes,Yes,No,No internet service,No internet service,No internet service,No internet service,No internet service,No internet service,Two year,No,Mailed check,24.7,23.822916666666668
3053,Male,0,Yes,Yes,65.0,Yes,Yes,Fiber optic,No,No,Yes,Yes,Yes,Yes,Two year,Yes,Bank transfer (automatic),104.1,103.07769230769232
4091,Female,0,No,No,20.0,Yes,Yes,DSL,No,Yes,No,Yes,No,Yes,Month-to-month,Yes,Credit card (automatic),68.9,68.5175
6863,Female,0,Yes,No,48.0,Yes,Yes,DSL,Yes,No,No,Yes,No,No,One year,Yes,Bank transfer (automatic),60.6,62.192708333333336
6897,Male,0,No,No,62.0,Yes,No,DSL,No,Yes,Yes,Yes,Yes,Yes,Month-to-month,Yes,Bank transfer (automatic),80.4,80.34112903225805
1449,Female,1,No,No,6.0,Yes,No,No,No internet service,No internet service,No internet service,No internet service,No internet service,No internet service,Month-to-month,No,Bank transfer (automatic),19.5,17.8
1966,Male,1,No,No,24.0,Yes,Yes,DSL,No,Yes,No,No,No,No,Month-to-month,No,Credit card (automatic),54.8,53.80416666666667
787,Female,0,Yes,No,34.0,Yes,Yes,DSL,Yes,No,No,Yes,No,No,Month-to-month,Yes,Bank transfer (automatic),60.85,58.92941176470588
5292,Male,0,No,No,46.0,No,No phone service,DSL,No,No,Yes,Yes,No,No,One year,No,Credit card (automatic),33.7,33.43152173913043
5443,Male,0,No,No,26.0,Yes,No,DSL,No,No,No,No,No,No,Month-to-month,No,Electronic check,45.45,47.42884615384616
2751,Female,0,Yes,Yes,19.0,No,No phone service,DSL,No,No,No,No,No,No,Month-to-month,Yes,Mailed check,24.85,22.88421052631579
5324,Male,0,No,No,24.0,Yes,Yes,DSL,No,No,No,Yes,No,No,One year,No,Bank transfer (automatic),54.6,51.760416666666664
4590,Female,1,No,No,57.0,Yes,Yes,Fiber optic,Yes,No,Yes,Yes,No,Yes,Two year,No,Credit card (automatic),101.3,101.39649122807018
3963,Female,0,No,No,68.0,Yes,No,No,No internet service,No internet service,No internet service,No internet service,No internet service,No internet service,Two year,No,Credit card (automatic),19.6,21.20073529411765
1425,Male,0,Yes,No,12.0,Yes,No,DSL,No,No,Yes,Yes,Yes,Yes,Month-to-month,Yes,Electronic check,74.15,61.78333333333333
6044,Female,0,No,Yes,12.0,Yes,Yes,Fiber optic,No,No,No,No,No,No,Month-to-month,Yes,Electronic check,76.6,74.41666666666667
5790,Female,0,Yes,Yes,40.0,No,No phone service,DSL,No,Yes,No,No,Yes,Yes,Month-to-month,Yes,Electronic check,50.85,50.91375
214,Male,1,Yes,No,23.0,Yes,Yes,Fiber optic,No,No,No,No,No,Yes,Month-to-month,No,Electronic check,86.8,85.90652173913043
1463,Female,0,No,No,4.0,Yes,No,Fiber optic,No,No,No,No,No,No,Month-to-month,No,Electronic check,70.4,70.25
6442,Female,0,Yes,Yes,67.0,Yes,No,DSL,No,Yes,No,No,No,No,One year,No,Credit card (automatic),50.55,51.22014925373134
86,Female,0,Yes,No,35.0,Yes,No,DSL,Yes,No,No,No,Yes,No,One year,Yes,Bank transfer (automatic),62.15,63.29857142857142
3248,Male,1,Yes,No,10.0,Yes,Yes,Fiber optic,No,No,No,No,No,Yes,Month-to-month,Yes,Electronic check,86.65,85.66499999999999
6807,Male,0,Yes,Yes,6.0,Yes,No,No,No internet service,No internet service,No internet service,No internet service,No internet service,No internet service,Two year,Yes,Credit card (automatic),20.4,17.933333333333334
639,Male,0,Yes,No,10.0,Yes,Yes,Fiber optic,No,No,No,No,No,Yes,Month-to-month,Yes,Electronic check,85.25,85.53
3086,Male,0,No,No,17.0,Yes,Yes,Fiber optic,No,No,Yes,Yes,No,Yes,Month-to-month,Yes,Bank transfer (automatic),95.65,96.47058823529412
6123,Male,0,No,No,65.0,Yes,Yes,Fiber optic,Yes,No,No,Yes,No,Yes,One year,No,Electronic check,93.55,93.37307692307692
648,Female,1,No,No,2.0,Yes,Yes,Fiber optic,No,Yes,No,No,No,Yes,Month-to-month,No,Electronic check,89.5,80.75
3950,Male,1,No,No,49.0,Yes,Yes,Fiber optic,No,No,No,No,Yes,Yes,Month-to-month,Yes,Electronic check,96.2,96.29081632653062
1090,Female,0,No,No,51.0,Yes,Yes,Fiber optic,Yes,Yes,Yes,No,Yes,Yes,One year,No,Bank transfer (automatic),107.45,111.39019607843136
198,Male,0,Yes,Yes,72.0,Yes,Yes,Fiber optic,No,Yes,Yes,Yes,Yes,Yes,Two year,Yes,Bank transfer (automatic),112.25,111.68958333333333
204,Male,0,No,No,44.0,Yes,No,Fiber optic,No,No,No,No,No,No,Month-to-month,No,Credit card (automatic),68.85,67.24886363636364
3757,Female,0,No,No,42.0,Yes,No,DSL,No,No,Yes,Yes,No,Yes,Two year,No,Credit card (automatic),66.5,65.7797619047619
2725,Female,0,No,No,2.0,No,No phone service,DSL,No,No,No,No,No,No,Month-to-month,No,Electronic check,24.5,23.2
2922,Female,0,Yes,No,28.0,Yes,No,Fiber optic,Yes,No,No,No,Yes,Yes,Month-to-month,Yes,Mailed check,92.35,92.96071428571429
6020,Female,0,Yes,Yes,34.0,No,No phone service,DSL,Yes,No,Yes,Yes,Yes,Yes,One year,No,Mailed check,61.25,58.62352941176471
6418,Male,0,Yes,No,31.0,Yes,Yes,DSL,No,No,Yes,Yes,Yes,Yes,One year,Yes,Mailed check,79.3,80.12903225806451
4172,Female,0,No,No,1.0,Yes,No,No,No internet service,No internet service,No internet service,No internet service,No internet service,No internet service,Month-to-month,No,Mailed check,19.5,19.5
1384,Female,0,Yes,No,22.0,Yes,No,Fiber optic,No,No,No,No,No,No,Month-to-month,Yes,Electronic check,69.25,70.63636363636364
4746,Male,0,No,No,2.0,Yes,Yes,Fiber optic,No,No,No,No,No,No,Month-to-month,Yes,Electronic check,76.5,81.225
1300,Male,0,Yes,No,72.0,Yes,Yes,Fiber optic,No,Yes,Yes,Yes,Yes,Yes,Two year,Yes,Credit card (automatic),110.6,110.58611111111111
3490,Male,0,Yes,Yes,8.0,Yes,No,DSL,No,No,Yes,No,No,No,Month-to-month,Yes,Electronic check,51.05,51.88125
2117,Female,0,Yes,Yes,72.0,No,No phone service,DSL,Yes,Yes,Yes,Yes,Yes,Yes,Two year,No,Bank transfer (automatic),64.45,62.888888888888886
5887,Male,0,No,Yes,17.0,Yes,No,DSL,Yes,No,No,No,No,No,Month-to-month,Yes,Mailed check,50.3,49.811764705882354
3421,Female,0,Yes,No,72.0,Yes,Yes,Fiber optic,Yes,Yes,Yes,Yes,No,No,Two year,Yes,Bank transfer (automatic),97.0,98.66944444444444
2661,Female,0,No,No,66.0,No,No phone service,DSL,Yes,Yes,Yes,Yes,No,No,Two year,Yes,Mailed check,47.4,48.140151515151516
2494,Male,0,No,No,35.0,Yes,Yes,Fiber optic,No,No,No,No,No,No,Month-to-month,No,Credit card (automatic),75.35,75.3157142857143
957,Male,0,No,No,4.0,Yes,No,DSL,Yes,No,Yes,No,No,No,Month-to-month,No,Electronic check,56.75,61.2875
5018,Female,0,Yes,Yes,72.0,Yes,No,No,No internet service,No internet service,No internet service,No internet service,No internet service,No internet service,Two year,No,Credit card (automatic),19.7,19.163888888888888
846,Female,0,No,No,65.0,Yes,No,DSL,Yes,Yes,Yes,Yes,Yes,Yes,Two year,Yes,Bank transfer (automatic),84.85,83.9876923076923
1213,Female,0,Yes,Yes,69.0,Yes,No,No,No internet service,No internet service,No internet service,No internet service,No internet service,No internet service,Two year,No,Bank transfer (automatic),20.2,20.473188405797103
5875,Female,0,Yes,No,65.0,Yes,No,DSL,Yes,Yes,Yes,No,No,Yes,Two year,No,Bank transfer (automatic),71.0,67.48
317,Female,0,Yes,Yes,38.0,Yes,No,DSL,Yes,Yes,No,Yes,Yes,Yes,One year,No,Credit card (automatic),80.3,80.49078947368422
5658,Male,0,Yes,No,24.0,Yes,Yes,Fiber optic,No,No,No,No,Yes,Yes,Month-to-month,Yes,Electronic check,93.0,93.66875
2387,Male,0,No,No,5.0,Yes,Yes,Fiber optic,No,Yes,Yes,No,Yes,Yes,Month-to-month,No,Electronic check,105.3,110.12
2185,Male,0,Yes,Yes,24.0,Yes,Yes,DSL,Yes,No,No,No,No,No,Month-to-month,No,Electronic check,54.75,55.75625
211,Female,0,No,No,1.0,No,No phone service,DSL,No,No,No,No,No,No,Month-to-month,No,Electronic check,25.25,25.25
3433,Male,0,No,No,61.0,Yes,Yes,Fiber optic,Yes,Yes,Yes,No,Yes,Yes,One year,Yes,Electronic check,107.75,106.91639344262295
1921,Male,0,Yes,Yes,70.0,Yes,Yes,DSL,No,Yes,Yes,Yes,Yes,Yes,Two year,Yes,Credit card (automatic),85.95,84.73928571428571
3092,Female,0,No,No,1.0,No,No phone service,DSL,No,No,No,No,No,No,Month-to-month,Yes,Mailed check,25.1,25.1
1679,Male,1,No,Yes,7.0,Yes,No,DSL,No,No,No,No,No,No,Month-to-month,Yes,Mailed check,45.75,49.17142857142857
4520,Male,0,Yes,Yes,1.0,Yes,No,No,No internet service,No internet service,No internet service,No internet service,No internet service,No internet service,Month-to-month,No,Bank transfer (automatic),19.95,19.95
3599,Female,0,Yes,Yes,45.0,Yes,Yes,DSL,Yes,Yes,Yes,Yes,Yes,No,Month-to-month,No,Mailed check,81.3,78.69111111111111
4578,Female,0,No,No,10.0,Yes,No,DSL,No,No,No,Yes,No,Yes,Month-to-month,Yes,Mailed check,60.95,62.955
3265,Male,0,Yes,Yes,29.0,Yes,No,Fiber optic,No,No,No,No,No,No,Month-to-month,Yes,Electronic check,70.75,68.09655172413792
6130,Female,0,No,No,58.0,Yes,No,DSL,Yes,Yes,Yes,Yes,No,No,Two year,Yes,Credit card (automatic),64.9,65.43879310344828
3407,Female,1,Yes,No,67.0,Yes,No,No,No internet service,No internet service,No internet service,No internet service,No internet service,No internet service,Two year,Yes,Bank transfer (automatic),20.05,18.851492537313433
713,Female,0,No,Yes,14.0,Yes,Yes,Fiber optic,Yes,No,No,Yes,No,No,Month-to-month,Yes,Mailed check,86.0,83.14642857142857
4303,Female,0,Yes,No,45.0,Yes,Yes,No,No internet service,No internet service,No internet service,No internet service,No internet service,No internet service,Two year,No,Mailed check,25.5,24.912222222222223
4295,Male,1,Yes,No,67.0,Yes,No,DSL,Yes,Yes,No,Yes,No,No,One year,Yes,Bank transfer (automatic),60.95,61.483582089552236
2578,Female,1,Yes,Yes,31.0,Yes,No,Fiber optic,No,No,Yes,Yes,Yes,Yes,Month-to-month,Yes,Electronic check,98.9,93.91290322580646
6368,Male,1,No,No,2.0,Yes,Yes,Fiber optic,No,No,No,No,Yes,Yes,Month-to-month,Yes,Electronic check,94.0,90.85
2895,Female,0,Yes,No,37.0,Yes,No,No,No internet service,No internet service,No internet service,No internet service,No internet service,No internet service,One year,Yes,Bank transfer (automatic),19.85,19.39189189189189
729,Male,0,No,No,65.0,Yes,Yes,DSL,No,Yes,Yes,Yes,No,Yes,Two year,Yes,Credit card (automatic),74.2,73.93307692307691
1148,Female,0,No,No,2.0,Yes,Yes,Fiber optic,No,No,No,No,Yes,Yes,Month-to-month,Yes,Electronic check,95.15,98.45
2385,Female,0,No,Yes,3.0,No,No phone service,DSL,No,Yes,No,No,No,No,Month-to-month,No,Mailed check,29.65,30.016666666666666
4002,Male,0,Yes,Yes,72.0,Yes,Yes,DSL,Yes,Yes,Yes,Yes,Yes,No,Two year,Yes,Bank transfer (automatic),80.85,79.54791666666667
436,Male,0,Yes,No,36.0,Yes,No,No,No internet service,No internet service,No internet service,No internet service,No internet service,No internet service,One year,No,Bank transfer (automatic),20.85,20.001388888888886
4679,Female,0,Yes,No,72.0,Yes,Yes,DSL,Yes,Yes,No,Yes,Yes,Yes,Two year,Yes,Bank transfer (automatic),86.4,84.15208333333334
6791,Male,0,No,No,19.0,No,No phone service,DSL,No,No,Yes,No,Yes,No,Month-to-month,Yes,Electronic check,39.65,38.597368421052636
2563,Male,1,No,No,25.0,Yes,Yes,Fiber optic,No,Yes,Yes,No,Yes,Yes,Month-to-month,No,Mailed check,105.95,106.21
121,Female,0,No,No,6.0,Yes,No,No,No internet service,No internet service,No internet service,No internet service,No internet service,No internet service,Month-to-month,No,Mailed check,20.7,18.791666666666668
5446,Male,0,No,No,1.0,Yes,No,No,No internet service,No internet service,No internet service,No internet service,No internet service,No internet service,Month-to-month,No,Mailed check,19.65,19.65
1925,Female,0,Yes,Yes,59.0,Yes,Yes,DSL,No,No,Yes,Yes,Yes,No,Two year,Yes,Bank transfer (automatic),72.1,71.09915254237289
926,Female,1,No,No,3.0,Yes,Yes,Fiber optic,No,Yes,No,No,No,No,Month-to-month,Yes,Electronic check,79.4,68.35000000000001
3066,Female,0,No,No,10.0,Yes,Yes,Fiber optic,No,No,No,No,No,No,Month-to-month,Yes,Mailed check,75.75,77.72999999999999
1771,Male,1,No,No,13.0,Yes,No,Fiber optic,No,No,No,No,Yes,Yes,Month-to-month,Yes,Electronic check,90.5,92.39615384615385
2893,Male,0,No,No,22.0,Yes,Yes,DSL,Yes,Yes,No,No,No,No,Month-to-month,No,Electronic check,59.0,57.03181818181818
4649,Male,0,Yes,No,72.0,Yes,Yes,Fiber optic,Yes,Yes,No,Yes,Yes,Yes,Two year,Yes,Credit card (automatic),108.95,109.375
4882,Female,0,No,No,66.0,No,No phone service,DSL,Yes,Yes,Yes,Yes,Yes,Yes,Two year,Yes,Bank transfer (automatic),62.5,62.672727272727265
5932,Male,0,Yes,No,5.0,Yes,No,Fiber optic,No,No,Yes,No,Yes,Yes,Month-to-month,Yes,Electronic check,94.45,99.62
4797,Male,0,Yes,Yes,72.0,Yes,Yes,Fiber optic,Yes,Yes,Yes,Yes,Yes,Yes,Two year,Yes,Credit card (automatic),114.05,115.1277777777778
2061,Male,0,Yes,Yes,7.0,Yes,No,DSL,No,No,Yes,No,No,No,Month-to-month,No,Electronic check,48.7,48.607142857142854
5739,Male,1,Yes,No,67.0,Yes,Yes,Fiber optic,No,Yes,No,Yes,Yes,Yes,Two year,No,Bank transfer (automatic),102.9,104.32388059701492
6877,Female,0,No,No,1.0,Yes,No,Fiber optic,No,No,No,No,No,No,Month-to-month,No,Bank transfer (automatic),69.7,69.7
1479,Female,0,No,No,44.0,No,No phone service,DSL,No,No,Yes,No,Yes,Yes,One year,Yes,Electronic check,49.05,51.47727272727273
1717,Male,0,Yes,No,72.0,Yes,No,No,No internet service,No internet service,No internet service,No internet service,No internet service,No internet service,Two year,No,Credit card (automatic),19.7,19.748611111111114
5945,Female,1,Yes,Yes,57.0,Yes,No,Fiber optic,No,Yes,Yes,Yes,Yes,No,Month-to-month,Yes,Credit card (automatic),95.3,97.67456140350878
781,Female,0,Yes,Yes,5.0,Yes,No,DSL,No,No,No,No,No,No,Month-to-month,No,Mailed check,44.8,44.089999999999996
5667,Female,0,Yes,No,4.0,Yes,No,No,No internet service,No internet service,No internet service,No internet service,No internet service,No internet service,Month-to-month,No,Electronic check,20.15,22.85
547,Female,0,No,No,65.0,Yes,Yes,Fiber optic,No,Yes,No,Yes,Yes,Yes,One year,Yes,Bank transfer (automatic),105.05,103.75769230769231
6126,Male,1,No,No,19.0,Yes,No,Fiber optic,No,No,Yes,No,Yes,Yes,Month-to-month,Yes,Credit card (automatic),95.9,93.57368421052632
4102,Male,0,Yes,Yes,7.0,Yes,No,DSL,No,No,No,No,No,No,Month-to-month,No,Electronic check,44.75,47.66428571428571
6769,Male,0,No,No,48.0,Yes,No,No,No internet service,No internet service,No internet service,No internet service,No internet service,No internet service,Two year,No,Credit card (automatic),19.85,19.083333333333332
1858,Female,0,Yes,No,19.0,Yes,No,Fiber optic,Yes,No,No,No,No,No,Month-to-month,Yes,Electronic check,73.2,75.84736842105262
1670,Male,1,No,Yes,1.0,Yes,No,DSL,No,No,Yes,No,No,No,Month-to-month,Yes,Mailed check,50.15,50.15
4966,Male,0,Yes,Yes,19.0,Yes,Yes,DSL,No,No,No,No,No,No,Month-to-month,No,Credit card (automatic),50.1,47.91842105263158
2956,Male,0,No,No,51.0,Yes,No,Fiber optic,No,Yes,Yes,No,Yes,Yes,Month-to-month,Yes,Electronic check,99.0,98.78725490196078
1163,Female,0,No,No,12.0,Yes,Yes,Fiber optic,No,Yes,No,No,Yes,No,Month-to-month,Yes,Bank transfer (automatic),89.75,87.7
6427,Male,0,No,No,41.0,Yes,No,No,No internet service,No internet service,No internet service,No internet service,No internet service,No internet service,Two year,No,Mailed check,20.15,19.569512195121952
1183,Female,0,Yes,No,53.0,Yes,No,Fiber optic,No,No,No,Yes,Yes,Yes,One year,Yes,Electronic check,93.45,91.92830188679245
6169,Female,0,No,No,1.0,Yes,No,DSL,No,No,No,No,No,No,Month-to-month,Yes,Bank transfer (automatic),44.9,44.9
4217,Male,1,Yes,No,14.0,Yes,Yes,Fiber optic,No,No,No,No,No,No,Month-to-month,Yes,Electronic check,75.1,72.38214285714285
2859,Male,1,Yes,No,70.0,Yes,Yes,DSL,Yes,Yes,Yes,Yes,Yes,Yes,Two year,Yes,Credit card (automatic),88.55,90.09285714285714
6444,Male,0,No,Yes,31.0,Yes,Yes,DSL,No,Yes,No,Yes,Yes,Yes,One year,Yes,Mailed check,79.45,83.47419354838709
3299,Male,0,No,No,68.0,Yes,Yes,Fiber optic,Yes,Yes,Yes,Yes,Yes,Yes,One year,Yes,Credit card (automatic),117.2,118.17573529411764
5901,Male,0,Yes,Yes,49.0,Yes,Yes,Fiber optic,No,No,No,No,Yes,No,Month-to-month,No,Electronic check,84.5,86.83367346938776
88,Female,0,Yes,Yes,46.0,Yes,No,No,No internet service,No internet service,No internet service,No internet service,No internet service,No internet service,Two year,Yes,Mailed check,19.95,20.15434782608696
2905,Female,0,Yes,No,21.0,Yes,No,Fiber optic,No,No,Yes,Yes,No,No,One year,No,Electronic check,79.2,82.97380952380952
3131,Female,1,Yes,No,72.0,Yes,Yes,DSL,Yes,Yes,Yes,Yes,No,Yes,Two year,No,Bank transfer (automatic),78.45,78.92013888888889
4451,Male,1,No,No,45.0,Yes,Yes,Fiber optic,No,No,No,No,Yes,Yes,Month-to-month,Yes,Bank transfer (automatic),93.9,93.33888888888889
6032,Male,1,Yes,No,68.0,Yes,Yes,Fiber optic,No,Yes,Yes,No,Yes,Yes,Month-to-month,Yes,Electronic check,105.3,107.34779411764706
5441,Female,0,Yes,No,70.0,Yes,Yes,DSL,Yes,No,Yes,Yes,No,No,Two year,No,Credit card (automatic),65.3,67.99642857142857
1962,Male,0,No,No,23.0,Yes,No,Fiber optic,Yes,No,Yes,No,Yes,Yes,One year,Yes,Credit card (automatic),99.95,99.68478260869566
2008,Female,0,No,Yes,4.0,Yes,Yes,Fiber optic,No,No,Yes,Yes,No,No,Month-to-month,Yes,Mailed check,87.1,85.3625
6096,Female,1,No,No,1.0,Yes,No,Fiber optic,No,No,No,No,No,No,Month-to-month,Yes,Electronic check,70.2,70.2
5663,Female,0,Yes,Yes,37.0,Yes,Yes,Fiber optic,No,No,No,No,Yes,Yes,Month-to-month,Yes,Electronic check,95.25,89.57162162162163
6860,Female,0,No,No,37.0,Yes,Yes,Fiber optic,No,Yes,Yes,No,Yes,Yes,Month-to-month,Yes,Bank transfer (automatic),101.9,95.82027027027027
1877,Male,0,No,No,72.0,Yes,Yes,DSL,Yes,Yes,Yes,Yes,Yes,Yes,Two year,No,Credit card (automatic),88.55,88.36597222222223
3502,Male,0,No,No,44.0,No,No phone service,DSL,Yes,No,Yes,No,Yes,Yes,One year,Yes,Electronic check,54.0,55.46022727272727
148,Male,0,No,Yes,30.0,Yes,No,DSL,No,Yes,Yes,No,Yes,No,One year,No,Credit card (automatic),64.5,64.33166666666666
1103,Male,0,Yes,Yes,54.0,Yes,Yes,Fiber optic,No,Yes,No,Yes,Yes,Yes,One year,Yes,Electronic check,105.2,104.40462962962964
1362,Male,0,No,No,4.0,Yes,No,Fiber optic,No,No,No,No,No,No,Month-to-month,Yes,Electronic check,70.2,59.4875
6936,Male,0,Yes,Yes,5.0,Yes,Yes,Fiber optic,No,Yes,No,No,No,No,Month-to-month,Yes,Electronic check,80.15,77.0
6830,Male,0,No,No,35.0,Yes,No,No,No internet service,No internet service,No internet service,No internet service,No internet service,No internet service,Two year,Yes,Mailed check,20.2,19.554285714285715
1713,Male,0,Yes,No,52.0,Yes,Yes,DSL,No,Yes,No,Yes,No,No,Month-to-month,No,Bank transfer (automatic),61.35,60.95288461538462
5028,Female,0,No,No,72.0,Yes,No,Fiber optic,Yes,Yes,Yes,Yes,Yes,Yes,Two year,Yes,Electronic check,109.9,105.89166666666667
3854,Female,0,Yes,No,50.0,Yes,Yes,Fiber optic,Yes,Yes,No,Yes,Yes,Yes,Month-to-month,Yes,Bank transfer (automatic),109.65,108.116
3531,Female,0,No,No,16.0,Yes,No,No,No internet service,No internet service,No internet service,No internet service,No internet service,No internet service,One year,No,Credit card (automatic),19.35,18.471875
3286,Male,1,No,No,35.0,Yes,Yes,Fiber optic,No,No,No,No,Yes,Yes,Month-to-month,Yes,Electronic check,95.45,99.25857142857143
3920,Male,0,No,No,71.0,Yes,Yes,Fiber optic,No,No,Yes,Yes,No,No,Two year,Yes,Credit card (automatic),86.4,86.92957746478874
1268,Male,0,Yes,No,59.0,Yes,Yes,Fiber optic,Yes,Yes,Yes,No,Yes,Yes,One year,Yes,Electronic check,110.15,109.28898305084746
2228,Female,1,Yes,No,70.0,Yes,Yes,Fiber optic,No,Yes,No,Yes,Yes,Yes,Two year,Yes,Bank transfer (automatic),104.45,104.99071428571429
3132,Male,0,No,No,1.0,Yes,No,Fiber optic,No,No,No,Yes,No,No,Month-to-month,Yes,Mailed check,74.3,74.3
425,Female,1,Yes,No,55.0,Yes,Yes,DSL,No,No,No,No,No,No,Month-to-month,No,Bank transfer (automatic),51.65,51.61000000000001
6038,Female,0,Yes,Yes,70.0,Yes,Yes,Fiber optic,Yes,Yes,Yes,Yes,Yes,Yes,Two year,Yes,Bank transfer (automatic),114.2,110.34142857142857
4846,Male,0,No,No,7.0,Yes,No,Fiber optic,No,No,No,No,No,No,Month-to-month,No,Bank transfer (automatic),69.15,69.80714285714285
6013,Female,1,Yes,No,50.0,Yes,Yes,Fiber optic,No,No,No,Yes,Yes,Yes,One year,Yes,Electronic check,100.65,103.795
137,Female,0,Yes,Yes,64.0,Yes,No,No,No internet service,No internet service,No internet service,No internet service,No internet service,No internet service,Two year,No,Mailed check,20.2,19.96484375
2548,Male,1,No,No,8.0,Yes,No,Fiber optic,No,No,No,No,No,No,Month-to-month,Yes,Credit card (automatic),69.95,70.3375
1367,Male,1,Yes,No,61.0,Yes,Yes,Fiber optic,No,Yes,No,No,No,No,Month-to-month,Yes,Electronic check,82.15,80.40737704918034
5872,Female,0,No,Yes,1.0,Yes,No,Fiber optic,No,No,No,No,No,No,Month-to-month,Yes,Electronic check,69.65,69.65
6280,Female,0,No,Yes,23.0,Yes,No,DSL,No,No,No,Yes,No,No,One year,Yes,Electronic check,49.45,48.667391304347824
1211,Female,0,Yes,Yes,11.0,Yes,Yes,DSL,No,No,No,Yes,No,Yes,Month-to-month,Yes,Electronic check,66.35,67.34545454545454
4366,Male,1,Yes,Yes,24.0,Yes,Yes,Fiber optic,Yes,No,No,No,No,No,Month-to-month,Yes,Electronic check,79.85,77.40625
370,Male,0,Yes,Yes,33.0,Yes,No,No,No internet service,No internet service,No internet service,No internet service,No internet service,No internet service,One year,No,Mailed check,20.6,20.916666666666668
5055,Female,1,Yes,No,53.0,Yes,Yes,No,No internet service,No internet service,No internet service,No internet service,No internet service,No internet service,Two year,No,Credit card (automatic),25.1,24.067924528301884
3347,Male,0,Yes,Yes,23.0,Yes,No,No,No internet service,No internet service,No internet service,No internet service,No internet service,No internet service,Two year,No,Mailed check,20.9,19.73913043478261
2214,Female,0,No,No,14.0,Yes,No,Fiber optic,No,Yes,No,No,No,Yes,Month-to-month,Yes,Electronic check,86.3,84.35357142857143
5948,Male,0,Yes,No,70.0,Yes,No,Fiber optic,Yes,Yes,No,Yes,No,No,Two year,No,Bank transfer (automatic),84.6,81.51714285714286
2057,Female,0,Yes,No,22.0,Yes,Yes,DSL,Yes,No,No,Yes,Yes,Yes,Month-to-month,Yes,Electronic check,79.2,79.2159090909091
549,Male,0,No,No,15.0,Yes,No,No,No internet service,No internet service,No internet service,No internet service,No internet service,No internet service,Month-to-month,No,Mailed check,19.75,20.773333333333333
2594,Female,0,Yes,No,65.0,Yes,Yes,Fiber optic,No,Yes,Yes,Yes,Yes,Yes,Two year,Yes,Bank transfer (automatic),107.65,108.96692307692308
6229,Male,0,Yes,No,72.0,Yes,Yes,DSL,No,Yes,Yes,Yes,Yes,Yes,Two year,Yes,Credit card (automatic),85.45,86.49305555555556
1547,Female,0,Yes,No,63.0,Yes,Yes,Fiber optic,No,Yes,Yes,No,Yes,Yes,One year,Yes,Electronic check,107.5,109.10714285714286
5251,Female,1,No,No,5.0,Yes,No,Fiber optic,No,No,No,No,No,No,Month-to-month,Yes,Mailed check,69.05,63.7
2985,Female,0,No,No,35.0,Yes,Yes,Fiber optic,Yes,Yes,Yes,Yes,Yes,Yes,Two year,Yes,Mailed check,113.2,111.83
1974,Male,0,Yes,No,11.0,Yes,Yes,Fiber optic,No,No,No,No,No,No,Month-to-month,Yes,Electronic check,74.95,75.06363636363636
5284,Female,1,No,No,5.0,No,No phone service,DSL,No,No,No,No,Yes,Yes,Month-to-month,No,Electronic check,45.7,39.6
67,Female,0,No,No,31.0,Yes,No,DSL,No,Yes,Yes,Yes,Yes,Yes,Two year,No,Mailed check,79.2,80.55483870967741
5312,Male,0,No,No,1.0,Yes,No,DSL,No,No,No,Yes,No,No,Month-to-month,No,Mailed check,51.25,51.25
5318,Female,0,Yes,Yes,32.0,Yes,No,DSL,Yes,Yes,Yes,Yes,No,Yes,Two year,No,Mailed check,73.6,72.4015625
2376,Male,0,No,No,11.0,Yes,No,DSL,No,Yes,No,No,Yes,No,One year,Yes,Electronic check,61.25,66.35909090909091
4381,Female,1,No,No,49.0,Yes,Yes,Fiber optic,No,No,Yes,No,No,Yes,Month-to-month,Yes,Credit card (automatic),90.85,92.16020408163266
6835,Male,0,Yes,No,67.0,Yes,Yes,Fiber optic,No,Yes,No,No,Yes,No,One year,Yes,Bank transfer (automatic),88.4,86.54179104477612
5579,Female,0,Yes,Yes,70.0,Yes,Yes,Fiber optic,Yes,Yes,Yes,Yes,No,No,Two year,No,Bank transfer (automatic),93.9,93.98642857142858
2617,Female,0,No,No,1.0,Yes,No,No,No internet service,No internet service,No internet service,No internet service,No internet service,No internet service,Month-to-month,Yes,Mailed check,19.6,19.6
725,Male,1,Yes,No,9.0,Yes,No,No,No internet service,No internet service,No internet service,No internet service,No internet service,No internet service,Month-to-month,Yes,Mailed check,21.25,22.727777777777778
2723,Male,0,No,No,21.0,Yes,No,No,No internet service,No internet service,No internet service,No internet service,No internet service,No internet service,Month-to-month,No,Credit card (automatic),20.5,19.183333333333334
3323,Female,0,No,Yes,28.0,Yes,No,No,No internet service,No internet service,No internet service,No internet service,No internet service,No internet service,Month-to-month,No,Mailed check,20.25,19.119642857142857
520,Male,0,Yes,Yes,67.0,Yes,Yes,Fiber optic,No,Yes,Yes,No,Yes,Yes,One year,Yes,Electronic check,105.4,104.32014925373134
6452,Male,0,No,No,15.0,Yes,Yes,Fiber optic,Yes,No,No,No,Yes,No,Month-to-month,Yes,Bank transfer (automatic),87.75,82.81333333333333
6012,Female,0,Yes,Yes,5.0,Yes,No,Fiber optic,No,Yes,No,No,No,Yes,Month-to-month,Yes,Electronic check,83.6,80.84
4836,Female,0,No,No,25.0,Yes,Yes,DSL,Yes,Yes,Yes,Yes,Yes,No,Month-to-month,Yes,Bank transfer (automatic),78.35,73.516
3403,Female,0,No,No,4.0,Yes,No,No,No internet service,No internet service,No internet service,No internet service,No internet service,No internet service,Month-to-month,No,Credit card (automatic),20.45,20.7125
6597,Female,0,No,No,7.0,Yes,No,DSL,No,No,No,Yes,Yes,Yes,Month-to-month,Yes,Credit card (automatic),70.75,64.4
3674,Female,0,No,No,1.0,Yes,No,DSL,No,No,No,No,No,No,Month-to-month,No,Electronic check,45.8,45.8
4905,Female,0,Yes,Yes,58.0,Yes,No,No,No internet service,No internet service,No internet service,No internet service,No internet service,No internet service,Two year,Yes,Mailed check,19.85,19.980172413793102
4431,Female,0,No,No,18.0,Yes,No,Fiber optic,No,No,No,No,No,No,Month-to-month,Yes,Electronic check,69.8,67.86944444444445
2736,Female,1,Yes,No,60.0,Yes,Yes,Fiber optic,No,Yes,No,No,No,Yes,Month-to-month,No,Electronic check,89.45,88.24333333333334
3275,Female,0,Yes,No,14.0,Yes,No,No,No internet service,No internet service,No internet service,No internet service,No internet service,No internet service,Two year,No,Mailed check,20.4,20.885714285714283
5802,Female,0,No,No,42.0,Yes,No,DSL,No,Yes,No,No,No,No,Month-to-month,Yes,Electronic check,49.55,49.474999999999994
2427,Male,0,No,No,1.0,No,No phone service,DSL,No,No,No,No,No,Yes,Month-to-month,No,Electronic check,35.9,35.9
5674,Female,0,Yes,Yes,64.0,No,No phone service,DSL,No,Yes,Yes,Yes,No,Yes,Two year,No,Electronic check,49.85,50.16171875
897,Female,0,No,No,53.0,Yes,Yes,Fiber optic,No,Yes,Yes,No,Yes,Yes,Two year,No,Electronic check,105.55,107.2122641509434
3301,Female,1,No,No,1.0,Yes,No,Fiber optic,No,No,No,No,No,No,Month-to-month,Yes,Electronic check,69.6,69.6
1246,Female,0,Yes,Yes,45.0,Yes,Yes,Fiber optic,Yes,Yes,No,No,Yes,Yes,Month-to-month,Yes,Electronic check,105.15,105.1311111111111
5762,Male,1,Yes,No,30.0,Yes,Yes,Fiber optic,Yes,Yes,Yes,Yes,Yes,No,Month-to-month,Yes,Bank transfer (automatic),105.7,106.06
5862,Female,0,No,No,17.0,Yes,No,Fiber optic,No,No,No,No,No,No,Month-to-month,No,Bank transfer (automatic),70.5,68.56470588235294
4292,Female,1,No,No,31.0,Yes,Yes,Fiber optic,No,No,No,No,No,No,Month-to-month,Yes,Electronic check,73.9,71.5209677419355
5047,Male,0,No,No,39.0,Yes,Yes,Fiber optic,No,No,No,No,No,No,Month-to-month,Yes,Credit card (automatic),73.15,70.02179487179487
1075,Female,0,Yes,Yes,59.0,Yes,Yes,Fiber optic,No,Yes,No,Yes,No,Yes,Month-to-month,Yes,Bank transfer (automatic),96.65,94.58983050847458
4063,Female,0,No,No,10.0,Yes,Yes,Fiber optic,No,Yes,Yes,No,No,Yes,Month-to-month,Yes,Electronic check,94.85,95.345
2353,Male,0,No,No,3.0,Yes,No,Fiber optic,No,No,No,No,No,Yes,Month-to-month,Yes,Electronic check,80.35,84.60000000000001
50,Female,1,No,No,43.0,Yes,Yes,Fiber optic,No,Yes,No,No,Yes,No,Month-to-month,Yes,Electronic check,90.25,89.27325581395348
4494,Male,0,No,No,3.0,Yes,No,Fiber optic,No,Yes,No,No,No,Yes,Month-to-month,No,Electronic check,84.3,78.35000000000001
5698,Male,0,Yes,Yes,21.0,Yes,Yes,Fiber optic,No,Yes,Yes,No,Yes,Yes,Month-to-month,No,Electronic check,104.4,102.7595238095238
3620,Male,1,Yes,No,33.0,No,No phone service,DSL,No,Yes,Yes,Yes,Yes,No,Month-to-month,Yes,Electronic check,50.0,53.056060606060605
2804,Male,0,Yes,No,9.0,No,No phone service,DSL,No,No,No,No,No,No,One year,No,Bank transfer (automatic),24.1,28.866666666666667
2171,Female,0,No,No,2.0,Yes,No,DSL,No,No,Yes,No,No,Yes,Month-to-month,No,Electronic check,60.85,55.7
3660,Male,0,No,No,7.0,No,No phone service,DSL,No,No,Yes,Yes,No,No,One year,Yes,Credit card (automatic),35.5,35.65
2031,Female,0,Yes,Yes,5.0,No,No phone service,DSL,No,No,No,No,No,No,Month-to-month,No,Mailed check,25.05,25.1
3916,Male,0,Yes,Yes,2.0,Yes,No,Fiber optic,No,No,No,No,No,No,Month-to-month,No,Mailed check,69.95,71.95
5604,Male,0,No,No,17.0,Yes,No,Fiber optic,No,No,No,No,No,No,Month-to-month,Yes,Electronic check,70.8,71.0
6405,Female,1,No,No,60.0,Yes,Yes,Fiber optic,Yes,No,No,No,Yes,Yes,One year,Yes,Bank transfer (automatic),101.4,102.94333333333334
468,Female,0,No,Yes,44.0,Yes,No,No,No internet service,No internet service,No internet service,No internet service,No internet service,No internet service,Two year,No,Mailed check,19.9,19.729545454545455
856,Male,0,No,No,72.0,Yes,Yes,DSL,Yes,Yes,No,Yes,Yes,Yes,Two year,No,Credit card (automatic),86.05,87.63402777777777
6682,Male,0,Yes,No,69.0,Yes,Yes,Fiber optic,No,Yes,No,Yes,Yes,No,Two year,Yes,Mailed check,92.45,93.63115942028986
4893,Male,0,No,No,2.0,Yes,No,DSL,No,No,No,No,No,No,Month-to-month,No,Mailed check,44.65,37.45
5474,Female,0,No,No,1.0,Yes,Yes,Fiber optic,No,No,No,No,Yes,No,Month-to-month,Yes,Electronic check,84.6,84.6
2870,Male,0,Yes,No,57.0,Yes,Yes,Fiber optic,No,No,Yes,Yes,Yes,Yes,Two year,No,Electronic check,107.95,104.73421052631579
2200,Female,0,No,No,19.0,Yes,No,DSL,No,Yes,No,No,Yes,No,One year,No,Electronic check,58.2,55.01315789473684
6676,Female,0,Yes,Yes,41.0,Yes,Yes,Fiber optic,Yes,Yes,No,No,Yes,No,Month-to-month,Yes,Bank transfer (automatic),94.3,94.96585365853659
1293,Male,0,Yes,Yes,67.0,Yes,Yes,Fiber optic,No,Yes,Yes,Yes,Yes,Yes,Two year,Yes,Bank transfer (automatic),111.2,112.4
773,Female,0,Yes,No,5.0,Yes,No,Fiber optic,Yes,No,Yes,No,No,Yes,Month-to-month,Yes,Mailed check,88.9,90.83
2324,Female,1,Yes,No,15.0,Yes,Yes,Fiber optic,No,No,Yes,Yes,No,No,Month-to-month,Yes,Electronic check,83.05,83.88666666666667
2115,Female,0,No,No,71.0,Yes,Yes,Fiber optic,Yes,Yes,Yes,Yes,Yes,Yes,Two year,Yes,Electronic check,118.65,119.40281690140846
3927,Male,0,Yes,No,3.0,Yes,No,No,No internet service,No internet service,No internet service,No internet service,No internet service,No internet service,Month-to-month,Yes,Credit card (automatic),20.55,17.05
6099,Female,0,Yes,Yes,71.0,Yes,Yes,No,No internet service,No internet service,No internet service,No internet service,No internet service,No internet service,Two year,No,Bank transfer (automatic),24.7,25.500704225352113
2535,Female,1,Yes,No,70.0,Yes,Yes,DSL,Yes,Yes,Yes,Yes,Yes,Yes,Two year,Yes,Bank transfer (automatic),92.2,92.49214285714285
5546,Male,0,No,No,4.0,No,No phone service,DSL,Yes,Yes,No,Yes,No,No,Month-to-month,No,Mailed check,42.4,36.6
4204,Male,1,No,No,5.0,Yes,No,Fiber optic,No,Yes,No,No,No,Yes,Month-to-month,Yes,Electronic check,85.55,81.7
5309,Female,0,Yes,No,61.0,Yes,No,No,No internet service,No internet service,No internet service,No internet service,No internet service,No internet service,Two year,No,Credit card (automatic),20.25,20.963934426229507
869,Male,0,No,Yes,3.0,Yes,Yes,No,No internet service,No internet service,No internet service,No internet service,No internet service,No internet service,Two year,Yes,Mailed check,26.4,40.416666666666664
1655,Female,0,Yes,Yes,3.0,Yes,No,DSL,No,No,No,No,No,No,Month-to-month,No,Mailed check,44.3,44.833333333333336
3262,Female,0,Yes,Yes,34.0,Yes,Yes,Fiber optic,No,No,Yes,No,Yes,No,Month-to-month,No,Electronic check,87.45,84.53382352941176
3075,Male,0,Yes,No,71.0,Yes,Yes,Fiber optic,No,Yes,Yes,No,Yes,Yes,One year,Yes,Bank transfer (automatic),105.7,105.24154929577465
5191,Female,0,Yes,Yes,23.0,Yes,Yes,DSL,Yes,Yes,Yes,Yes,Yes,Yes,Two year,Yes,Credit card (automatic),91.1,95.57826086956523
1055,Female,0,No,No,36.0,Yes,No,No,No internet service,No internet service,No internet service,No internet service,No internet service,No internet service,One year,No,Mailed check,19.55,17.243055555555557
6347,Male,0,Yes,No,15.0,Yes,No,Fiber optic,No,No,No,No,No,No,Month-to-month,Yes,Bank transfer (automatic),68.6,73.90666666666667
5958,Male,0,Yes,No,11.0,Yes,No,DSL,No,No,No,No,Yes,No,Month-to-month,Yes,Bank transfer (automatic),55.05,55.28636363636363
5123,Female,1,No,No,15.0,Yes,No,Fiber optic,No,Yes,No,No,No,No,Month-to-month,Yes,Credit card (automatic),75.3,76.49666666666667
6326,Female,0,No,No,62.0,No,No phone service,DSL,No,Yes,Yes,No,No,Yes,Two year,Yes,Credit card (automatic),43.6,44.33387096774193
151,Male,0,No,No,7.0,Yes,Yes,Fiber optic,No,No,No,No,Yes,Yes,Month-to-month,No,Mailed check,95.0,93.64285714285714
508,Female,0,Yes,Yes,6.0,Yes,Yes,Fiber optic,No,No,No,Yes,No,No,Month-to-month,Yes,Electronic check,80.5,83.80833333333334
234,Female,0,No,No,29.0,Yes,Yes,No,No internet service,No internet service,No internet service,No internet service,No internet service,No internet service,Month-to-month,No,Electronic check,25.15,24.20689655172414
467,Male,0,Yes,Yes,72.0,Yes,Yes,Fiber optic,No,Yes,No,No,Yes,No,One year,Yes,Electronic check,89.7,91.51319444444444
5890,Female,0,No,No,69.0,Yes,Yes,DSL,Yes,No,Yes,Yes,Yes,Yes,Two year,Yes,Credit card (automatic),85.35,85.4695652173913
1178,Male,0,No,No,15.0,Yes,No,Fiber optic,No,No,Yes,Yes,Yes,Yes,Month-to-month,Yes,Electronic check,101.35,103.59666666666666
4999,Female,0,Yes,Yes,16.0,Yes,No,No,No internet service,No internet service,No internet service,No internet service,No internet service,No internet service,Two year,No,Mailed check,19.7,18.846875
2890,Female,1,Yes,Yes,47.0,Yes,No,Fiber optic,No,No,No,No,No,No,Month-to-month,No,Bank transfer (automatic),70.55,70.40957446808511
6710,Female,0,Yes,Yes,48.0,Yes,No,DSL,Yes,No,Yes,Yes,Yes,No,One year,No,Bank transfer (automatic),69.7,62.99270833333333
1390,Female,0,Yes,Yes,72.0,Yes,No,DSL,Yes,Yes,Yes,No,No,Yes,Two year,No,Credit card (automatic),68.75,67.89166666666667
3612,Male,0,No,No,21.0,Yes,Yes,Fiber optic,No,No,No,No,No,No,Month-to-month,Yes,Electronic check,73.7,74.22380952380952
5197,Female,0,Yes,No,72.0,Yes,Yes,Fiber optic,No,Yes,Yes,Yes,Yes,Yes,Two year,Yes,Electronic check,110.15,111.09444444444445
562,Male,0,Yes,Yes,7.0,Yes,No,DSL,Yes,No,No,No,Yes,Yes,Month-to-month,No,Credit card (automatic),69.7,73.73571428571428
4558,Female,1,No,No,27.0,Yes,Yes,Fiber optic,No,No,No,No,No,Yes,Month-to-month,Yes,Electronic check,85.25,84.71296296296296
2679,Male,0,Yes,No,4.0,Yes,Yes,Fiber optic,No,No,No,No,No,No,Month-to-month,Yes,Electronic check,74.65,75.35
4811,Female,0,No,No,4.0,Yes,No,DSL,No,No,No,No,No,No,Month-to-month,Yes,Mailed check,46.0,48.4
2038,Female,0,Yes,Yes,26.0,Yes,No,Fiber optic,No,No,No,No,Yes,Yes,Month-to-month,Yes,Electronic check,90.8,90.83846153846154
6755,Male,0,No,No,42.0,Yes,Yes,Fiber optic,No,No,Yes,No,No,No,Month-to-month,No,Electronic check,79.9,78.89047619047619
5772,Male,0,Yes,Yes,69.0,Yes,Yes,DSL,No,Yes,Yes,Yes,Yes,Yes,Two year,Yes,Bank transfer (automatic),81.95,81.17971014492753
2322,Female,0,No,Yes,49.0,Yes,No,No,No internet service,No internet service,No internet service,No internet service,No internet service,No internet service,Two year,No,Credit card (automatic),20.45,20.91122448979592
1251,Female,0,No,No,1.0,Yes,No,Fiber optic,No,Yes,No,No,No,No,Month-to-month,No,Electronic check,75.8,75.8
4510,Female,0,No,No,38.0,Yes,Yes,DSL,No,Yes,No,Yes,No,Yes,Month-to-month,No,Credit card (automatic),68.15,69.90263157894738
3063,Female,0,No,No,37.0,Yes,Yes,Fiber optic,No,No,Yes,No,Yes,Yes,Month-to-month,Yes,Electronic check,100.05,102.98783783783784
172,Male,0,Yes,No,14.0,Yes,No,DSL,No,Yes,Yes,Yes,Yes,Yes,Two year,No,Mailed check,81.95,84.41071428571429
1651,Male,1,No,No,1.0,Yes,No,Fiber optic,No,No,No,No,Yes,No,Month-to-month,Yes,Electronic check,79.1,79.1
1355,Female,0,No,No,9.0,Yes,No,No,No internet service,No internet service,No internet service,No internet service,No internet service,No internet service,Month-to-month,Yes,Electronic check,19.5,19.87222222222222
6546,Male,0,No,No,24.0,Yes,No,DSL,Yes,No,No,No,No,No,Month-to-month,Yes,Electronic check,51.15,53.15416666666667
4561,Female,0,Yes,Yes,8.0,Yes,Yes,DSL,No,Yes,No,No,No,No,Month-to-month,No,Electronic check,55.75,55.85
1650,Female,0,No,No,1.0,Yes,Yes,Fiber optic,No,No,No,No,No,Yes,Month-to-month,No,Mailed check,85.8,85.8
4086,Female,0,Yes,No,72.0,Yes,Yes,DSL,Yes,Yes,Yes,Yes,Yes,No,Two year,No,Credit card (automatic),79.2,75.02638888888889
1283,Female,0,Yes,No,72.0,Yes,Yes,Fiber optic,Yes,No,Yes,No,Yes,Yes,Two year,Yes,Electronic check,105.5,104.77777777777777
6441,Female,0,Yes,Yes,17.0,Yes,No,DSL,Yes,No,No,Yes,No,No,Month-to-month,Yes,Credit card (automatic),55.35,54.14705882352941
5180,Female,0,No,No,68.0,No,No phone service,DSL,Yes,Yes,Yes,Yes,Yes,Yes,Two year,No,Credit card (automatic),64.35,66.75882352941177
3045,Female,0,Yes,No,48.0,Yes,No,DSL,No,Yes,Yes,No,No,Yes,One year,Yes,Electronic check,65.65,64.471875
477,Female,0,Yes,Yes,7.0,Yes,No,DSL,Yes,Yes,Yes,Yes,Yes,No,Month-to-month,Yes,Electronic check,75.7,79.14999999999999
3819,Male,0,No,No,46.0,No,No phone service,DSL,Yes,No,No,No,No,No,One year,Yes,Bank transfer (automatic),30.75,32.37608695652174
6351,Male,0,Yes,Yes,50.0,Yes,Yes,Fiber optic,No,Yes,No,Yes,Yes,Yes,Month-to-month,No,Electronic check,103.7,101.421
1328,Female,0,Yes,No,23.0,Yes,No,DSL,No,No,Yes,Yes,No,No,Month-to-month,No,Electronic check,54.25,53.11086956521739
6021,Female,0,Yes,Yes,13.0,Yes,No,No,No internet service,No internet service,No internet service,No internet service,No internet service,No internet service,Month-to-month,Yes,Mailed check,20.45,19.576923076923077
4493,Female,0,No,Yes,18.0,Yes,Yes,No,No internet service,No internet service,No internet service,No internet service,No internet service,No internet service,Two year,No,Credit card (automatic),25.3,25.258333333333333
1017,Female,0,No,No,64.0,Yes,Yes,No,No internet service,No internet service,No internet service,No internet service,No internet service,No internet service,One year,Yes,Bank transfer (automatic),24.4,25.01875
6222,Male,0,No,No,66.0,Yes,Yes,Fiber optic,No,Yes,No,No,No,Yes,Month-to-month,No,Credit card (automatic),89.4,90.5590909090909
323,Female,0,Yes,Yes,9.0,Yes,No,DSL,Yes,No,No,No,No,No,One year,No,Mailed check,48.6,46.922222222222224
2339,Female,1,No,No,21.0,Yes,Yes,Fiber optic,No,No,No,No,Yes,Yes,Month-to-month,Yes,Electronic check,94.25,93.98809523809524
3204,Male,0,No,Yes,40.0,Yes,No,No,No internet service,No internet service,No internet service,No internet service,No internet service,No internet service,One year,Yes,Bank transfer (automatic),20.4,21.3725
2413,Male,0,Yes,Yes,7.0,No,No phone service,DSL,Yes,No,Yes,Yes,No,Yes,Two year,No,Credit card (automatic),49.65,43.65
2135,Female,0,No,No,56.0,Yes,Yes,Fiber optic,Yes,Yes,No,No,Yes,Yes,Month-to-month,Yes,Credit card (automatic),106.6,105.24910714285714
5084,Female,0,Yes,Yes,22.0,Yes,No,No,No internet service,No internet service,No internet service,No internet service,No internet service,No internet service,One year,No,Bank transfer (automatic),20.75,20.561363636363637
166,Female,0,No,No,4.0,Yes,No,Fiber optic,No,No,No,No,No,No,Month-to-month,Yes,Bank transfer (automatic),70.9,68.25
7010,Female,1,Yes,No,1.0,Yes,Yes,Fiber optic,No,No,No,No,No,No,Month-to-month,Yes,Electronic check,74.45,74.45
6150,Male,0,No,No,32.0,Yes,No,Fiber optic,No,No,No,No,Yes,Yes,Month-to-month,No,Electronic check,91.05,89.734375
6087,Male,0,No,Yes,26.0,No,No phone service,DSL,No,Yes,No,No,Yes,No,One year,Yes,Bank transfer (automatic),39.95,39.375
4854,Male,0,Yes,Yes,18.0,No,No phone service,DSL,No,Yes,Yes,No,Yes,No,One year,No,Credit card (automatic),46.4,45.13333333333333
6787,Male,0,Yes,Yes,35.0,Yes,Yes,Fiber optic,No,Yes,Yes,Yes,Yes,Yes,Month-to-month,Yes,Electronic check,109.95,108.06857142857143
3295,Female,0,Yes,Yes,72.0,Yes,Yes,DSL,Yes,Yes,Yes,Yes,Yes,No,Two year,No,Bank transfer (automatic),80.2,79.36388888888888
1495,Female,0,Yes,Yes,52.0,Yes,Yes,Fiber optic,Yes,Yes,Yes,No,No,Yes,Month-to-month,No,Bank transfer (automatic),98.15,96.02692307692307
3962,Female,1,Yes,No,7.0,Yes,Yes,Fiber optic,No,No,No,No,No,Yes,Month-to-month,Yes,Electronic check,84.55,92.40714285714286
6664,Female,0,No,No,36.0,Yes,Yes,Fiber optic,No,Yes,Yes,No,Yes,Yes,One year,Yes,Bank transfer (automatic),104.8,107.95694444444445
3379,Female,0,No,No,2.0,Yes,No,No,No internet service,No internet service,No internet service,No internet service,No internet service,No internet service,Month-to-month,No,Mailed check,19.3,22.2
6067,Male,0,No,No,7.0,No,No phone service,DSL,Yes,No,Yes,No,No,No,One year,No,Mailed check,35.3,37.82857142857143
1197,Male,0,Yes,No,15.0,Yes,No,No,No internet service,No internet service,No internet service,No internet service,No internet service,No internet service,Month-to-month,Yes,Credit card (automatic),19.45,22.723333333333336
6288,Male,0,No,No,2.0,Yes,Yes,Fiber optic,No,Yes,No,No,No,No,Month-to-month,Yes,Electronic check,79.45,72.575
2050,Female,0,Yes,No,71.0,No,No phone service,DSL,Yes,Yes,Yes,Yes,No,No,Two year,Yes,Bank transfer (automatic),47.6,47.57464788732395
3786,Male,0,Yes,Yes,27.0,Yes,Yes,Fiber optic,No,No,No,No,No,No,Month-to-month,Yes,Bank transfer (automatic),75.75,71.44444444444444
4209,Male,0,Yes,Yes,44.0,Yes,No,DSL,No,Yes,No,Yes,No,No,Month-to-month,Yes,Bank transfer (automatic),54.9,57.934090909090905
1622,Female,0,Yes,No,46.0,Yes,No,DSL,Yes,Yes,No,Yes,No,Yes,One year,No,Mailed check,70.6,70.24021739130436
2013,Female,0,No,Yes,31.0,Yes,No,No,No internet service,No internet service,No internet service,No internet service,No internet service,No internet service,One year,No,Credit card (automatic),20.1,19.008064516129032
1967,Male,0,No,No,69.0,Yes,Yes,DSL,Yes,Yes,Yes,Yes,No,Yes,One year,Yes,Credit card (automatic),78.6,77.62971014492753
1922,Male,0,Yes,Yes,25.0,Yes,Yes,DSL,No,No,No,No,Yes,No,Month-to-month,No,Electronic check,60.35,56.18600000000001
5590,Male,0,Yes,Yes,25.0,Yes,No,No,No internet service,No internet service,No internet service,No internet service,No internet service,No internet service,Month-to-month,Yes,Mailed check,19.15,19.104
1422,Female,0,Yes,Yes,70.0,Yes,Yes,Fiber optic,Yes,Yes,Yes,Yes,Yes,Yes,Two year,Yes,Credit card (automatic),113.05,112.415
998,Male,0,Yes,No,72.0,Yes,No,No,No internet service,No internet service,No internet service,No internet service,No internet service,No internet service,Two year,No,Bank transfer (automatic),20.7,20.72361111111111
134,Male,0,No,No,2.0,Yes,No,DSL,No,No,No,No,No,No,Month-to-month,No,Electronic check,44.35,40.625
2087,Female,0,No,No,4.0,No,No phone service,DSL,Yes,Yes,No,No,No,No,Month-to-month,Yes,Electronic check,33.65,34.4625
3800,Female,0,No,Yes,66.0,Yes,Yes,Fiber optic,Yes,No,Yes,Yes,No,No,Two year,Yes,Credit card (automatic),90.95,89.84924242424243
5774,Male,0,No,No,5.0,Yes,No,DSL,No,Yes,No,Yes,No,Yes,Month-to-month,Yes,Bank transfer (automatic),65.6,67.97999999999999
857,Male,0,No,No,1.0,Yes,No,DSL,No,Yes,No,No,No,No,Month-to-month,No,Electronic check,50.8,50.8
3772,Male,0,Yes,No,1.0,Yes,No,Fiber optic,Yes,No,No,No,Yes,Yes,Month-to-month,Yes,Electronic check,95.0,95.0
6789,Female,0,No,No,1.0,Yes,No,No,No internet service,No internet service,No internet service,No internet service,No internet service,No internet service,Month-to-month,Yes,Mailed check,20.2,20.2
3450,Male,1,Yes,No,70.0,Yes,Yes,Fiber optic,No,Yes,Yes,No,Yes,Yes,One year,Yes,Electronic check,104.8,104.41357142857143
6671,Female,0,Yes,No,59.0,Yes,No,Fiber optic,No,Yes,No,Yes,Yes,Yes,Two year,Yes,Mailed check,100.05,102.285593220339
224,Female,0,No,No,12.0,Yes,No,No,No internet service,No internet service,No internet service,No internet service,No internet service,No internet service,One year,Yes,Bank transfer (automatic),19.35,18.279166666666665
2374,Male,0,No,No,2.0,Yes,No,No,No internet service,No internet service,No internet service,No internet service,No internet service,No internet service,Month-to-month,No,Mailed check,19.4,25.3
5688,Male,0,Yes,Yes,41.0,Yes,No,No,No internet service,No internet service,No internet service,No internet service,No internet service,No internet service,Two year,Yes,Mailed check,20.0,21.458536585365852
6668,Female,0,No,No,38.0,Yes,Yes,Fiber optic,No,No,Yes,Yes,Yes,Yes,Month-to-month,Yes,Electronic check,103.65,104.96052631578948
2766,Female,0,Yes,No,64.0,Yes,Yes,Fiber optic,Yes,Yes,Yes,Yes,Yes,Yes,One year,Yes,Electronic check,115.0,115.56484375
3527,Male,0,Yes,No,1.0,Yes,Yes,Fiber optic,No,No,No,No,No,No,Month-to-month,Yes,Bank transfer (automatic),74.6,74.6
365,Male,0,No,No,5.0,Yes,No,Fiber optic,No,No,Yes,No,Yes,Yes,Month-to-month,No,Bank transfer (automatic),96.5,98.51
2995,Female,0,No,No,1.0,No,No phone service,DSL,No,No,No,No,No,No,Month-to-month,No,Bank transfer (automatic),25.25,25.25
6916,Male,0,No,Yes,44.0,Yes,No,No,No internet service,No internet service,No internet service,No internet service,No internet service,No internet service,Two year,No,Bank transfer (automatic),19.55,18.635227272727274
3004,Male,0,Yes,Yes,1.0,Yes,No,Fiber optic,No,No,No,No,Yes,Yes,Month-to-month,No,Mailed check,89.15,89.15
5518,Male,0,Yes,Yes,30.0,Yes,Yes,Fiber optic,Yes,Yes,No,No,Yes,No,Month-to-month,Yes,Electronic check,94.4,94.62333333333332
3611,Male,0,No,No,41.0,Yes,No,Fiber optic,No,Yes,No,Yes,Yes,Yes,Two year,Yes,Credit card (automatic),99.65,102.93536585365854
2178,Male,0,Yes,No,53.0,Yes,No,No,No internet service,No internet service,No internet service,No internet service,No internet service,No internet service,Two year,No,Credit card (automatic),19.9,20.944339622641508
5742,Male,1,Yes,No,72.0,Yes,Yes,Fiber optic,Yes,Yes,Yes,Yes,Yes,Yes,Two year,Yes,Mailed check,114.5,115.7215277777778
2442,Male,1,No,No,7.0,Yes,Yes,Fiber optic,No,No,No,No,Yes,No,Month-to-month,Yes,Electronic check,84.8,78.13571428571429
614,Male,0,No,No,50.0,Yes,Yes,DSL,No,No,Yes,Yes,No,Yes,Two year,No,Bank transfer (automatic),69.5,68.36399999999999
594,Male,0,No,No,1.0,Yes,No,DSL,No,No,No,No,No,No,Month-to-month,No,Mailed check,45.6,45.6
5532,Female,0,No,No,31.0,Yes,No,No,No internet service,No internet service,No internet service,No internet service,No internet service,No internet service,Two year,No,Credit card (automatic),20.9,22.23709677419355
515,Male,0,No,No,40.0,Yes,Yes,Fiber optic,No,No,Yes,Yes,Yes,Yes,Month-to-month,No,Bank transfer (automatic),104.8,103.29875
4131,Female,0,No,No,1.0,Yes,No,No,No internet service,No internet service,No internet service,No internet service,No internet service,No internet service,Month-to-month,Yes,Mailed check,20.25,20.25
6162,Female,1,Yes,No,60.0,No,No phone service,DSL,No,Yes,No,No,Yes,Yes,Two year,Yes,Credit card (automatic),49.45,48.45916666666667
2198,Female,0,Yes,Yes,17.0,Yes,Yes,DSL,No,No,Yes,Yes,No,No,One year,Yes,Mailed check,61.95,62.98235294117647
1290,Male,1,Yes,No,72.0,Yes,Yes,DSL,Yes,Yes,Yes,No,Yes,Yes,Two year,No,Credit card (automatic),84.45,81.94236111111111
5409,Female,1,No,No,26.0,Yes,Yes,Fiber optic,No,Yes,No,No,Yes,No,Month-to-month,Yes,Electronic check,89.15,87.60192307692309
3455,Male,0,No,No,1.0,Yes,No,Fiber optic,No,No,No,No,Yes,Yes,Month-to-month,Yes,Electronic check,90.55,90.55
3224,Female,0,No,No,7.0,Yes,Yes,DSL,No,No,No,Yes,Yes,Yes,Month-to-month,Yes,Electronic check,74.65,74.44285714285715
1954,Male,0,No,No,1.0,Yes,Yes,Fiber optic,No,No,No,No,No,No,Month-to-month,Yes,Electronic check,75.45,75.45
5637,Male,0,Yes,Yes,64.0,Yes,Yes,Fiber optic,No,No,Yes,No,No,Yes,One year,No,Credit card (automatic),90.25,87.95546875
4312,Male,0,Yes,Yes,33.0,Yes,No,DSL,No,Yes,Yes,Yes,Yes,Yes,Two year,No,Credit card (automatic),82.1,78.88181818181818
1758,Female,0,No,No,68.0,Yes,No,No,No internet service,No internet service,No internet service,No internet service,No internet service,No internet service,Two year,No,Bank transfer (automatic),20.05,20.39558823529412
1804,Female,0,Yes,Yes,34.0,Yes,No,No,No internet service,No internet service,No internet service,No internet service,No internet service,No internet service,Month-to-month,No,Mailed check,20.65,21.070588235294117
5866,Male,0,No,No,3.0,Yes,No,No,No internet service,No internet service,No internet service,No internet service,No internet service,No internet service,Month-to-month,Yes,Mailed check,19.65,22.78333333333333
6034,Female,0,No,No,7.0,Yes,No,No,No internet service,No internet service,No internet service,No internet service,No internet service,No internet service,One year,No,Mailed check,20.25,18.45
5923,Female,0,No,No,6.0,Yes,No,Fiber optic,No,No,Yes,Yes,No,Yes,Month-to-month,Yes,Electronic check,89.25,81.175
3416,Male,0,No,Yes,12.0,Yes,No,DSL,Yes,No,No,No,Yes,Yes,Month-to-month,Yes,Mailed check,69.85,69.79166666666667
974,Female,0,Yes,Yes,59.0,Yes,No,DSL,No,Yes,No,Yes,Yes,Yes,Two year,Yes,Credit card (automatic),75.95,76.98898305084747
6028,Male,0,Yes,No,12.0,Yes,No,Fiber optic,Yes,No,No,Yes,No,No,Month-to-month,No,Bank transfer (automatic),80.85,72.20416666666667
1452,Male,1,No,No,52.0,No,No phone service,DSL,Yes,No,No,No,Yes,Yes,Month-to-month,Yes,Credit card (automatic),48.8,49.135576923076925
6413,Female,0,Yes,Yes,32.0,Yes,Yes,Fiber optic,No,No,Yes,No,No,Yes,Month-to-month,Yes,Bank transfer (automatic),91.05,92.328125
6722,Female,1,Yes,No,67.0,Yes,Yes,Fiber optic,Yes,No,Yes,No,Yes,Yes,One year,Yes,Credit card (automatic),107.05,106.6044776119403
5577,Male,0,No,No,51.0,Yes,No,No,No internet service,No internet service,No internet service,No internet service,No internet service,No internet service,One year,No,Electronic check,19.1,19.76078431372549
2588,Female,0,No,No,8.0,Yes,No,DSL,No,No,No,Yes,No,No,Month-to-month,No,Electronic check,49.4,51.03125
1029,Female,1,Yes,Yes,3.0,Yes,No,Fiber optic,Yes,No,No,Yes,Yes,No,Month-to-month,Yes,Mailed check,88.3,91.25
2685,Female,0,Yes,No,72.0,Yes,Yes,Fiber optic,Yes,Yes,Yes,No,Yes,No,Two year,No,Bank transfer (automatic),100.65,101.86180555555556
4900,Male,1,Yes,No,37.0,Yes,Yes,Fiber optic,No,No,No,No,Yes,No,Month-to-month,Yes,Electronic check,85.7,85.70675675675676
2066,Male,0,Yes,Yes,64.0,Yes,Yes,No,No internet service,No internet service,No internet service,No internet service,No internet service,No internet service,Two year,Yes,Mailed check,24.8,23.66953125
5583,Female,1,Yes,No,26.0,Yes,No,Fiber optic,No,Yes,No,No,No,Yes,Month-to-month,No,Electronic check,84.95,83.45192307692308
5991,Male,0,No,No,16.0,Yes,No,Fiber optic,Yes,No,No,No,Yes,Yes,Month-to-month,Yes,Electronic check,94.25,92.703125
171,Female,0,Yes,No,2.0,Yes,Yes,Fiber optic,No,No,Yes,Yes,Yes,Yes,Month-to-month,Yes,Electronic check,104.4,121.4
4406,Female,0,No,No,37.0,Yes,Yes,DSL,Yes,Yes,Yes,Yes,Yes,No,Month-to-month,Yes,Credit card (automatic),78.9,80.4581081081081
4375,Male,0,No,No,66.0,Yes,Yes,Fiber optic,Yes,Yes,Yes,Yes,Yes,Yes,One year,Yes,Bank transfer (automatic),114.3,111.87424242424242
2615,Female,0,No,No,72.0,Yes,Yes,DSL,Yes,Yes,Yes,Yes,Yes,Yes,Two year,Yes,Bank transfer (automatic),91.35,93.01666666666667
1891,Female,1,No,No,1.0,Yes,No,DSL,No,No,No,No,No,No,Month-to-month,No,Mailed check,45.1,45.1
2483,Male,1,Yes,Yes,46.0,Yes,Yes,Fiber optic,Yes,Yes,Yes,No,Yes,No,Month-to-month,Yes,Electronic check,100.7,98.72173913043478
1534,Female,0,Yes,Yes,69.0,Yes,No,No,No internet service,No internet service,No internet service,No internet service,No internet service,No internet service,Two year,No,Credit card (automatic),19.8,20.82536231884058
5404,Female,0,No,No,46.0,Yes,No,Fiber optic,Yes,Yes,Yes,No,Yes,No,One year,Yes,Credit card (automatic),95.65,101.39565217391304
2463,Male,0,Yes,No,8.0,Yes,Yes,Fiber optic,No,No,No,No,No,Yes,Month-to-month,Yes,Bank transfer (automatic),85.65,82.43125
2555,Female,0,No,No,8.0,Yes,No,DSL,Yes,No,No,No,Yes,No,Month-to-month,Yes,Electronic check,60.0,60.96875
1837,Male,0,No,No,1.0,Yes,No,No,No internet service,No internet service,No internet service,No internet service,No internet service,No internet service,Month-to-month,No,Bank transfer (automatic),20.05,20.05
5513,Female,1,No,No,67.0,Yes,No,Fiber optic,Yes,Yes,No,Yes,Yes,No,Two year,Yes,Bank transfer (automatic),92.45,91.65447761194031
1108,Female,0,No,No,69.0,Yes,Yes,No,No internet service,No internet service,No internet service,No internet service,No internet service,No internet service,Two year,No,Credit card (automatic),24.6,24.319565217391304
1194,Female,0,No,No,14.0,Yes,No,DSL,No,Yes,No,No,No,No,Month-to-month,No,Electronic check,50.45,54.675000000000004
283,Female,0,No,No,68.0,Yes,Yes,DSL,Yes,No,No,No,No,No,Month-to-month,No,Mailed check,54.45,54.231617647058826
6683,Male,0,No,No,43.0,No,No phone service,DSL,No,No,Yes,Yes,No,Yes,One year,No,Electronic check,44.15,44.913953488372094
4689,Female,0,No,No,2.0,Yes,No,No,No internet service,No internet service,No internet service,No internet service,No internet service,No internet service,Month-to-month,No,Electronic check,19.9,28.7
794,Female,0,No,No,6.0,No,No phone service,DSL,No,No,No,No,Yes,Yes,Month-to-month,No,Credit card (automatic),45.0,49.78333333333333
3288,Female,0,Yes,Yes,13.0,Yes,No,No,No internet service,No internet service,No internet service,No internet service,No internet service,No internet service,Two year,No,Mailed check,20.85,20.950000000000003
1507,Male,0,No,No,54.0,Yes,No,No,No internet service,No internet service,No internet service,No internet service,No internet service,No internet service,Two year,No,Credit card (automatic),19.65,18.67962962962963
5447,Female,0,No,No,3.0,Yes,No,DSL,No,No,No,No,No,No,Month-to-month,No,Mailed check,44.75,49.35
5920,Female,1,No,No,26.0,Yes,No,Fiber optic,No,No,No,No,No,Yes,Month-to-month,Yes,Electronic check,78.8,77.1576923076923
5340,Female,0,No,No,38.0,Yes,Yes,DSL,Yes,Yes,Yes,No,Yes,Yes,One year,No,Bank transfer (automatic),84.1,83.88552631578948
1570,Female,0,Yes,Yes,23.0,Yes,No,No,No internet service,No internet service,No internet service,No internet service,No internet service,No internet service,Two year,No,Bank transfer (automatic),20.4,20.815217391304348
5882,Female,0,Yes,Yes,14.0,Yes,No,No,No internet service,No internet service,No internet service,No internet service,No internet service,No internet service,Two year,Yes,Mailed check,19.7,18.832142857142856
5320,Male,0,No,Yes,37.0,Yes,No,DSL,Yes,Yes,No,Yes,No,No,Two year,No,Credit card (automatic),61.45,62.225675675675674
4052,Female,1,No,No,30.0,No,No phone service,DSL,No,No,Yes,No,Yes,No,Month-to-month,Yes,Electronic check,40.3,39.098333333333336
5468,Female,0,No,No,7.0,Yes,No,Fiber optic,No,No,No,No,Yes,No,Month-to-month,Yes,Electronic check,79.7,83.72142857142856
1436,Female,0,No,No,2.0,Yes,Yes,Fiber optic,No,No,Yes,No,Yes,No,Month-to-month,Yes,Electronic check,91.4,96.8
5065,Male,1,No,No,33.0,Yes,Yes,No,No internet service,No internet service,No internet service,No internet service,No internet service,No internet service,One year,Yes,Bank transfer (automatic),24.9,25.690909090909088
3816,Male,1,Yes,Yes,50.0,Yes,Yes,DSL,Yes,Yes,Yes,No,No,Yes,Two year,Yes,Bank transfer (automatic),75.15,76.449
1674,Female,0,Yes,Yes,23.0,Yes,Yes,No,No internet service,No internet service,No internet service,No internet service,No internet service,No internet service,Two year,No,Mailed check,25.1,26.584782608695654
4786,Male,0,No,No,72.0,Yes,Yes,Fiber optic,No,Yes,Yes,No,Yes,Yes,Two year,Yes,Electronic check,103.65,106.03888888888889
5050,Male,0,Yes,No,66.0,Yes,Yes,Fiber optic,Yes,No,Yes,No,Yes,Yes,Two year,Yes,Credit card (automatic),106.05,105.7780303030303
6080,Male,0,No,No,1.0,No,No phone service,DSL,Yes,No,No,No,No,No,Month-to-month,No,Mailed check,29.7,29.7
7020,Male,0,Yes,Yes,12.0,Yes,No,No,No internet service,No internet service,No internet service,No internet service,No internet service,No internet service,Month-to-month,Yes,Electronic check,19.2,19.916666666666668
3235,Female,0,No,No,61.0,No,No phone service,DSL,Yes,Yes,Yes,Yes,No,No,One year,No,Credit card (automatic),43.7,44.205737704918036
6621,Female,0,Yes,Yes,46.0,Yes,No,No,No internet service,No internet service,No internet service,No internet service,No internet service,No internet service,Two year,No,Credit card (automatic),19.4,20.829347826086956
2596,Female,0,Yes,Yes,21.0,Yes,No,DSL,No,Yes,No,No,Yes,No,One year,Yes,Credit card (automatic),58.85,57.87857142857143
6949,Male,0,Yes,Yes,32.0,No,No phone service,DSL,No,No,Yes,Yes,No,No,One year,Yes,Mailed check,36.25,35.9703125
6648,Female,0,Yes,Yes,20.0,Yes,No,No,No internet service,No internet service,No internet service,No internet service,No internet service,No internet service,Month-to-month,No,Mailed check,20.05,20.302500000000002
6500,Female,0,No,No,21.0,No,No phone service,DSL,Yes,No,No,Yes,No,No,Two year,No,Mailed check,35.1,36.68571428571428
1244,Female,0,No,No,15.0,Yes,No,No,No internet service,No internet service,No internet service,No internet service,No internet service,No internet service,Month-to-month,No,Bank transfer (automatic),19.4,19.28666666666667
3049,Female,0,No,No,3.0,Yes,No,No,No internet service,No internet service,No internet service,No internet service,No internet service,No internet service,Month-to-month,No,Electronic check,19.75,19.616666666666667
910,Male,1,No,No,10.0,Yes,No,Fiber optic,No,Yes,No,No,No,No,Month-to-month,Yes,Electronic check,72.85,68.865
5265,Female,0,No,No,66.0,Yes,Yes,Fiber optic,No,Yes,No,No,Yes,No,One year,Yes,Bank transfer (automatic),88.9,90.91060606060607
2769,Female,0,No,No,15.0,Yes,No,No,No internet service,No internet service,No internet service,No internet service,No internet service,No internet service,Month-to-month,No,Bank transfer (automatic),19.75,19.82
42,Female,0,Yes,Yes,17.0,Yes,No,No,No internet service,No internet service,No internet service,No internet service,No internet service,No internet service,One year,No,Mailed check,20.75,24.602941176470587
3600,Male,1,Yes,Yes,51.0,Yes,Yes,Fiber optic,No,Yes,Yes,No,No,No,Month-to-month,Yes,Electronic check,84.2,81.29509803921569
5380,Male,0,No,No,2.0,Yes,No,Fiber optic,No,No,No,No,Yes,No,Month-to-month,Yes,Electronic check,80.25,72.275
0,Female,0,Yes,No,1.0,No,No phone service,DSL,No,Yes,No,No,No,No,Month-to-month,Yes,Electronic check,29.85,29.85
772,Female,0,No,No,1.0,Yes,No,No,No internet service,No internet service,No internet service,No internet service,No internet service,No internet service,Month-to-month,No,Mailed check,19.9,19.9
2340,Female,0,Yes,Yes,48.0,No,No phone service,DSL,Yes,No,Yes,No,No,Yes,One year,No,Credit card (automatic),45.0,45.75625
3003,Male,0,No,Yes,27.0,Yes,Yes,Fiber optic,No,No,No,Yes,No,No,Month-to-month,Yes,Electronic check,79.5,80.76111111111112
1626,Male,0,No,No,20.0,Yes,Yes,DSL,Yes,No,No,Yes,No,No,Month-to-month,No,Bank transfer (automatic),59.2,59.56
1161,Male,0,No,Yes,1.0,No,No phone service,DSL,No,Yes,No,No,No,No,Month-to-month,Yes,Mailed check,31.35,31.35
360,Male,0,No,Yes,5.0,Yes,No,No,No internet service,No internet service,No internet service,No internet service,No internet service,No internet service,Month-to-month,No,Mailed check,20.2,16.75
6782,Female,0,No,No,11.0,Yes,No,DSL,No,Yes,No,No,No,No,Month-to-month,No,Electronic check,51.1,48.28636363636363
703,Female,0,No,No,2.0,Yes,No,No,No internet service,No internet service,No internet service,No internet service,No internet service,No internet service,Month-to-month,Yes,Mailed check,20.55,16.8
3629,Male,0,Yes,Yes,17.0,Yes,Yes,No,No internet service,No internet service,No internet service,No internet service,No internet service,No internet service,Two year,Yes,Mailed check,25.15,24.27058823529412
4989,Female,0,No,Yes,7.0,No,No phone service,DSL,Yes,No,No,No,No,No,Month-to-month,No,Mailed check,29.8,28.849999999999998
6874,Female,0,Yes,No,31.0,Yes,No,DSL,No,No,No,Yes,No,No,Month-to-month,Yes,Mailed check,49.2,48.34032258064516
6824,Female,1,No,No,66.0,Yes,Yes,Fiber optic,No,Yes,No,No,No,No,Month-to-month,Yes,Credit card (automatic),80.45,79.15681818181818
2577,Female,0,No,No,1.0,Yes,Yes,Fiber optic,No,No,No,No,Yes,Yes,Month-to-month,Yes,Electronic check,94.6,94.6
1460,Male,0,No,No,5.0,Yes,Yes,Fiber optic,No,Yes,Yes,No,No,No,Month-to-month,Yes,Electronic check,85.3,84.83
359,Male,0,Yes,Yes,42.0,Yes,Yes,Fiber optic,Yes,No,No,No,Yes,Yes,One year,No,Electronic check,97.1,95.63690476190476
4067,Female,0,Yes,No,68.0,Yes,No,DSL,Yes,Yes,No,Yes,Yes,Yes,Two year,Yes,Bank transfer (automatic),79.6,81.11470588235295
4137,Female,0,Yes,Yes,12.0,Yes,No,No,No internet service,No internet service,No internet service,No internet service,No internet service,No internet service,Month-to-month,Yes,Credit card (automatic),20.1,19.366666666666667
2821,Male,1,Yes,No,1.0,Yes,Yes,Fiber optic,No,No,No,No,No,No,Month-to-month,Yes,Electronic check,74.4,74.4
2830,Male,0,No,No,60.0,Yes,No,DSL,Yes,Yes,Yes,No,No,No,Two year,No,Electronic check,61.4,60.6375
308,Male,1,Yes,Yes,38.0,Yes,Yes,Fiber optic,No,Yes,No,No,Yes,Yes,Month-to-month,No,Electronic check,101.15,98.46973684210526
6741,Female,0,No,No,12.0,Yes,No,Fiber optic,No,No,Yes,No,Yes,Yes,Month-to-month,Yes,Electronic check,96.0,88.50833333333333
5701,Female,0,Yes,Yes,15.0,Yes,No,DSL,No,Yes,Yes,Yes,Yes,Yes,Month-to-month,No,Bank transfer (automatic),76.5,77.03999999999999
1484,Female,1,Yes,No,71.0,Yes,No,Fiber optic,No,Yes,Yes,No,Yes,Yes,Two year,Yes,Electronic check,99.2,101.60211267605634
7007,Male,1,Yes,No,72.0,No,No phone service,DSL,Yes,Yes,Yes,Yes,Yes,Yes,Two year,Yes,Bank transfer (automatic),63.1,65.07708333333333
2145,Male,0,No,No,11.0,Yes,No,Fiber optic,No,No,Yes,No,No,No,Month-to-month,No,Electronic check,72.9,74.40454545454546
502,Female,0,Yes,Yes,70.0,Yes,Yes,DSL,Yes,No,No,No,No,Yes,One year,No,Bank transfer (automatic),65.2,64.90214285714285
6479,Female,0,No,No,1.0,Yes,No,DSL,No,No,No,No,Yes,No,Month-to-month,Yes,Credit card (automatic),55.0,55.0
6198,Male,0,Yes,Yes,25.0,Yes,Yes,No,No internet service,No internet service,No internet service,No internet service,No internet service,No internet service,Two year,No,Credit card (automatic),25.5,25.224
4336,Female,1,No,No,72.0,Yes,Yes,Fiber optic,Yes,Yes,No,Yes,Yes,Yes,Two year,Yes,Bank transfer (automatic),110.1,107.59305555555555
2391,Male,0,No,No,8.0,Yes,Yes,DSL,No,No,No,No,Yes,No,Month-to-month,Yes,Electronic check,59.25,54.575
3542,Male,0,Yes,Yes,29.0,No,No phone service,DSL,Yes,Yes,Yes,Yes,No,Yes,One year,Yes,Credit card (automatic),55.35,56.44655172413793
6841,Male,0,No,No,5.0,Yes,No,DSL,Yes,No,No,Yes,No,No,Month-to-month,Yes,Mailed check,55.75,53.39
735,Male,0,Yes,Yes,32.0,No,No phone service,DSL,No,No,Yes,No,Yes,Yes,Month-to-month,No,Credit card (automatic),50.6,51.6703125
1813,Male,0,No,No,1.0,Yes,No,DSL,No,No,Yes,Yes,Yes,Yes,Month-to-month,Yes,Electronic check,75.5,75.5
819,Male,0,Yes,No,70.0,Yes,Yes,Fiber optic,Yes,Yes,No,Yes,No,No,Two year,Yes,Credit card (automatic),88.0,85.52071428571428
6609,Male,0,No,No,1.0,Yes,No,No,No internet service,No internet service,No internet service,No internet service,No internet service,No internet service,Month-to-month,Yes,Mailed check,20.1,20.1
518,Female,1,Yes,No,27.0,Yes,No,Fiber optic,Yes,No,No,No,No,No,Month-to-month,Yes,Bank transfer (automatic),75.2,71.4574074074074
1667,Male,0,No,No,14.0,Yes,Yes,No,No internet service,No internet service,No internet service,No internet service,No internet service,No internet service,One year,Yes,Credit card (automatic),24.8,22.978571428571428
2570,Male,0,Yes,No,30.0,Yes,Yes,Fiber optic,No,No,No,No,Yes,Yes,Month-to-month,Yes,Credit card (automatic),94.05,95.54833333333333
6624,Male,0,Yes,Yes,64.0,No,No phone service,DSL,Yes,No,Yes,Yes,Yes,Yes,Two year,Yes,Bank transfer (automatic),60.05,60.08515625
4657,Male,0,Yes,No,42.0,No,No phone service,DSL,No,No,No,No,No,No,Month-to-month,Yes,Credit card (automatic),25.1,26.12261904761905
5573,Female,1,No,No,1.0,Yes,No,Fiber optic,No,No,No,No,No,No,Month-to-month,Yes,Electronic check,69.85,69.85
1740,Male,0,Yes,Yes,40.0,Yes,No,No,No internet service,No internet service,No internet service,No internet service,No internet service,No internet service,Month-to-month,Yes,Bank transfer (automatic),20.4,18.6325
2243,Female,1,Yes,No,66.0,Yes,Yes,Fiber optic,No,Yes,No,No,Yes,Yes,Month-to-month,Yes,Electronic check,100.8,101.375
5375,Female,0,No,No,1.0,Yes,No,DSL,No,No,No,Yes,No,No,Month-to-month,Yes,Electronic check,50.8,50.8
3002,Male,0,No,No,27.0,Yes,No,DSL,Yes,No,Yes,Yes,Yes,Yes,One year,No,Electronic check,81.7,81.9462962962963
259,Female,1,Yes,No,29.0,No,No phone service,DSL,Yes,No,Yes,No,No,Yes,Month-to-month,Yes,Electronic check,45.0,42.36724137931035
145,Female,0,Yes,Yes,65.0,Yes,Yes,Fiber optic,Yes,Yes,No,Yes,Yes,No,Two year,Yes,Credit card (automatic),99.05,98.71846153846154
4106,Female,1,Yes,No,24.0,Yes,Yes,Fiber optic,No,No,No,No,Yes,Yes,Month-to-month,Yes,Electronic check,93.55,94.33541666666667
588,Male,0,Yes,No,72.0,Yes,Yes,Fiber optic,Yes,Yes,Yes,No,No,Yes,Two year,Yes,Electronic check,99.15,103.08472222222223
4919,Male,0,Yes,No,70.0,No,No phone service,DSL,Yes,No,Yes,Yes,No,No,Two year,Yes,Credit card (automatic),39.15,38.46785714285714
4779,Female,0,Yes,No,19.0,Yes,No,Fiber optic,No,No,Yes,No,Yes,Yes,Month-to-month,Yes,Electronic check,96.8,91.73947368421052
1192,Male,0,No,No,7.0,Yes,Yes,Fiber optic,No,No,Yes,No,Yes,No,Month-to-month,Yes,Electronic check,90.45,84.77857142857144
3264,Female,0,No,Yes,10.0,Yes,No,Fiber optic,No,No,Yes,Yes,Yes,No,Month-to-month,Yes,Electronic check,91.1,96.435
4611,Female,0,Yes,No,72.0,Yes,Yes,No,No internet service,No internet service,No internet service,No internet service,No internet service,No internet service,Two year,Yes,Credit card (automatic),24.15,24.672916666666666
3529,Male,1,Yes,No,2.0,Yes,No,Fiber optic,No,No,Yes,No,No,No,Month-to-month,Yes,Electronic check,74.2,70.05
1611,Female,0,Yes,No,72.0,Yes,Yes,DSL,Yes,Yes,Yes,Yes,Yes,Yes,Two year,Yes,Bank transfer (automatic),90.95,89.84166666666667
5668,Female,1,Yes,No,39.0,Yes,Yes,Fiber optic,No,No,No,Yes,Yes,Yes,Month-to-month,Yes,Electronic check,101.25,101.26025641025642
5743,Female,1,No,No,38.0,Yes,No,No,No internet service,No internet service,No internet service,No internet service,No internet service,No internet service,Two year,No,Mailed check,20.2,19.36578947368421
482,Female,1,No,No,20.0,Yes,No,Fiber optic,No,No,No,No,No,Yes,Month-to-month,Yes,Electronic check,81.45,83.58
1264,Male,0,Yes,Yes,69.0,Yes,No,Fiber optic,No,No,No,Yes,Yes,Yes,Two year,Yes,Credit card (automatic),95.2,96.69130434782609
929,Female,0,Yes,Yes,30.0,Yes,No,Fiber optic,No,No,Yes,No,No,Yes,One year,No,Electronic check,86.45,84.60166666666667
3363,Male,0,Yes,No,57.0,No,No phone service,DSL,No,Yes,Yes,Yes,Yes,Yes,Two year,Yes,Bank transfer (automatic),57.5,57.29736842105263
3150,Male,0,No,No,17.0,No,No phone service,DSL,No,No,No,No,No,No,Month-to-month,Yes,Mailed check,25.65,25.894117647058824
6832,Female,0,Yes,Yes,53.0,Yes,No,No,No internet service,No internet service,No internet service,No internet service,No internet service,No internet service,Two year,No,Mailed check,20.9,21.623584905660376
1022,Female,1,No,No,5.0,Yes,No,Fiber optic,No,Yes,No,No,Yes,No,Month-to-month,Yes,Electronic check,84.7,78.5
6994,Female,0,Yes,Yes,43.0,Yes,Yes,No,No internet service,No internet service,No internet service,No internet service,No internet service,No internet service,One year,Yes,Bank transfer (automatic),24.45,23.096511627906978
218,Male,0,Yes,Yes,65.0,Yes,Yes,DSL,No,Yes,Yes,Yes,Yes,Yes,Two year,Yes,Bank transfer (automatic),84.2,81.91538461538461
6011,Female,0,Yes,Yes,37.0,Yes,No,No,No internet service,No internet service,No internet service,No internet service,No internet service,No internet service,Month-to-month,No,Electronic check,19.35,18.47972972972973
770,Male,0,No,No,11.0,Yes,No,No,No internet service,No internet service,No internet service,No internet service,No internet service,No internet service,Month-to-month,Yes,Credit card (automatic),20.45,21.572727272727274
1991,Male,0,Yes,Yes,45.0,Yes,Yes,DSL,No,Yes,Yes,No,Yes,Yes,One year,No,Credit card (automatic),78.75,80.01444444444445
374,Male,0,No,No,37.0,Yes,No,Fiber optic,No,Yes,No,No,Yes,Yes,Month-to-month,Yes,Credit card (automatic),96.1,98.56216216216217
4598,Male,0,No,No,18.0,Yes,Yes,DSL,Yes,No,No,No,No,No,Month-to-month,No,Mailed check,56.25,53.88055555555556
3,Male,0,No,No,45.0,No,No phone service,DSL,Yes,No,Yes,Yes,No,No,One year,No,Bank transfer (automatic),42.3,40.90555555555556
6999,Male,0,No,No,3.0,No,No phone service,DSL,Yes,Yes,No,No,No,No,Month-to-month,Yes,Mailed check,35.45,35.61666666666667
3941,Male,0,Yes,Yes,7.0,Yes,No,No,No internet service,No internet service,No internet service,No internet service,No internet service,No internet service,Month-to-month,Yes,Bank transfer (automatic),20.25,24.957142857142856
3098,Male,1,Yes,No,30.0,Yes,No,Fiber optic,No,Yes,Yes,No,No,No,Month-to-month,Yes,Mailed check,79.65,78.83833333333334
3102,Female,0,No,No,5.0,Yes,No,DSL,Yes,No,No,Yes,No,No,Month-to-month,No,Electronic check,54.2,61.65
5299,Female,1,Yes,No,28.0,Yes,Yes,Fiber optic,No,No,No,Yes,Yes,Yes,Month-to-month,Yes,Credit card (automatic),101.3,100.43571428571428
2453,Female,1,No,No,4.0,Yes,Yes,Fiber optic,No,No,No,No,No,No,Month-to-month,Yes,Electronic check,74.45,73.6125
2498,Male,0,Yes,No,27.0,Yes,No,DSL,No,Yes,No,Yes,No,No,Month-to-month,Yes,Electronic check,53.8,51.47592592592592
1588,Female,1,No,No,50.0,Yes,Yes,Fiber optic,No,Yes,No,Yes,Yes,Yes,One year,Yes,Electronic check,106.8,106.959
2965,Male,0,No,No,51.0,Yes,Yes,Fiber optic,No,No,Yes,No,No,No,Month-to-month,No,Credit card (automatic),80.0,83.18333333333334
5835,Female,0,Yes,Yes,30.0,Yes,No,No,No internet service,No internet service,No internet service,No internet service,No internet service,No internet service,Two year,No,Mailed check,19.3,20.096666666666668
2612,Female,0,Yes,Yes,14.0,Yes,Yes,DSL,No,Yes,No,Yes,Yes,Yes,Month-to-month,No,Credit card (automatic),80.45,81.21785714285714
2879,Male,1,Yes,No,70.0,Yes,Yes,Fiber optic,No,Yes,Yes,No,Yes,Yes,Month-to-month,Yes,Electronic check,102.95,101.45
4864,Male,0,Yes,No,71.0,Yes,Yes,Fiber optic,No,Yes,Yes,Yes,Yes,Yes,One year,Yes,Bank transfer (automatic),113.15,112.01760563380282
3127,Female,0,No,No,29.0,No,No phone service,DSL,No,Yes,No,No,No,No,Month-to-month,Yes,Electronic check,30.6,29.529310344827586
12,Male,0,Yes,No,58.0,Yes,Yes,Fiber optic,No,No,Yes,No,Yes,Yes,One year,No,Credit card (automatic),100.35,97.95
6489,Male,0,No,No,1.0,Yes,No,No,No internet service,No internet service,No internet service,No internet service,No internet service,No internet service,Month-to-month,Yes,Mailed check,18.85,18.85
116,Female,0,No,No,36.0,No,No phone service,DSL,Yes,No,No,No,No,No,Two year,No,Bank transfer (automatic),31.05,31.287499999999998
2705,Female,0,Yes,No,72.0,Yes,Yes,No,No internet service,No internet service,No internet service,No internet service,No internet service,No internet service,Two year,No,Bank transfer (automatic),25.65,26.208333333333332
3175,Male,1,Yes,No,17.0,Yes,No,Fiber optic,No,No,No,No,No,Yes,Month-to-month,No,Bank transfer (automatic),81.5,78.18823529411765
2831,Female,1,Yes,No,12.0,Yes,Yes,Fiber optic,No,Yes,Yes,No,Yes,No,Month-to-month,Yes,Electronic check,98.1,88.35000000000001
1637,Male,0,No,No,66.0,No,No phone service,DSL,No,No,No,Yes,No,No,One year,No,Credit card (automatic),29.45,30.047727272727276
2335,Male,0,No,No,5.0,Yes,No,DSL,Yes,No,Yes,No,No,No,Month-to-month,Yes,Mailed check,55.8,54.870000000000005
2363,Male,0,No,No,1.0,Yes,No,DSL,No,No,No,No,No,No,Month-to-month,Yes,Electronic check,44.75,44.75
6468,Male,0,Yes,No,14.0,Yes,No,DSL,No,No,No,No,No,No,One year,No,Electronic check,44.6,45.80357142857143
5214,Female,0,Yes,Yes,2.0,Yes,No,Fiber optic,No,Yes,No,No,No,No,Month-to-month,Yes,Bank transfer (automatic),73.55,72.7
2129,Male,0,No,No,1.0,Yes,Yes,Fiber optic,No,No,No,No,No,No,Month-to-month,Yes,Electronic check,75.3,75.3
3677,Female,0,No,No,1.0,No,No phone service,DSL,No,No,No,Yes,No,No,Month-to-month,No,Mailed check,30.55,30.55
4351,Female,0,No,No,7.0,Yes,No,No,No internet service,No internet service,No internet service,No internet service,No internet service,No internet service,Month-to-month,No,Mailed check,20.35,21.514285714285712
2425,Male,0,No,No,26.0,Yes,No,No,No internet service,No internet service,No internet service,No internet service,No internet service,No internet service,Month-to-month,Yes,Electronic check,20.3,19.66346153846154
3591,Female,0,No,No,2.0,Yes,No,Fiber optic,Yes,Yes,No,Yes,No,No,Month-to-month,Yes,Electronic check,86.25,90.825
1652,Male,0,Yes,No,17.0,No,No phone service,DSL,Yes,No,Yes,No,No,No,Month-to-month,No,Mailed check,34.4,34.86764705882353
4896,Male,0,No,No,24.0,Yes,No,DSL,No,No,Yes,No,No,No,Month-to-month,Yes,Mailed check,49.7,48.65833333333333
986,Female,0,No,No,12.0,Yes,No,DSL,No,No,No,No,No,No,Month-to-month,No,Bank transfer (automatic),43.8,45.07916666666667
3559,Male,0,No,No,27.0,Yes,No,No,No internet service,No internet service,No internet service,No internet service,No internet service,No internet service,Two year,No,Credit card (automatic),19.85,17.40740740740741
6063,Female,0,Yes,Yes,70.0,Yes,No,No,No internet service,No internet service,No internet service,No internet service,No internet service,No internet service,Two year,Yes,Mailed check,19.2,20.02
4258,Female,1,Yes,No,43.0,Yes,Yes,Fiber optic,Yes,No,Yes,Yes,Yes,Yes,One year,Yes,Mailed check,109.55,112.3313953488372
6959,Female,0,No,No,38.0,Yes,No,Fiber optic,No,No,No,No,Yes,Yes,One year,Yes,Mailed check,89.1,87.94736842105263
1948,Female,0,No,No,2.0,Yes,No,Fiber optic,No,No,No,No,No,Yes,Month-to-month,No,Electronic check,80.75,79.725
5791,Male,0,Yes,No,63.0,Yes,Yes,Fiber optic,No,Yes,Yes,No,Yes,Yes,Month-to-month,Yes,Electronic check,102.4,102.28650793650795
1753,Female,1,Yes,No,72.0,Yes,Yes,Fiber optic,Yes,Yes,Yes,Yes,No,No,Two year,Yes,Bank transfer (automatic),96.6,94.82638888888889
6752,Female,0,No,No,12.0,No,No phone service,DSL,Yes,No,Yes,Yes,No,Yes,Two year,No,Mailed check,49.85,46.00833333333333
6387,Female,0,Yes,No,35.0,Yes,No,DSL,No,Yes,No,Yes,No,No,Month-to-month,No,Electronic check,56.85,53.17428571428571
4434,Female,0,Yes,No,16.0,Yes,Yes,Fiber optic,Yes,Yes,Yes,No,No,No,Month-to-month,No,Electronic check,90.7,85.93125
3695,Female,0,Yes,Yes,32.0,Yes,Yes,Fiber optic,No,Yes,No,No,Yes,Yes,Month-to-month,Yes,Electronic check,98.85,96.55
4103,Male,0,Yes,Yes,72.0,Yes,Yes,Fiber optic,No,No,Yes,No,No,Yes,Two year,Yes,Credit card (automatic),90.8,90.44166666666666
2225,Male,0,No,No,33.0,No,No phone service,DSL,No,Yes,No,No,Yes,No,One year,Yes,Electronic check,39.1,39.666666666666664
6639,Male,0,Yes,Yes,50.0,Yes,No,Fiber optic,No,Yes,Yes,Yes,Yes,Yes,One year,Yes,Bank transfer (automatic),103.4,104.728
1241,Male,0,No,No,30.0,Yes,Yes,DSL,Yes,No,No,No,No,Yes,Month-to-month,Yes,Mailed check,64.5,62.94833333333334
5865,Female,0,Yes,No,3.0,Yes,No,No,No internet service,No internet service,No internet service,No internet service,No internet service,No internet service,Month-to-month,No,Mailed check,20.85,24.0
4742,Male,0,No,No,72.0,Yes,No,No,No internet service,No internet service,No internet service,No internet service,No internet service,No internet service,Two year,Yes,Mailed check,20.8,21.12777777777778
6267,Female,0,No,No,1.0,Yes,No,Fiber optic,No,No,No,No,No,No,Month-to-month,Yes,Electronic check,70.1,70.1
3650,Male,1,No,No,71.0,Yes,Yes,No,No internet service,No internet service,No internet service,No internet service,No internet service,No internet service,Two year,Yes,Mailed check,24.65,24.883802816901408
955,Male,0,Yes,No,1.0,Yes,No,DSL,No,No,No,No,No,No,Month-to-month,No,Credit card (automatic),44.7,44.7
322,Male,0,No,No,1.0,Yes,No,DSL,No,No,No,No,No,No,Month-to-month,Yes,Electronic check,44.8,44.8
6562,Female,1,Yes,No,14.0,Yes,Yes,Fiber optic,No,Yes,No,No,Yes,Yes,Month-to-month,Yes,Electronic check,100.2,97.84285714285714
758,Female,0,No,Yes,15.0,Yes,No,Fiber optic,No,Yes,No,No,No,Yes,Month-to-month,Yes,Bank transfer (automatic),85.9,84.63666666666667
1892,Male,1,No,No,4.0,No,No phone service,DSL,No,Yes,No,No,Yes,Yes,Month-to-month,Yes,Credit card (automatic),50.95,51.8375
5037,Female,0,No,No,2.0,Yes,No,Fiber optic,No,No,No,No,Yes,No,Month-to-month,Yes,Mailed check,79.65,76.35
3340,Female,1,No,No,5.0,Yes,Yes,Fiber optic,No,No,No,No,Yes,No,Month-to-month,Yes,Credit card (automatic),83.15,89.21000000000001
4318,Male,0,No,No,56.0,Yes,No,DSL,No,Yes,No,Yes,Yes,Yes,One year,Yes,Bank transfer (automatic),75.75,76.51160714285713
5363,Male,0,Yes,Yes,70.0,Yes,Yes,No,No internet service,No internet service,No internet service,No internet service,No internet service,No internet service,Two year,No,Mailed check,25.35,24.502142857142857
4088,Male,0,No,No,7.0,Yes,Yes,Fiber optic,No,No,No,No,No,No,Month-to-month,No,Electronic check,73.6,74.28571428571429
4502,Male,0,No,No,55.0,Yes,Yes,Fiber optic,No,No,No,No,Yes,Yes,Month-to-month,Yes,Electronic check,96.8,96.07181818181817
6027,Male,0,Yes,Yes,35.0,Yes,Yes,No,No internet service,No internet service,No internet service,No internet service,No internet service,No internet service,Two year,No,Bank transfer (automatic),25.45,23.12142857142857
6051,Male,0,No,No,16.0,Yes,No,No,No internet service,No internet service,No internet service,No internet service,No internet service,No internet service,Month-to-month,No,Mailed check,20.0,17.23125
1133,Male,0,No,Yes,2.0,Yes,No,No,No internet service,No internet service,No internet service,No internet service,No internet service,No internet service,Month-to-month,No,Mailed check,19.25,24.175
3084,Male,0,No,No,9.0,Yes,No,No,No internet service,No internet service,No internet service,No internet service,No internet service,No internet service,One year,Yes,Mailed check,20.15,18.188888888888886
4683,Male,0,No,No,24.0,Yes,Yes,Fiber optic,No,No,No,No,Yes,Yes,Month-to-month,Yes,Electronic check,94.1,96.78541666666666
3294,Female,0,Yes,Yes,1.0,Yes,No,Fiber optic,No,No,No,No,No,No,Month-to-month,Yes,Mailed check,69.1,69.1
5996,Male,0,No,No,62.0,Yes,No,No,No internet service,No internet service,No internet service,No internet service,No internet service,No internet service,Two year,No,Bank transfer (automatic),19.85,20.220161290322583
4237,Male,0,No,No,5.0,Yes,No,DSL,No,No,Yes,No,Yes,Yes,Month-to-month,Yes,Electronic check,70.05,69.28
2721,Male,1,No,No,10.0,Yes,No,Fiber optic,No,No,No,No,No,Yes,Month-to-month,Yes,Electronic check,79.25,79.35499999999999
567,Male,0,Yes,No,71.0,Yes,Yes,DSL,Yes,Yes,No,Yes,Yes,No,Two year,No,Credit card (automatic),73.5,75.46126760563381
6652,Male,0,No,No,36.0,Yes,No,No,No internet service,No internet service,No internet service,No internet service,No internet service,No internet service,Two year,Yes,Credit card (automatic),18.55,19.13888888888889
1310,Female,0,Yes,No,34.0,Yes,Yes,Fiber optic,No,No,No,No,Yes,Yes,Month-to-month,Yes,Electronic check,97.65,94.33970588235294
1687,Male,0,Yes,Yes,12.0,Yes,Yes,No,No internet service,No internet service,No internet service,No internet service,No internet service,No internet service,One year,No,Mailed check,26.4,26.245833333333334
5780,Male,0,Yes,Yes,53.0,Yes,No,No,No internet service,No internet service,No internet service,No internet service,No internet service,No internet service,One year,No,Credit card (automatic),20.2,20.15377358490566
4886,Female,0,No,No,7.0,Yes,No,No,No internet service,No internet service,No internet service,No internet service,No internet service,No internet service,One year,No,Mailed check,19.9,24.735714285714288
6707,Female,1,Yes,No,72.0,Yes,Yes,No,No internet service,No internet service,No internet service,No internet service,No internet service,No internet service,Two year,Yes,Credit card (automatic),25.7,26.908333333333335
2908,Male,0,Yes,No,18.0,Yes,Yes,Fiber optic,Yes,No,No,No,Yes,Yes,Month-to-month,Yes,Electronic check,99.4,96.83055555555556
5593,Male,0,Yes,No,31.0,Yes,No,DSL,Yes,Yes,Yes,Yes,No,Yes,One year,Yes,Credit card (automatic),75.5,78.20806451612903
647,Male,0,Yes,Yes,50.0,Yes,Yes,DSL,No,No,Yes,Yes,Yes,No,One year,Yes,Electronic check,69.65,68.843
5539,Male,0,Yes,Yes,22.0,Yes,No,No,No internet service,No internet service,No internet service,No internet service,No internet service,No internet service,One year,No,Mailed check,19.95,19.704545454545453
6601,Male,1,Yes,No,72.0,Yes,Yes,Fiber optic,No,Yes,Yes,Yes,Yes,Yes,Two year,No,Credit card (automatic),109.7,109.70069444444444
3969,Male,0,Yes,Yes,1.0,Yes,No,Fiber optic,No,No,No,No,No,No,Month-to-month,Yes,Credit card (automatic),69.95,69.95
2083,Female,0,No,No,1.0,Yes,No,No,No internet service,No internet service,No internet service,No internet service,No internet service,No internet service,Month-to-month,Yes,Mailed check,20.15,20.15
3680,Male,0,Yes,No,9.0,No,No phone service,DSL,No,No,No,Yes,Yes,No,Month-to-month,No,Mailed check,40.65,36.55
6071,Male,0,Yes,Yes,72.0,Yes,Yes,Fiber optic,Yes,No,Yes,No,Yes,Yes,Two year,Yes,Bank transfer (automatic),105.55,104.75347222222223
6448,Male,0,No,No,58.0,Yes,Yes,Fiber optic,No,No,Yes,Yes,Yes,Yes,One year,Yes,Electronic check,104.65,107.2344827586207
6987,Female,1,No,No,35.0,Yes,Yes,Fiber optic,Yes,Yes,Yes,No,Yes,Yes,One year,Yes,Electronic check,108.35,106.46142857142857
4732,Female,0,Yes,Yes,71.0,Yes,No,No,No internet service,No internet service,No internet service,No internet service,No internet service,No internet service,Two year,No,Credit card (automatic),19.9,19.680281690140845
2092,Male,0,Yes,No,72.0,Yes,Yes,DSL,Yes,Yes,Yes,Yes,No,Yes,Two year,No,Credit card (automatic),79.55,80.70694444444445
1199,Female,0,Yes,No,17.0,Yes,Yes,Fiber optic,Yes,No,No,No,No,No,Month-to-month,No,Electronic check,78.9,79.35000000000001
3203,Female,0,Yes,No,72.0,Yes,Yes,DSL,Yes,Yes,Yes,Yes,Yes,Yes,Two year,No,Bank transfer (automatic),88.05,90.56666666666666
6709,Male,0,Yes,No,50.0,Yes,Yes,Fiber optic,No,No,No,Yes,Yes,Yes,One year,No,Electronic check,99.4,101.195
1130,Male,0,Yes,Yes,26.0,Yes,No,No,No internet service,No internet service,No internet service,No internet service,No internet service,No internet service,Two year,Yes,Credit card (automatic),19.15,19.83653846153846
6811,Male,0,Yes,No,1.0,No,No phone service,DSL,No,No,Yes,No,Yes,Yes,Month-to-month,Yes,Electronic check,50.35,50.35
4528,Female,0,No,No,44.0,Yes,No,Fiber optic,No,Yes,Yes,No,Yes,No,Month-to-month,Yes,Credit card (automatic),88.15,90.3
4622,Male,0,No,No,52.0,Yes,No,Fiber optic,No,No,Yes,No,No,Yes,Month-to-month,Yes,Credit card (automatic),83.8,83.29615384615384
297,Male,1,Yes,No,35.0,Yes,Yes,Fiber optic,No,No,Yes,No,Yes,Yes,Month-to-month,Yes,Electronic check,100.8,98.21428571428571
91,Male,1,No,No,1.0,Yes,No,Fiber optic,No,No,No,Yes,No,No,Month-to-month,No,Electronic check,74.7,74.7
2,Male,0,No,No,2.0,Yes,No,DSL,Yes,Yes,No,No,No,No,Month-to-month,Yes,Mailed check,53.85,54.075
4141,Female,1,No,No,35.0,No,No phone service,DSL,No,No,Yes,No,Yes,No,Month-to-month,Yes,Electronic check,39.85,40.988571428571426
2201,Female,0,No,No,36.0,Yes,No,DSL,Yes,Yes,Yes,Yes,Yes,Yes,One year,No,Bank transfer (automatic),85.85,83.43194444444445
2884,Female,1,Yes,Yes,72.0,Yes,Yes,DSL,Yes,Yes,Yes,Yes,Yes,Yes,Two year,Yes,Bank transfer (automatic),90.15,93.28402777777778
225,Male,0,No,No,24.0,No,No phone service,DSL,Yes,No,No,No,Yes,Yes,One year,Yes,Mailed check,50.6,53.697916666666664
6550,Male,0,Yes,No,21.0,Yes,Yes,Fiber optic,No,No,Yes,Yes,Yes,Yes,Month-to-month,Yes,Electronic check,106.1,107.14047619047618
5978,Female,0,No,No,46.0,Yes,Yes,Fiber optic,Yes,Yes,No,No,No,No,Month-to-month,No,Mailed check,84.25,83.64347826086956
653,Female,0,No,No,17.0,Yes,Yes,No,No internet service,No internet service,No internet service,No internet service,No internet service,No internet service,Month-to-month,No,Mailed check,24.8,27.955882352941178
4741,Female,1,Yes,No,15.0,Yes,No,Fiber optic,No,Yes,No,No,Yes,Yes,Month-to-month,Yes,Electronic check,94.65,85.67
2426,Female,0,Yes,No,17.0,No,No phone service,DSL,No,Yes,Yes,No,No,No,Month-to-month,Yes,Credit card (automatic),35.65,38.002941176470586
1857,Female,0,Yes,No,65.0,Yes,No,DSL,Yes,No,Yes,Yes,No,No,Two year,No,Credit card (automatic),58.9,59.339999999999996
545,Male,0,Yes,Yes,34.0,Yes,No,Fiber optic,No,No,No,No,No,Yes,One year,Yes,Bank transfer (automatic),78.95,77.85882352941177
231,Male,0,No,No,50.0,Yes,No,Fiber optic,Yes,Yes,No,Yes,No,Yes,Month-to-month,Yes,Credit card (automatic),93.5,94.95
6612,Male,0,Yes,Yes,1.0,Yes,No,Fiber optic,No,No,No,No,No,No,Month-to-month,Yes,Mailed check,69.9,69.9
92,Male,0,Yes,Yes,66.0,Yes,Yes,DSL,Yes,No,Yes,Yes,Yes,Yes,Two year,Yes,Mailed check,84.0,86.57954545454545
2077,Female,0,No,No,1.0,Yes,No,Fiber optic,No,No,No,No,No,No,Month-to-month,No,Electronic check,71.35,71.35
2524,Male,0,No,Yes,72.0,Yes,No,No,No internet service,No internet service,No internet service,No internet service,No internet service,No internet service,Two year,No,Credit card (automatic),19.9,21.24513888888889
4037,Female,0,Yes,Yes,59.0,Yes,Yes,No,No internet service,No internet service,No internet service,No internet service,No internet service,No internet service,Two year,No,Mailed check,25.45,26.000847457627117
6202,Male,0,Yes,Yes,21.0,Yes,Yes,DSL,Yes,Yes,No,Yes,Yes,No,One year,No,Mailed check,77.5,77.38095238095238
4560,Male,0,Yes,Yes,9.0,Yes,Yes,Fiber optic,No,No,Yes,No,Yes,No,One year,Yes,Electronic check,90.35,85.32222222222222
2700,Female,0,No,No,35.0,No,No phone service,DSL,No,No,No,No,No,No,Month-to-month,No,Electronic check,24.15,23.214285714285715
281,Female,0,No,No,10.0,Yes,No,DSL,No,Yes,No,No,No,No,Month-to-month,No,Electronic check,51.2,49.825
3895,Male,0,Yes,Yes,56.0,Yes,Yes,No,No internet service,No internet service,No internet service,No internet service,No internet service,No internet service,Two year,No,Bank transfer (automatic),24.15,25.040178571428573
2835,Female,1,No,No,66.0,Yes,Yes,DSL,Yes,Yes,No,Yes,No,No,One year,Yes,Credit card (automatic),63.85,63.247727272727275
275,Male,0,Yes,No,5.0,Yes,Yes,Fiber optic,No,Yes,No,Yes,No,No,Month-to-month,Yes,Electronic check,85.4,80.22
3637,Male,0,No,No,9.0,Yes,No,No,No internet service,No internet service,No internet service,No internet service,No internet service,No internet service,Month-to-month,No,Mailed check,20.25,19.833333333333332
4963,Male,0,Yes,No,47.0,Yes,No,DSL,No,Yes,Yes,No,Yes,Yes,Two year,No,Electronic check,73.6,74.95
1755,Female,0,No,No,12.0,Yes,No,DSL,No,Yes,No,Yes,No,No,Month-to-month,Yes,Electronic check,54.3,54.541666666666664
6776,Female,1,Yes,No,62.0,Yes,No,DSL,Yes,No,Yes,Yes,Yes,Yes,Two year,Yes,Credit card (automatic),79.95,77.73790322580645
5801,Male,1,Yes,No,34.0,Yes,Yes,Fiber optic,No,No,No,No,No,No,Month-to-month,Yes,Electronic check,75.55,71.33529411764707
6558,Male,0,No,No,16.0,Yes,No,No,No internet service,No internet service,No internet service,No internet service,No internet service,No internet service,Month-to-month,No,Bank transfer (automatic),20.25,20.465625
4387,Male,0,No,Yes,1.0,Yes,No,No,No internet service,No internet service,No internet service,No internet service,No internet service,No internet service,Month-to-month,Yes,Mailed check,20.25,20.25
2356,Male,0,No,No,46.0,Yes,No,DSL,No,No,No,No,No,No,Month-to-month,Yes,Credit card (automatic),45.2,44.8945652173913
4652,Female,0,No,No,23.0,Yes,No,No,No internet service,No internet service,No internet service,No internet service,No internet service,No internet service,One year,Yes,Credit card (automatic),19.65,20.786956521739132
5980,Female,0,No,No,17.0,Yes,No,DSL,Yes,Yes,No,Yes,Yes,Yes,One year,No,Credit card (automatic),79.85,81.60882352941177
5921,Female,0,No,No,27.0,Yes,No,DSL,No,Yes,Yes,Yes,Yes,Yes,One year,No,Mailed check,78.2,76.99814814814815
5052,Male,0,No,Yes,18.0,Yes,No,DSL,No,No,No,No,No,No,Month-to-month,Yes,Credit card (automatic),45.65,41.51111111111111
5833,Male,1,Yes,No,19.0,No,No phone service,DSL,No,Yes,Yes,No,No,No,Month-to-month,Yes,Credit card (automatic),34.3,30.376315789473683
5280,Female,0,Yes,Yes,33.0,Yes,Yes,DSL,No,No,Yes,Yes,Yes,Yes,One year,Yes,Electronic check,79.15,76.70909090909092
5281,Female,0,Yes,Yes,72.0,Yes,Yes,DSL,Yes,Yes,No,Yes,No,No,Two year,No,Credit card (automatic),66.75,66.11527777777778
5203,Male,0,No,Yes,3.0,Yes,No,DSL,No,No,No,Yes,Yes,Yes,Month-to-month,No,Mailed check,70.7,75.21666666666667
5252,Male,1,Yes,No,71.0,Yes,Yes,Fiber optic,Yes,Yes,Yes,No,Yes,Yes,Month-to-month,Yes,Electronic check,107.5,108.64154929577465
5458,Male,0,No,No,7.0,Yes,No,DSL,Yes,No,No,No,No,No,Month-to-month,Yes,Mailed check,51.0,50.57857142857143
5137,Male,1,No,No,55.0,Yes,Yes,Fiber optic,Yes,Yes,Yes,Yes,Yes,Yes,Month-to-month,Yes,Electronic check,116.5,116.04636363636364
457,Female,0,Yes,Yes,30.0,Yes,No,DSL,No,Yes,Yes,Yes,Yes,Yes,Two year,No,Bank transfer (automatic),80.8,78.97666666666667
7039,Female,0,Yes,Yes,72.0,Yes,Yes,Fiber optic,No,Yes,Yes,No,Yes,Yes,One year,Yes,Credit card (automatic),103.2,102.26249999999999
1764,Male,0,Yes,Yes,63.0,Yes,Yes,DSL,Yes,No,Yes,Yes,No,Yes,Two year,No,Mailed check,75.7,74.23333333333333
2957,Female,0,No,No,4.0,Yes,Yes,Fiber optic,No,Yes,No,No,No,No,Month-to-month,Yes,Mailed check,80.3,81.05
5986,Male,1,No,No,11.0,Yes,No,Fiber optic,No,No,No,No,No,Yes,Month-to-month,Yes,Credit card (automatic),79.15,75.24545454545455
5337,Male,0,No,No,20.0,Yes,No,DSL,No,No,No,Yes,No,No,Month-to-month,No,Mailed check,50.0,50.152499999999996
843,Female,0,No,No,13.0,No,No phone service,DSL,Yes,No,No,No,No,No,Month-to-month,Yes,Bank transfer (automatic),30.85,30.315384615384616
3249,Female,0,Yes,Yes,10.0,Yes,No,DSL,No,Yes,Yes,No,No,No,Month-to-month,Yes,Mailed check,55.55,55.129999999999995
630,Male,1,Yes,Yes,43.0,Yes,Yes,Fiber optic,No,Yes,Yes,Yes,Yes,Yes,Month-to-month,Yes,Bank transfer (automatic),110.75,109.02093023255813
3884,Female,0,Yes,No,18.0,Yes,Yes,Fiber optic,No,No,No,Yes,Yes,No,Month-to-month,Yes,Electronic check,88.85,88.59722222222223
6845,Male,1,No,No,1.0,Yes,No,DSL,No,No,No,No,No,No,Month-to-month,Yes,Mailed check,45.85,45.85
2022,Female,0,No,No,16.0,Yes,No,Fiber optic,No,Yes,No,No,No,Yes,Month-to-month,Yes,Electronic check,86.25,83.75625
2046,Female,0,No,Yes,1.0,No,No phone service,DSL,No,No,No,No,No,No,Month-to-month,No,Mailed check,24.7,24.7
983,Male,0,No,No,1.0,Yes,Yes,Fiber optic,No,No,No,No,No,Yes,Month-to-month,Yes,Electronic check,86.6,86.6
6199,Male,1,No,No,43.0,Yes,No,Fiber optic,No,No,No,No,Yes,Yes,Month-to-month,Yes,Mailed check,89.55,89.69186046511628
601,Male,0,No,No,2.0,Yes,No,No,No internet service,No internet service,No internet service,No internet service,No internet service,No internet service,One year,No,Mailed check,19.95,23.85
1761,Male,0,No,No,58.0,Yes,Yes,No,No internet service,No internet service,No internet service,No internet service,No internet service,No internet service,Two year,Yes,Credit card (automatic),24.45,26.096551724137928
4702,Male,1,No,No,54.0,No,No phone service,DSL,No,Yes,Yes,No,Yes,Yes,One year,Yes,Electronic check,55.45,54.943518518518516
351,Male,0,No,Yes,17.0,Yes,No,DSL,No,No,No,No,No,No,One year,No,Mailed check,44.6,40.08235294117647
4265,Male,1,Yes,No,66.0,Yes,Yes,Fiber optic,No,No,No,Yes,Yes,Yes,Month-to-month,Yes,Credit card (automatic),100.05,104.11969696969696
5798,Female,0,No,No,5.0,Yes,Yes,Fiber optic,No,No,No,No,Yes,No,Month-to-month,Yes,Electronic check,85.2,94.96000000000001
963,Female,1,No,No,56.0,Yes,Yes,DSL,Yes,No,Yes,Yes,No,Yes,Two year,No,Bank transfer (automatic),73.25,72.39642857142857
5974,Male,0,Yes,Yes,10.0,Yes,No,No,No internet service,No internet service,No internet service,No internet service,No internet service,No internet service,Month-to-month,Yes,Credit card (automatic),20.05,21.85
1057,Female,0,No,No,10.0,Yes,No,Fiber optic,Yes,No,No,No,Yes,No,Month-to-month,Yes,Mailed check,84.7,83.205
3523,Female,0,Yes,No,72.0,Yes,Yes,Fiber optic,Yes,Yes,Yes,Yes,Yes,Yes,Two year,No,Credit card (automatic),112.1,110.63819444444444
1525,Female,0,Yes,Yes,7.0,Yes,No,No,No internet service,No internet service,No internet service,No internet service,No internet service,No internet service,Month-to-month,No,Mailed check,20.65,22.707142857142856
660,Female,0,No,No,4.0,No,No phone service,DSL,No,No,No,No,No,No,Month-to-month,Yes,Mailed check,24.25,24.0125
5672,Female,0,Yes,No,49.0,Yes,Yes,DSL,Yes,Yes,Yes,No,No,Yes,One year,No,Electronic check,71.8,70.85816326530613
2865,Female,0,Yes,Yes,66.0,Yes,Yes,Fiber optic,Yes,Yes,Yes,No,Yes,Yes,Two year,No,Bank transfer (automatic),109.25,107.31060606060606
5478,Male,0,Yes,No,52.0,Yes,No,Fiber optic,Yes,Yes,Yes,Yes,Yes,Yes,Two year,Yes,Electronic check,106.3,105.51923076923077
1749,Male,1,No,No,52.0,Yes,Yes,Fiber optic,No,Yes,Yes,Yes,Yes,Yes,Month-to-month,Yes,Electronic check,110.75,112.15384615384616
4955,Male,0,No,No,1.0,Yes,No,Fiber optic,No,No,No,No,No,No,Month-to-month,No,Mailed check,69.4,69.4
5670,Female,0,Yes,Yes,17.0,Yes,Yes,No,No internet service,No internet service,No internet service,No internet service,No internet service,No internet service,Month-to-month,No,Mailed check,24.1,24.11176470588235
3285,Male,0,Yes,No,67.0,Yes,No,DSL,Yes,Yes,No,Yes,No,Yes,Two year,Yes,Credit card (automatic),69.2,69.72611940298506
3296,Female,0,No,No,24.0,Yes,No,DSL,No,No,Yes,No,No,No,Month-to-month,Yes,Credit card (automatic),49.3,51.385416666666664
6248,Female,0,Yes,No,60.0,No,No phone service,DSL,No,Yes,Yes,Yes,Yes,Yes,Two year,No,Credit card (automatic),60.8,60.0575
3593,Male,0,No,No,8.0,Yes,No,Fiber optic,No,No,No,No,No,No,Month-to-month,Yes,Mailed check,70.1,68.91875
1825,Female,0,No,No,32.0,Yes,Yes,DSL,No,Yes,No,No,No,No,Month-to-month,Yes,Electronic check,54.2,54.3625
2364,Male,0,Yes,No,14.0,Yes,Yes,Fiber optic,No,Yes,Yes,No,No,No,Month-to-month,Yes,Electronic check,82.65,84.64285714285714
6089,Female,1,Yes,No,1.0,Yes,Yes,Fiber optic,No,Yes,No,No,Yes,No,Month-to-month,Yes,Electronic check,90.6,90.6
4341,Male,1,No,No,2.0,Yes,No,DSL,No,No,No,No,No,No,Month-to-month,Yes,Electronic check,44.15,46.325
3829,Male,1,Yes,No,43.0,Yes,Yes,Fiber optic,No,Yes,No,No,Yes,Yes,Month-to-month,Yes,Electronic check,101.0,102.05581395348837
52,Female,1,Yes,No,25.0,Yes,Yes,DSL,Yes,No,No,Yes,Yes,No,Month-to-month,Yes,Credit card (automatic),69.5,70.10600000000001
6409,Male,0,Yes,Yes,43.0,Yes,No,No,No internet service,No internet service,No internet service,No internet service,No internet service,No internet service,One year,Yes,Mailed check,19.2,18.052325581395348
2523,Female,0,Yes,Yes,47.0,Yes,No,No,No internet service,No internet service,No internet service,No internet service,No internet service,No internet service,Two year,No,Credit card (automatic),20.25,18.582978723404256
4626,Female,1,No,No,63.0,Yes,Yes,Fiber optic,No,No,Yes,No,No,Yes,Month-to-month,Yes,Bank transfer (automatic),89.6,87.91746031746032
3192,Male,0,No,No,58.0,Yes,No,No,No internet service,No internet service,No internet service,No internet service,No internet service,No internet service,Two year,Yes,Bank transfer (automatic),19.15,17.853448275862068
5217,Female,0,No,No,10.0,Yes,Yes,No,No internet service,No internet service,No internet service,No internet service,No internet service,No internet service,Month-to-month,Yes,Mailed check,24.5,27.014999999999997
2728,Female,0,No,No,25.0,No,No phone service,DSL,Yes,Yes,Yes,No,Yes,Yes,One year,No,Electronic check,61.05,61.608000000000004
394,Female,1,Yes,No,42.0,Yes,Yes,Fiber optic,No,No,No,No,Yes,Yes,Month-to-month,Yes,Electronic check,95.05,93.91666666666667
5888,Female,0,Yes,Yes,49.0,Yes,Yes,Fiber optic,No,No,No,No,Yes,Yes,Month-to-month,Yes,Electronic check,95.6,97.62244897959184
3517,Male,0,Yes,No,70.0,Yes,No,Fiber optic,Yes,Yes,Yes,Yes,Yes,Yes,One year,Yes,Bank transfer (automatic),109.5,107.63785714285714
5151,Female,0,No,No,2.0,Yes,No,No,No internet service,No internet service,No internet service,No internet service,No internet service,No internet service,Month-to-month,No,Credit card (automatic),20.35,17.55
1973,Male,0,Yes,Yes,72.0,Yes,No,DSL,Yes,No,Yes,Yes,Yes,Yes,Two year,Yes,Electronic check,80.8,79.56319444444445
786,Male,0,Yes,Yes,72.0,Yes,Yes,DSL,Yes,No,No,No,No,No,Two year,No,Bank transfer (automatic),55.3,55.327777777777776
5678,Female,0,No,Yes,1.0,Yes,No,DSL,Yes,Yes,No,Yes,No,No,Month-to-month,Yes,Electronic check,60.0,60.0
4623,Male,1,Yes,No,69.0,Yes,Yes,Fiber optic,No,Yes,Yes,No,No,Yes,Month-to-month,Yes,Bank transfer (automatic),95.35,92.4927536231884
5831,Female,0,No,No,9.0,Yes,No,Fiber optic,No,No,No,No,Yes,Yes,Month-to-month,Yes,Bank transfer (automatic),90.8,89.97222222222223
3847,Male,0,No,No,10.0,Yes,No,No,No internet service,No internet service,No internet service,No internet service,No internet service,No internet service,Month-to-month,Yes,Credit card (automatic),20.0,19.86
1690,Male,0,Yes,Yes,70.0,Yes,Yes,Fiber optic,Yes,Yes,No,No,Yes,No,Month-to-month,Yes,Credit card (automatic),97.55,95.27214285714285
5030,Male,0,No,Yes,6.0,Yes,No,Fiber optic,No,No,Yes,No,Yes,Yes,Month-to-month,No,Mailed check,94.5,95.90833333333335
6076,Female,0,Yes,Yes,65.0,Yes,No,DSL,Yes,Yes,Yes,No,No,No,One year,No,Bank transfer (automatic),61.35,59.60153846153846
1234,Male,0,No,Yes,54.0,Yes,No,Fiber optic,Yes,Yes,No,Yes,Yes,Yes,One year,Yes,Electronic check,105.85,107.90092592592592
76,Female,0,No,No,46.0,Yes,No,DSL,No,No,No,No,No,Yes,One year,No,Credit card (automatic),55.65,58.45326086956521
1946,Male,0,Yes,Yes,55.0,Yes,Yes,Fiber optic,No,No,Yes,No,Yes,No,Month-to-month,Yes,Credit card (automatic),90.4,92.71181818181817
3059,Female,0,Yes,Yes,64.0,Yes,Yes,No,No internet service,No internet service,No internet service,No internet service,No internet service,No internet service,Two year,Yes,Mailed check,24.05,24.36171875
5659,Male,0,No,No,63.0,Yes,Yes,DSL,Yes,No,Yes,Yes,No,Yes,Two year,Yes,Bank transfer (automatic),71.9,71.0984126984127
920,Male,0,Yes,No,60.0,Yes,Yes,No,No internet service,No internet service,No internet service,No internet service,No internet service,No internet service,One year,No,Bank transfer (automatic),24.15,25.098333333333336
2714,Female,0,No,No,54.0,Yes,Yes,Fiber optic,No,No,Yes,Yes,No,Yes,Two year,Yes,Bank transfer (automatic),95.1,93.79351851851852
1294,Male,0,No,No,6.0,Yes,No,DSL,No,No,No,No,No,No,Month-to-month,No,Electronic check,44.75,45.15833333333333
2561,Female,0,Yes,Yes,71.0,Yes,Yes,Fiber optic,Yes,Yes,Yes,No,Yes,No,Two year,Yes,Credit card (automatic),99.0,99.45985915492957
4884,Female,0,Yes,Yes,41.0,Yes,No,Fiber optic,No,No,Yes,No,Yes,Yes,Month-to-month,Yes,Bank transfer (automatic),94.9,93.85365853658537
2053,Male,0,Yes,No,47.0,Yes,Yes,Fiber optic,No,Yes,Yes,No,No,No,Month-to-month,Yes,Bank transfer (automatic),83.35,86.48936170212765
2212,Male,0,No,No,10.0,Yes,No,No,No internet service,No internet service,No internet service,No internet service,No internet service,No internet service,One year,No,Mailed check,19.5,22.585
6993,Female,1,Yes,No,50.0,Yes,Yes,Fiber optic,No,Yes,No,No,Yes,No,Month-to-month,Yes,Electronic check,88.05,87.34700000000001
6908,Male,0,No,Yes,9.0,Yes,No,DSL,No,No,No,No,Yes,No,Month-to-month,No,Electronic check,55.35,49.97222222222222
5256,Male,0,Yes,Yes,52.0,Yes,Yes,Fiber optic,No,No,Yes,Yes,No,Yes,Two year,Yes,Bank transfer (automatic),96.25,95.96634615384616
6343,Male,0,No,No,38.0,Yes,No,No,No internet service,No internet service,No internet service,No internet service,No internet service,No internet service,One year,No,Mailed check,20.1,19.21315789473684
5035,Male,0,No,No,20.0,Yes,No,Fiber optic,No,No,No,No,Yes,No,Month-to-month,No,Electronic check,78.8,82.065
1903,Male,0,No,No,3.0,Yes,No,Fiber optic,No,No,No,No,Yes,Yes,Month-to-month,Yes,Electronic check,92.0,88.93333333333334
6342,Male,0,Yes,No,47.0,Yes,Yes,Fiber optic,No,Yes,Yes,No,Yes,Yes,Month-to-month,Yes,Electronic check,104.1,109.25851063829786
3171,Female,0,No,No,21.0,Yes,No,No,No internet service,No internet service,No internet service,No internet service,No internet service,No internet service,Two year,Yes,Credit card (automatic),20.85,20.726190476190474
6443,Female,0,No,No,9.0,Yes,No,No,No internet service,No internet service,No internet service,No internet service,No internet service,No internet service,Month-to-month,No,Bank transfer (automatic),19.5,16.705555555555556
5620,Male,0,Yes,No,72.0,Yes,Yes,Fiber optic,No,Yes,Yes,No,Yes,Yes,Two year,Yes,Bank transfer (automatic),104.8,103.7513888888889
1079,Female,0,Yes,Yes,3.0,Yes,No,Fiber optic,No,No,No,No,No,No,Month-to-month,Yes,Electronic check,69.55,66.73333333333333
3949,Female,0,No,Yes,18.0,Yes,Yes,DSL,Yes,No,No,No,No,No,Month-to-month,No,Mailed check,57.65,55.150000000000006
4456,Female,0,Yes,No,68.0,Yes,Yes,No,No internet service,No internet service,No internet service,No internet service,No internet service,No internet service,Two year,Yes,Credit card (automatic),24.95,23.748529411764707
5811,Male,0,Yes,No,61.0,Yes,Yes,DSL,No,Yes,Yes,No,Yes,Yes,Two year,No,Bank transfer (automatic),80.9,80.86065573770492
366,Male,0,Yes,No,23.0,Yes,No,DSL,Yes,No,No,No,No,Yes,Month-to-month,Yes,Bank transfer (automatic),59.95,61.130434782608695
3486,Male,0,No,No,47.0,Yes,Yes,Fiber optic,Yes,Yes,No,No,Yes,No,One year,No,Bank transfer (automatic),94.8,96.50744680851065
2452,Male,1,No,No,15.0,Yes,Yes,Fiber optic,No,No,No,No,No,No,Month-to-month,Yes,Credit card (automatic),74.2,75.59333333333333
3900,Female,0,Yes,Yes,35.0,Yes,No,No,No internet service,No internet service,No internet service,No internet service,No internet service,No internet service,One year,No,Mailed check,19.65,20.25142857142857
3967,Female,0,Yes,No,32.0,Yes,No,No,No internet service,No internet service,No internet service,No internet service,No internet service,No internet service,One year,No,Mailed check,19.3,18.5375
3548,Male,0,No,No,71.0,Yes,Yes,Fiber optic,Yes,No,No,Yes,No,Yes,One year,No,Credit card (automatic),97.65,94.19507042253521
276,Female,0,Yes,No,52.0,Yes,Yes,Fiber optic,No,Yes,Yes,No,Yes,Yes,Month-to-month,Yes,Electronic check,105.05,108.17019230769232
2310,Male,0,No,No,72.0,No,No phone service,DSL,Yes,Yes,Yes,Yes,Yes,Yes,Two year,Yes,Bank transfer (automatic),63.7,62.01111111111111
3335,Male,0,No,No,12.0,Yes,Yes,No,No internet service,No internet service,No internet service,No internet service,No internet service,No internet service,Month-to-month,No,Electronic check,25.0,26.349999999999998
5867,Male,1,Yes,No,44.0,Yes,No,No,No internet service,No internet service,No internet service,No internet service,No internet service,No internet service,Two year,Yes,Credit card (automatic),19.35,19.255681818181817
2988,Male,0,Yes,No,72.0,Yes,Yes,Fiber optic,Yes,Yes,Yes,No,Yes,Yes,Two year,Yes,Electronic check,109.65,109.44791666666667
3801,Female,1,No,No,18.0,Yes,Yes,Fiber optic,No,Yes,No,Yes,No,No,Month-to-month,Yes,Electronic check,85.45,83.65833333333333
333,Female,0,No,No,7.0,Yes,Yes,Fiber optic,No,No,No,No,No,No,Month-to-month,Yes,Electronic check,73.85,73.03571428571429
3344,Male,0,No,No,10.0,Yes,Yes,Fiber optic,No,No,No,No,No,No,Month-to-month,Yes,Mailed check,74.15,81.17999999999999
2834,Male,0,Yes,Yes,42.0,Yes,No,No,No internet service,No internet service,No internet service,No internet service,No internet service,No internet service,One year,No,Mailed check,20.25,20.354761904761904
4975,Male,0,Yes,No,72.0,Yes,Yes,Fiber optic,No,Yes,Yes,No,Yes,Yes,Two year,Yes,Bank transfer (automatic),103.75,102.03055555555555
5301,Male,0,Yes,Yes,29.0,Yes,Yes,Fiber optic,No,No,Yes,No,No,Yes,Month-to-month,Yes,Electronic check,89.2,93.04655172413793
2630,Male,0,Yes,No,63.0,Yes,Yes,Fiber optic,Yes,No,No,Yes,No,No,Two year,Yes,Credit card (automatic),84.65,85.36190476190477
408,Female,0,No,No,1.0,Yes,No,No,No internet service,No internet service,No internet service,No internet service,No internet service,No internet service,Month-to-month,Yes,Mailed check,19.9,19.9
3489,Female,0,Yes,No,26.0,Yes,Yes,DSL,Yes,Yes,Yes,Yes,Yes,Yes,One year,Yes,Credit card (automatic),90.1,88.94423076923077
5094,Female,0,No,No,65.0,Yes,Yes,Fiber optic,Yes,Yes,No,Yes,No,No,One year,Yes,Electronic check,89.85,89.9176923076923
5132,Male,0,Yes,Yes,71.0,Yes,Yes,DSL,Yes,No,No,No,Yes,No,One year,Yes,Electronic check,66.2,66.09225352112676
142,Female,0,Yes,No,61.0,Yes,Yes,Fiber optic,No,Yes,No,No,Yes,Yes,Two year,Yes,Bank transfer (automatic),101.05,97.88934426229508
5909,Female,0,No,No,52.0,Yes,Yes,Fiber optic,No,Yes,No,No,No,No,One year,Yes,Mailed check,80.2,82.64615384615385
1998,Female,0,Yes,No,2.0,No,No phone service,DSL,No,No,No,No,Yes,Yes,Month-to-month,No,Electronic check,44.6,48.55
3640,Male,1,Yes,No,29.0,Yes,Yes,Fiber optic,No,Yes,Yes,No,No,Yes,Month-to-month,Yes,Electronic check,95.9,94.66206896551724
1608,Male,0,No,No,17.0,Yes,No,No,No internet service,No internet service,No internet service,No internet service,No internet service,No internet service,One year,Yes,Mailed check,20.1,16.441176470588236
6389,Female,0,Yes,Yes,58.0,Yes,No,No,No internet service,No internet service,No internet service,No internet service,No internet service,No internet service,Two year,No,Credit card (automatic),19.55,18.614655172413794
1397,Female,0,No,No,4.0,Yes,No,Fiber optic,No,No,Yes,No,No,Yes,Month-to-month,Yes,Credit card (automatic),82.85,79.9
4524,Male,0,Yes,No,23.0,Yes,Yes,Fiber optic,Yes,Yes,Yes,No,Yes,No,Month-to-month,Yes,Electronic check,99.25,95.0608695652174
4273,Female,0,No,No,31.0,Yes,Yes,Fiber optic,No,No,No,Yes,No,No,Month-to-month,Yes,Credit card (automatic),79.85,77.55322580645162
3609,Female,0,No,No,61.0,Yes,Yes,Fiber optic,No,Yes,Yes,No,Yes,Yes,One year,Yes,Electronic check,103.95,105.29508196721312
6837,Male,1,No,No,6.0,Yes,No,Fiber optic,No,No,No,No,Yes,No,Month-to-month,Yes,Electronic check,79.7,82.93333333333334
2659,Female,0,No,No,61.0,Yes,Yes,DSL,Yes,No,Yes,Yes,Yes,Yes,Two year,No,Credit card (automatic),86.45,84.84098360655739
4713,Male,0,Yes,Yes,58.0,Yes,Yes,Fiber optic,No,No,Yes,Yes,Yes,Yes,One year,Yes,Bank transfer (automatic),105.05,103.53189655172415
3533,Female,0,No,No,10.0,Yes,No,No,No internet service,No internet service,No internet service,No internet service,No internet service,No internet service,One year,Yes,Mailed check,19.8,19.825
1705,Female,1,Yes,No,55.0,Yes,Yes,Fiber optic,No,Yes,Yes,Yes,No,No,Month-to-month,No,Electronic check,90.45,91.72363636363637
6403,Male,0,Yes,Yes,72.0,Yes,Yes,Fiber optic,Yes,Yes,Yes,Yes,Yes,Yes,Two year,Yes,Bank transfer (automatic),116.6,115.79791666666668
3543,Male,0,Yes,No,72.0,Yes,Yes,Fiber optic,Yes,Yes,Yes,Yes,No,Yes,Two year,No,Bank transfer (automatic),105.6,105.29861111111111
1054,Male,0,Yes,No,40.0,Yes,Yes,Fiber optic,No,No,No,No,Yes,Yes,Month-to-month,Yes,Bank transfer (automatic),97.1,92.67375
1820,Female,0,Yes,No,6.0,Yes,No,DSL,No,No,No,No,No,No,Month-to-month,No,Mailed check,45.65,53.90833333333333
5200,Female,0,Yes,Yes,70.0,Yes,Yes,Fiber optic,No,Yes,Yes,No,Yes,Yes,One year,Yes,Electronic check,106.5,105.67142857142858
1602,Male,0,No,No,30.0,Yes,No,Fiber optic,No,No,No,No,Yes,Yes,Month-to-month,Yes,Electronic check,90.25,91.845
970,Female,0,No,No,1.0,Yes,No,Fiber optic,No,No,No,No,Yes,Yes,Month-to-month,No,Electronic check,90.55,90.55
6289,Male,0,No,No,67.0,Yes,Yes,Fiber optic,Yes,Yes,Yes,Yes,Yes,Yes,Two year,No,Credit card (automatic),116.2,115.70597014925373
989,Male,0,Yes,Yes,34.0,Yes,No,No,No internet service,No internet service,No internet service,No internet service,No internet service,No internet service,One year,No,Credit card (automatic),19.6,19.96470588235294
1410,Female,1,No,No,2.0,Yes,Yes,Fiber optic,No,No,No,No,Yes,Yes,Month-to-month,Yes,Electronic check,93.85,85.425
2202,Male,1,Yes,No,7.0,Yes,No,Fiber optic,No,No,No,No,No,No,Month-to-month,Yes,Mailed check,70.1,66.79285714285714
2829,Male,1,No,No,8.0,Yes,No,Fiber optic,No,No,No,No,No,No,Month-to-month,Yes,Electronic check,69.7,70.10625
438,Male,0,Yes,No,35.0,Yes,Yes,Fiber optic,No,No,No,Yes,No,Yes,Month-to-month,Yes,Bank transfer (automatic),89.85,90.32
4286,Male,0,Yes,No,9.0,Yes,Yes,Fiber optic,Yes,No,No,No,No,Yes,Month-to-month,Yes,Electronic check,88.05,89.03333333333333
1141,Male,0,No,Yes,6.0,Yes,No,No,No internet service,No internet service,No internet service,No internet service,No internet service,No internet service,Month-to-month,Yes,Mailed check,20.2,16.391666666666666
4749,Male,0,No,No,5.0,Yes,No,DSL,No,No,No,Yes,No,No,Month-to-month,Yes,Electronic check,49.2,43.38
5621,Female,0,Yes,No,3.0,Yes,Yes,Fiber optic,No,No,No,No,No,No,Month-to-month,Yes,Credit card (automatic),74.75,76.5
4119,Male,0,No,No,35.0,Yes,No,No,No internet service,No internet service,No internet service,No internet service,No internet service,No internet service,One year,Yes,Mailed check,19.15,18.228571428571428
4328,Female,0,Yes,No,15.0,Yes,Yes,DSL,No,No,No,No,No,No,Month-to-month,Yes,Electronic check,51.1,47.41
2224,Male,1,Yes,No,17.0,Yes,No,Fiber optic,No,Yes,No,No,No,No,Month-to-month,Yes,Electronic check,76.45,72.5529411764706
5898,Female,0,Yes,Yes,33.0,Yes,Yes,No,No internet service,No internet service,No internet service,No internet service,No internet service,No internet service,One year,No,Credit card (automatic),24.15,24.25151515151515
4056,Female,0,No,No,3.0,No,No phone service,DSL,No,Yes,No,No,Yes,Yes,Month-to-month,Yes,Electronic check,50.6,51.78333333333333
1629,Male,0,Yes,No,68.0,Yes,No,DSL,Yes,Yes,Yes,No,No,Yes,Two year,No,Bank transfer (automatic),70.95,69.72720588235293
3912,Female,0,Yes,Yes,60.0,Yes,Yes,Fiber optic,Yes,Yes,Yes,Yes,Yes,Yes,Two year,No,Credit card (automatic),115.25,112.64083333333333
5021,Female,0,Yes,Yes,23.0,Yes,Yes,Fiber optic,Yes,No,No,No,No,No,One year,No,Credit card (automatic),81.85,78.73260869565217
6887,Female,0,Yes,Yes,35.0,Yes,Yes,No,No internet service,No internet service,No internet service,No internet service,No internet service,No internet service,Two year,No,Bank transfer (automatic),24.3,23.474285714285713
1136,Female,0,Yes,Yes,63.0,Yes,No,No,No internet service,No internet service,No internet service,No internet service,No internet service,No internet service,Two year,No,Credit card (automatic),20.0,19.194444444444443
3048,Female,0,No,No,2.0,Yes,No,DSL,No,No,No,No,No,No,Month-to-month,No,Electronic check,44.45,41.35
115,Male,0,Yes,Yes,3.0,Yes,No,Fiber optic,Yes,Yes,No,No,Yes,No,Month-to-month,No,Electronic check,89.85,82.8
5298,Female,1,Yes,No,60.0,Yes,Yes,Fiber optic,No,Yes,Yes,No,Yes,Yes,Month-to-month,Yes,Electronic check,105.9,106.6875
20,Male,1,No,No,1.0,No,No phone service,DSL,No,No,Yes,No,No,Yes,Month-to-month,Yes,Electronic check,39.65,39.65
2932,Male,1,Yes,No,55.0,Yes,Yes,Fiber optic,No,Yes,Yes,Yes,Yes,Yes,Two year,Yes,Electronic check,113.6,114.41272727272727
5933,Male,1,No,No,3.0,Yes,Yes,Fiber optic,No,Yes,Yes,No,Yes,Yes,Month-to-month,Yes,Electronic check,105.0,98.14999999999999
5643,Male,0,No,No,1.0,Yes,No,Fiber optic,No,No,No,Yes,No,No,Month-to-month,Yes,Electronic check,75.9,75.9
5636,Male,0,Yes,No,14.0,No,No phone service,DSL,No,No,No,No,Yes,Yes,Month-to-month,No,Electronic check,46.35,47.69285714285714
1008,Male,0,Yes,Yes,32.0,Yes,Yes,Fiber optic,Yes,No,No,No,Yes,Yes,Month-to-month,Yes,Credit card (automatic),99.55,100.1453125
1432,Male,0,No,No,35.0,Yes,No,No,No internet service,No internet service,No internet service,No internet service,No internet service,No internet service,Month-to-month,No,Bank transfer (automatic),20.75,21.14
1416,Female,0,Yes,Yes,58.0,No,No phone service,DSL,No,No,Yes,Yes,Yes,Yes,Two year,Yes,Credit card (automatic),55.5,54.601724137931036
1989,Female,0,Yes,Yes,35.0,No,No phone service,DSL,Yes,No,No,Yes,Yes,No,Two year,Yes,Credit card (automatic),46.35,47.48714285714286
3915,Female,0,Yes,No,59.0,Yes,No,Fiber optic,Yes,No,Yes,No,No,No,One year,Yes,Credit card (automatic),81.25,78.63474576271186
5844,Female,0,Yes,No,2.0,Yes,No,Fiber optic,No,No,No,No,No,No,Month-to-month,Yes,Credit card (automatic),70.4,77.4
4211,Male,1,No,No,24.0,Yes,Yes,Fiber optic,No,Yes,Yes,No,Yes,Yes,Month-to-month,Yes,Credit card (automatic),102.95,104.02916666666665
670,Female,0,Yes,Yes,53.0,Yes,No,No,No internet service,No internet service,No internet service,No internet service,No internet service,No internet service,One year,Yes,Bank transfer (automatic),19.85,19.612264150943396
1780,Female,0,No,Yes,18.0,Yes,No,No,No internet service,No internet service,No internet service,No internet service,No internet service,No internet service,One year,No,Bank transfer (automatic),20.15,21.71388888888889
70,Male,0,No,No,1.0,Yes,No,DSL,No,No,No,Yes,No,No,Month-to-month,No,Mailed check,49.05,49.05
5575,Male,0,Yes,Yes,70.0,Yes,Yes,DSL,Yes,Yes,Yes,Yes,No,Yes,One year,No,Bank transfer (automatic),78.35,77.79928571428572
5372,Female,1,No,No,50.0,Yes,Yes,Fiber optic,No,No,Yes,Yes,Yes,Yes,Month-to-month,Yes,Electronic check,104.95,104.447
1267,Male,0,Yes,No,64.0,Yes,Yes,DSL,No,Yes,Yes,Yes,Yes,No,Two year,Yes,Bank transfer (automatic),76.1,75.29375
62,Male,0,Yes,No,72.0,No,No phone service,DSL,Yes,Yes,Yes,No,No,No,Two year,No,Bank transfer (automatic),42.1,41.138888888888886
4911,Male,1,Yes,No,72.0,Yes,No,Fiber optic,Yes,Yes,No,Yes,No,No,Two year,Yes,Credit card (automatic),84.8,85.30069444444445
1304,Male,1,Yes,No,15.0,Yes,Yes,Fiber optic,No,No,No,No,No,Yes,Month-to-month,Yes,Bank transfer (automatic),85.6,89.70333333333333
609,Female,1,Yes,No,65.0,Yes,Yes,Fiber optic,Yes,No,Yes,No,Yes,Yes,Month-to-month,No,Bank transfer (automatic),105.25,104.40615384615384
4881,Male,0,Yes,No,28.0,Yes,No,Fiber optic,No,No,No,Yes,No,No,Month-to-month,No,Bank transfer (automatic),76.55,73.76428571428572
1189,Male,0,No,No,3.0,Yes,No,Fiber optic,No,No,Yes,No,No,Yes,Month-to-month,No,Credit card (automatic),85.7,85.58333333333333
2074,Female,1,No,No,43.0,Yes,No,Fiber optic,Yes,Yes,No,Yes,Yes,Yes,Month-to-month,Yes,Credit card (automatic),108.15,106.99302325581395
1031,Male,0,Yes,Yes,27.0,Yes,Yes,DSL,No,No,No,Yes,Yes,Yes,Month-to-month,No,Bank transfer (automatic),71.6,72.48518518518519
3439,Male,1,Yes,No,72.0,Yes,Yes,Fiber optic,No,Yes,Yes,No,Yes,Yes,Two year,Yes,Bank transfer (automatic),104.15,106.80486111111111
3902,Female,0,No,No,1.0,No,No phone service,DSL,Yes,No,No,No,No,No,Month-to-month,No,Mailed check,29.9,29.9
5106,Female,0,No,No,52.0,Yes,No,DSL,No,No,Yes,No,No,Yes,Month-to-month,Yes,Electronic check,59.45,58.5326923076923
371,Male,0,No,No,2.0,Yes,Yes,Fiber optic,No,No,No,No,Yes,No,Month-to-month,Yes,Electronic check,85.65,90.75
2841,Male,0,No,No,3.0,No,No phone service,DSL,No,No,No,No,No,No,Month-to-month,No,Electronic check,25.1,26.599999999999998
4951,Male,1,Yes,No,29.0,Yes,Yes,Fiber optic,No,No,No,No,No,Yes,Month-to-month,Yes,Electronic check,84.3,81.30172413793103
2539,Female,0,Yes,Yes,65.0,Yes,Yes,No,No internet service,No internet service,No internet service,No internet service,No internet service,No internet service,Two year,No,Credit card (automatic),26.0,25.459230769230768
5328,Female,0,Yes,No,55.0,Yes,Yes,DSL,Yes,Yes,No,Yes,No,No,One year,Yes,Credit card (automatic),66.05,62.947272727272725
1805,Male,0,Yes,Yes,72.0,Yes,Yes,DSL,Yes,Yes,Yes,No,No,No,Two year,No,Credit card (automatic),64.45,65.55555555555556
5554,Female,0,No,No,63.0,Yes,No,No,No internet service,No internet service,No internet service,No internet service,No internet service,No internet service,Two year,Yes,Mailed check,20.6,20.614285714285714
1099,Male,0,Yes,Yes,5.0,Yes,Yes,DSL,No,No,No,Yes,No,No,Month-to-month,Yes,Mailed check,55.7,51.879999999999995
268,Male,0,No,No,59.0,Yes,No,No,No internet service,No internet service,No internet service,No internet service,No internet service,No internet service,Two year,No,Mailed check,19.35,18.63728813559322
5002,Female,0,Yes,Yes,69.0,No,No phone service,DSL,Yes,No,Yes,No,No,Yes,Two year,Yes,Credit card (automatic),43.95,42.9
4420,Male,0,No,No,27.0,Yes,No,DSL,Yes,No,Yes,Yes,Yes,No,One year,No,Credit card (automatic),69.35,71.38148148148149
6212,Male,0,No,No,15.0,No,No phone service,DSL,No,No,Yes,No,Yes,Yes,One year,No,Electronic check,50.75,45.88
6840,Male,0,No,Yes,1.0,Yes,No,No,No internet service,No internet service,No internet service,No internet service,No internet service,No internet service,Month-to-month,Yes,Mailed check,19.3,19.3
1438,Female,0,No,No,40.0,Yes,No,DSL,No,No,Yes,No,No,No,One year,Yes,Mailed check,50.25,50.58875
65,Female,0,No,No,3.0,Yes,No,DSL,No,Yes,No,Yes,Yes,Yes,Month-to-month,Yes,Electronic check,75.3,81.36666666666666
3560,Male,0,No,No,7.0,Yes,No,DSL,No,No,No,No,No,No,Month-to-month,No,Mailed check,43.9,39.771428571428565
2162,Male,0,Yes,No,28.0,Yes,Yes,Fiber optic,No,Yes,Yes,No,Yes,No,Month-to-month,No,Credit card (automatic),96.6,95.86964285714285
5612,Female,0,No,No,45.0,Yes,No,DSL,Yes,Yes,No,Yes,No,No,One year,Yes,Credit card (automatic),62.55,62.14333333333333
1053,Female,0,No,No,5.0,No,No phone service,DSL,No,No,Yes,No,No,Yes,Month-to-month,No,Electronic check,39.5,42.15
5944,Male,0,No,No,12.0,Yes,No,DSL,Yes,No,No,Yes,No,No,Month-to-month,No,Mailed check,56.65,54.57083333333333
3427,Female,0,Yes,No,21.0,Yes,Yes,Fiber optic,No,No,No,No,Yes,Yes,Month-to-month,Yes,Electronic check,94.3,92.77857142857142
3862,Male,0,Yes,Yes,70.0,Yes,Yes,No,No internet service,No internet service,No internet service,No internet service,No internet service,No internet service,Two year,No,Mailed check,25.4,25.457857142857144
3453,Female,0,Yes,No,70.0,Yes,Yes,Fiber optic,No,No,Yes,No,Yes,Yes,One year,Yes,Electronic check,97.65,99.75
2369,Male,0,No,No,64.0,Yes,Yes,Fiber optic,Yes,No,Yes,Yes,No,Yes,Two year,No,Credit card (automatic),99.25,102.33515625
4452,Female,0,Yes,No,70.0,Yes,No,DSL,Yes,Yes,Yes,Yes,Yes,Yes,Two year,No,Credit card (automatic),86.45,85.00285714285714
2559,Male,0,Yes,No,72.0,Yes,Yes,Fiber optic,Yes,Yes,Yes,Yes,Yes,Yes,Two year,Yes,Electronic check,115.55,117.01805555555555
3892,Female,0,No,No,17.0,Yes,No,No,No internet service,No internet service,No internet service,No internet service,No internet service,No internet service,Month-to-month,No,Credit card (automatic),19.7,20.02058823529412
199,Male,0,No,Yes,1.0,Yes,No,No,No internet service,No internet service,No internet service,No internet service,No internet service,No internet service,Month-to-month,No,Mailed check,20.75,20.75
3522,Male,0,Yes,Yes,37.0,Yes,No,No,No internet service,No internet service,No internet service,No internet service,No internet service,No internet service,One year,No,Credit card (automatic),19.8,18.298648648648648
2459,Male,0,No,No,8.0,Yes,No,No,No internet service,No internet service,No internet service,No internet service,No internet service,No internet service,Month-to-month,Yes,Credit card (automatic),20.45,20.2875
4803,Male,0,Yes,No,38.0,Yes,Yes,Fiber optic,Yes,No,No,No,Yes,No,Month-to-month,No,Bank transfer (automatic),91.7,91.55394736842106
1067,Male,0,Yes,No,24.0,Yes,No,Fiber optic,Yes,No,No,Yes,No,Yes,Month-to-month,Yes,Electronic check,89.25,92.09166666666665
6232,Female,0,No,No,5.0,Yes,Yes,Fiber optic,No,No,Yes,No,Yes,Yes,Month-to-month,Yes,Electronic check,100.5,102.8
4819,Male,0,No,Yes,53.0,Yes,No,No,No internet service,No internet service,No internet service,No internet service,No internet service,No internet service,Two year,No,Bank transfer (automatic),19.75,19.85566037735849
1985,Female,0,Yes,Yes,12.0,No,No phone service,DSL,No,Yes,No,No,No,No,Month-to-month,No,Mailed check,29.2,25.758333333333336
5460,Male,0,Yes,No,34.0,Yes,No,No,No internet service,No internet service,No internet service,No internet service,No internet service,No internet service,Two year,No,Credit card (automatic),20.05,19.970588235294116
6910,Male,0,No,Yes,70.0,Yes,Yes,Fiber optic,Yes,Yes,Yes,Yes,Yes,Yes,Two year,Yes,Electronic check,114.6,112.60714285714286
6233,Male,0,No,No,3.0,Yes,No,No,No internet service,No internet service,No internet service,No internet service,No internet service,No internet service,Month-to-month,No,Mailed check,20.7,19.166666666666668
5535,Female,0,Yes,Yes,55.0,Yes,Yes,DSL,Yes,No,Yes,Yes,Yes,Yes,Two year,Yes,Bank transfer (automatic),85.1,84.69
4875,Female,1,Yes,No,48.0,Yes,Yes,Fiber optic,Yes,Yes,Yes,Yes,Yes,Yes,Month-to-month,No,Electronic check,117.45,113.31041666666665
3415,Female,0,Yes,Yes,68.0,Yes,Yes,Fiber optic,No,No,No,No,Yes,No,One year,Yes,Electronic check,83.0,83.61470588235295
1841,Female,0,Yes,No,56.0,Yes,Yes,No,No internet service,No internet service,No internet service,No internet service,No internet service,No internet service,One year,No,Electronic check,24.3,22.530357142857145
6654,Female,0,Yes,No,7.0,Yes,Yes,Fiber optic,No,No,No,No,Yes,No,Month-to-month,Yes,Electronic check,86.5,83.21428571428571
6535,Male,0,No,No,35.0,Yes,No,Fiber optic,No,Yes,Yes,No,Yes,Yes,One year,Yes,Bank transfer (automatic),102.35,103.60285714285715
2184,Female,1,No,No,2.0,Yes,Yes,Fiber optic,No,No,Yes,No,No,Yes,Month-to-month,Yes,Electronic check,88.55,89.625
19,Female,0,No,No,21.0,Yes,No,Fiber optic,No,Yes,Yes,No,No,Yes,Month-to-month,Yes,Electronic check,90.05,88.70952380952382
2362,Male,0,Yes,Yes,49.0,No,No phone service,DSL,Yes,No,No,No,No,Yes,Month-to-month,Yes,Electronic check,39.2,37.51326530612245
1691,Male,0,Yes,Yes,60.0,Yes,No,No,No internet service,No internet service,No internet service,No internet service,No internet service,No internet service,Two year,No,Credit card (automatic),19.65,19.3625
892,Male,1,No,No,32.0,Yes,Yes,Fiber optic,No,No,Yes,No,No,No,Month-to-month,Yes,Credit card (automatic),81.1,81.8515625
3200,Male,0,Yes,No,54.0,Yes,Yes,Fiber optic,No,Yes,Yes,No,Yes,Yes,Month-to-month,Yes,Electronic check,104.3,97.74351851851851
5796,Female,0,Yes,Yes,47.0,No,No phone service,DSL,Yes,Yes,Yes,No,Yes,Yes,Two year,Yes,Credit card (automatic),60.0,58.90744680851064
6210,Female,0,No,Yes,25.0,Yes,No,DSL,No,Yes,No,Yes,No,No,One year,Yes,Credit card (automatic),54.75,50.653999999999996
3882,Male,0,No,No,4.0,Yes,No,DSL,No,No,No,No,No,No,Month-to-month,Yes,Credit card (automatic),44.8,44.05
1541,Male,0,No,No,72.0,Yes,No,No,No internet service,No internet service,No internet service,No internet service,No internet service,No internet service,Two year,No,Bank transfer (automatic),19.85,19.918055555555554
3725,Female,0,No,No,1.0,Yes,No,Fiber optic,No,No,No,No,No,No,Month-to-month,Yes,Mailed check,70.8,70.8
3400,Male,0,No,No,18.0,Yes,Yes,Fiber optic,No,No,No,No,Yes,No,Month-to-month,No,Bank transfer (automatic),84.3,85.4388888888889
1331,Female,0,No,No,1.0,No,No phone service,DSL,No,No,No,No,No,No,Month-to-month,Yes,Mailed check,25.15,25.15
1689,Male,0,Yes,Yes,7.0,No,No phone service,DSL,Yes,Yes,Yes,No,Yes,Yes,Month-to-month,No,Mailed check,58.85,66.52857142857142
6153,Male,0,Yes,Yes,60.0,Yes,No,No,No internet service,No internet service,No internet service,No internet service,No internet service,No internet service,Two year,Yes,Bank transfer (automatic),20.95,21.175833333333333
2779,Male,0,No,No,9.0,Yes,Yes,Fiber optic,No,No,No,No,Yes,No,Month-to-month,Yes,Electronic check,85.35,84.28888888888889
521,Male,1,Yes,No,29.0,Yes,Yes,DSL,No,No,No,No,No,No,Month-to-month,Yes,Electronic check,51.6,49.724137931034484
3648,Female,0,Yes,Yes,51.0,Yes,Yes,Fiber optic,No,No,Yes,No,No,Yes,One year,Yes,Electronic check,90.15,89.31078431372549
5967,Male,1,No,No,4.0,No,No phone service,DSL,No,No,No,No,No,No,Month-to-month,Yes,Bank transfer (automatic),25.2,25.625
1003,Female,0,No,No,37.0,Yes,No,No,No internet service,No internet service,No internet service,No internet service,No internet service,No internet service,Two year,No,Mailed check,19.85,21.195945945945947
5399,Female,0,No,No,50.0,Yes,No,No,No internet service,No internet service,No internet service,No internet service,No internet service,No internet service,One year,No,Bank transfer (automatic),19.75,19.781
4239,Male,0,Yes,Yes,56.0,No,No phone service,DSL,No,Yes,Yes,No,No,No,One year,Yes,Credit card (automatic),36.1,35.205357142857146
3513,Male,0,Yes,Yes,11.0,Yes,No,No,No internet service,No internet service,No internet service,No internet service,No internet service,No internet service,Month-to-month,No,Bank transfer (automatic),20.95,24.30454545454546
1762,Male,0,Yes,Yes,35.0,Yes,Yes,Fiber optic,No,Yes,No,No,Yes,No,Month-to-month,Yes,Bank transfer (automatic),89.65,90.33142857142857
891,Male,0,Yes,Yes,50.0,Yes,Yes,Fiber optic,No,Yes,Yes,No,Yes,Yes,Month-to-month,Yes,Bank transfer (automatic),103.85,100.35799999999999
489,Male,0,No,Yes,1.0,Yes,Yes,Fiber optic,No,No,No,No,No,No,Month-to-month,Yes,Electronic check,74.35,74.35
6757,Male,0,Yes,Yes,51.0,No,No phone service,DSL,Yes,Yes,Yes,No,Yes,Yes,One year,No,Electronic check,59.3,59.11078431372549
4996,Female,0,No,No,47.0,Yes,Yes,DSL,Yes,Yes,No,Yes,No,Yes,Two year,No,Mailed check,74.05,74.38936170212766
340,Female,1,No,No,32.0,Yes,No,DSL,No,Yes,No,Yes,No,No,Month-to-month,No,Bank transfer (automatic),54.65,57.190625
255,Female,0,Yes,Yes,67.0,No,No phone service,DSL,No,Yes,Yes,Yes,Yes,Yes,Two year,Yes,Electronic check,59.55,61.252238805970144
4724,Female,0,Yes,Yes,50.0,Yes,Yes,DSL,Yes,Yes,Yes,Yes,No,Yes,One year,Yes,Bank transfer (automatic),80.05,80.844
3871,Male,0,No,No,3.0,Yes,Yes,Fiber optic,No,No,Yes,No,Yes,Yes,Month-to-month,Yes,Bank transfer (automatic),101.55,99.45
4899,Female,0,No,Yes,4.0,Yes,Yes,Fiber optic,No,Yes,Yes,No,No,No,Month-to-month,No,Bank transfer (automatic),84.05,83.3875
4077,Female,1,Yes,Yes,14.0,Yes,Yes,Fiber optic,No,No,No,No,Yes,Yes,Month-to-month,Yes,Electronic check,95.8,96.16428571428571
3163,Male,1,No,No,39.0,Yes,Yes,Fiber optic,No,Yes,No,No,No,Yes,Month-to-month,No,Electronic check,90.7,87.51923076923077
6909,Female,0,Yes,No,1.0,Yes,No,DSL,Yes,Yes,No,No,No,No,Month-to-month,Yes,Mailed check,53.55,53.55
3431,Male,0,Yes,No,24.0,Yes,Yes,Fiber optic,No,No,Yes,No,Yes,Yes,Month-to-month,Yes,Electronic check,101.05,99.65833333333335
1548,Male,0,Yes,Yes,25.0,Yes,No,Fiber optic,No,No,No,Yes,Yes,No,Month-to-month,No,Electronic check,85.9,87.962
4383,Male,0,Yes,No,63.0,Yes,Yes,DSL,Yes,Yes,Yes,Yes,No,Yes,One year,No,Credit card (automatic),80.0,80.0031746031746
5803,Male,0,Yes,No,5.0,Yes,Yes,Fiber optic,No,Yes,No,No,No,No,Month-to-month,Yes,Electronic check,81.3,83.26
3796,Female,0,No,No,15.0,Yes,Yes,DSL,No,No,No,No,No,No,Month-to-month,Yes,Electronic check,49.1,45.30333333333333
5120,Male,0,Yes,Yes,7.0,Yes,No,DSL,Yes,No,No,No,No,No,One year,Yes,Electronic check,49.75,47.32857142857143
4105,Female,0,Yes,Yes,67.0,Yes,Yes,Fiber optic,Yes,No,No,Yes,Yes,Yes,Two year,No,Credit card (automatic),106.7,104.61940298507463
6764,Female,0,No,No,1.0,Yes,No,Fiber optic,No,No,No,No,No,No,Month-to-month,Yes,Electronic check,69.2,69.2
4021,Female,0,Yes,Yes,1.0,Yes,No,No,No internet service,No internet service,No internet service,No internet service,No internet service,No internet service,Month-to-month,Yes,Mailed check,20.5,20.5
6932,Male,0,No,No,10.0,Yes,No,DSL,No,No,No,No,No,Yes,Month-to-month,Yes,Bank transfer (automatic),56.75,50.325
434,Male,0,Yes,No,41.0,Yes,No,No,No internet service,No internet service,No internet service,No internet service,No internet service,No internet service,Two year,Yes,Electronic check,19.75,21.93780487804878
6259,Male,0,Yes,Yes,60.0,Yes,No,DSL,No,Yes,No,Yes,Yes,Yes,Two year,No,Bank transfer (automatic),76.95,75.7325
2875,Male,0,Yes,No,22.0,Yes,Yes,Fiber optic,No,No,No,No,No,Yes,Month-to-month,Yes,Electronic check,85.1,85.16818181818182
4625,Female,1,No,No,8.0,Yes,No,Fiber optic,No,No,Yes,No,No,No,Month-to-month,Yes,Bank transfer (automatic),74.05,75.01875
4563,Female,0,No,No,10.0,Yes,Yes,Fiber optic,No,Yes,No,No,No,No,Month-to-month,Yes,Bank transfer (automatic),80.05,83.07000000000001
349,Female,1,Yes,No,64.0,Yes,No,Fiber optic,Yes,Yes,Yes,No,No,Yes,One year,No,Bank transfer (automatic),97.0,100.4828125
3271,Male,1,Yes,No,12.0,Yes,Yes,Fiber optic,No,Yes,No,No,Yes,Yes,Month-to-month,Yes,Electronic check,101.35,101.54583333333333
229,Female,0,Yes,Yes,47.0,Yes,Yes,DSL,Yes,Yes,No,Yes,Yes,Yes,Two year,Yes,Credit card (automatic),85.3,87.38829787234043
461,Female,0,Yes,No,24.0,Yes,No,DSL,No,Yes,No,No,Yes,Yes,Month-to-month,Yes,Bank transfer (automatic),69.45,67.25208333333333
3740,Female,0,Yes,Yes,2.0,Yes,No,Fiber optic,No,No,No,No,No,No,Month-to-month,Yes,Electronic check,71.65,67.875
390,Female,0,No,No,27.0,Yes,Yes,Fiber optic,No,No,No,No,Yes,Yes,Month-to-month,Yes,Bank transfer (automatic),95.6,96.12037037037037
495,Male,0,No,No,22.0,No,No phone service,DSL,No,Yes,Yes,No,No,Yes,One year,Yes,Bank transfer (automatic),43.75,41.07272727272727
775,Female,0,Yes,No,72.0,Yes,Yes,Fiber optic,Yes,Yes,Yes,No,Yes,Yes,Two year,Yes,Credit card (automatic),110.65,112.02291666666666
795,Male,0,Yes,No,2.0,Yes,No,DSL,No,Yes,No,Yes,No,Yes,Month-to-month,Yes,Mailed check,64.2,71.825
6287,Male,0,No,No,26.0,Yes,Yes,Fiber optic,No,No,No,No,No,Yes,Month-to-month,Yes,Electronic check,83.95,86.69999999999999
2098,Male,0,No,No,2.0,Yes,Yes,Fiber optic,Yes,No,No,No,No,Yes,Month-to-month,No,Mailed check,90.75,87.375
3103,Female,1,No,No,1.0,Yes,No,No,No internet service,No internet service,No internet service,No internet service,No internet service,No internet service,Month-to-month,Yes,Electronic check,19.45,19.45
1617,Male,0,No,No,27.0,Yes,Yes,DSL,No,No,Yes,Yes,No,No,Month-to-month,No,Electronic check,59.45,59.69074074074074
4800,Male,1,No,No,1.0,Yes,Yes,Fiber optic,No,No,No,No,Yes,Yes,Month-to-month,Yes,Electronic check,94.0,94.0
98,Male,0,No,No,52.0,Yes,No,No,No internet service,No internet service,No internet service,No internet service,No internet service,No internet service,Two year,No,Bank transfer (automatic),21.0,21.292307692307695
4410,Female,0,Yes,No,16.0,Yes,No,Fiber optic,No,Yes,No,No,Yes,Yes,Month-to-month,Yes,Bank transfer (automatic),94.65,91.321875
5008,Female,0,No,No,6.0,Yes,No,No,No internet service,No internet service,No internet service,No internet service,No internet service,No internet service,Two year,No,Credit card (automatic),19.65,19.474999999999998
6658,Male,1,No,No,27.0,Yes,Yes,Fiber optic,No,Yes,No,No,No,No,Month-to-month,Yes,Electronic check,81.45,78.59444444444445
399,Female,0,Yes,Yes,23.0,Yes,No,No,No internet service,No internet service,No internet service,No internet service,No internet service,No internet service,One year,No,Mailed check,20.05,18.047826086956523
6381,Male,0,No,Yes,1.0,Yes,No,No,No internet service,No internet service,No internet service,No internet service,No internet service,No internet service,Month-to-month,No,Mailed check,19.55,19.55
1830,Male,0,No,Yes,32.0,Yes,No,No,No internet service,No internet service,No internet service,No internet service,No internet service,No internet service,Two year,No,Mailed check,20.5,21.775
4194,Female,0,Yes,No,71.0,Yes,Yes,No,No internet service,No internet service,No internet service,No internet service,No internet service,No internet service,Two year,Yes,Credit card (automatic),25.95,25.378873239436622
4388,Female,0,No,No,17.0,Yes,No,No,No internet service,No internet service,No internet service,No internet service,No internet service,No internet service,Two year,No,Mailed check,19.4,21.061764705882354
5912,Female,1,No,No,47.0,Yes,Yes,Fiber optic,No,Yes,Yes,No,No,No,Month-to-month,Yes,Bank transfer (automatic),85.2,84.45425531914893
1227,Male,0,No,No,30.0,Yes,Yes,Fiber optic,Yes,Yes,Yes,No,No,No,One year,No,Bank transfer (automatic),90.4,94.02166666666668
1291,Male,0,Yes,No,8.0,Yes,No,Fiber optic,Yes,No,No,No,No,No,Month-to-month,No,Electronic check,75.0,79.11875
5959,Female,0,Yes,Yes,33.0,Yes,No,No,No internet service,No internet service,No internet service,No internet service,No internet service,No internet service,Two year,No,Credit card (automatic),19.8,19.434848484848487
5333,Female,0,Yes,Yes,13.0,Yes,No,Fiber optic,No,No,No,No,Yes,Yes,Month-to-month,No,Electronic check,88.35,94.06153846153846
5689,Male,0,No,No,5.0,Yes,No,Fiber optic,No,Yes,No,No,No,No,Month-to-month,Yes,Electronic check,74.65,76.72999999999999
3802,Male,0,No,No,1.0,Yes,No,No,No internet service,No internet service,No internet service,No internet service,No internet service,No internet service,Month-to-month,No,Mailed check,20.0,20.0
431,Female,0,Yes,Yes,72.0,No,No phone service,DSL,Yes,Yes,Yes,Yes,Yes,Yes,Two year,Yes,Credit card (automatic),65.2,66.45069444444444
5972,Female,1,No,No,15.0,Yes,Yes,DSL,No,No,No,Yes,No,No,Month-to-month,No,Credit card (automatic),55.0,50.473333333333336
6924,Male,0,No,No,1.0,Yes,No,Fiber optic,No,No,No,No,No,No,Month-to-month,Yes,Electronic check,69.35,69.35
5236,Male,0,No,No,41.0,Yes,No,Fiber optic,No,Yes,No,Yes,Yes,No,One year,Yes,Electronic check,89.55,90.96951219512195
6882,Female,1,No,No,71.0,Yes,Yes,Fiber optic,Yes,Yes,No,Yes,Yes,No,One year,Yes,Credit card (automatic),99.65,101.1443661971831
6265,Female,0,No,No,2.0,Yes,No,DSL,No,No,No,No,No,No,Month-to-month,Yes,Mailed check,45.25,37.1
1849,Male,0,No,No,10.0,Yes,No,DSL,No,No,No,No,No,No,Month-to-month,Yes,Electronic check,45.55,40.260000000000005
1209,Male,0,Yes,No,56.0,Yes,Yes,Fiber optic,Yes,Yes,Yes,No,No,No,One year,Yes,Electronic check,93.15,93.82053571428571
1995,Female,1,No,No,1.0,Yes,No,Fiber optic,No,No,No,No,No,No,Month-to-month,Yes,Electronic check,69.95,69.95
2851,Female,0,Yes,Yes,64.0,Yes,Yes,DSL,Yes,Yes,Yes,Yes,Yes,Yes,Two year,Yes,Mailed check,90.6,90.89765625
4859,Male,1,Yes,No,63.0,Yes,Yes,Fiber optic,Yes,Yes,Yes,No,Yes,Yes,Two year,No,Credit card (automatic),108.5,110.98253968253968
4221,Male,0,No,No,1.0,Yes,No,No,No internet service,No internet service,No internet service,No internet service,No internet service,No internet service,Month-to-month,No,Credit card (automatic),19.3,19.3
356,Female,1,No,No,16.0,Yes,Yes,DSL,Yes,No,No,No,No,No,Month-to-month,Yes,Electronic check,54.1,55.5625
1134,Female,0,Yes,Yes,26.0,Yes,No,Fiber optic,Yes,Yes,No,No,No,No,Month-to-month,No,Electronic check,81.95,79.6173076923077
3881,Male,0,Yes,No,71.0,Yes,Yes,DSL,Yes,Yes,No,Yes,No,No,Two year,No,Bank transfer (automatic),65.15,65.94014084507042
656,Male,0,Yes,Yes,68.0,Yes,Yes,DSL,Yes,Yes,Yes,Yes,Yes,Yes,Two year,Yes,Credit card (automatic),88.85,90.18676470588235
4394,Male,0,No,No,19.0,Yes,Yes,DSL,No,No,Yes,Yes,No,No,Month-to-month,No,Electronic check,59.55,60.24210526315789
676,Female,0,No,No,48.0,Yes,Yes,No,No internet service,No internet service,No internet service,No internet service,No internet service,No internet service,One year,No,Bank transfer (automatic),24.55,25.082291666666666
2040,Male,0,Yes,No,71.0,Yes,Yes,DSL,Yes,Yes,Yes,Yes,Yes,Yes,Two year,No,Bank transfer (automatic),90.55,90.19718309859155
526,Male,1,Yes,Yes,72.0,Yes,Yes,Fiber optic,Yes,Yes,Yes,Yes,Yes,Yes,Two year,Yes,Credit card (automatic),115.75,116.6548611111111
5101,Male,0,No,No,17.0,Yes,Yes,Fiber optic,Yes,Yes,Yes,Yes,Yes,No,Month-to-month,Yes,Bank transfer (automatic),106.65,98.35882352941177
4158,Male,0,Yes,Yes,39.0,Yes,Yes,No,No internet service,No internet service,No internet service,No internet service,No internet service,No internet service,Two year,No,Mailed check,25.2,25.33205128205128
2165,Female,0,No,No,13.0,Yes,No,No,No internet service,No internet service,No internet service,No internet service,No internet service,No internet service,One year,No,Mailed check,20.2,21.01923076923077
822,Male,0,No,No,47.0,Yes,Yes,Fiber optic,No,Yes,Yes,No,Yes,Yes,One year,Yes,Electronic check,103.1,104.02765957446809
6469,Male,0,No,No,35.0,Yes,No,No,No internet service,No internet service,No internet service,No internet service,No internet service,No internet service,Two year,No,Bank transfer (automatic),21.45,20.155714285714286
2097,Male,0,No,No,9.0,Yes,No,Fiber optic,No,No,Yes,No,Yes,Yes,Month-to-month,Yes,Electronic check,94.05,90.18333333333334
230,Male,0,No,No,54.0,Yes,Yes,Fiber optic,Yes,Yes,No,Yes,Yes,Yes,Two year,Yes,Credit card (automatic),108.0,106.6787037037037
4496,Female,0,Yes,Yes,72.0,Yes,Yes,DSL,Yes,Yes,Yes,Yes,Yes,Yes,Two year,No,Credit card (automatic),89.75,91.60972222222222
2788,Male,0,No,Yes,71.0,Yes,Yes,Fiber optic,Yes,Yes,No,No,No,No,One year,Yes,Credit card (automatic),85.45,84.91478873239437
3641,Female,0,No,No,49.0,Yes,No,DSL,No,No,Yes,Yes,Yes,Yes,Two year,Yes,Bank transfer (automatic),74.45,75.95714285714286
6178,Female,1,Yes,No,54.0,Yes,No,No,No internet service,No internet service,No internet service,No internet service,No internet service,No internet service,Two year,Yes,Mailed check,18.95,19.09444444444444
5732,Male,1,No,No,19.0,Yes,No,Fiber optic,Yes,No,No,No,No,Yes,Month-to-month,Yes,Electronic check,87.3,86.17368421052632
4270,Female,0,Yes,No,72.0,Yes,Yes,DSL,Yes,Yes,Yes,Yes,Yes,Yes,Two year,Yes,Electronic check,92.4,94.2513888888889
2004,Male,0,No,No,24.0,Yes,Yes,Fiber optic,No,No,Yes,No,Yes,No,Month-to-month,Yes,Mailed check,89.85,90.21041666666667
2754,Male,0,No,No,3.0,No,No phone service,DSL,Yes,No,Yes,Yes,No,No,Month-to-month,No,Mailed check,41.35,35.75
4809,Female,0,Yes,No,1.0,Yes,No,No,No internet service,No internet service,No internet service,No internet service,No internet service,No internet service,Month-to-month,Yes,Bank transfer (automatic),20.3,20.3
4157,Male,0,No,No,11.0,Yes,No,DSL,No,No,No,No,No,No,Month-to-month,No,Credit card (automatic),45.2,44.72727272727273
712,Female,0,No,No,58.0,Yes,Yes,No,No internet service,No internet service,No internet service,No internet service,No internet service,No internet service,Two year,Yes,Credit card (automatic),24.7,26.189655172413794
6854,Male,0,No,No,2.0,Yes,No,No,No internet service,No internet service,No internet service,No internet service,No internet service,No internet service,Month-to-month,No,Mailed check,20.0,16.35
917,Male,0,No,No,72.0,No,No phone service,DSL,Yes,Yes,Yes,Yes,Yes,Yes,Two year,Yes,Bank transfer (automatic),65.55,66.77013888888888
2567,Male,0,Yes,No,60.0,Yes,Yes,Fiber optic,No,Yes,Yes,No,Yes,No,Month-to-month,Yes,Electronic check,95.75,95.71499999999999
5419,Female,1,Yes,No,72.0,Yes,Yes,Fiber optic,Yes,No,No,No,No,No,Two year,No,Bank transfer (automatic),78.5,77.80902777777777
4433,Female,0,No,No,4.0,Yes,Yes,Fiber optic,No,No,No,No,No,No,Month-to-month,Yes,Electronic check,75.65,75.5875
5341,Female,1,No,No,1.0,Yes,Yes,Fiber optic,No,No,No,No,No,No,Month-to-month,Yes,Mailed check,74.45,74.45
3424,Male,0,No,No,10.0,Yes,No,Fiber optic,No,No,No,No,Yes,Yes,Month-to-month,Yes,Electronic check,89.5,86.31
5257,Male,1,No,No,37.0,Yes,Yes,Fiber optic,No,No,Yes,No,Yes,Yes,Month-to-month,Yes,Electronic check,101.1,101.19054054054054
2468,Male,0,Yes,No,4.0,No,No phone service,DSL,No,Yes,No,No,Yes,Yes,Month-to-month,Yes,Electronic check,48.55,50.25
3485,Male,0,No,No,2.0,Yes,Yes,Fiber optic,No,No,No,No,No,No,Month-to-month,Yes,Credit card (automatic),73.25,65.525
5680,Female,1,Yes,No,1.0,Yes,No,No,No internet service,No internet service,No internet service,No internet service,No internet service,No internet service,Month-to-month,Yes,Mailed check,20.85,20.85
412,Female,0,Yes,No,29.0,Yes,Yes,Fiber optic,No,No,No,No,No,No,Month-to-month,Yes,Electronic check,74.95,74.10517241379311
125,Male,0,No,No,33.0,Yes,No,Fiber optic,Yes,No,No,Yes,Yes,No,Two year,Yes,Electronic check,88.95,91.7469696969697
5749,Female,1,No,No,59.0,Yes,Yes,Fiber optic,No,No,Yes,No,Yes,Yes,One year,Yes,Electronic check,99.5,99.83050847457628
5970,Male,0,Yes,No,5.0,Yes,Yes,Fiber optic,Yes,No,No,No,No,Yes,Month-to-month,Yes,Electronic check,89.15,82.65
5906,Female,1,No,No,14.0,Yes,Yes,Fiber optic,No,Yes,No,No,No,No,Month-to-month,Yes,Electronic check,78.95,78.70357142857142
2690,Male,1,Yes,Yes,8.0,Yes,No,Fiber optic,No,No,No,No,Yes,No,Month-to-month,Yes,Credit card (automatic),80.45,72.93125
692,Male,0,No,Yes,47.0,Yes,No,No,No internet service,No internet service,No internet service,No internet service,No internet service,No internet service,One year,No,Credit card (automatic),20.55,21.554255319148936
5857,Female,0,Yes,Yes,17.0,Yes,Yes,Fiber optic,No,No,Yes,No,Yes,No,Month-to-month,No,Electronic check,88.25,85.92058823529412
3111,Male,0,Yes,Yes,72.0,Yes,Yes,Fiber optic,No,Yes,Yes,No,Yes,Yes,Two year,Yes,Electronic check,103.4,102.39791666666666
4109,Male,0,No,No,2.0,No,No phone service,DSL,No,No,No,No,No,No,Month-to-month,Yes,Electronic check,25.05,28.175
3282,Male,0,Yes,No,60.0,Yes,Yes,Fiber optic,No,Yes,Yes,No,Yes,Yes,One year,No,Bank transfer (automatic),102.5,102.62666666666668
5418,Male,1,No,No,18.0,Yes,Yes,Fiber optic,No,Yes,No,No,No,No,Month-to-month,Yes,Credit card (automatic),80.55,78.42500000000001
3496,Male,0,No,No,25.0,Yes,No,Fiber optic,Yes,No,No,No,No,No,Month-to-month,No,Bank transfer (automatic),74.3,78.09
2697,Female,0,Yes,No,71.0,Yes,Yes,DSL,Yes,Yes,Yes,Yes,Yes,Yes,Two year,No,Bank transfer (automatic),87.95,89.65281690140846
1074,Male,0,No,No,1.0,Yes,No,No,No internet service,No internet service,No internet service,No internet service,No internet service,No internet service,Month-to-month,No,Mailed check,21.1,21.1
1843,Female,0,Yes,Yes,71.0,Yes,No,No,No internet service,No internet service,No internet service,No internet service,No internet service,No internet service,Two year,No,Credit card (automatic),19.7,19.941549295774646
5899,Male,1,No,No,67.0,Yes,Yes,Fiber optic,No,No,No,No,No,No,Month-to-month,Yes,Mailed check,75.7,75.53507462686568
4229,Female,1,Yes,No,72.0,Yes,Yes,Fiber optic,Yes,Yes,Yes,Yes,Yes,Yes,Two year,Yes,Credit card (automatic),115.75,117.27361111111112
1150,Female,0,No,No,41.0,No,No phone service,DSL,No,Yes,No,No,No,Yes,Month-to-month,Yes,Electronic check,40.35,40.923170731707316
1218,Male,0,No,No,24.0,Yes,Yes,Fiber optic,No,Yes,No,No,Yes,No,Month-to-month,Yes,Credit card (automatic),90.55,95.10625
5475,Male,0,No,Yes,54.0,Yes,Yes,DSL,No,Yes,No,No,No,No,Month-to-month,Yes,Credit card (automatic),55.0,57.2712962962963
2226,Female,0,Yes,Yes,23.0,No,No phone service,DSL,Yes,No,No,Yes,No,No,Two year,No,Mailed check,34.6,35.36739130434783
4358,Male,0,Yes,Yes,13.0,Yes,No,DSL,No,No,No,No,Yes,Yes,One year,Yes,Electronic check,64.75,67.48846153846154
1913,Female,0,No,No,65.0,Yes,Yes,Fiber optic,No,Yes,Yes,No,Yes,No,One year,Yes,Electronic check,95.5,94.6746153846154
6525,Male,0,Yes,Yes,55.0,Yes,No,No,No internet service,No internet service,No internet service,No internet service,No internet service,No internet service,Two year,No,Mailed check,20.5,21.417272727272728
3118,Male,0,No,No,44.0,Yes,No,No,No internet service,No internet service,No internet service,No internet service,No internet service,No internet service,One year,No,Credit card (automatic),19.5,18.988636363636363
3870,Female,0,Yes,No,68.0,No,No phone service,DSL,Yes,No,Yes,No,Yes,Yes,One year,Yes,Electronic check,54.4,54.75955882352941
615,Female,0,No,No,15.0,Yes,Yes,DSL,No,No,No,No,No,No,Month-to-month,No,Mailed check,48.85,42.093333333333334
6378,Male,0,Yes,Yes,13.0,Yes,No,Fiber optic,Yes,No,No,No,No,Yes,Month-to-month,No,Electronic check,84.05,84.25384615384615
4108,Male,0,Yes,Yes,33.0,Yes,No,No,No internet service,No internet service,No internet service,No internet service,No internet service,No internet service,One year,Yes,Bank transfer (automatic),19.45,18.189393939393938
2827,Male,0,No,No,1.0,Yes,No,DSL,No,Yes,No,No,No,No,Month-to-month,Yes,Mailed check,50.15,50.15
6631,Male,0,Yes,No,25.0,Yes,Yes,DSL,No,No,Yes,No,No,No,Month-to-month,No,Credit card (automatic),55.55,56.211999999999996
2845,Female,0,No,No,11.0,Yes,No,Fiber optic,No,Yes,Yes,Yes,No,Yes,Month-to-month,Yes,Electronic check,94.2,90.89999999999999
2688,Male,0,Yes,No,5.0,Yes,Yes,Fiber optic,No,Yes,No,No,No,No,Month-to-month,Yes,Electronic check,78.75,82.42
3487,Female,0,Yes,Yes,52.0,Yes,No,No,No internet service,No internet service,No internet service,No internet service,No internet service,No internet service,Two year,No,Bank transfer (automatic),20.1,20.745192307692307
1580,Female,1,Yes,No,21.0,Yes,Yes,DSL,No,Yes,Yes,No,No,Yes,One year,No,Bank transfer (automatic),71.7,71.28809523809524
5795,Male,0,No,No,39.0,Yes,Yes,Fiber optic,Yes,Yes,No,No,Yes,Yes,Month-to-month,Yes,Electronic check,106.4,103.60641025641026
5753,Male,0,No,No,2.0,Yes,No,No,No internet service,No internet service,No internet service,No internet service,No internet service,No internet service,Month-to-month,Yes,Credit card (automatic),19.9,16.85
6907,Female,0,No,No,41.0,Yes,No,Fiber optic,No,No,No,No,No,No,Month-to-month,No,Bank transfer (automatic),70.25,69.95243902439024
420,Female,0,Yes,Yes,5.0,Yes,Yes,No,No internet service,No internet service,No internet service,No internet service,No internet service,No internet service,Month-to-month,Yes,Mailed check,24.3,26.45
475,Male,0,No,No,24.0,Yes,Yes,Fiber optic,No,Yes,No,No,No,No,Month-to-month,Yes,Electronic check,80.25,77.5625
5908,Male,0,No,No,1.0,Yes,No,No,No internet service,No internet service,No internet service,No internet service,No internet service,No internet service,Month-to-month,No,Mailed check,20.2,20.2
5653,Female,0,No,No,7.0,Yes,No,Fiber optic,No,No,No,No,Yes,No,Month-to-month,Yes,Electronic check,79.0,74.70714285714287
7013,Female,0,No,No,40.0,Yes,Yes,Fiber optic,No,Yes,Yes,No,Yes,No,Month-to-month,Yes,Bank transfer (automatic),93.4,93.91
3687,Male,0,Yes,Yes,19.0,Yes,No,Fiber optic,No,Yes,No,Yes,Yes,Yes,One year,No,Bank transfer (automatic),100.0,99.40263157894738
4752,Male,0,No,No,23.0,Yes,No,No,No internet service,No internet service,No internet service,No internet service,No internet service,No internet service,One year,No,Mailed check,20.45,20.917391304347827
2018,Female,0,No,No,1.0,Yes,No,DSL,No,No,No,No,No,No,Month-to-month,Yes,Mailed check,45.3,45.3
6834,Female,0,No,No,15.0,No,No phone service,DSL,No,Yes,No,No,No,Yes,Two year,Yes,Mailed check,38.8,40.2
1600,Male,1,No,No,1.0,Yes,Yes,Fiber optic,No,No,Yes,No,Yes,No,Month-to-month,Yes,Electronic check,88.8,88.8
6037,Male,1,No,No,63.0,Yes,Yes,Fiber optic,Yes,Yes,Yes,No,Yes,Yes,Month-to-month,Yes,Bank transfer (automatic),109.4,111.61031746031746
4723,Male,0,No,No,1.0,Yes,No,Fiber optic,No,Yes,No,No,No,No,Month-to-month,Yes,Electronic check,74.35,74.35
2478,Male,0,No,No,4.0,Yes,No,DSL,No,No,No,No,No,No,Month-to-month,No,Mailed check,44.55,55.1875
1592,Female,0,Yes,Yes,42.0,Yes,No,Fiber optic,No,No,No,No,Yes,No,Month-to-month,Yes,Credit card (automatic),77.95,80.57142857142857
32,Female,0,Yes,Yes,27.0,Yes,No,DSL,Yes,Yes,Yes,Yes,No,No,One year,No,Mailed check,66.15,69.42407407407407
3878,Male,0,Yes,Yes,71.0,Yes,Yes,Fiber optic,Yes,Yes,Yes,Yes,Yes,Yes,Two year,Yes,Bank transfer (automatic),116.05,116.86619718309859
5090,Male,1,Yes,No,7.0,Yes,Yes,Fiber optic,Yes,Yes,No,No,No,Yes,Month-to-month,Yes,Credit card (automatic),94.7,96.15714285714286
980,Female,0,No,No,20.0,Yes,No,No,No internet service,No internet service,No internet service,No internet service,No internet service,No internet service,Month-to-month,Yes,Bank transfer (automatic),19.5,20.65
6460,Male,0,No,No,44.0,Yes,No,Fiber optic,No,Yes,No,Yes,Yes,Yes,Month-to-month,No,Electronic check,100.55,99.95795454545454
1084,Female,0,Yes,Yes,52.0,Yes,No,No,No internet service,No internet service,No internet service,No internet service,No internet service,No internet service,One year,No,Credit card (automatic),19.6,19.46923076923077
2207,Female,0,Yes,No,7.0,Yes,No,Fiber optic,No,No,Yes,No,Yes,No,Month-to-month,Yes,Electronic check,86.25,83.87142857142858
4551,Male,0,Yes,Yes,56.0,Yes,Yes,Fiber optic,No,Yes,No,Yes,Yes,No,Month-to-month,Yes,Credit card (automatic),96.95,97.00357142857142
6533,Male,1,Yes,No,28.0,Yes,Yes,Fiber optic,No,Yes,No,Yes,Yes,Yes,Month-to-month,Yes,Electronic check,105.8,107.07142857142857
5297,Female,0,Yes,Yes,54.0,Yes,No,No,No internet service,No internet service,No internet service,No internet service,No internet service,No internet service,Two year,Yes,Bank transfer (automatic),20.35,20.2287037037037
1481,Male,0,Yes,Yes,72.0,No,No phone service,DSL,Yes,Yes,Yes,Yes,Yes,Yes,Two year,Yes,Credit card (automatic),65.1,66.03194444444445
4501,Female,0,No,No,39.0,Yes,No,No,No internet service,No internet service,No internet service,No internet service,No internet service,No internet service,Two year,No,Credit card (automatic),20.7,19.55
1901,Female,0,No,No,12.0,Yes,No,No,No internet service,No internet service,No internet service,No internet service,No internet service,No internet service,One year,No,Electronic check,20.15,21.724999999999998
1046,Female,0,No,No,52.0,Yes,Yes,DSL,Yes,No,Yes,Yes,Yes,No,One year,No,Credit card (automatic),74.0,74.57019230769231
4865,Female,0,Yes,Yes,7.0,Yes,Yes,DSL,No,No,No,No,No,No,Month-to-month,No,Electronic check,48.8,49.971428571428575
2930,Male,0,Yes,Yes,31.0,Yes,Yes,No,No internet service,No internet service,No internet service,No internet service,No internet service,No internet service,Two year,No,Mailed check,25.75,24.374193548387098
2848,Male,0,Yes,Yes,24.0,Yes,No,DSL,Yes,No,Yes,No,No,No,One year,Yes,Credit card (automatic),56.25,60.59375
6716,Female,0,Yes,No,3.0,Yes,Yes,Fiber optic,No,No,No,No,No,No,Month-to-month,Yes,Credit card (automatic),74.1,76.0
363,Female,0,No,No,47.0,Yes,No,No,No internet service,No internet service,No internet service,No internet service,No internet service,No internet service,Two year,Yes,Mailed check,20.55,20.121276595744682
2622,Male,1,Yes,Yes,28.0,Yes,Yes,DSL,No,No,No,No,No,No,One year,Yes,Electronic check,51.0,49.35
4542,Female,1,Yes,No,32.0,Yes,Yes,Fiber optic,No,No,Yes,No,No,No,Month-to-month,No,Mailed check,79.3,80.3125
4567,Male,0,No,No,34.0,Yes,Yes,Fiber optic,No,Yes,No,Yes,Yes,Yes,Month-to-month,Yes,Electronic check,105.35,104.13676470588236
697,Male,0,Yes,Yes,3.0,Yes,No,DSL,No,No,Yes,No,No,No,Month-to-month,Yes,Electronic check,50.15,56.050000000000004
3804,Male,0,No,No,10.0,Yes,Yes,Fiber optic,No,Yes,No,No,No,No,Month-to-month,No,Electronic check,79.85,79.725
6850,Male,0,No,Yes,66.0,Yes,Yes,DSL,Yes,Yes,No,Yes,No,No,Two year,No,Bank transfer (automatic),65.7,66.3469696969697
34,Male,1,No,No,1.0,Yes,No,DSL,No,No,No,No,No,No,Month-to-month,No,Bank transfer (automatic),45.25,45.25
6721,Female,0,Yes,Yes,49.0,Yes,Yes,DSL,No,Yes,No,Yes,Yes,Yes,Two year,No,Bank transfer (automatic),79.3,79.64183673469387
4372,Male,0,Yes,Yes,1.0,Yes,No,No,No internet service,No internet service,No internet service,No internet service,No internet service,No internet service,Month-to-month,Yes,Bank transfer (automatic),20.15,20.15
1285,Male,1,Yes,No,7.0,Yes,No,Fiber optic,No,No,No,No,Yes,Yes,Month-to-month,Yes,Electronic check,89.5,96.67142857142858
4791,Male,0,Yes,No,3.0,Yes,No,No,No internet service,No internet service,No internet service,No internet service,No internet service,No internet service,Month-to-month,No,Bank transfer (automatic),20.0,16.55
3585,Male,1,Yes,No,34.0,Yes,No,Fiber optic,Yes,No,No,Yes,Yes,No,One year,No,Mailed check,90.15,92.02352941176471
3619,Female,0,Yes,Yes,72.0,Yes,No,DSL,Yes,Yes,Yes,Yes,Yes,Yes,Two year,No,Bank transfer (automatic),85.3,85.12777777777778
2047,Male,0,No,No,3.0,Yes,No,DSL,Yes,No,Yes,No,Yes,Yes,Month-to-month,Yes,Electronic check,77.4,68.71666666666667
1504,Female,0,No,No,18.0,Yes,No,Fiber optic,No,No,No,No,No,No,Month-to-month,Yes,Electronic check,71.1,69.31944444444444
4033,Male,0,Yes,Yes,67.0,Yes,No,DSL,Yes,Yes,No,Yes,No,No,One year,No,Mailed check,60.05,59.61268656716418
423,Male,0,Yes,Yes,44.0,Yes,Yes,No,No internet service,No internet service,No internet service,No internet service,No internet service,No internet service,One year,No,Mailed check,25.7,25.238636363636363
5523,Female,0,Yes,No,7.0,Yes,No,Fiber optic,No,No,No,No,No,No,Month-to-month,Yes,Bank transfer (automatic),69.2,68.22142857142858
2266,Male,1,Yes,No,52.0,Yes,No,Fiber optic,Yes,No,Yes,Yes,Yes,Yes,One year,Yes,Bank transfer (automatic),104.45,105.40865384615384
3123,Male,0,No,No,16.0,Yes,No,Fiber optic,No,No,No,No,No,No,Month-to-month,Yes,Credit card (automatic),69.95,75.34375
3794,Male,0,Yes,No,8.0,Yes,No,DSL,No,Yes,Yes,No,No,No,Month-to-month,Yes,Mailed check,54.75,55.73125
564,Male,0,No,No,7.0,Yes,No,DSL,No,No,Yes,Yes,Yes,No,Month-to-month,No,Bank transfer (automatic),64.3,63.707142857142856
4006,Male,0,Yes,Yes,72.0,Yes,No,No,No internet service,No internet service,No internet service,No internet service,No internet service,No internet service,Two year,Yes,Credit card (automatic),19.8,19.647916666666667
960,Male,1,Yes,No,7.0,No,No phone service,DSL,Yes,No,No,No,No,No,Month-to-month,No,Bank transfer (automatic),29.8,31.49285714285714
4385,Male,0,No,No,21.0,Yes,No,No,No internet service,No internet service,No internet service,No internet service,No internet service,No internet service,One year,Yes,Mailed check,20.35,20.128571428571426
5253,Male,1,No,No,35.0,Yes,No,DSL,No,No,Yes,Yes,Yes,Yes,One year,Yes,Electronic check,73.0,70.60714285714286
6392,Female,0,Yes,Yes,60.0,No,No phone service,DSL,No,Yes,No,No,Yes,Yes,Month-to-month,Yes,Electronic check,49.75,51.1575
1026,Male,1,No,No,8.0,Yes,Yes,Fiber optic,No,No,Yes,No,Yes,Yes,Month-to-month,Yes,Electronic check,100.6,102.425
3731,Male,0,No,No,2.0,Yes,No,Fiber optic,No,No,No,No,No,No,Month-to-month,Yes,Electronic check,69.8,73.325
5505,Female,0,Yes,Yes,12.0,No,No phone service,DSL,No,No,No,Yes,No,No,One year,No,Credit card (automatic),30.25,30.7375
5880,Male,0,No,No,3.0,No,No phone service,DSL,No,Yes,No,No,No,No,Month-to-month,Yes,Electronic check,29.6,26.483333333333334
1873,Female,0,Yes,Yes,72.0,Yes,No,DSL,Yes,Yes,Yes,No,Yes,No,Two year,Yes,Credit card (automatic),70.65,69.59930555555555
6105,Female,0,No,No,52.0,Yes,Yes,Fiber optic,Yes,Yes,No,Yes,Yes,Yes,One year,Yes,Credit card (automatic),111.25,113.77788461538461
1942,Male,0,No,No,46.0,Yes,No,No,No internet service,No internet service,No internet service,No internet service,No internet service,No internet service,Two year,No,Credit card (automatic),19.2,19.742391304347827
2544,Female,0,Yes,No,12.0,Yes,Yes,DSL,Yes,No,Yes,No,Yes,Yes,One year,No,Electronic check,78.85,73.0625
5951,Female,0,No,No,37.0,Yes,Yes,Fiber optic,No,No,No,Yes,Yes,Yes,Month-to-month,No,Credit card (automatic),100.3,95.71351351351352
4023,Male,0,No,No,42.0,Yes,No,No,No internet service,No internet service,No internet service,No internet service,No internet service,No internet service,One year,No,Bank transfer (automatic),19.8,20.235714285714284
5723,Male,0,No,No,58.0,Yes,Yes,Fiber optic,No,No,No,Yes,No,No,Month-to-month,No,Bank transfer (automatic),80.65,82.88534482758621
913,Male,0,No,No,12.0,Yes,No,No,No internet service,No internet service,No internet service,No internet service,No internet service,No internet service,One year,No,Credit card (automatic),20.05,22.25
3504,Male,0,Yes,Yes,68.0,Yes,No,No,No internet service,No internet service,No internet service,No internet service,No internet service,No internet service,Two year,No,Bank transfer (automatic),19.95,20.26029411764706
3332,Male,0,No,No,1.0,Yes,No,DSL,No,No,No,No,No,No,Month-to-month,No,Mailed check,46.3,46.3
6502,Female,0,Yes,Yes,44.0,Yes,No,DSL,Yes,No,No,Yes,No,No,Month-to-month,No,Bank transfer (automatic),56.25,54.98977272727273
2375,Female,1,Yes,No,71.0,Yes,No,Fiber optic,Yes,Yes,Yes,Yes,Yes,Yes,Two year,Yes,Bank transfer (automatic),109.7,111.3274647887324
5976,Male,0,No,No,29.0,No,No phone service,DSL,No,Yes,No,Yes,No,No,Month-to-month,No,Electronic check,34.3,34.64655172413793
2109,Male,0,No,No,34.0,Yes,Yes,No,No internet service,No internet service,No internet service,No internet service,No internet service,No internet service,Two year,No,Bank transfer (automatic),26.1,28.833823529411767
191,Male,0,Yes,No,6.0,Yes,No,Fiber optic,No,Yes,Yes,No,No,Yes,Month-to-month,Yes,Electronic check,91.0,88.5
1157,Female,1,Yes,No,62.0,Yes,Yes,Fiber optic,No,Yes,Yes,No,Yes,No,One year,Yes,Credit card (automatic),97.95,95.7508064516129
694,Female,1,No,No,22.0,Yes,No,No,No internet service,No internet service,No internet service,No internet service,No internet service,No internet service,One year,Yes,Mailed check,20.05,18.954545454545453
627,Female,1,Yes,No,66.0,Yes,Yes,Fiber optic,No,Yes,Yes,No,Yes,Yes,One year,No,Credit card (automatic),104.6,103.325
4183,Male,0,No,Yes,1.0,No,No phone service,DSL,No,Yes,No,Yes,No,No,Month-to-month,No,Mailed check,33.6,33.6
1658,Male,0,Yes,Yes,50.0,Yes,Yes,Fiber optic,Yes,No,Yes,No,Yes,Yes,Month-to-month,No,Credit card (automatic),105.95,106.836
3986,Male,0,Yes,No,66.0,Yes,Yes,Fiber optic,Yes,Yes,Yes,Yes,No,No,Two year,No,Mailed check,96.6,97.33712121212122
4170,Male,0,Yes,No,72.0,Yes,Yes,Fiber optic,Yes,Yes,Yes,Yes,Yes,Yes,Two year,No,Bank transfer (automatic),115.15,115.96458333333334
988,Male,0,No,Yes,27.0,Yes,No,No,No internet service,No internet service,No internet service,No internet service,No internet service,No internet service,Month-to-month,No,Mailed check,19.15,19.901851851851852
2807,Male,0,No,Yes,7.0,Yes,No,No,No internet service,No internet service,No internet service,No internet service,No internet service,No internet service,One year,No,Mailed check,19.45,19.535714285714285
5793,Male,0,No,No,14.0,Yes,Yes,DSL,No,Yes,No,No,No,No,Month-to-month,Yes,Credit card (automatic),55.5,54.824999999999996
7003,Male,0,No,No,26.0,No,No phone service,DSL,No,No,Yes,Yes,No,No,Month-to-month,No,Electronic check,35.75,39.32692307692308
977,Female,0,No,No,11.0,Yes,Yes,Fiber optic,No,No,No,No,No,No,Month-to-month,No,Electronic check,75.25,80.78636363636363
4233,Female,0,Yes,No,33.0,No,No phone service,DSL,Yes,No,Yes,Yes,Yes,Yes,Two year,No,Bank transfer (automatic),59.55,61.1
3071,Male,0,Yes,Yes,47.0,Yes,Yes,DSL,Yes,Yes,Yes,Yes,Yes,Yes,Two year,Yes,Mailed check,90.5,91.87978723404257
4348,Female,0,No,No,1.0,Yes,No,No,No internet service,No internet service,No internet service,No internet service,No internet service,No internet service,Month-to-month,Yes,Mailed check,19.1,19.1
2720,Male,0,No,No,15.0,Yes,Yes,DSL,No,No,No,No,No,No,Month-to-month,No,Electronic check,51.55,51.03333333333333
57,Male,1,Yes,Yes,66.0,Yes,Yes,Fiber optic,No,Yes,Yes,Yes,Yes,Yes,One year,Yes,Electronic check,108.45,107.21742424242424
1806,Male,0,Yes,Yes,36.0,Yes,Yes,No,No internet service,No internet service,No internet service,No internet service,No internet service,No internet service,Two year,No,Credit card (automatic),25.1,25.859722222222224
1474,Male,0,Yes,Yes,45.0,Yes,Yes,Fiber optic,No,Yes,Yes,No,No,Yes,Month-to-month,Yes,Bank transfer (automatic),95.95,99.03666666666666
455,Female,0,No,No,24.0,Yes,Yes,Fiber optic,No,Yes,Yes,No,Yes,Yes,Month-to-month,Yes,Electronic check,104.15,103.94375000000001
1707,Female,1,No,No,3.0,Yes,No,Fiber optic,No,No,Yes,No,No,No,Month-to-month,No,Electronic check,73.85,65.46666666666667
256,Female,0,Yes,Yes,61.0,Yes,Yes,Fiber optic,Yes,Yes,Yes,Yes,Yes,Yes,Two year,No,Credit card (automatic),115.1,114.88770491803278
2963,Female,0,Yes,Yes,34.0,Yes,Yes,No,No internet service,No internet service,No internet service,No internet service,No internet service,No internet service,One year,Yes,Credit card (automatic),25.6,26.974999999999998
637,Female,0,Yes,No,68.0,Yes,Yes,DSL,Yes,Yes,Yes,Yes,No,No,Two year,No,Credit card (automatic),70.9,72.22573529411765
600,Male,0,No,No,16.0,Yes,No,Fiber optic,No,No,No,Yes,No,No,Month-to-month,Yes,Credit card (automatic),74.55,73.15625
6822,Male,1,Yes,No,32.0,Yes,No,Fiber optic,No,No,No,No,No,Yes,Month-to-month,Yes,Credit card (automatic),80.3,77.5953125
3126,Female,0,Yes,Yes,26.0,No,No phone service,DSL,Yes,Yes,No,Yes,No,No,Month-to-month,No,Credit card (automatic),38.85,39.42884615384616
3134,Female,0,Yes,Yes,36.0,Yes,No,No,No internet service,No internet service,No internet service,No internet service,No internet service,No internet service,Month-to-month,No,Bank transfer (automatic),19.2,19.525
3196,Female,0,No,No,3.0,Yes,No,No,No internet service,No internet service,No internet service,No internet service,No internet service,No internet service,One year,No,Mailed check,20.25,23.733333333333334
965,Male,1,No,No,8.0,Yes,No,Fiber optic,Yes,No,No,Yes,Yes,Yes,Month-to-month,No,Credit card (automatic),100.3,104.04375
5770,Female,0,Yes,No,37.0,Yes,Yes,DSL,Yes,No,Yes,Yes,No,No,One year,No,Credit card (automatic),68.1,67.00675675675676
2828,Male,0,No,No,1.0,Yes,No,No,No internet service,No internet service,No internet service,No internet service,No internet service,No internet service,Two year,No,Mailed check,20.45,20.45
4178,Male,0,Yes,Yes,68.0,No,No phone service,DSL,Yes,Yes,Yes,Yes,No,Yes,Two year,Yes,Mailed check,56.4,58.065441176470586
4143,Male,0,No,No,25.0,Yes,Yes,Fiber optic,No,No,No,No,No,Yes,Month-to-month,Yes,Electronic check,84.8,81.738
4416,Female,0,Yes,No,17.0,Yes,Yes,DSL,No,Yes,No,No,Yes,Yes,Month-to-month,Yes,Bank transfer (automatic),75.4,77.79705882352941
2019,Male,0,Yes,No,67.0,Yes,Yes,Fiber optic,No,Yes,Yes,No,Yes,Yes,One year,No,Electronic check,104.1,105.08731343283583
498,Female,1,No,No,5.0,No,No phone service,DSL,No,Yes,No,No,No,No,Month-to-month,No,Electronic check,28.45,26.21
4894,Male,1,Yes,No,57.0,Yes,Yes,DSL,No,Yes,Yes,No,Yes,No,One year,Yes,Credit card (automatic),71.1,72.63333333333334
1963,Male,0,No,No,8.0,Yes,No,Fiber optic,No,No,No,No,No,No,Month-to-month,No,Bank transfer (automatic),70.7,69.175
5263,Male,1,No,No,55.0,No,No phone service,DSL,Yes,Yes,No,No,Yes,No,Month-to-month,Yes,Electronic check,44.85,45.07363636363637
4029,Female,0,No,No,56.0,No,No phone service,DSL,Yes,Yes,Yes,Yes,No,No,Two year,No,Bank transfer (automatic),45.05,45.716071428571425
4124,Female,1,Yes,No,19.0,Yes,Yes,Fiber optic,No,No,No,No,Yes,Yes,Month-to-month,Yes,Electronic check,94.95,92.64473684210526
1497,Female,0,Yes,Yes,51.0,Yes,No,Fiber optic,Yes,Yes,No,No,No,No,Month-to-month,Yes,Bank transfer (automatic),79.15,78.79509803921569
2239,Female,0,Yes,Yes,67.0,No,No phone service,DSL,Yes,No,No,Yes,No,No,Two year,No,Credit card (automatic),35.7,37.9955223880597
3903,Male,0,No,No,53.0,Yes,No,Fiber optic,No,Yes,No,Yes,No,No,Month-to-month,Yes,Mailed check,80.6,82.03962264150944
4242,Female,0,No,No,1.0,Yes,No,No,No internet service,No internet service,No internet service,No internet service,No internet service,No internet service,Month-to-month,No,Mailed check,19.75,19.75
3528,Male,0,No,No,16.0,Yes,No,No,No internet service,No internet service,No internet service,No internet service,No internet service,No internet service,Month-to-month,Yes,Mailed check,19.7,21.4
5237,Female,0,No,No,26.0,Yes,No,DSL,No,Yes,Yes,No,No,No,Month-to-month,Yes,Credit card (automatic),54.75,54.111538461538466
1842,Male,0,No,No,45.0,Yes,No,DSL,Yes,No,Yes,No,Yes,Yes,Month-to-month,Yes,Electronic check,75.95,72.75111111111111
1660,Male,0,Yes,No,47.0,Yes,Yes,No,No internet service,No internet service,No internet service,No internet service,No internet service,No internet service,Month-to-month,No,Electronic check,25.4,24.238297872340425
724,Male,1,Yes,No,33.0,Yes,Yes,Fiber optic,No,No,No,No,Yes,Yes,Month-to-month,Yes,Electronic check,94.5,94.10757575757576
3231,Female,0,No,No,15.0,Yes,No,DSL,Yes,Yes,Yes,Yes,Yes,Yes,Month-to-month,No,Mailed check,84.45,85.85666666666665
5578,Female,0,Yes,Yes,42.0,Yes,No,No,No internet service,No internet service,No internet service,No internet service,No internet service,No internet service,Two year,No,Mailed check,20.0,19.84642857142857
1571,Male,0,No,Yes,1.0,Yes,No,No,No internet service,No internet service,No internet service,No internet service,No internet service,No internet service,Month-to-month,No,Mailed check,20.05,20.05
2337,Female,1,No,No,56.0,Yes,Yes,Fiber optic,No,Yes,Yes,No,Yes,Yes,One year,Yes,Bank transfer (automatic),104.75,98.40446428571428
6534,Female,1,No,No,53.0,Yes,No,Fiber optic,Yes,Yes,No,Yes,No,Yes,One year,Yes,Mailed check,96.75,98.23679245283019
876,Female,0,No,No,15.0,Yes,No,Fiber optic,Yes,No,Yes,Yes,Yes,Yes,Month-to-month,No,Electronic check,105.1,105.51666666666667
596,Male,0,No,No,16.0,No,No phone service,DSL,Yes,Yes,Yes,Yes,Yes,No,Two year,No,Mailed check,54.85,57.259375
1933,Male,0,No,No,20.0,Yes,No,No,No internet service,No internet service,No internet service,No internet service,No internet service,No internet service,One year,Yes,Mailed check,19.7,20.794999999999998
5755,Male,1,Yes,No,15.0,Yes,Yes,Fiber optic,Yes,No,Yes,No,Yes,No,Month-to-month,Yes,Electronic check,96.5,92.81666666666666
3010,Male,1,No,Yes,38.0,Yes,Yes,Fiber optic,Yes,No,No,No,No,No,Month-to-month,Yes,Mailed check,80.45,83.22763157894737
6549,Female,0,No,No,1.0,Yes,No,DSL,No,No,No,No,No,Yes,Month-to-month,Yes,Electronic check,56.25,56.25
1788,Female,0,Yes,No,57.0,Yes,No,No,No internet service,No internet service,No internet service,No internet service,No internet service,No internet service,Two year,Yes,Bank transfer (automatic),19.6,19.899122807017545
6477,Male,1,Yes,No,72.0,Yes,Yes,Fiber optic,Yes,Yes,Yes,No,Yes,Yes,Two year,Yes,Bank transfer (automatic),109.55,110.00972222222222
6745,Female,0,No,No,54.0,Yes,Yes,Fiber optic,No,No,No,Yes,Yes,Yes,Month-to-month,Yes,Electronic check,100.1,100.7574074074074
2248,Male,0,Yes,Yes,30.0,Yes,Yes,DSL,Yes,No,No,No,No,No,Month-to-month,Yes,Bank transfer (automatic),54.45,52.95666666666667
1297,Female,0,No,No,5.0,Yes,Yes,Fiber optic,No,No,No,No,No,No,Month-to-month,No,Electronic check,75.6,80.5
1435,Female,1,Yes,No,65.0,Yes,Yes,Fiber optic,Yes,Yes,Yes,No,Yes,Yes,Month-to-month,Yes,Credit card (automatic),109.4,111.19153846153846
3971,Female,0,No,No,25.0,Yes,Yes,No,No internet service,No internet service,No internet service,No internet service,No internet service,No internet service,Two year,No,Credit card (automatic),24.75,27.684
4636,Male,0,Yes,Yes,44.0,Yes,No,No,No internet service,No internet service,No internet service,No internet service,No internet service,No internet service,One year,No,Bank transfer (automatic),20.0,19.56477272727273
501,Female,1,Yes,No,71.0,Yes,Yes,Fiber optic,Yes,No,No,No,No,No,Two year,Yes,Credit card (automatic),80.7,79.94366197183099
788,Female,0,Yes,Yes,24.0,Yes,Yes,DSL,Yes,Yes,No,No,Yes,Yes,One year,No,Electronic check,78.4,76.35000000000001
598,Male,0,Yes,No,51.0,Yes,Yes,Fiber optic,No,Yes,No,No,No,Yes,One year,Yes,Credit card (automatic),90.35,90.48137254901961
3395,Male,0,No,No,62.0,Yes,Yes,Fiber optic,Yes,Yes,Yes,No,No,No,Month-to-month,No,Bank transfer (automatic),90.7,90.1040322580645
5198,Female,1,Yes,No,47.0,Yes,Yes,Fiber optic,Yes,No,No,No,No,No,Month-to-month,No,Electronic check,80.35,81.40106382978723
3333,Male,0,No,Yes,12.0,Yes,No,No,No internet service,No internet service,No internet service,No internet service,No internet service,No internet service,Two year,No,Bank transfer (automatic),19.35,17.691666666666666
5950,Male,0,No,Yes,1.0,No,No phone service,DSL,No,No,No,No,No,No,Month-to-month,Yes,Electronic check,24.7,24.7
6016,Male,0,No,No,68.0,Yes,Yes,Fiber optic,No,Yes,Yes,Yes,Yes,Yes,One year,No,Electronic check,108.45,105.53750000000001
426,Male,1,Yes,No,52.0,Yes,Yes,Fiber optic,No,Yes,Yes,No,Yes,Yes,One year,Yes,Bank transfer (automatic),105.1,103.39230769230768
1686,Female,0,Yes,Yes,26.0,Yes,Yes,DSL,No,Yes,No,Yes,No,No,Month-to-month,Yes,Electronic check,60.05,62.159615384615385
2765,Male,0,No,No,13.0,Yes,No,Fiber optic,No,No,No,No,No,No,Month-to-month,Yes,Electronic check,70.15,71.67307692307692
3386,Female,0,Yes,No,58.0,Yes,Yes,DSL,Yes,No,No,Yes,No,Yes,One year,Yes,Electronic check,68.4,68.48706896551724
5503,Male,0,Yes,Yes,35.0,Yes,No,No,No internet service,No internet service,No internet service,No internet service,No internet service,No internet service,One year,No,Bank transfer (automatic),20.05,21.335714285714285
6900,Male,1,No,No,51.0,Yes,No,Fiber optic,No,No,Yes,No,Yes,Yes,One year,Yes,Bank transfer (automatic),94.0,96.19117647058823
3237,Male,0,Yes,Yes,65.0,Yes,No,No,No internet service,No internet service,No internet service,No internet service,No internet service,No internet service,Two year,Yes,Credit card (automatic),19.85,19.493076923076924
1888,Female,0,No,No,23.0,Yes,No,DSL,No,Yes,Yes,No,No,No,One year,No,Bank transfer (automatic),55.8,57.73260869565217
865,Male,0,Yes,No,4.0,Yes,No,Fiber optic,No,No,Yes,Yes,No,No,Month-to-month,Yes,Mailed check,80.6,79.7875
4745,Female,0,Yes,No,34.0,Yes,Yes,Fiber optic,No,No,Yes,No,Yes,Yes,Month-to-month,Yes,Electronic check,100.45,100.43088235294118
4255,Male,0,Yes,No,13.0,Yes,Yes,DSL,No,No,Yes,No,Yes,Yes,One year,Yes,Mailed check,75.3,76.11153846153846
6713,Male,1,No,No,68.0,Yes,Yes,Fiber optic,No,Yes,Yes,No,No,Yes,Month-to-month,Yes,Electronic check,95.9,95.63529411764705
5740,Male,0,Yes,Yes,69.0,No,No phone service,DSL,Yes,No,Yes,Yes,No,No,Two year,No,Mailed check,39.1,40.28260869565217
4187,Female,0,Yes,Yes,36.0,Yes,No,No,No internet service,No internet service,No internet service,No internet service,No internet service,No internet service,Two year,No,Bank transfer (automatic),20.25,19.943055555555556
3091,Female,0,Yes,No,4.0,Yes,No,No,No internet service,No internet service,No internet service,No internet service,No internet service,No internet service,One year,No,Bank transfer (automatic),20.5,19.7625
3252,Male,0,Yes,Yes,17.0,Yes,Yes,DSL,Yes,No,No,Yes,No,No,One year,Yes,Mailed check,62.1,64.50882352941177
2871,Male,0,Yes,No,14.0,Yes,Yes,Fiber optic,No,No,No,No,Yes,No,Month-to-month,Yes,Electronic check,86.1,88.25357142857142
4398,Male,0,Yes,Yes,70.0,Yes,Yes,DSL,Yes,No,Yes,No,Yes,No,Two year,No,Credit card (automatic),68.95,69.41
3473,Male,0,Yes,No,42.0,Yes,Yes,Fiber optic,No,No,Yes,Yes,Yes,Yes,Month-to-month,Yes,Bank transfer (automatic),106.15,107.4452380952381
3797,Male,0,Yes,No,43.0,Yes,Yes,DSL,Yes,No,Yes,No,Yes,Yes,One year,Yes,Electronic check,80.2,83.29302325581395
3584,Male,0,Yes,No,8.0,Yes,No,Fiber optic,Yes,No,No,No,No,No,Month-to-month,Yes,Mailed check,75.0,82.2625
3535,Male,0,Yes,Yes,64.0,Yes,Yes,Fiber optic,No,Yes,Yes,Yes,Yes,Yes,Two year,Yes,Credit card (automatic),109.2,105.33046875
111,Female,0,No,No,52.0,Yes,No,DSL,Yes,No,Yes,Yes,No,No,One year,No,Credit card (automatic),57.95,58.50480769230769
4608,Male,0,No,No,55.0,Yes,Yes,DSL,No,No,Yes,No,Yes,Yes,Two year,Yes,Bank transfer (automatic),77.8,78.60636363636364
4283,Male,1,Yes,No,4.0,Yes,No,Fiber optic,No,No,No,No,No,No,Month-to-month,Yes,Electronic check,70.2,70.0875
5317,Female,0,No,No,6.0,Yes,No,DSL,No,No,No,Yes,No,No,Month-to-month,Yes,Bank transfer (automatic),49.65,44.55833333333334
1505,Male,1,No,No,1.0,Yes,Yes,Fiber optic,No,No,No,No,No,No,Month-to-month,Yes,Electronic check,74.7,74.7
4099,Female,0,No,No,6.0,No,No phone service,DSL,Yes,No,No,No,No,No,Month-to-month,No,Bank transfer (automatic),29.45,26.90833333333333
2600,Female,0,No,No,1.0,Yes,No,Fiber optic,No,No,No,No,No,No,Month-to-month,No,Electronic check,70.1,70.1
5033,Female,0,No,No,1.0,Yes,No,No,No internet service,No internet service,No internet service,No internet service,No internet service,No internet service,Month-to-month,Yes,Mailed check,19.4,19.4
44,Female,0,Yes,No,13.0,Yes,Yes,DSL,Yes,Yes,No,Yes,Yes,No,Month-to-month,Yes,Electronic check,76.2,75.49615384615385
184,Female,0,No,No,13.0,Yes,No,Fiber optic,No,Yes,Yes,No,No,No,Month-to-month,Yes,Electronic check,79.25,85.51153846153846
196,Male,0,Yes,Yes,24.0,Yes,Yes,No,No internet service,No internet service,No internet service,No internet service,No internet service,No internet service,Two year,Yes,Bank transfer (automatic),24.1,24.474999999999998
4602,Female,0,No,No,67.0,Yes,Yes,No,No internet service,No internet service,No internet service,No internet service,No internet service,No internet service,Two year,Yes,Mailed check,26.1,26.26194029850746
6069,Male,0,Yes,Yes,59.0,Yes,No,DSL,No,Yes,Yes,Yes,Yes,Yes,One year,No,Credit card (automatic),76.75,76.98135593220339
2680,Male,0,Yes,Yes,71.0,Yes,No,DSL,Yes,Yes,Yes,Yes,Yes,Yes,Two year,No,Bank transfer (automatic),85.45,84.9281690140845
2216,Female,1,No,No,64.0,Yes,Yes,Fiber optic,Yes,No,Yes,Yes,Yes,Yes,Month-to-month,Yes,Bank transfer (automatic),108.95,111.1140625
5686,Male,1,No,No,6.0,Yes,No,Fiber optic,Yes,No,No,No,Yes,No,Month-to-month,Yes,Bank transfer (automatic),85.15,83.93333333333334
3314,Female,0,No,No,37.0,Yes,No,Fiber optic,No,Yes,Yes,No,No,No,One year,No,Electronic check,80.05,81.59729729729729
702,Male,0,No,No,29.0,Yes,Yes,Fiber optic,No,No,No,No,No,Yes,Month-to-month,Yes,Electronic check,84.9,86.7655172413793
1793,Male,0,Yes,Yes,72.0,Yes,Yes,No,No internet service,No internet service,No internet service,No internet service,No internet service,No internet service,Two year,No,Bank transfer (automatic),24.75,24.577777777777776
1836,Male,0,No,No,24.0,Yes,No,Fiber optic,No,No,No,Yes,Yes,Yes,Month-to-month,Yes,Electronic check,96.0,88.43541666666665
5545,Male,1,Yes,No,21.0,Yes,No,Fiber optic,No,No,Yes,No,Yes,No,Month-to-month,No,Bank transfer (automatic),86.55,88.44047619047619
744,Female,0,No,No,5.0,Yes,No,DSL,No,No,No,No,No,No,Month-to-month,Yes,Credit card (automatic),44.05,40.43
1106,Female,0,No,No,63.0,Yes,Yes,Fiber optic,No,Yes,No,No,Yes,Yes,Two year,No,Bank transfer (automatic),97.45,99.25396825396825
6644,Male,0,Yes,No,61.0,Yes,Yes,Fiber optic,No,No,No,No,Yes,Yes,One year,Yes,Bank transfer (automatic),96.5,93.01147540983607
1156,Female,0,No,No,53.0,Yes,No,No,No internet service,No internet service,No internet service,No internet service,No internet service,No internet service,Two year,No,Mailed check,18.7,18.975471698113207
1513,Female,1,No,No,1.0,No,No phone service,DSL,No,No,No,No,No,No,Month-to-month,Yes,Mailed check,25.8,25.8
4568,Male,0,No,No,26.0,Yes,No,Fiber optic,No,Yes,Yes,Yes,No,No,One year,Yes,Electronic check,85.2,84.02307692307691
6187,Male,0,Yes,Yes,8.0,Yes,No,No,No internet service,No internet service,No internet service,No internet service,No internet service,No internet service,Two year,No,Mailed check,20.15,20.6875
6005,Male,1,No,No,60.0,Yes,Yes,DSL,Yes,Yes,No,No,No,Yes,One year,Yes,Electronic check,71.75,72.90916666666666
1952,Female,0,Yes,Yes,20.0,Yes,Yes,Fiber optic,No,No,Yes,Yes,No,Yes,Month-to-month,Yes,Bank transfer (automatic),95.5,95.81
4112,Female,0,No,No,59.0,Yes,Yes,Fiber optic,Yes,Yes,Yes,No,No,Yes,Month-to-month,Yes,Bank transfer (automatic),99.45,95.31694915254236
2950,Male,0,No,No,4.0,Yes,No,No,No internet service,No internet service,No internet service,No internet service,No internet service,No internet service,Month-to-month,Yes,Electronic check,20.2,13.925
5398,Male,0,No,No,2.0,Yes,No,No,No internet service,No internet service,No internet service,No internet service,No internet service,No internet service,Month-to-month,No,Mailed check,19.75,19.65
5729,Female,0,Yes,Yes,36.0,Yes,No,DSL,Yes,No,No,No,No,No,Month-to-month,No,Credit card (automatic),51.05,50.416666666666664
1240,Male,0,No,No,25.0,Yes,No,No,No internet service,No internet service,No internet service,No internet service,No internet service,No internet service,Month-to-month,Yes,Mailed check,20.15,21.454
3546,Male,0,Yes,No,71.0,Yes,Yes,DSL,Yes,No,Yes,Yes,Yes,Yes,Two year,No,Electronic check,83.2,86.2830985915493
6050,Male,0,Yes,No,61.0,Yes,Yes,Fiber optic,Yes,No,Yes,Yes,Yes,No,Month-to-month,No,Bank transfer (automatic),99.4,97.43688524590164
5452,Female,0,Yes,Yes,37.0,Yes,No,DSL,Yes,Yes,No,No,Yes,Yes,One year,No,Bank transfer (automatic),75.1,71.85945945945946
320,Female,1,No,No,54.0,Yes,Yes,DSL,Yes,Yes,No,Yes,Yes,Yes,One year,No,Bank transfer (automatic),82.45,80.55740740740741
5113,Female,0,Yes,Yes,71.0,Yes,Yes,Fiber optic,Yes,Yes,Yes,Yes,Yes,Yes,Two year,No,Credit card (automatic),113.65,115.02535211267606
6317,Male,0,No,No,1.0,Yes,Yes,Fiber optic,No,Yes,No,No,No,No,Month-to-month,Yes,Electronic check,79.15,79.15
2058,Male,0,No,No,72.0,Yes,Yes,DSL,Yes,Yes,Yes,Yes,Yes,Yes,Two year,No,Bank transfer (automatic),86.65,86.45555555555556
1628,Female,1,Yes,No,30.0,Yes,Yes,Fiber optic,No,Yes,No,No,Yes,No,Month-to-month,Yes,Electronic check,90.05,87.57333333333332
1726,Male,0,Yes,No,30.0,Yes,Yes,DSL,No,No,No,No,No,No,Month-to-month,No,Electronic check,49.9,48.065000000000005
413,Male,0,No,No,51.0,Yes,Yes,Fiber optic,No,Yes,Yes,Yes,No,No,Month-to-month,Yes,Electronic check,87.35,87.70588235294117
4197,Female,0,No,Yes,22.0,Yes,Yes,Fiber optic,No,No,No,No,No,Yes,Month-to-month,Yes,Electronic check,84.75,82.57954545454545
5373,Male,0,Yes,No,71.0,Yes,No,Fiber optic,No,Yes,Yes,Yes,Yes,Yes,Two year,Yes,Electronic check,105.25,102.70070422535211
3973,Female,0,Yes,Yes,43.0,No,No phone service,DSL,Yes,No,Yes,Yes,Yes,Yes,One year,Yes,Credit card (automatic),60.4,61.40813953488372
5522,Female,0,No,No,1.0,Yes,No,Fiber optic,No,No,No,No,No,No,Month-to-month,Yes,Mailed check,70.15,70.15
1276,Female,1,Yes,No,71.0,Yes,No,Fiber optic,Yes,Yes,Yes,Yes,Yes,No,Two year,Yes,Electronic check,99.4,100.96126760563381
3381,Female,0,No,No,41.0,Yes,No,DSL,Yes,No,Yes,Yes,Yes,Yes,One year,Yes,Bank transfer (automatic),79.85,80.9939024390244
237,Male,0,Yes,No,18.0,Yes,Yes,Fiber optic,No,No,No,No,No,No,Month-to-month,Yes,Electronic check,73.15,72.55277777777778
3979,Male,0,Yes,Yes,66.0,Yes,Yes,No,No internet service,No internet service,No internet service,No internet service,No internet service,No internet service,Two year,Yes,Credit card (automatic),25.3,25.33863636363636
4084,Female,0,No,No,1.0,Yes,No,Fiber optic,No,No,No,No,Yes,No,Month-to-month,No,Electronic check,78.05,78.05
4868,Female,0,Yes,No,37.0,Yes,Yes,Fiber optic,No,No,Yes,No,Yes,Yes,Month-to-month,Yes,Electronic check,99.5,101.67567567567568
3076,Female,0,No,No,6.0,Yes,No,DSL,Yes,Yes,No,No,No,No,Month-to-month,No,Electronic check,56.25,64.85000000000001
5540,Female,0,Yes,Yes,1.0,Yes,No,No,No internet service,No internet service,No internet service,No internet service,No internet service,No internet service,Month-to-month,No,Mailed check,20.55,20.55
4588,Female,0,Yes,No,33.0,Yes,Yes,Fiber optic,No,No,Yes,Yes,No,Yes,Month-to-month,Yes,Credit card (automatic),95.0,91.1560606060606
1601,Male,0,Yes,No,46.0,Yes,Yes,Fiber optic,No,Yes,Yes,No,Yes,No,One year,Yes,Electronic check,94.65,93.75
6785,Male,0,No,No,61.0,Yes,Yes,Fiber optic,Yes,No,Yes,Yes,Yes,Yes,Two year,Yes,Credit card (automatic),111.6,112.72213114754099
5598,Female,0,Yes,Yes,55.0,Yes,No,No,No internet service,No internet service,No internet service,No internet service,No internet service,No internet service,One year,No,Credit card (automatic),19.15,18.14727272727273
1113,Female,0,Yes,No,37.0,Yes,Yes,Fiber optic,No,No,Yes,No,No,No,Month-to-month,Yes,Credit card (automatic),78.95,76.7472972972973
6881,Female,0,Yes,Yes,32.0,No,No phone service,DSL,Yes,Yes,No,No,No,No,Month-to-month,Yes,Electronic check,35.15,32.8453125
6568,Male,0,Yes,Yes,8.0,Yes,No,No,No internet service,No internet service,No internet service,No internet service,No internet service,No internet service,Two year,No,Mailed check,19.7,16.28125
2164,Male,0,Yes,Yes,70.0,Yes,No,Fiber optic,Yes,Yes,Yes,Yes,Yes,No,Two year,Yes,Credit card (automatic),101.1,99.92571428571429
1897,Male,1,Yes,No,30.0,Yes,No,DSL,No,Yes,No,No,No,No,Month-to-month,Yes,Bank transfer (automatic),50.4,50.916666666666664
2853,Female,0,No,No,60.0,Yes,Yes,Fiber optic,No,No,Yes,No,No,No,One year,Yes,Bank transfer (automatic),79.2,79.41666666666667
4010,Female,0,No,No,1.0,Yes,No,No,No internet service,No internet service,No internet service,No internet service,No internet service,No internet service,Month-to-month,No,Mailed check,20.4,20.4
396,Male,1,Yes,No,33.0,Yes,Yes,Fiber optic,Yes,No,Yes,Yes,Yes,Yes,Month-to-month,Yes,Bank transfer (automatic),109.9,111.96060606060605
820,Female,0,Yes,No,61.0,Yes,Yes,Fiber optic,No,No,Yes,Yes,Yes,Yes,Month-to-month,Yes,Electronic check,106.35,110.67786885245903
2263,Female,0,No,No,6.0,Yes,No,Fiber optic,Yes,Yes,Yes,Yes,No,Yes,Month-to-month,Yes,Bank transfer (automatic),98.15,94.575
6880,Female,0,Yes,Yes,72.0,Yes,Yes,No,No internet service,No internet service,No internet service,No internet service,No internet service,No internet service,Two year,No,Bank transfer (automatic),25.2,24.824305555555554
1593,Male,0,Yes,Yes,4.0,Yes,No,No,No internet service,No internet service,No internet service,No internet service,No internet service,No internet service,Month-to-month,No,Mailed check,18.85,21.05
3446,Female,0,No,No,58.0,Yes,Yes,Fiber optic,Yes,Yes,Yes,No,Yes,Yes,One year,Yes,Electronic check,107.75,109.1853448275862
5738,Male,0,No,No,1.0,Yes,No,No,No internet service,No internet service,No internet service,No internet service,No internet service,No internet service,Month-to-month,No,Mailed check,20.6,20.6
1538,Male,0,No,No,8.0,Yes,Yes,Fiber optic,No,Yes,No,No,Yes,Yes,Month-to-month,No,Electronic check,100.85,102.44375
3507,Male,0,No,No,4.0,Yes,No,No,No internet service,No internet service,No internet service,No internet service,No internet service,No internet service,Month-to-month,No,Mailed check,19.75,19.575
745,Female,1,Yes,No,72.0,Yes,Yes,Fiber optic,No,Yes,Yes,Yes,Yes,Yes,Two year,Yes,Credit card (automatic),110.8,109.47569444444444
4251,Female,0,Yes,Yes,24.0,No,No phone service,DSL,Yes,Yes,Yes,Yes,No,Yes,Two year,Yes,Mailed check,52.5,50.33958333333334
6223,Female,0,Yes,Yes,7.0,Yes,No,Fiber optic,No,No,No,No,No,No,Month-to-month,Yes,Electronic check,69.0,72.41428571428571
4523,Male,1,Yes,No,10.0,Yes,No,Fiber optic,Yes,No,No,No,No,No,Month-to-month,No,Electronic check,75.3,72.045
3373,Female,1,No,No,2.0,Yes,Yes,Fiber optic,No,No,No,No,No,No,Month-to-month,Yes,Mailed check,75.45,79.2
4549,Female,0,No,Yes,17.0,Yes,Yes,Fiber optic,No,Yes,Yes,Yes,No,No,Month-to-month,Yes,Credit card (automatic),92.7,91.57941176470588
6463,Male,0,Yes,No,59.0,Yes,Yes,DSL,Yes,No,No,Yes,No,Yes,One year,Yes,Mailed check,69.1,69.43898305084745
3107,Female,0,Yes,No,72.0,Yes,Yes,Fiber optic,Yes,Yes,Yes,Yes,Yes,Yes,Two year,Yes,Bank transfer (automatic),113.65,113.64930555555556
5765,Female,1,Yes,No,68.0,Yes,Yes,Fiber optic,Yes,Yes,No,No,No,Yes,One year,Yes,Credit card (automatic),96.55,96.79264705882352
4271,Female,0,Yes,Yes,28.0,Yes,No,No,No internet service,No internet service,No internet service,No internet service,No internet service,No internet service,One year,No,Mailed check,19.9,19.392857142857142
5266,Male,0,Yes,Yes,37.0,Yes,No,DSL,Yes,No,Yes,Yes,No,No,One year,Yes,Mailed check,58.75,59.54324324324324
4220,Male,0,Yes,Yes,55.0,Yes,No,No,No internet service,No internet service,No internet service,No internet service,No internet service,No internet service,One year,No,Mailed check,19.5,18.66090909090909
2055,Male,0,No,No,45.0,Yes,Yes,Fiber optic,Yes,No,Yes,Yes,Yes,Yes,Month-to-month,Yes,Credit card (automatic),108.45,110.32666666666667
6138,Male,1,Yes,No,67.0,Yes,Yes,Fiber optic,Yes,Yes,No,No,No,No,Month-to-month,No,Bank transfer (automatic),83.85,83.41492537313434
5818,Male,0,No,No,65.0,Yes,Yes,Fiber optic,No,Yes,Yes,No,Yes,Yes,Two year,No,Credit card (automatic),105.1,102.02846153846154
2653,Female,0,Yes,Yes,70.0,Yes,No,DSL,Yes,No,No,Yes,Yes,Yes,Two year,No,Credit card (automatic),75.35,77.68214285714286
6765,Female,0,Yes,Yes,69.0,Yes,Yes,No,No internet service,No internet service,No internet service,No internet service,No internet service,No internet service,Two year,Yes,Bank transfer (automatic),25.6,24.252173913043478
5492,Female,0,Yes,Yes,65.0,Yes,Yes,No,No internet service,No internet service,No internet service,No internet service,No internet service,No internet service,Two year,Yes,Bank transfer (automatic),25.3,26.90076923076923
1698,Male,0,Yes,Yes,71.0,Yes,Yes,Fiber optic,No,Yes,No,Yes,No,No,Two year,Yes,Electronic check,84.8,86.65352112676055
6503,Male,0,Yes,Yes,70.0,No,No phone service,DSL,No,Yes,Yes,Yes,Yes,Yes,One year,No,Electronic check,60.35,59.12428571428571
6505,Male,0,Yes,Yes,56.0,Yes,No,DSL,Yes,Yes,Yes,No,No,No,Two year,Yes,Bank transfer (automatic),59.8,61.740178571428565
5568,Female,0,Yes,No,44.0,Yes,Yes,Fiber optic,Yes,Yes,Yes,Yes,No,No,Month-to-month,Yes,Credit card (automatic),95.1,92.28522727272728
1124,Male,0,No,No,12.0,Yes,No,DSL,No,Yes,No,No,No,No,Month-to-month,Yes,Bank transfer (automatic),49.05,49.42083333333333
1993,Female,0,Yes,Yes,1.0,Yes,No,DSL,No,No,No,No,No,No,Month-to-month,Yes,Electronic check,45.7,45.7
2140,Female,0,Yes,Yes,33.0,Yes,Yes,Fiber optic,No,No,No,No,No,Yes,Month-to-month,No,Credit card (automatic),86.15,83.2030303030303
1558,Female,0,No,No,16.0,Yes,Yes,Fiber optic,No,Yes,Yes,No,No,Yes,Month-to-month,Yes,Credit card (automatic),95.6,97.228125
3519,Male,1,No,No,43.0,Yes,Yes,Fiber optic,No,No,No,No,Yes,No,Month-to-month,Yes,Electronic check,84.85,84.78139534883721
2359,Male,0,Yes,No,33.0,Yes,Yes,DSL,Yes,Yes,Yes,No,Yes,No,Month-to-month,Yes,Bank transfer (automatic),72.75,74.1651515151515
5956,Female,0,No,No,31.0,Yes,Yes,Fiber optic,No,No,Yes,No,No,Yes,Month-to-month,Yes,Electronic check,89.9,90.54516129032258
6681,Male,1,No,No,3.0,Yes,Yes,Fiber optic,No,No,Yes,No,Yes,No,Month-to-month,No,Electronic check,91.05,96.36666666666667
4082,Male,0,Yes,No,49.0,Yes,Yes,DSL,Yes,No,Yes,Yes,Yes,Yes,One year,No,Electronic check,84.35,82.84387755102041
4997,Male,1,No,No,2.0,Yes,No,DSL,No,No,No,No,No,No,Month-to-month,Yes,Electronic check,44.7,46.85
4240,Male,0,No,No,8.0,Yes,Yes,Fiber optic,No,Yes,Yes,No,Yes,No,Month-to-month,Yes,Electronic check,94.0,96.70625
5345,Male,0,No,No,26.0,Yes,No,Fiber optic,No,Yes,Yes,No,Yes,No,Month-to-month,No,Electronic check,89.8,89.81923076923077
710,Male,0,No,No,1.0,Yes,No,No,No internet service,No internet service,No internet service,No internet service,No internet service,No internet service,Month-to-month,No,Mailed check,19.55,19.55
1011,Female,0,Yes,Yes,71.0,No,No phone service,DSL,Yes,Yes,No,Yes,Yes,Yes,Two year,No,Mailed check,58.65,58.38380281690141
321,Female,0,Yes,Yes,72.0,No,No phone service,DSL,No,Yes,Yes,Yes,Yes,Yes,Two year,Yes,Electronic check,60.0,59.22222222222222
2357,Female,0,Yes,No,67.0,Yes,Yes,DSL,Yes,Yes,Yes,No,No,Yes,One year,No,Mailed check,75.1,75.58880597014925
63,Female,0,Yes,Yes,18.0,Yes,No,DSL,No,No,Yes,Yes,No,No,One year,Yes,Credit card (automatic),54.4,53.172222222222224
5853,Male,0,Yes,No,62.0,Yes,Yes,Fiber optic,Yes,Yes,No,No,No,Yes,One year,No,Electronic check,96.1,96.79758064516129
4730,Male,1,No,No,31.0,Yes,Yes,Fiber optic,No,No,Yes,Yes,Yes,No,Month-to-month,Yes,Bank transfer (automatic),96.6,92.83709677419354
4225,Male,0,Yes,No,8.0,Yes,No,No,No internet service,No internet service,No internet service,No internet service,No internet service,No internet service,Month-to-month,No,Mailed check,20.25,19.79375
1379,Female,0,No,No,70.0,No,No phone service,DSL,Yes,Yes,Yes,Yes,No,No,Two year,Yes,Bank transfer (automatic),44.6,43.68785714285715
4208,Male,0,Yes,No,69.0,No,No phone service,DSL,No,Yes,Yes,Yes,Yes,Yes,One year,Yes,Credit card (automatic),60.8,61.78840579710145
4212,Female,0,No,No,1.0,Yes,No,Fiber optic,No,No,No,No,Yes,Yes,Month-to-month,No,Electronic check,90.6,90.6
3478,Female,0,No,No,23.0,Yes,Yes,DSL,Yes,No,Yes,No,Yes,Yes,One year,Yes,Electronic check,78.55,80.13260869565217
605,Male,0,Yes,No,72.0,Yes,Yes,DSL,Yes,No,Yes,Yes,Yes,Yes,Two year,No,Credit card (automatic),86.65,84.64236111111111
1030,Female,0,Yes,Yes,50.0,Yes,No,Fiber optic,No,No,No,No,No,No,Month-to-month,Yes,Bank transfer (automatic),69.75,71.154
388,Male,0,No,No,44.0,Yes,Yes,Fiber optic,No,No,Yes,No,No,Yes,Month-to-month,Yes,Mailed check,90.4,92.3409090909091
3968,Female,0,Yes,No,72.0,Yes,No,No,No internet service,No internet service,No internet service,No internet service,No internet service,No internet service,Two year,No,Bank transfer (automatic),20.05,19.772916666666667
3961,Female,0,No,No,8.0,No,No phone service,DSL,No,Yes,No,No,No,No,Month-to-month,Yes,Mailed check,29.25,28.36875
1480,Male,0,No,No,39.0,No,No phone service,DSL,No,No,Yes,Yes,No,No,One year,No,Mailed check,35.55,33.56794871794872
2554,Female,0,No,No,18.0,Yes,No,DSL,No,No,Yes,No,No,No,Month-to-month,Yes,Mailed check,50.0,49.59444444444445
407,Male,1,Yes,Yes,32.0,Yes,No,Fiber optic,No,Yes,No,No,Yes,Yes,Month-to-month,Yes,Mailed check,93.95,89.4203125
368,Male,0,Yes,No,71.0,Yes,Yes,Fiber optic,No,No,Yes,No,Yes,Yes,One year,Yes,Credit card (automatic),98.65,98.06830985915494
2407,Female,0,Yes,No,2.0,Yes,No,Fiber optic,No,No,No,No,No,No,Month-to-month,Yes,Electronic check,70.7,70.725
4245,Male,0,Yes,Yes,63.0,Yes,No,No,No internet service,No internet service,No internet service,No internet service,No internet service,No internet service,Two year,No,Mailed check,19.7,20.2515873015873
4440,Male,0,No,No,43.0,Yes,No,DSL,No,Yes,No,No,No,Yes,Two year,Yes,Electronic check,60.0,59.268604651162796
5118,Female,0,Yes,No,42.0,Yes,Yes,Fiber optic,No,No,Yes,Yes,No,No,Month-to-month,Yes,Credit card (automatic),85.9,88.80357142857143
6371,Female,0,No,No,24.0,Yes,Yes,No,No internet service,No internet service,No internet service,No internet service,No internet service,No internet service,Two year,No,Credit card (automatic),25.15,23.041666666666668
1634,Male,0,Yes,Yes,63.0,No,No phone service,DSL,Yes,Yes,Yes,No,Yes,Yes,Two year,No,Electronic check,59.0,58.85079365079365
4614,Male,0,Yes,Yes,7.0,Yes,No,No,No internet service,No internet service,No internet service,No internet service,No internet service,No internet service,Month-to-month,No,Mailed check,20.25,20.62142857142857
3700,Male,0,No,Yes,20.0,Yes,No,No,No internet service,No internet service,No internet service,No internet service,No internet service,No internet service,Month-to-month,Yes,Electronic check,19.4,18.725
1912,Male,0,Yes,Yes,44.0,Yes,No,No,No internet service,No internet service,No internet service,No internet service,No internet service,No internet service,One year,Yes,Bank transfer (automatic),20.5,19.660227272727273
496,Male,0,Yes,No,28.0,Yes,No,DSL,Yes,Yes,No,Yes,No,No,Month-to-month,No,Mailed check,60.9,63.77321428571429
962,Male,1,Yes,No,8.0,Yes,No,DSL,Yes,No,No,No,Yes,No,Month-to-month,No,Bank transfer (automatic),60.9,68.99375
5727,Female,0,Yes,Yes,70.0,Yes,Yes,Fiber optic,No,Yes,Yes,Yes,Yes,Yes,Two year,Yes,Electronic check,110.2,109.85428571428572
2253,Male,1,Yes,No,72.0,Yes,No,DSL,Yes,Yes,Yes,Yes,Yes,No,Two year,No,Bank transfer (automatic),74.4,74.45486111111111
4704,Male,0,No,No,1.0,Yes,Yes,DSL,Yes,Yes,No,No,No,No,Month-to-month,No,Electronic check,61.15,61.15
4483,Male,0,Yes,No,67.0,Yes,Yes,No,No internet service,No internet service,No internet service,No internet service,No internet service,No internet service,Two year,No,Credit card (automatic),25.6,26.64029850746269
4268,Male,0,Yes,Yes,35.0,Yes,No,Fiber optic,No,Yes,No,Yes,Yes,No,One year,Yes,Electronic check,89.7,90.44571428571429
6164,Male,1,Yes,No,45.0,Yes,Yes,DSL,Yes,No,Yes,Yes,No,Yes,Two year,No,Credit card (automatic),75.15,77.3411111111111
3636,Female,0,No,Yes,11.0,Yes,No,No,No internet service,No internet service,No internet service,No internet service,No internet service,No internet service,Month-to-month,No,Credit card (automatic),19.7,19.654545454545453
5377,Male,0,No,No,4.0,Yes,No,DSL,No,No,No,Yes,Yes,No,Month-to-month,Yes,Electronic check,61.3,62.35
3627,Female,0,No,No,16.0,Yes,No,No,No internet service,No internet service,No internet service,No internet service,No internet service,No internet service,One year,No,Mailed check,20.1,18.509375
4971,Female,0,No,No,18.0,Yes,No,No,No internet service,No internet service,No internet service,No internet service,No internet service,No internet service,Month-to-month,Yes,Mailed check,19.55,21.625
997,Female,1,No,No,4.0,Yes,Yes,Fiber optic,No,No,No,No,Yes,Yes,Month-to-month,Yes,Electronic check,94.3,106.1125
5175,Female,0,Yes,No,20.0,Yes,No,No,No internet service,No internet service,No internet service,No internet service,No internet service,No internet service,One year,No,Mailed check,20.35,19.6575
3728,Male,0,No,No,67.0,Yes,Yes,DSL,Yes,Yes,Yes,Yes,Yes,Yes,One year,Yes,Bank transfer (automatic),88.8,88.10671641791045
3443,Male,1,Yes,No,40.0,Yes,No,Fiber optic,Yes,Yes,Yes,Yes,Yes,No,One year,Yes,Credit card (automatic),98.15,102.92
4277,Female,0,No,No,6.0,Yes,No,No,No internet service,No internet service,No internet service,No internet service,No internet service,No internet service,Month-to-month,Yes,Mailed check,20.95,18.25
6820,Female,0,Yes,No,59.0,Yes,Yes,Fiber optic,No,No,Yes,Yes,Yes,No,Month-to-month,No,Electronic check,93.35,91.29661016949153
2089,Female,0,No,No,50.0,No,No phone service,DSL,No,Yes,Yes,Yes,No,No,Two year,No,Credit card (automatic),39.7,38.655
2634,Male,0,Yes,No,1.0,Yes,No,Fiber optic,No,No,No,Yes,Yes,No,Month-to-month,Yes,Electronic check,84.8,84.8
2826,Female,0,Yes,No,13.0,Yes,No,DSL,No,No,No,No,No,No,One year,No,Electronic check,43.8,45.58846153846154
2082,Male,0,No,Yes,21.0,Yes,Yes,No,No internet service,No internet service,No internet service,No internet service,No internet service,No internet service,Month-to-month,No,Mailed check,24.7,22.245238095238093
3334,Female,0,No,No,41.0,Yes,Yes,Fiber optic,No,Yes,Yes,No,Yes,Yes,Month-to-month,Yes,Electronic check,106.3,108.37682926829268
6883,Female,0,No,Yes,34.0,Yes,No,Fiber optic,Yes,Yes,Yes,No,Yes,Yes,Month-to-month,Yes,Bank transfer (automatic),105.35,108.48823529411764
3442,Male,0,No,No,29.0,Yes,No,Fiber optic,No,No,Yes,Yes,Yes,Yes,Month-to-month,Yes,Credit card (automatic),98.8,96.79655172413793
3578,Female,0,No,No,40.0,Yes,No,DSL,Yes,Yes,No,No,Yes,No,Month-to-month,No,Mailed check,65.1,64.65
6237,Male,0,No,No,1.0,Yes,No,Fiber optic,No,No,No,No,No,No,Month-to-month,No,Electronic check,69.95,69.95
6711,Female,0,Yes,Yes,49.0,Yes,Yes,Fiber optic,No,Yes,No,No,Yes,Yes,Month-to-month,Yes,Electronic check,98.35,99.7795918367347
2648,Male,0,No,No,35.0,Yes,Yes,DSL,Yes,No,Yes,No,No,No,Month-to-month,Yes,Electronic check,59.6,59.854285714285716
1716,Male,0,No,No,8.0,Yes,No,DSL,No,No,No,No,No,Yes,Month-to-month,Yes,Credit card (automatic),54.75,54.75625
2620,Male,0,No,No,18.0,Yes,No,DSL,Yes,No,Yes,Yes,Yes,No,Month-to-month,Yes,Electronic check,68.35,72.21111111111111
2458,Male,1,Yes,No,50.0,Yes,Yes,Fiber optic,Yes,No,Yes,No,Yes,Yes,Two year,Yes,Credit card (automatic),105.05,103.266
3119,Female,1,Yes,No,32.0,Yes,Yes,Fiber optic,No,No,No,No,Yes,No,Month-to-month,Yes,Credit card (automatic),85.95,82.14375
5108,Female,0,No,No,23.0,Yes,No,DSL,No,No,Yes,No,No,No,Month-to-month,No,Credit card (automatic),49.7,47.01086956521739
4442,Male,0,No,No,3.0,Yes,No,Fiber optic,No,No,No,No,Yes,No,Month-to-month,Yes,Electronic check,78.5,80.68333333333334
6391,Male,0,Yes,Yes,38.0,Yes,Yes,DSL,No,Yes,Yes,No,Yes,Yes,One year,No,Credit card (automatic),78.95,75.33026315789475
3068,Male,0,Yes,No,51.0,Yes,Yes,Fiber optic,Yes,Yes,No,No,No,Yes,One year,Yes,Credit card (automatic),96.4,96.29509803921569
6017,Male,0,No,No,5.0,Yes,No,DSL,No,No,Yes,Yes,No,No,Month-to-month,No,Electronic check,56.15,58.29
6551,Female,0,Yes,No,63.0,Yes,No,Fiber optic,No,Yes,No,No,Yes,Yes,One year,Yes,Electronic check,96.0,96.98015873015873
3805,Male,1,No,No,1.0,Yes,No,Fiber optic,No,No,No,No,No,No,Month-to-month,Yes,Electronic check,71.65,71.65
2420,Male,0,Yes,Yes,4.0,No,No phone service,DSL,Yes,No,No,No,Yes,No,Month-to-month,No,Credit card (automatic),38.55,39.025
1961,Female,0,No,No,42.0,Yes,Yes,DSL,Yes,Yes,No,No,No,No,One year,Yes,Bank transfer (automatic),60.15,57.65714285714286
2318,Female,0,Yes,Yes,71.0,Yes,Yes,Fiber optic,Yes,Yes,Yes,No,Yes,No,Two year,No,Bank transfer (automatic),100.5,99.02323943661972
964,Male,0,No,No,1.0,Yes,No,DSL,No,No,No,No,No,No,Month-to-month,Yes,Mailed check,45.7,45.7
2511,Male,1,Yes,No,29.0,Yes,No,Fiber optic,Yes,No,Yes,No,No,Yes,One year,No,Bank transfer (automatic),90.1,91.6103448275862
1453,Male,0,No,No,31.0,Yes,No,Fiber optic,No,Yes,No,No,Yes,Yes,Month-to-month,Yes,Electronic check,94.5,96.1032258064516
1464,Male,0,No,No,9.0,Yes,No,DSL,Yes,No,No,Yes,No,Yes,Month-to-month,No,Mailed check,64.95,60.86666666666666
3121,Female,1,No,No,16.0,Yes,No,DSL,No,No,No,Yes,Yes,No,Month-to-month,No,Electronic check,59.4,63.99375
494,Male,0,No,No,1.0,Yes,No,No,No internet service,No internet service,No internet service,No internet service,No internet service,No internet service,Month-to-month,No,Mailed check,20.4,20.4
6986,Female,0,Yes,No,30.0,Yes,Yes,Fiber optic,No,Yes,No,Yes,Yes,No,Month-to-month,Yes,Credit card (automatic),94.1,93.48166666666665
4304,Female,0,Yes,No,49.0,Yes,No,No,No internet service,No internet service,No internet service,No internet service,No internet service,No internet service,One year,No,Credit card (automatic),19.0,18.748979591836736
6988,Female,0,Yes,Yes,23.0,Yes,Yes,DSL,No,Yes,No,Yes,Yes,No,Month-to-month,Yes,Credit card (automatic),69.5,71.83043478260869
4353,Female,0,No,No,1.0,Yes,No,Fiber optic,No,No,Yes,No,No,No,Month-to-month,Yes,Electronic check,74.9,74.9
40,Male,0,Yes,Yes,10.0,Yes,No,DSL,No,Yes,No,No,No,No,One year,No,Mailed check,49.55,47.57
5139,Male,0,Yes,Yes,50.0,Yes,Yes,No,No internet service,No internet service,No internet service,No internet service,No internet service,No internet service,Two year,No,Mailed check,24.95,25.229
1158,Female,0,Yes,No,60.0,Yes,Yes,Fiber optic,Yes,Yes,No,No,No,Yes,Month-to-month,Yes,Credit card (automatic),94.1,91.265
6360,Female,0,No,No,1.0,Yes,No,No,No internet service,No internet service,No internet service,No internet service,No internet service,No internet service,Month-to-month,Yes,Mailed check,20.3,20.3
6622,Male,0,No,No,2.0,Yes,Yes,DSL,No,No,No,No,No,Yes,Month-to-month,No,Bank transfer (automatic),62.05,59.15
306,Male,1,Yes,No,32.0,Yes,Yes,Fiber optic,No,No,No,No,No,No,Month-to-month,Yes,Electronic check,74.9,71.9796875
5649,Female,0,Yes,No,33.0,Yes,No,No,No internet service,No internet service,No internet service,No internet service,No internet service,No internet service,Month-to-month,No,Mailed check,20.05,20.28636363636364
3667,Female,1,Yes,Yes,24.0,Yes,No,Fiber optic,No,No,Yes,No,Yes,Yes,Two year,Yes,Electronic check,96.55,94.31041666666665
3875,Male,1,Yes,Yes,41.0,Yes,Yes,Fiber optic,No,Yes,Yes,Yes,Yes,Yes,One year,Yes,Electronic check,111.95,110.60731707317072
4983,Female,1,Yes,No,40.0,No,No phone service,DSL,No,Yes,No,No,Yes,No,Month-to-month,Yes,Electronic check,39.3,40.935
831,Male,0,Yes,Yes,38.0,Yes,Yes,No,No internet service,No internet service,No internet service,No internet service,No internet service,No internet service,Two year,No,Credit card (automatic),25.05,25.367105263157896
72,Male,1,Yes,Yes,64.0,Yes,Yes,Fiber optic,Yes,No,Yes,Yes,Yes,Yes,Two year,Yes,Bank transfer (automatic),111.6,110.921875
1576,Female,1,Yes,No,68.0,Yes,No,DSL,No,Yes,Yes,Yes,No,No,One year,Yes,Bank transfer (automatic),60.65,58.46911764705882
4149,Male,0,Yes,No,71.0,No,No phone service,DSL,No,Yes,No,No,Yes,Yes,Two year,No,Electronic check,49.35,49.51056338028169
5405,Male,0,No,Yes,34.0,Yes,Yes,Fiber optic,Yes,Yes,No,No,Yes,Yes,One year,Yes,Electronic check,103.8,102.08235294117648
5043,Male,1,No,No,19.0,Yes,Yes,Fiber optic,Yes,No,No,No,Yes,No,Month-to-month,Yes,Electronic check,90.6,87.36842105263158
100,Male,0,No,No,1.0,Yes,No,No,No internet service,No internet service,No internet service,No internet service,No internet service,No internet service,Month-to-month,No,Mailed check,20.2,20.2
3863,Male,0,Yes,No,17.0,Yes,Yes,Fiber optic,No,Yes,Yes,No,Yes,Yes,Month-to-month,Yes,Electronic check,102.55,102.5
944,Female,0,Yes,Yes,54.0,Yes,Yes,Fiber optic,Yes,Yes,No,No,Yes,Yes,Month-to-month,Yes,Bank transfer (automatic),104.1,104.55185185185185
3342,Male,0,No,No,40.0,No,No phone service,DSL,Yes,Yes,Yes,No,Yes,Yes,One year,No,Credit card (automatic),62.05,62.78875000000001
312,Female,0,No,No,43.0,Yes,Yes,Fiber optic,Yes,Yes,Yes,Yes,Yes,Yes,Two year,No,Credit card (automatic),115.05,113.83953488372094
3686,Female,0,No,No,13.0,Yes,Yes,Fiber optic,No,No,No,No,No,No,Month-to-month,Yes,Mailed check,75.0,76.88076923076923
4412,Male,0,No,No,66.0,Yes,Yes,No,No internet service,No internet service,No internet service,No internet service,No internet service,No internet service,One year,No,Bank transfer (automatic),25.45,25.74469696969697
1852,Male,0,No,No,1.0,Yes,No,DSL,No,No,No,No,No,No,Month-to-month,No,Credit card (automatic),46.2,46.2
1763,Female,0,No,No,2.0,Yes,No,DSL,No,No,No,No,No,No,Month-to-month,Yes,Electronic check,45.4,40.475
6209,Male,0,No,No,29.0,No,No phone service,DSL,No,No,No,No,No,No,One year,Yes,Mailed check,24.85,27.17413793103448
4671,Female,0,No,No,25.0,Yes,Yes,Fiber optic,No,Yes,No,No,Yes,Yes,Month-to-month,Yes,Electronic check,100.25,95.51
354,Female,1,No,No,21.0,No,No phone service,DSL,Yes,No,No,No,Yes,No,Month-to-month,Yes,Electronic check,41.9,40.00476190476191
3484,Female,1,Yes,No,38.0,Yes,No,Fiber optic,Yes,No,No,No,No,Yes,Month-to-month,Yes,Electronic check,83.45,82.81973684210527
6556,Female,0,Yes,Yes,6.0,Yes,No,No,No internet service,No internet service,No internet service,No internet service,No internet service,No internet service,One year,No,Credit card (automatic),19.0,17.583333333333332
4199,Male,0,Yes,No,55.0,Yes,Yes,Fiber optic,No,No,Yes,Yes,Yes,Yes,One year,Yes,Electronic check,104.15,104.41909090909091
563,Male,0,Yes,Yes,59.0,Yes,Yes,Fiber optic,No,No,Yes,No,Yes,Yes,Two year,Yes,Credit card (automatic),99.5,99.35169491525424
5074,Female,0,No,Yes,49.0,Yes,No,No,No internet service,No internet service,No internet service,No internet service,No internet service,No internet service,One year,No,Credit card (automatic),19.45,18.802040816326528
4202,Male,0,Yes,No,10.0,Yes,No,No,No internet service,No internet service,No internet service,No internet service,No internet service,No internet service,One year,No,Bank transfer (automatic),19.6,18.945
7009,Male,0,No,No,23.0,Yes,Yes,Fiber optic,No,No,Yes,No,No,No,Month-to-month,Yes,Electronic check,81.0,83.35217391304347
4092,Female,0,No,No,1.0,Yes,No,No,No internet service,No internet service,No internet service,No internet service,No internet service,No internet service,Month-to-month,Yes,Mailed check,20.25,20.25
576,Male,0,Yes,Yes,31.0,Yes,Yes,Fiber optic,Yes,No,Yes,No,Yes,No,One year,No,Bank transfer (automatic),98.05,99.42258064516129
2719,Female,1,Yes,Yes,56.0,Yes,No,DSL,Yes,No,No,Yes,Yes,Yes,Two year,Yes,Credit card (automatic),72.6,72.93482142857142
5285,Female,0,Yes,No,71.0,Yes,No,DSL,No,Yes,Yes,Yes,Yes,Yes,Two year,Yes,Credit card (automatic),80.7,80.35281690140846
1177,Female,0,No,No,46.0,Yes,Yes,DSL,Yes,No,Yes,No,Yes,Yes,Two year,No,Mailed check,79.2,78.12608695652175
247,Male,1,No,No,15.0,Yes,No,Fiber optic,No,Yes,No,No,No,No,Month-to-month,Yes,Electronic check,74.4,71.61999999999999
4969,Female,0,Yes,No,2.0,Yes,No,No,No internet service,No internet service,No internet service,No internet service,No internet service,No internet service,Month-to-month,No,Bank transfer (automatic),19.85,26.0
4907,Female,0,Yes,No,71.0,Yes,Yes,No,No internet service,No internet service,No internet service,No internet service,No internet service,No internet service,Two year,No,Mailed check,23.85,23.55070422535211
981,Male,0,Yes,Yes,40.0,Yes,No,No,No internet service,No internet service,No internet service,No internet service,No internet service,No internet service,Two year,No,Mailed check,19.6,20.223750000000003
5215,Female,0,Yes,No,8.0,Yes,No,No,No internet service,No internet service,No internet service,No internet service,No internet service,No internet service,Month-to-month,No,Bank transfer (automatic),20.15,19.53125
6955,Female,0,No,No,12.0,Yes,No,DSL,No,No,No,No,No,No,Month-to-month,Yes,Electronic check,45.05,43.59166666666667
3159,Male,1,No,No,3.0,Yes,Yes,Fiber optic,No,No,No,No,Yes,Yes,Month-to-month,Yes,Electronic check,94.85,111.91666666666667
55,Male,1,No,No,18.0,Yes,Yes,Fiber optic,No,No,No,No,Yes,Yes,Month-to-month,Yes,Electronic check,95.45,97.36388888888888
4215,Male,0,Yes,No,72.0,Yes,Yes,Fiber optic,No,Yes,Yes,Yes,Yes,Yes,Two year,Yes,Electronic check,108.2,108.89722222222223
3432,Female,0,Yes,No,70.0,Yes,Yes,DSL,Yes,Yes,Yes,Yes,Yes,Yes,Two year,Yes,Credit card (automatic),94.8,97.98642857142858
1193,Female,0,No,No,47.0,Yes,No,DSL,No,No,Yes,Yes,Yes,Yes,Two year,No,Mailed check,74.45,74.6872340425532
4299,Female,1,No,No,29.0,Yes,Yes,DSL,Yes,Yes,No,No,No,No,Month-to-month,Yes,Bank transfer (automatic),58.55,59.27413793103448
4573,Male,0,Yes,Yes,72.0,Yes,No,No,No internet service,No internet service,No internet service,No internet service,No internet service,No internet service,Two year,No,Electronic check,20.55,19.896527777777777
4828,Female,0,No,No,39.0,No,No phone service,DSL,No,Yes,Yes,Yes,No,No,Month-to-month,No,Bank transfer (automatic),41.1,40.949999999999996
5092,Female,0,Yes,Yes,7.0,Yes,No,No,No internet service,No internet service,No internet service,No internet service,No internet service,No internet service,Month-to-month,No,Mailed check,20.45,21.535714285714285
5451,Female,0,Yes,No,71.0,Yes,Yes,Fiber optic,Yes,Yes,No,No,Yes,No,One year,No,Mailed check,95.65,96.57676056338028
3661,Female,0,No,No,51.0,Yes,No,Fiber optic,No,No,No,No,Yes,Yes,One year,No,Credit card (automatic),87.55,87.7627450980392
1442,Female,0,Yes,Yes,52.0,Yes,No,Fiber optic,Yes,No,Yes,No,Yes,Yes,One year,No,Electronic check,100.3,100.85480769230769
1259,Female,1,No,No,46.0,Yes,No,Fiber optic,No,Yes,No,No,Yes,Yes,One year,No,Credit card (automatic),95.25,96.17826086956521
4458,Male,0,Yes,Yes,38.0,Yes,Yes,Fiber optic,No,Yes,Yes,No,Yes,No,Month-to-month,Yes,Electronic check,94.65,95.3763157894737
620,Male,1,Yes,Yes,10.0,No,No phone service,DSL,No,No,No,No,No,Yes,Month-to-month,Yes,Bank transfer (automatic),34.55,36.260000000000005
1135,Female,1,Yes,No,72.0,Yes,Yes,Fiber optic,Yes,Yes,Yes,Yes,Yes,Yes,Two year,Yes,Bank transfer (automatic),114.65,115.74930555555557
7035,Male,0,No,No,19.0,Yes,No,Fiber optic,No,No,No,No,Yes,No,Month-to-month,Yes,Bank transfer (automatic),78.7,78.68947368421053
5569,Female,1,Yes,No,3.0,Yes,No,Fiber optic,No,No,No,Yes,Yes,No,Month-to-month,Yes,Mailed check,83.9,89.13333333333333
5308,Female,0,No,No,69.0,Yes,No,DSL,Yes,No,Yes,Yes,Yes,Yes,Two year,Yes,Credit card (automatic),82.45,80.51159420289855
4289,Female,0,No,No,54.0,Yes,No,No,No internet service,No internet service,No internet service,No internet service,No internet service,No internet service,Two year,No,Mailed check,20.1,19.989814814814817
1050,Male,1,No,No,12.0,No,No phone service,DSL,No,No,Yes,Yes,No,Yes,Month-to-month,Yes,Electronic check,43.65,43.9125
4419,Female,0,Yes,Yes,8.0,Yes,No,No,No internet service,No internet service,No internet service,No internet service,No internet service,No internet service,Month-to-month,No,Credit card (automatic),21.05,17.46875
6144,Male,1,Yes,No,23.0,Yes,No,Fiber optic,Yes,Yes,No,No,No,Yes,Month-to-month,Yes,Electronic check,90.0,88.00434782608696
6161,Male,0,No,No,7.0,Yes,No,Fiber optic,Yes,No,No,No,No,No,Month-to-month,No,Mailed check,74.35,76.22857142857143
6428,Female,0,No,No,6.0,Yes,No,Fiber optic,No,No,No,No,No,No,Month-to-month,Yes,Mailed check,69.25,69.73333333333333
4274,Male,0,No,No,45.0,Yes,No,No,No internet service,No internet service,No internet service,No internet service,No internet service,No internet service,One year,No,Bank transfer (automatic),18.85,19.273333333333333
4801,Female,0,Yes,Yes,72.0,Yes,Yes,DSL,Yes,Yes,Yes,Yes,No,Yes,Two year,No,Bank transfer (automatic),80.85,80.89930555555556
3574,Female,0,No,No,1.0,Yes,No,No,No internet service,No internet service,No internet service,No internet service,No internet service,No internet service,Month-to-month,Yes,Mailed check,20.35,20.35
6588,Female,0,Yes,Yes,23.0,Yes,Yes,No,No internet service,No internet service,No internet service,No internet service,No internet service,No internet service,Two year,No,Mailed check,23.85,27.202173913043477
4697,Male,0,Yes,No,72.0,Yes,No,Fiber optic,No,No,Yes,No,Yes,Yes,Month-to-month,Yes,Electronic check,94.65,93.71319444444445
2125,Female,0,Yes,Yes,67.0,Yes,Yes,DSL,Yes,No,No,No,Yes,Yes,Two year,Yes,Electronic check,75.5,78.05149253731344
1326,Female,0,Yes,Yes,43.0,No,No phone service,DSL,Yes,Yes,No,Yes,Yes,No,One year,Yes,Bank transfer (automatic),51.25,50.03720930232558
147,Male,0,No,No,1.0,Yes,No,DSL,No,No,No,No,No,No,Month-to-month,Yes,Electronic check,45.65,45.65
1781,Male,1,Yes,No,60.0,Yes,Yes,Fiber optic,No,Yes,Yes,No,Yes,Yes,One year,Yes,Electronic check,104.35,105.6575
6538,Male,0,No,No,2.0,Yes,No,Fiber optic,No,No,Yes,Yes,No,No,Month-to-month,Yes,Electronic check,79.85,76.225
3324,Female,0,No,No,1.0,Yes,No,Fiber optic,No,No,Yes,No,No,No,Month-to-month,No,Electronic check,75.55,75.55
3823,Male,0,Yes,No,72.0,Yes,Yes,DSL,Yes,Yes,Yes,Yes,No,Yes,Two year,No,Bank transfer (automatic),78.85,80.04374999999999
3697,Female,0,Yes,Yes,32.0,Yes,Yes,Fiber optic,Yes,No,No,No,Yes,No,Month-to-month,No,Electronic check,89.6,90.68125
378,Female,0,No,No,61.0,Yes,Yes,DSL,Yes,Yes,Yes,Yes,Yes,Yes,Two year,No,Electronic check,89.65,87.02786885245901
4291,Female,0,Yes,Yes,64.0,Yes,Yes,Fiber optic,Yes,Yes,No,Yes,Yes,Yes,Two year,No,Bank transfer (automatic),110.3,109.3328125
1399,Female,0,Yes,Yes,14.0,Yes,No,No,No internet service,No internet service,No internet service,No internet service,No internet service,No internet service,One year,No,Mailed check,19.55,21.035714285714285
6998,Female,0,No,No,13.0,Yes,No,Fiber optic,No,No,No,No,No,Yes,Month-to-month,Yes,Electronic check,80.5,77.83076923076922
1279,Male,0,Yes,No,25.0,Yes,No,No,No internet service,No internet service,No internet service,No internet service,No internet service,No internet service,One year,Yes,Bank transfer (automatic),20.95,19.805999999999997
5589,Female,0,No,No,46.0,Yes,No,DSL,No,No,Yes,Yes,No,No,Two year,No,Credit card (automatic),54.35,53.481521739130436
3465,Male,0,No,No,4.0,Yes,No,DSL,No,No,No,No,No,No,Month-to-month,Yes,Electronic check,45.9,49.9375
1700,Male,0,No,No,47.0,Yes,No,No,No internet service,No internet service,No internet service,No internet service,No internet service,No internet service,Two year,No,Bank transfer (automatic),20.45,20.06382978723404
5081,Male,0,Yes,Yes,53.0,Yes,No,DSL,Yes,Yes,No,Yes,Yes,No,Two year,Yes,Mailed check,69.7,70.36981132075472
472,Male,0,Yes,No,9.0,Yes,No,DSL,No,No,Yes,No,Yes,Yes,Month-to-month,Yes,Mailed check,70.05,62.71111111111111
152,Female,0,Yes,Yes,70.0,Yes,Yes,Fiber optic,Yes,Yes,Yes,No,Yes,Yes,One year,Yes,Credit card (automatic),108.15,113.29357142857143
4469,Male,0,No,No,50.0,Yes,No,Fiber optic,Yes,Yes,Yes,Yes,No,No,One year,Yes,Credit card (automatic),90.1,90.98899999999999
6561,Male,0,No,No,9.0,Yes,No,Fiber optic,No,No,Yes,No,No,No,Month-to-month,Yes,Electronic check,73.8,78.25555555555555
497,Female,0,Yes,No,70.0,Yes,No,No,No internet service,No internet service,No internet service,No internet service,No internet service,No internet service,Two year,No,Bank transfer (automatic),19.8,19.966428571428573
5127,Male,0,No,No,67.0,Yes,Yes,Fiber optic,Yes,Yes,Yes,Yes,Yes,Yes,One year,Yes,Bank transfer (automatic),118.35,116.47985074626865
3852,Male,0,No,No,1.0,Yes,No,No,No internet service,No internet service,No internet service,No internet service,No internet service,No internet service,Month-to-month,Yes,Bank transfer (automatic),19.65,19.65
602,Female,0,Yes,Yes,66.0,Yes,Yes,Fiber optic,No,No,No,No,No,No,One year,Yes,Bank transfer (automatic),74.25,73.625
3186,Female,0,Yes,Yes,58.0,Yes,No,No,No internet service,No internet service,No internet service,No internet service,No internet service,No internet service,Two year,No,Credit card (automatic),20.3,20.012931034482758
488,Female,0,Yes,Yes,0.0,No,No phone service,DSL,Yes,No,Yes,Yes,Yes,No,Two year,Yes,Bank transfer (automatic),52.55,52.55
666,Female,0,No,No,2.0,Yes,No,Fiber optic,No,No,No,No,No,No,Month-to-month,No,Electronic check,69.65,72.575
5020,Female,0,No,No,41.0,Yes,No,No,No internet service,No internet service,No internet service,No internet service,No internet service,No internet service,Two year,Yes,Mailed check,19.85,19.76707317073171
834,Female,1,No,No,4.0,Yes,No,Fiber optic,No,No,No,No,Yes,No,Month-to-month,Yes,Electronic check,78.85,73.2
4192,Male,0,No,No,23.0,Yes,No,No,No internet service,No internet service,No internet service,No internet service,No internet service,No internet service,One year,No,Bank transfer (automatic),20.15,17.63478260869565
493,Male,1,Yes,No,61.0,Yes,Yes,DSL,No,Yes,No,No,No,Yes,One year,No,Bank transfer (automatic),64.05,63.97704918032787
6286,Female,0,No,Yes,8.0,Yes,No,No,No internet service,No internet service,No internet service,No internet service,No internet service,No internet service,Month-to-month,No,Mailed check,20.05,20.45
1953,Male,0,No,Yes,1.0,Yes,No,Fiber optic,No,Yes,No,No,No,No,Month-to-month,Yes,Electronic check,75.35,75.35
726,Female,0,No,No,22.0,Yes,Yes,No,No internet service,No internet service,No internet service,No internet service,No internet service,No internet service,Two year,No,Mailed check,26.25,27.54090909090909
2303,Male,0,No,No,2.0,Yes,No,DSL,Yes,No,No,No,No,No,Month-to-month,Yes,Electronic check,47.8,46.225
5483,Female,0,Yes,No,55.0,Yes,Yes,Fiber optic,No,No,Yes,No,No,No,Month-to-month,Yes,Electronic check,77.75,81.05727272727272
1818,Male,0,Yes,Yes,60.0,Yes,Yes,Fiber optic,No,No,No,No,No,No,Month-to-month,No,Bank transfer (automatic),74.35,74.22166666666666
2670,Female,0,Yes,Yes,51.0,Yes,Yes,Fiber optic,Yes,No,No,Yes,Yes,No,One year,Yes,Mailed check,95.15,98.04019607843138
5174,Female,0,No,No,7.0,Yes,No,Fiber optic,No,No,No,No,Yes,No,Month-to-month,Yes,Mailed check,80.3,75.24285714285715
3999,Female,1,No,No,2.0,Yes,No,Fiber optic,No,No,No,No,No,No,Month-to-month,Yes,Electronic check,69.6,65.825
995,Female,0,No,No,35.0,Yes,Yes,Fiber optic,No,Yes,No,Yes,No,No,Month-to-month,No,Credit card (automatic),85.3,83.35714285714286
6328,Female,0,No,No,70.0,Yes,Yes,DSL,Yes,Yes,Yes,Yes,Yes,Yes,Two year,No,Credit card (automatic),89.75,90.96
5140,Male,0,No,No,1.0,Yes,No,Fiber optic,No,No,No,No,Yes,Yes,Month-to-month,Yes,Electronic check,89.25,89.25
3459,Female,0,Yes,Yes,30.0,Yes,Yes,No,No internet service,No internet service,No internet service,No internet service,No internet service,No internet service,Two year,Yes,Mailed check,25.1,26.31833333333333
3188,Female,0,No,No,8.0,Yes,No,DSL,Yes,No,No,No,No,No,Month-to-month,Yes,Electronic check,49.85,45.69375
2970,Male,1,No,No,5.0,Yes,No,Fiber optic,No,No,No,No,No,No,Month-to-month,Yes,Mailed check,70.25,66.38
4812,Female,0,No,No,9.0,Yes,No,DSL,No,Yes,No,Yes,Yes,No,Month-to-month,No,Mailed check,66.25,68.94999999999999
2924,Male,0,No,No,11.0,Yes,No,Fiber optic,No,Yes,No,No,No,No,Month-to-month,Yes,Electronic check,74.55,74.97727272727273
5392,Male,0,Yes,Yes,63.0,No,No phone service,DSL,No,Yes,Yes,Yes,No,No,Two year,No,Bank transfer (automatic),39.35,38.01666666666667
802,Male,0,Yes,Yes,39.0,Yes,Yes,No,No internet service,No internet service,No internet service,No internet service,No internet service,No internet service,Two year,Yes,Mailed check,23.8,23.174358974358974
4329,Female,0,Yes,Yes,17.0,Yes,Yes,Fiber optic,Yes,No,Yes,No,Yes,No,Month-to-month,No,Electronic check,94.4,94.54117647058824
1174,Female,0,No,No,14.0,Yes,Yes,DSL,No,Yes,No,No,No,No,One year,Yes,Mailed check,54.25,55.228571428571435
6354,Female,0,Yes,No,61.0,Yes,No,Fiber optic,Yes,Yes,No,Yes,No,Yes,One year,No,Bank transfer (automatic),93.7,96.07704918032786
551,Female,0,Yes,Yes,72.0,Yes,Yes,Fiber optic,Yes,Yes,Yes,Yes,Yes,Yes,Two year,Yes,Bank transfer (automatic),115.6,114.17222222222222
5744,Male,1,Yes,No,40.0,Yes,No,DSL,No,No,No,No,No,Yes,One year,No,Electronic check,55.8,57.0825
4959,Female,0,Yes,Yes,1.0,Yes,No,No,No internet service,No internet service,No internet service,No internet service,No internet service,No internet service,Month-to-month,Yes,Credit card (automatic),20.15,20.15
6662,Female,0,No,No,47.0,No,No phone service,DSL,Yes,Yes,No,Yes,No,No,One year,No,Credit card (automatic),39.65,38.26914893617022
1232,Male,0,Yes,Yes,34.0,Yes,No,Fiber optic,No,No,No,No,Yes,No,Month-to-month,No,Electronic check,78.3,75.42058823529412
4831,Female,0,No,No,18.0,No,No phone service,DSL,Yes,Yes,No,Yes,No,No,One year,Yes,Mailed check,40.2,39.55277777777778
1370,Female,0,No,No,27.0,Yes,No,No,No internet service,No internet service,No internet service,No internet service,No internet service,No internet service,Two year,Yes,Bank transfer (automatic),20.25,19.933333333333334
6136,Female,0,Yes,Yes,46.0,Yes,No,No,No internet service,No internet service,No internet service,No internet service,No internet service,No internet service,Two year,No,Bank transfer (automatic),20.25,19.355434782608697
2928,Male,0,Yes,Yes,68.0,Yes,No,Fiber optic,Yes,Yes,No,Yes,No,Yes,Two year,No,Bank transfer (automatic),95.1,98.28529411764706
4444,Female,0,No,No,3.0,Yes,No,No,No internet service,No internet service,No internet service,No internet service,No internet service,No internet service,Month-to-month,No,Mailed check,19.85,21.25
864,Male,0,No,No,22.0,Yes,Yes,Fiber optic,No,No,No,No,Yes,Yes,Month-to-month,Yes,Credit card (automatic),94.65,95.66136363636365
3841,Male,1,Yes,No,36.0,Yes,Yes,Fiber optic,No,Yes,No,No,Yes,Yes,Month-to-month,Yes,Electronic check,96.5,95.44722222222222
2409,Male,0,Yes,Yes,28.0,No,No phone service,DSL,No,Yes,Yes,Yes,Yes,Yes,One year,Yes,Credit card (automatic),60.0,60.073214285714286
1935,Female,0,No,No,51.0,Yes,No,No,No internet service,No internet service,No internet service,No internet service,No internet service,No internet service,One year,Yes,Bank transfer (automatic),19.85,19.548039215686277
3270,Female,0,No,No,4.0,Yes,Yes,Fiber optic,No,No,No,Yes,Yes,Yes,Month-to-month,Yes,Mailed check,100.85,99.8125
5352,Male,0,No,No,26.0,Yes,No,Fiber optic,No,No,Yes,Yes,Yes,Yes,Month-to-month,Yes,Electronic check,98.65,97.57692307692308
2059,Male,0,Yes,Yes,37.0,Yes,Yes,Fiber optic,No,Yes,Yes,No,Yes,No,Month-to-month,Yes,Electronic check,92.95,92.30405405405405
4930,Female,0,No,No,1.0,Yes,No,DSL,No,No,No,No,No,No,Month-to-month,Yes,Credit card (automatic),44.55,44.55
5016,Female,0,No,No,5.0,Yes,No,No,No internet service,No internet service,No internet service,No internet service,No internet service,No internet service,Month-to-month,No,Credit card (automatic),19.85,21.61
2673,Male,0,No,No,22.0,Yes,Yes,Fiber optic,Yes,No,No,No,Yes,Yes,Month-to-month,Yes,Bank transfer (automatic),101.35,105.32272727272726
1680,Male,0,Yes,Yes,56.0,Yes,Yes,No,No internet service,No internet service,No internet service,No internet service,No internet service,No internet service,One year,Yes,Mailed check,24.45,25.56517857142857
4747,Male,0,No,No,35.0,Yes,No,No,No internet service,No internet service,No internet service,No internet service,No internet service,No internet service,One year,No,Bank transfer (automatic),20.6,21.542857142857144
4230,Male,0,No,No,11.0,Yes,No,Fiber optic,Yes,No,No,No,No,No,Month-to-month,Yes,Electronic check,73.5,71.97727272727273
6301,Female,1,No,No,67.0,Yes,Yes,DSL,No,Yes,No,No,No,No,Month-to-month,No,Electronic check,54.9,55.6044776119403
2014,Male,0,Yes,Yes,13.0,Yes,No,DSL,No,Yes,Yes,Yes,No,No,Month-to-month,No,Bank transfer (automatic),61.8,57.7
1906,Male,0,No,No,40.0,No,No phone service,DSL,No,Yes,No,Yes,No,No,One year,No,Credit card (automatic),36.0,34.572500000000005
3598,Male,1,No,No,1.0,Yes,No,DSL,No,No,No,No,No,No,Month-to-month,No,Electronic check,46.3,46.3
3160,Female,0,Yes,Yes,69.0,No,No phone service,DSL,Yes,Yes,Yes,Yes,No,No,Two year,No,Bank transfer (automatic),46.25,45.23768115942029
6810,Male,0,No,No,15.0,No,No phone service,DSL,No,No,No,Yes,No,No,Month-to-month,Yes,Electronic check,29.7,29.216666666666665
5618,Male,0,No,No,11.0,Yes,No,No,No internet service,No internet service,No internet service,No internet service,No internet service,No internet service,Month-to-month,No,Mailed check,20.35,19.568181818181817
6645,Female,0,No,No,2.0,Yes,No,No,No internet service,No internet service,No internet service,No internet service,No internet service,No internet service,Month-to-month,No,Mailed check,20.1,19.9
5232,Male,0,Yes,Yes,2.0,Yes,No,No,No internet service,No internet service,No internet service,No internet service,No internet service,No internet service,Month-to-month,No,Mailed check,20.3,20.125
2328,Female,1,Yes,No,35.0,Yes,Yes,Fiber optic,No,No,Yes,No,Yes,Yes,Month-to-month,No,Bank transfer (automatic),102.05,98.64428571428572
3261,Female,0,Yes,Yes,68.0,Yes,No,DSL,Yes,Yes,Yes,Yes,Yes,Yes,Two year,Yes,Credit card (automatic),85.0,82.46691176470588
3220,Male,0,Yes,No,70.0,Yes,Yes,DSL,Yes,No,Yes,Yes,No,Yes,Two year,No,Credit card (automatic),77.3,78.54571428571428
688,Male,0,No,No,52.0,No,No phone service,DSL,No,Yes,No,No,No,No,One year,No,Mailed check,30.1,31.21923076923077
2334,Male,1,Yes,No,16.0,Yes,Yes,Fiber optic,No,No,No,No,Yes,No,Month-to-month,Yes,Credit card (automatic),85.05,86.946875
5836,Male,0,No,No,6.0,Yes,No,No,No internet service,No internet service,No internet service,No internet service,No internet service,No internet service,One year,No,Mailed check,19.15,20.733333333333334
1990,Female,1,No,No,16.0,Yes,Yes,Fiber optic,No,No,No,No,Yes,No,Month-to-month,Yes,Electronic check,84.75,84.384375
3964,Female,0,Yes,Yes,68.0,Yes,Yes,Fiber optic,Yes,No,Yes,Yes,Yes,Yes,Two year,No,Credit card (automatic),111.75,110.46029411764707
1434,Male,0,No,No,12.0,Yes,Yes,Fiber optic,No,No,No,Yes,Yes,Yes,Month-to-month,Yes,Mailed check,99.95,94.39583333333333
899,Male,0,Yes,No,50.0,Yes,Yes,Fiber optic,Yes,Yes,No,No,No,Yes,Month-to-month,Yes,Credit card (automatic),94.4,98.29799999999999
721,Male,0,Yes,Yes,61.0,Yes,No,No,No internet service,No internet service,No internet service,No internet service,No internet service,No internet service,Two year,No,Credit card (automatic),20.55,21.409016393442624
704,Male,0,No,No,4.0,Yes,No,DSL,No,Yes,No,No,No,No,Month-to-month,No,Mailed check,49.25,52.1125
2167,Male,1,Yes,No,13.0,Yes,Yes,Fiber optic,No,No,No,No,Yes,Yes,Month-to-month,Yes,Electronic check,95.25,94.89615384615385
2669,Female,0,No,No,19.0,Yes,Yes,Fiber optic,Yes,Yes,No,No,No,Yes,Month-to-month,Yes,Electronic check,95.15,94.17105263157895
5647,Female,0,Yes,No,46.0,Yes,No,DSL,No,Yes,No,No,Yes,Yes,Month-to-month,Yes,Credit card (automatic),69.1,68.8695652173913
925,Female,0,Yes,Yes,32.0,Yes,No,DSL,Yes,Yes,Yes,Yes,No,Yes,Month-to-month,No,Bank transfer (automatic),76.3,75.1296875
4481,Male,0,Yes,No,42.0,No,No phone service,DSL,Yes,No,No,No,Yes,No,Month-to-month,Yes,Bank transfer (automatic),40.15,38.71547619047619
1018,Male,0,No,No,4.0,No,No phone service,DSL,No,No,No,Yes,No,Yes,Month-to-month,Yes,Electronic check,40.05,40.6125
4661,Female,0,Yes,Yes,70.0,Yes,Yes,DSL,Yes,Yes,Yes,Yes,Yes,Yes,Two year,Yes,Bank transfer (automatic),89.0,89.90285714285714
571,Male,1,No,No,47.0,Yes,Yes,DSL,No,Yes,No,Yes,No,No,Two year,No,Bank transfer (automatic),59.6,58.59574468085106
1729,Male,0,Yes,No,64.0,Yes,Yes,Fiber optic,Yes,Yes,Yes,No,No,No,One year,No,Bank transfer (automatic),89.45,88.94765625
310,Female,0,No,No,1.0,Yes,No,No,No internet service,No internet service,No internet service,No internet service,No internet service,No internet service,Month-to-month,Yes,Bank transfer (automatic),19.25,19.25
1840,Male,0,Yes,Yes,65.0,Yes,Yes,Fiber optic,Yes,No,Yes,Yes,Yes,Yes,Two year,No,Bank transfer (automatic),108.65,106.7376923076923
1819,Female,0,Yes,Yes,61.0,No,No phone service,DSL,No,Yes,Yes,Yes,Yes,No,Two year,No,Credit card (automatic),51.35,53.18688524590164
4668,Female,0,No,Yes,2.0,Yes,No,DSL,Yes,No,No,No,No,Yes,Month-to-month,Yes,Credit card (automatic),61.2,62.975
5852,Male,1,Yes,No,21.0,Yes,No,Fiber optic,No,No,No,No,No,No,Month-to-month,Yes,Electronic check,69.1,70.22619047619048
816,Female,0,No,No,2.0,Yes,No,Fiber optic,No,No,Yes,No,No,Yes,Month-to-month,Yes,Mailed check,86.2,89.35
546,Male,0,Yes,Yes,39.0,Yes,No,Fiber optic,No,Yes,No,No,Yes,No,Month-to-month,Yes,Mailed check,86.3,83.74358974358974
2101,Female,0,Yes,No,37.0,Yes,Yes,Fiber optic,Yes,No,Yes,Yes,No,Yes,One year,Yes,Electronic check,99.2,101.47567567567567
2405,Female,0,Yes,Yes,8.0,Yes,No,Fiber optic,No,No,Yes,No,Yes,Yes,Month-to-month,Yes,Electronic check,94.2,97.1625
5261,Male,1,Yes,No,54.0,Yes,Yes,Fiber optic,No,Yes,Yes,Yes,Yes,Yes,Two year,Yes,Electronic check,110.45,112.55092592592592
4235,Female,1,Yes,No,56.0,Yes,Yes,Fiber optic,Yes,Yes,Yes,Yes,No,No,One year,No,Electronic check,95.65,97.70982142857143
828,Male,0,Yes,Yes,60.0,Yes,No,Fiber optic,No,Yes,Yes,No,Yes,No,One year,No,Electronic check,90.95,90.89
335,Male,0,Yes,Yes,68.0,Yes,Yes,DSL,No,Yes,Yes,Yes,No,Yes,One year,Yes,Bank transfer (automatic),75.8,77.85220588235293
2573,Female,0,No,No,1.0,Yes,No,DSL,No,No,No,No,No,Yes,Month-to-month,Yes,Mailed check,54.75,54.75
4832,Male,0,Yes,No,32.0,Yes,No,DSL,Yes,Yes,No,Yes,No,Yes,One year,No,Mailed check,70.5,68.8046875
5022,Male,0,Yes,Yes,71.0,Yes,No,Fiber optic,Yes,Yes,Yes,Yes,Yes,Yes,Two year,No,Credit card (automatic),109.3,109.61760563380282
1747,Female,0,Yes,Yes,3.0,Yes,Yes,Fiber optic,No,No,No,No,No,Yes,Month-to-month,Yes,Bank transfer (automatic),84.75,88.28333333333335
896,Male,0,Yes,No,71.0,Yes,Yes,Fiber optic,Yes,Yes,Yes,Yes,Yes,Yes,Two year,Yes,Bank transfer (automatic),116.1,117.04999999999998
5676,Male,0,Yes,Yes,1.0,Yes,No,No,No internet service,No internet service,No internet service,No internet service,No internet service,No internet service,Month-to-month,No,Electronic check,19.75,19.75
2907,Male,0,Yes,No,20.0,Yes,No,Fiber optic,No,No,No,No,Yes,Yes,Month-to-month,Yes,Mailed check,89.0,91.02250000000001
1402,Female,0,No,Yes,18.0,No,No phone service,DSL,No,No,No,No,No,Yes,Month-to-month,Yes,Electronic check,35.0,30.72222222222222
1231,Male,0,No,No,20.0,Yes,No,DSL,Yes,No,Yes,No,No,Yes,Month-to-month,No,Credit card (automatic),64.4,69.92999999999999
4,Female,0,No,No,2.0,Yes,No,Fiber optic,No,No,No,No,No,No,Month-to-month,Yes,Electronic check,70.7,75.825
6602,Female,0,Yes,Yes,40.0,Yes,Yes,Fiber optic,No,Yes,Yes,No,Yes,No,Month-to-month,Yes,Credit card (automatic),96.35,97.885
4695,Female,0,No,No,35.0,Yes,No,No,No internet service,No internet service,No internet service,No internet service,No internet service,No internet service,One year,No,Mailed check,20.75,20.012857142857143
6753,Female,0,Yes,Yes,56.0,Yes,Yes,DSL,Yes,Yes,No,No,No,Yes,One year,No,Bank transfer (automatic),68.75,68.13214285714285
4389,Male,0,No,No,30.0,Yes,Yes,Fiber optic,Yes,No,No,No,Yes,Yes,Month-to-month,Yes,Bank transfer (automatic),100.4,97.875
6386,Male,0,Yes,Yes,72.0,Yes,Yes,DSL,Yes,No,Yes,Yes,Yes,Yes,Two year,Yes,Credit card (automatic),83.55,84.62916666666666
83,Female,0,No,No,42.0,Yes,No,Fiber optic,No,Yes,Yes,Yes,Yes,Yes,Month-to-month,Yes,Bank transfer (automatic),103.8,103.03571428571429
6421,Female,0,No,No,21.0,Yes,No,DSL,Yes,Yes,No,Yes,Yes,No,Two year,No,Credit card (automatic),71.05,72.61190476190475
587,Male,0,Yes,Yes,5.0,Yes,No,No,No internet service,No internet service,No internet service,No internet service,No internet service,No internet service,One year,No,Mailed check,20.1,17.02
2130,Male,0,No,No,51.0,Yes,Yes,Fiber optic,Yes,Yes,No,No,Yes,No,One year,Yes,Electronic check,94.8,94.85490196078432
4136,Male,0,Yes,No,47.0,Yes,No,No,No internet service,No internet service,No internet service,No internet service,No internet service,No internet service,One year,No,Bank transfer (automatic),19.9,20.06276595744681
5785,Male,0,Yes,Yes,46.0,Yes,No,No,No internet service,No internet service,No internet service,No internet service,No internet service,No internet service,Two year,Yes,Mailed check,20.2,19.944565217391304
6976,Female,0,Yes,No,62.0,Yes,No,DSL,Yes,Yes,Yes,No,Yes,No,Two year,Yes,Credit card (automatic),72.0,69.1
5243,Male,0,No,No,19.0,Yes,No,Fiber optic,No,No,No,Yes,No,Yes,One year,Yes,Credit card (automatic),87.7,90.83947368421053
4323,Female,0,No,No,32.0,Yes,Yes,Fiber optic,No,No,No,No,Yes,No,One year,No,Electronic check,84.05,86.9328125
6404,Male,0,No,No,52.0,Yes,Yes,Fiber optic,Yes,No,Yes,Yes,Yes,Yes,Two year,Yes,Electronic check,109.3,110.21923076923076
6372,Male,0,Yes,Yes,4.0,Yes,No,No,No internet service,No internet service,No internet service,No internet service,No internet service,No internet service,Two year,No,Credit card (automatic),19.5,24.2125
6511,Female,0,Yes,Yes,63.0,Yes,No,DSL,Yes,No,No,No,No,No,Two year,Yes,Bank transfer (automatic),50.65,51.13095238095238
3244,Male,0,No,No,10.0,Yes,Yes,DSL,Yes,No,No,No,No,No,Month-to-month,Yes,Credit card (automatic),54.5,56.82000000000001
2148,Male,0,No,Yes,6.0,Yes,No,No,No internet service,No internet service,No internet service,No internet service,No internet service,No internet service,Month-to-month,No,Mailed check,19.55,21.433333333333334
4691,Female,1,Yes,No,56.0,Yes,Yes,Fiber optic,No,No,Yes,No,Yes,Yes,Month-to-month,Yes,Bank transfer (automatic),100.65,101.57232142857143
2233,Male,0,No,No,54.0,Yes,No,DSL,Yes,Yes,No,Yes,Yes,No,Month-to-month,Yes,Mailed check,69.9,71.91296296296296
6542,Male,0,No,No,15.0,Yes,Yes,Fiber optic,No,No,No,No,No,No,Month-to-month,Yes,Mailed check,76.0,75.39
711,Female,0,Yes,No,20.0,Yes,No,Fiber optic,No,No,Yes,Yes,No,No,Month-to-month,Yes,Mailed check,81.0,84.185
2048,Male,1,No,No,21.0,Yes,No,Fiber optic,No,No,Yes,No,Yes,Yes,Month-to-month,Yes,Bank transfer (automatic),96.8,96.68095238095238
5914,Male,0,Yes,Yes,25.0,Yes,No,DSL,Yes,No,No,Yes,No,No,Month-to-month,No,Electronic check,54.3,51.872
5624,Male,1,Yes,No,62.0,Yes,Yes,Fiber optic,No,Yes,No,No,No,Yes,Month-to-month,Yes,Bank transfer (automatic),89.8,90.7991935483871
3783,Female,0,Yes,No,66.0,Yes,Yes,Fiber optic,No,Yes,Yes,No,Yes,Yes,Month-to-month,Yes,Electronic check,105.2,105.10378787878788
5544,Male,0,Yes,No,59.0,Yes,Yes,Fiber optic,Yes,Yes,Yes,Yes,Yes,No,Month-to-month,Yes,Electronic check,106.75,105.98135593220339
202,Male,0,Yes,Yes,71.0,Yes,Yes,Fiber optic,Yes,No,Yes,No,Yes,Yes,Two year,No,Electronic check,105.55,104.30281690140845
440,Female,0,Yes,Yes,16.0,Yes,Yes,Fiber optic,Yes,No,Yes,Yes,Yes,Yes,Month-to-month,Yes,Electronic check,112.95,117.659375
2881,Female,0,Yes,No,31.0,Yes,No,DSL,Yes,No,No,Yes,No,Yes,One year,Yes,Electronic check,64.0,61.63709677419355
4913,Male,0,No,Yes,14.0,Yes,No,DSL,Yes,Yes,Yes,Yes,No,Yes,Two year,No,Bank transfer (automatic),76.1,75.34285714285714
4498,Female,0,Yes,Yes,11.0,Yes,No,No,No internet service,No internet service,No internet service,No internet service,No internet service,No internet service,One year,Yes,Mailed check,20.0,17.849999999999998
3233,Male,1,Yes,No,4.0,No,No phone service,DSL,No,No,Yes,No,No,No,Month-to-month,Yes,Electronic check,29.9,29.5625
228,Male,0,No,No,30.0,Yes,Yes,Fiber optic,No,No,No,Yes,No,Yes,Month-to-month,Yes,Credit card (automatic),89.9,90.77166666666668
4470,Male,0,No,No,7.0,Yes,No,DSL,No,No,No,No,No,No,Month-to-month,Yes,Bank transfer (automatic),44.65,46.07142857142857
5528,Male,0,Yes,No,44.0,Yes,No,DSL,Yes,Yes,No,Yes,No,No,One year,Yes,Bank transfer (automatic),59.85,59.18068181818182
2675,Male,0,Yes,Yes,42.0,Yes,No,No,No internet service,No internet service,No internet service,No internet service,No internet service,No internet service,Two year,No,Mailed check,20.7,19.73452380952381
471,Male,0,No,No,1.0,Yes,No,DSL,No,No,No,No,No,Yes,Month-to-month,Yes,Electronic check,55.0,55.0
2476,Male,0,Yes,No,69.0,Yes,No,DSL,Yes,Yes,Yes,Yes,Yes,Yes,Two year,Yes,Mailed check,84.7,85.20144927536231
3014,Male,1,Yes,No,44.0,Yes,Yes,Fiber optic,No,No,Yes,No,Yes,No,Month-to-month,Yes,Electronic check,89.2,91.82272727272726
4450,Male,0,No,No,15.0,Yes,Yes,DSL,No,Yes,No,Yes,No,No,Month-to-month,Yes,Credit card (automatic),58.6,62.64666666666667
5172,Male,0,No,No,54.0,Yes,No,No,No internet service,No internet service,No internet service,No internet service,No internet service,No internet service,Two year,No,Mailed check,20.0,21.289814814814818
6293,Male,0,No,Yes,21.0,Yes,No,No,No internet service,No internet service,No internet service,No internet service,No internet service,No internet service,Two year,No,Mailed check,19.6,18.904761904761905
5594,Female,0,Yes,Yes,23.0,Yes,Yes,Fiber optic,No,No,No,No,Yes,No,Month-to-month,Yes,Electronic check,83.75,80.43260869565218
5837,Female,0,No,No,2.0,No,No phone service,DSL,No,Yes,No,No,Yes,Yes,Month-to-month,No,Electronic check,51.4,48.4
1212,Male,0,No,No,7.0,Yes,No,Fiber optic,No,No,No,No,No,No,Month-to-month,Yes,Electronic check,69.55,74.47857142857143
3851,Female,0,Yes,Yes,46.0,Yes,No,No,No internet service,No internet service,No internet service,No internet service,No internet service,No internet service,Two year,Yes,Mailed check,19.25,18.786956521739132
1535,Male,1,Yes,No,7.0,Yes,Yes,DSL,Yes,Yes,No,Yes,No,No,Month-to-month,No,Electronic check,64.2,67.85714285714286
2299,Female,0,No,No,48.0,Yes,No,DSL,Yes,Yes,No,No,No,No,Two year,No,Credit card (automatic),55.5,54.73645833333333
1624,Female,0,Yes,No,56.0,Yes,Yes,Fiber optic,No,Yes,No,No,Yes,Yes,One year,Yes,Electronic check,98.25,98.36339285714287
4581,Male,0,No,No,58.0,Yes,No,No,No internet service,No internet service,No internet service,No internet service,No internet service,No internet service,Two year,No,Mailed check,20.8,20.900862068965516
5231,Male,1,Yes,No,16.0,Yes,Yes,Fiber optic,No,No,Yes,No,Yes,Yes,Month-to-month,Yes,Electronic check,98.75,99.221875
1939,Male,0,No,Yes,1.0,Yes,No,No,No internet service,No internet service,No internet service,No internet service,No internet service,No internet service,Month-to-month,Yes,Mailed check,21.05,21.05
4418,Male,0,Yes,No,58.0,Yes,No,DSL,Yes,Yes,Yes,No,No,No,One year,No,Credit card (automatic),60.3,61.4448275862069
2027,Female,0,Yes,No,24.0,Yes,No,No,No internet service,No internet service,No internet service,No internet service,No internet service,No internet service,One year,No,Mailed check,20.15,19.035416666666666
2847,Female,0,Yes,No,26.0,Yes,Yes,Fiber optic,No,Yes,No,No,No,No,Month-to-month,No,Bank transfer (automatic),79.3,77.53076923076922
4843,Male,0,Yes,Yes,69.0,Yes,No,No,No internet service,No internet service,No internet service,No internet service,No internet service,No internet service,Two year,No,Bank transfer (automatic),20.2,19.94927536231884
5211,Female,0,Yes,No,8.0,Yes,Yes,Fiber optic,No,No,No,No,No,Yes,Month-to-month,Yes,Electronic check,84.9,95.61875
6415,Female,0,Yes,No,58.0,No,No phone service,DSL,Yes,Yes,No,No,Yes,No,One year,Yes,Electronic check,45.35,43.79482758620689
5625,Female,0,No,Yes,22.0,Yes,No,No,No internet service,No internet service,No internet service,No internet service,No internet service,No internet service,Month-to-month,Yes,Electronic check,20.55,21.356818181818184
737,Male,0,Yes,No,70.0,Yes,No,Fiber optic,Yes,Yes,Yes,Yes,No,Yes,Two year,No,Credit card (automatic),101.0,101.22142857142858
2137,Male,0,Yes,Yes,12.0,Yes,Yes,No,No internet service,No internet service,No internet service,No internet service,No internet service,No internet service,Two year,Yes,Bank transfer (automatic),25.4,26.083333333333332
1900,Male,0,Yes,Yes,4.0,Yes,No,No,No internet service,No internet service,No internet service,No internet service,No internet service,No internet service,Two year,No,Mailed check,19.9,19.1625
2124,Male,0,Yes,No,5.0,No,No phone service,DSL,No,No,No,No,No,No,Month-to-month,Yes,Electronic check,24.95,20.080000000000002
102,Male,0,No,No,38.0,Yes,Yes,Fiber optic,No,No,Yes,Yes,Yes,No,One year,No,Bank transfer (automatic),95.0,94.88421052631578
741,Female,0,No,No,2.0,Yes,No,Fiber optic,Yes,No,Yes,No,No,No,Month-to-month,Yes,Electronic check,80.45,68.55
1646,Female,0,Yes,Yes,59.0,Yes,Yes,DSL,Yes,Yes,No,Yes,No,No,One year,No,Mailed check,65.5,64.42881355932204
6167,Male,0,Yes,Yes,47.0,Yes,No,Fiber optic,Yes,No,Yes,No,No,Yes,Month-to-month,No,Electronic check,90.05,88.02553191489362
2170,Female,0,No,No,21.0,Yes,No,DSL,Yes,No,Yes,Yes,No,No,One year,Yes,Electronic check,60.25,59.921428571428564
176,Female,1,No,No,15.0,Yes,Yes,Fiber optic,No,No,No,No,No,No,Month-to-month,Yes,Mailed check,74.45,76.38000000000001
1910,Female,0,Yes,Yes,5.0,No,No phone service,DSL,No,Yes,No,No,No,No,Month-to-month,Yes,Electronic check,30.5,33.44
3532,Female,0,No,No,15.0,Yes,No,DSL,No,No,Yes,No,No,Yes,Month-to-month,Yes,Electronic check,59.45,59.51
5225,Male,0,Yes,Yes,72.0,Yes,Yes,Fiber optic,No,Yes,Yes,No,Yes,Yes,One year,Yes,Credit card (automatic),104.45,103.59722222222223
6685,Female,0,Yes,No,45.0,Yes,No,DSL,No,No,Yes,No,No,No,Month-to-month,Yes,Credit card (automatic),50.25,49.36777777777778
5761,Female,0,Yes,Yes,48.0,No,No phone service,DSL,Yes,Yes,No,Yes,No,No,Two year,No,Mailed check,39.4,41.221875000000004
3254,Male,1,No,No,17.0,Yes,No,Fiber optic,No,Yes,Yes,No,Yes,Yes,Month-to-month,Yes,Electronic check,101.8,103.08529411764707
6733,Male,0,No,No,27.0,Yes,No,DSL,Yes,No,No,No,No,No,Month-to-month,No,Mailed check,50.35,52.27222222222222
4001,Male,0,Yes,Yes,45.0,Yes,Yes,Fiber optic,No,Yes,Yes,Yes,Yes,Yes,Two year,Yes,Bank transfer (automatic),109.75,108.90333333333332
6634,Female,0,Yes,Yes,10.0,Yes,Yes,Fiber optic,No,Yes,Yes,No,Yes,Yes,Month-to-month,Yes,Credit card (automatic),102.1,106.88499999999999
559,Male,0,No,No,1.0,Yes,No,DSL,No,No,No,Yes,No,No,Month-to-month,Yes,Electronic check,49.3,49.3
2640,Male,0,No,No,22.0,Yes,No,Fiber optic,No,Yes,Yes,Yes,No,Yes,Month-to-month,Yes,Bank transfer (automatic),94.95,97.4
1120,Male,0,No,No,20.0,Yes,No,Fiber optic,No,No,No,No,No,No,Month-to-month,No,Credit card (automatic),70.55,74.6775
4400,Female,0,Yes,Yes,7.0,No,No phone service,DSL,No,No,No,No,No,No,Month-to-month,Yes,Electronic check,24.7,21.292857142857144
5953,Male,0,No,No,1.0,Yes,No,DSL,Yes,No,No,No,No,No,Month-to-month,Yes,Mailed check,50.7,50.7
473,Male,0,Yes,No,24.0,Yes,No,DSL,Yes,No,No,Yes,No,No,Month-to-month,No,Mailed check,53.6,54.80625
2933,Male,0,Yes,Yes,68.0,Yes,Yes,No,No internet service,No internet service,No internet service,No internet service,No internet service,No internet service,Two year,Yes,Bank transfer (automatic),24.0,24.474999999999998
4892,Male,1,No,No,20.0,Yes,Yes,Fiber optic,No,No,No,No,Yes,No,Month-to-month,Yes,Electronic check,84.35,87.26
3060,Male,0,Yes,No,25.0,No,No phone service,DSL,No,No,Yes,No,Yes,No,One year,Yes,Credit card (automatic),38.1,38.816
1854,Male,1,No,No,1.0,No,No phone service,DSL,No,Yes,Yes,No,No,Yes,Month-to-month,Yes,Electronic check,43.3,43.3
6904,Female,1,No,No,64.0,No,No phone service,DSL,No,Yes,No,Yes,Yes,No,Month-to-month,Yes,Electronic check,43.85,42.984375
5410,Female,0,Yes,No,64.0,Yes,No,Fiber optic,Yes,No,Yes,No,Yes,Yes,Two year,Yes,Bank transfer (automatic),99.0,99.621875
797,Female,0,Yes,Yes,20.0,Yes,Yes,No,No internet service,No internet service,No internet service,No internet service,No internet service,No internet service,Month-to-month,Yes,Bank transfer (automatic),25.55,25.369999999999997
1188,Female,0,No,No,35.0,Yes,No,Fiber optic,No,No,Yes,Yes,Yes,Yes,One year,Yes,Electronic check,99.25,100.91428571428571
4026,Male,0,Yes,Yes,72.0,Yes,Yes,Fiber optic,Yes,Yes,Yes,Yes,Yes,Yes,Two year,Yes,Credit card (automatic),114.3,111.92430555555556
108,Male,0,No,No,43.0,Yes,Yes,Fiber optic,No,No,No,No,Yes,Yes,One year,No,Mailed check,94.35,91.19302325581396
3430,Male,0,No,Yes,53.0,Yes,No,Fiber optic,Yes,Yes,Yes,No,No,Yes,One year,No,Electronic check,95.95,95.03584905660377
1332,Male,0,No,No,69.0,Yes,Yes,No,No internet service,No internet service,No internet service,No internet service,No internet service,No internet service,Two year,No,Bank transfer (automatic),23.95,24.827536231884057
5588,Male,0,No,No,1.0,Yes,No,DSL,No,No,Yes,No,No,No,Month-to-month,Yes,Mailed check,49.65,49.65
4525,Male,0,No,No,32.0,Yes,No,Fiber optic,Yes,Yes,Yes,No,No,Yes,Month-to-month,Yes,Credit card (automatic),93.4,93.103125
4580,Female,0,Yes,No,71.0,Yes,No,No,No internet service,No internet service,No internet service,No internet service,No internet service,No internet service,Two year,No,Credit card (automatic),19.1,19.330281690140847
6018,Male,0,No,No,33.0,Yes,No,No,No internet service,No internet service,No internet service,No internet service,No internet service,No internet service,Two year,No,Mailed check,20.35,20.901515151515152
254,Male,0,No,No,10.0,Yes,No,No,No internet service,No internet service,No internet service,No internet service,No internet service,No internet service,Month-to-month,Yes,Mailed check,19.85,19.305
4650,Female,0,Yes,Yes,37.0,Yes,Yes,No,No internet service,No internet service,No internet service,No internet service,No internet service,No internet service,Month-to-month,No,Mailed check,26.45,24.63783783783784
752,Male,0,Yes,Yes,7.0,Yes,No,DSL,Yes,No,Yes,Yes,No,Yes,Month-to-month,Yes,Credit card (automatic),71.35,73.67857142857143
1182,Male,0,No,No,57.0,No,No phone service,DSL,Yes,No,Yes,No,Yes,Yes,Month-to-month,Yes,Electronic check,53.75,56.07017543859649
5751,Female,0,No,No,47.0,Yes,No,No,No internet service,No internet service,No internet service,No internet service,No internet service,No internet service,Two year,No,Credit card (automatic),20.25,21.91063829787234
4776,Female,0,Yes,No,5.0,Yes,No,Fiber optic,No,No,No,No,No,No,Month-to-month,Yes,Electronic check,68.95,70.3
2609,Male,0,Yes,No,61.0,Yes,Yes,Fiber optic,No,Yes,Yes,No,Yes,Yes,Month-to-month,Yes,Electronic check,105.55,102.97459016393442
2160,Female,0,Yes,Yes,72.0,Yes,No,DSL,Yes,Yes,Yes,Yes,Yes,Yes,Two year,Yes,Bank transfer (automatic),83.7,84.67916666666666
528,Male,0,Yes,Yes,35.0,Yes,No,No,No internet service,No internet service,No internet service,No internet service,No internet service,No internet service,Two year,No,Mailed check,19.6,19.627142857142857
2075,Male,1,No,No,56.0,Yes,Yes,Fiber optic,No,No,Yes,No,Yes,Yes,Month-to-month,Yes,Electronic check,101.05,99.89285714285714
6396,Female,1,Yes,No,36.0,Yes,Yes,Fiber optic,No,Yes,No,No,Yes,No,Month-to-month,Yes,Credit card (automatic),91.95,91.69583333333334
1445,Male,0,No,No,20.0,Yes,Yes,Fiber optic,No,No,No,Yes,Yes,Yes,Month-to-month,Yes,Mailed check,98.55,101.5975
4887,Female,0,Yes,Yes,38.0,Yes,No,No,No internet service,No internet service,No internet service,No internet service,No internet service,No internet service,Month-to-month,No,Mailed check,20.45,20.55921052631579
336,Female,0,No,No,43.0,Yes,Yes,Fiber optic,No,Yes,Yes,No,Yes,Yes,Two year,Yes,Electronic check,104.6,110.69418604651163
6060,Female,1,No,No,8.0,Yes,No,Fiber optic,No,Yes,No,No,Yes,No,Month-to-month,Yes,Electronic check,87.1,89.2
5201,Male,0,No,No,9.0,Yes,No,No,No internet service,No internet service,No internet service,No internet service,No internet service,No internet service,One year,Yes,Electronic check,19.9,18.288888888888888
1098,Male,0,Yes,Yes,67.0,Yes,Yes,Fiber optic,Yes,Yes,No,Yes,No,No,One year,No,Electronic check,89.55,90.12761194029851
2126,Male,0,No,No,1.0,Yes,No,DSL,No,No,No,No,No,No,Month-to-month,No,Mailed check,44.45,44.45
5371,Female,0,No,No,54.0,Yes,Yes,Fiber optic,Yes,No,Yes,No,Yes,Yes,One year,Yes,Bank transfer (automatic),103.95,104.42685185185185
5629,Male,1,No,No,1.0,Yes,No,No,No internet service,No internet service,No internet service,No internet service,No internet service,No internet service,Month-to-month,No,Mailed check,20.05,20.05
2840,Female,0,Yes,Yes,23.0,Yes,No,Fiber optic,Yes,Yes,No,Yes,No,No,Month-to-month,No,Mailed check,84.4,84.2108695652174
505,Female,1,No,No,20.0,Yes,Yes,Fiber optic,No,Yes,Yes,No,No,Yes,Month-to-month,Yes,Electronic check,94.1,89.12
1512,Female,0,Yes,Yes,14.0,Yes,Yes,Fiber optic,No,No,No,No,Yes,No,Month-to-month,Yes,Electronic check,84.8,85.99285714285715
1417,Female,1,No,No,18.0,Yes,No,DSL,No,Yes,No,No,No,No,Month-to-month,Yes,Credit card (automatic),49.85,48.09722222222222
3178,Male,0,Yes,No,52.0,Yes,No,Fiber optic,Yes,No,No,No,Yes,No,Month-to-month,No,Electronic check,84.1,83.6278846153846
4476,Female,0,No,No,1.0,Yes,No,No,No internet service,No internet service,No internet service,No internet service,No internet service,No internet service,Month-to-month,No,Mailed check,20.9,20.9
1848,Female,0,No,No,38.0,Yes,No,No,No internet service,No internet service,No internet service,No internet service,No internet service,No internet service,One year,No,Mailed check,19.3,19.88157894736842
6302,Female,0,No,No,5.0,Yes,Yes,Fiber optic,No,No,No,No,No,No,Month-to-month,No,Electronic check,75.55,82.72999999999999
409,Male,0,No,No,1.0,Yes,No,No,No internet service,No internet service,No internet service,No internet service,No internet service,No internet service,Month-to-month,Yes,Mailed check,19.6,19.6
4639,Male,1,No,No,26.0,Yes,Yes,Fiber optic,No,No,No,No,Yes,Yes,Month-to-month,Yes,Electronic check,93.6,92.46538461538461
5274,Female,1,Yes,No,66.0,Yes,Yes,Fiber optic,No,Yes,Yes,Yes,Yes,Yes,One year,Yes,Credit card (automatic),108.1,108.81742424242424
1610,Male,0,Yes,Yes,51.0,Yes,No,DSL,Yes,Yes,No,Yes,No,No,Two year,No,Credit card (automatic),60.5,61.20490196078431
6467,Male,0,No,No,10.0,Yes,Yes,Fiber optic,No,No,No,No,No,No,Month-to-month,No,Electronic check,75.05,78.63
97,Male,0,No,No,5.0,Yes,No,No,No internet service,No internet service,No internet service,No internet service,No internet service,No internet service,Month-to-month,No,Mailed check,21.05,22.77
2229,Male,0,Yes,No,4.0,Yes,No,Fiber optic,No,No,No,No,No,No,Month-to-month,No,Electronic check,70.5,73.55
4958,Female,0,Yes,No,59.0,Yes,Yes,Fiber optic,Yes,Yes,No,No,Yes,No,Month-to-month,Yes,Electronic check,94.75,94.87542372881356
512,Female,1,Yes,No,5.0,Yes,Yes,Fiber optic,No,No,No,No,No,No,Month-to-month,Yes,Electronic check,74.35,66.96000000000001
853,Female,0,No,No,5.0,Yes,No,DSL,Yes,No,No,Yes,Yes,No,Month-to-month,Yes,Electronic check,64.35,70.53
2343,Female,0,Yes,No,3.0,Yes,No,DSL,No,No,No,No,No,No,Month-to-month,Yes,Mailed check,46.1,43.38333333333333
3311,Female,0,No,No,48.0,No,No phone service,DSL,Yes,Yes,No,No,Yes,No,Month-to-month,Yes,Electronic check,44.8,43.84479166666667
2569,Female,0,Yes,No,72.0,Yes,Yes,No,No internet service,No internet service,No internet service,No internet service,No internet service,No internet service,Two year,No,Credit card (automatic),24.85,25.997916666666665
3883,Female,0,No,No,12.0,Yes,Yes,Fiber optic,Yes,No,No,No,No,No,Month-to-month,Yes,Electronic check,79.8,83.43333333333334
3141,Male,1,No,No,2.0,Yes,No,Fiber optic,No,Yes,Yes,Yes,No,Yes,Month-to-month,Yes,Credit card (automatic),95.1,90.125
2326,Female,0,Yes,No,72.0,Yes,Yes,Fiber optic,No,Yes,Yes,Yes,Yes,Yes,One year,No,Credit card (automatic),109.15,108.1888888888889
4961,Male,0,Yes,No,18.0,Yes,No,DSL,No,No,No,No,No,No,Month-to-month,Yes,Bank transfer (automatic),44.35,42.669444444444444
1302,Female,0,Yes,Yes,45.0,Yes,No,DSL,Yes,No,Yes,Yes,Yes,Yes,Two year,Yes,Mailed check,81.0,78.52444444444444
5255,Female,0,No,No,31.0,Yes,Yes,Fiber optic,No,No,No,No,No,No,Month-to-month,Yes,Electronic check,76.05,71.86451612903227
2581,Male,0,No,No,10.0,Yes,No,No,No internet service,No internet service,No internet service,No internet service,No internet service,No internet service,Month-to-month,No,Credit card (automatic),20.0,19.869999999999997
4471,Male,1,Yes,No,41.0,Yes,Yes,Fiber optic,Yes,No,Yes,No,No,No,Month-to-month,Yes,Bank transfer (automatic),83.75,79.84268292682927
2054,Female,0,No,No,2.0,Yes,Yes,DSL,No,No,No,No,No,No,Month-to-month,Yes,Electronic check,49.4,53.275
1007,Female,0,No,No,2.0,Yes,No,Fiber optic,No,No,No,No,No,No,Month-to-month,No,Electronic check,68.95,59.875
5940,Male,0,Yes,Yes,56.0,Yes,No,Fiber optic,No,Yes,Yes,Yes,No,No,One year,Yes,Mailed check,85.85,85.60357142857143
6992,Male,0,Yes,Yes,71.0,Yes,Yes,Fiber optic,No,Yes,No,No,Yes,Yes,One year,No,Bank transfer (automatic),100.55,100.19366197183099
3057,Male,0,Yes,Yes,25.0,Yes,No,No,No internet service,No internet service,No internet service,No internet service,No internet service,No internet service,One year,No,Electronic check,19.6,16.445999999999998
3909,Male,0,No,No,11.0,Yes,No,No,No internet service,No internet service,No internet service,No internet service,No internet service,No internet service,Two year,No,Credit card (automatic),19.55,20.286363636363635
535,Male,0,No,No,12.0,Yes,Yes,Fiber optic,No,No,Yes,No,Yes,No,Month-to-month,Yes,Electronic check,89.55,85.14583333333333
5566,Male,0,Yes,No,72.0,Yes,Yes,DSL,No,Yes,Yes,No,Yes,Yes,Two year,No,Bank transfer (automatic),82.15,80.3375
4766,Female,0,No,No,71.0,Yes,Yes,Fiber optic,Yes,Yes,Yes,Yes,Yes,Yes,Two year,Yes,Credit card (automatic),113.15,112.58169014084507
358,Male,1,Yes,No,27.0,No,No phone service,DSL,Yes,No,No,No,No,No,Month-to-month,No,Credit card (automatic),30.75,29.81851851851852
4981,Male,0,No,No,14.0,No,No phone service,DSL,No,No,Yes,No,Yes,Yes,Month-to-month,Yes,Electronic check,50.75,50.910714285714285
4511,Male,0,No,Yes,17.0,Yes,No,DSL,No,Yes,Yes,Yes,Yes,Yes,One year,No,Electronic check,80.85,85.05588235294118
6918,Female,0,Yes,No,33.0,Yes,No,Fiber optic,Yes,No,Yes,Yes,Yes,Yes,One year,Yes,Electronic check,103.75,101.85000000000001
5027,Male,1,Yes,No,10.0,Yes,Yes,Fiber optic,No,No,No,No,No,Yes,Month-to-month,No,Electronic check,85.55,85.175
2556,Male,0,Yes,No,45.0,Yes,Yes,Fiber optic,Yes,No,Yes,No,No,No,Month-to-month,Yes,Mailed check,84.55,82.53222222222222
6638,Male,0,No,No,57.0,Yes,No,No,No internet service,No internet service,No internet service,No internet service,No internet service,No internet service,Two year,No,Mailed check,20.75,19.628070175438594
1311,Male,0,Yes,Yes,42.0,No,No phone service,DSL,No,Yes,Yes,No,No,Yes,One year,Yes,Credit card (automatic),45.1,48.786904761904765
5480,Female,0,No,No,1.0,Yes,No,DSL,No,No,No,No,No,No,Month-to-month,Yes,Mailed check,45.4,45.4
4104,Male,0,Yes,No,8.0,Yes,No,DSL,No,Yes,No,No,No,No,Month-to-month,Yes,Bank transfer (automatic),49.55,49.18125
3005,Female,1,No,No,24.0,Yes,No,No,No internet service,No internet service,No internet service,No internet service,No internet service,No internet service,Month-to-month,Yes,Mailed check,20.3,19.164583333333333
5472,Male,0,Yes,Yes,24.0,Yes,Yes,DSL,Yes,No,No,Yes,Yes,Yes,Month-to-month,No,Bank transfer (automatic),81.0,80.16041666666666
4711,Male,0,No,No,32.0,Yes,No,No,No internet service,No internet service,No internet service,No internet service,No internet service,No internet service,One year,No,Mailed check,19.8,18.990625
5845,Female,0,No,No,3.0,Yes,Yes,Fiber optic,No,No,No,No,No,No,Month-to-month,Yes,Electronic check,75.8,82.10000000000001
4960,Male,1,No,No,50.0,Yes,Yes,Fiber optic,No,No,No,No,Yes,Yes,Month-to-month,Yes,Electronic check,95.7,96.334
1466,Male,0,Yes,Yes,12.0,Yes,No,DSL,Yes,No,No,No,No,No,Month-to-month,Yes,Electronic check,49.2,47.59583333333333
5459,Female,0,Yes,Yes,10.0,Yes,No,Fiber optic,No,No,No,No,Yes,Yes,Month-to-month,Yes,Electronic check,88.85,92.94500000000001
4794,Male,0,No,No,2.0,Yes,No,No,No internet service,No internet service,No internet service,No internet service,No internet service,No internet service,Month-to-month,No,Mailed check,19.35,23.175
1564,Male,1,No,No,10.0,Yes,Yes,Fiber optic,No,No,No,No,Yes,Yes,Month-to-month,Yes,Electronic check,95.35,89.83500000000001
2921,Male,0,No,No,9.0,Yes,Yes,Fiber optic,No,No,No,No,Yes,Yes,Month-to-month,Yes,Electronic check,95.5,92.12222222222222
4826,Female,1,No,No,8.0,Yes,Yes,Fiber optic,No,Yes,Yes,No,Yes,Yes,Month-to-month,Yes,Electronic check,105.5,103.69375
3055,Male,0,No,Yes,49.0,Yes,Yes,Fiber optic,No,No,No,No,No,No,Month-to-month,No,Credit card (automatic),75.2,75.06734693877551
1126,Male,0,No,No,7.0,Yes,No,Fiber optic,No,No,Yes,No,No,No,Month-to-month,No,Mailed check,74.65,77.79285714285713
1496,Male,0,No,No,3.0,Yes,No,No,No internet service,No internet service,No internet service,No internet service,No internet service,No internet service,Month-to-month,Yes,Electronic check,20.25,20.483333333333334
5076,Female,0,Yes,Yes,33.0,Yes,No,Fiber optic,No,No,Yes,No,Yes,Yes,One year,Yes,Electronic check,93.8,94.68181818181819
5394,Female,0,Yes,No,48.0,Yes,Yes,Fiber optic,No,Yes,No,Yes,Yes,Yes,Month-to-month,Yes,Credit card (automatic),105.1,105.90729166666667
6922,Male,0,No,No,3.0,Yes,No,Fiber optic,No,Yes,No,No,No,No,Month-to-month,No,Credit card (automatic),74.45,73.7
634,Female,0,No,No,40.0,No,No phone service,DSL,Yes,No,No,Yes,Yes,Yes,One year,Yes,Bank transfer (automatic),54.55,55.904999999999994
1662,Male,0,No,No,5.0,Yes,No,Fiber optic,No,No,No,No,No,No,Month-to-month,Yes,Electronic check,69.75,64.92
2727,Male,0,No,No,5.0,Yes,Yes,Fiber optic,No,No,No,No,Yes,Yes,Month-to-month,Yes,Bank transfer (automatic),94.85,92.56
678,Male,0,No,No,3.0,Yes,Yes,Fiber optic,No,Yes,Yes,No,Yes,Yes,Month-to-month,No,Mailed check,107.95,104.53333333333335
2857,Female,0,Yes,Yes,47.0,Yes,No,DSL,No,Yes,No,Yes,No,Yes,Two year,No,Bank transfer (automatic),63.8,63.984042553191486
1116,Female,0,No,No,38.0,Yes,Yes,No,No internet service,No internet service,No internet service,No internet service,No internet service,No internet service,One year,Yes,Electronic check,24.25,24.063157894736843
2533,Male,0,Yes,Yes,67.0,No,No phone service,DSL,Yes,No,No,No,Yes,Yes,Two year,No,Credit card (automatic),50.9,48.97985074626866
2174,Female,0,No,No,19.0,Yes,No,No,No internet service,No internet service,No internet service,No internet service,No internet service,No internet service,One year,No,Credit card (automatic),20.25,20.192105263157895
1847,Female,0,Yes,Yes,55.0,Yes,No,No,No internet service,No internet service,No internet service,No internet service,No internet service,No internet service,Two year,No,Credit card (automatic),19.4,19.69090909090909
6390,Male,0,Yes,Yes,70.0,Yes,No,Fiber optic,No,Yes,Yes,Yes,Yes,Yes,One year,Yes,Electronic check,106.15,106.78714285714287
362,Male,0,Yes,No,58.0,Yes,No,DSL,No,No,Yes,No,No,No,One year,No,Credit card (automatic),50.3,49.630172413793105
4624,Male,0,No,No,8.0,Yes,No,Fiber optic,No,No,Yes,No,Yes,Yes,Month-to-month,Yes,Electronic check,94.7,92.5375
4753,Female,0,Yes,Yes,4.0,Yes,No,Fiber optic,No,No,No,No,No,Yes,Month-to-month,No,Electronic check,80.85,75.6875
46,Male,0,No,No,2.0,Yes,No,DSL,No,Yes,No,No,No,No,Month-to-month,No,Mailed check,49.25,48.5
10,Male,0,Yes,Yes,13.0,Yes,No,DSL,Yes,No,No,No,No,No,Month-to-month,Yes,Mailed check,49.95,45.18846153846154
6781,Male,0,No,Yes,3.0,Yes,No,Fiber optic,No,No,No,No,No,No,Month-to-month,No,Electronic check,69.65,73.36666666666666
236,Female,0,No,No,10.0,No,No phone service,DSL,No,No,No,Yes,No,No,Two year,Yes,Mailed check,29.6,29.905
3460,Female,0,Yes,No,48.0,Yes,No,Fiber optic,No,No,Yes,Yes,Yes,Yes,Month-to-month,Yes,Credit card (automatic),100.05,100.70833333333333
3104,Male,1,No,No,9.0,Yes,Yes,Fiber optic,No,No,No,No,No,No,Month-to-month,Yes,Electronic check,74.05,75.38333333333334
5966,Male,0,Yes,No,42.0,Yes,Yes,Fiber optic,No,Yes,Yes,Yes,No,Yes,Month-to-month,Yes,Electronic check,99.45,98.525
2910,Female,0,Yes,Yes,35.0,Yes,Yes,No,No internet service,No internet service,No internet service,No internet service,No internet service,No internet service,Two year,Yes,Credit card (automatic),25.4,27.137142857142855
3374,Female,1,No,No,2.0,Yes,No,DSL,Yes,Yes,No,No,No,No,Month-to-month,No,Mailed check,54.85,52.1
1845,Male,0,No,No,69.0,No,No phone service,DSL,No,Yes,Yes,No,No,No,One year,Yes,Bank transfer (automatic),35.75,36.119565217391305
4632,Female,0,Yes,Yes,1.0,Yes,No,No,No internet service,No internet service,No internet service,No internet service,No internet service,No internet service,Month-to-month,No,Mailed check,19.45,19.45
2774,Male,0,No,No,6.0,Yes,No,DSL,No,No,No,Yes,No,No,Month-to-month,No,Mailed check,50.05,48.05833333333334
5135,Female,0,No,No,1.0,Yes,No,No,No internet service,No internet service,No internet service,No internet service,No internet service,No internet service,Month-to-month,No,Electronic check,19.75,19.75
2897,Male,0,No,No,43.0,Yes,Yes,No,No internet service,No internet service,No internet service,No internet service,No internet service,No internet service,Two year,No,Bank transfer (automatic),26.45,25.815116279069766
6010,Male,0,Yes,Yes,24.0,Yes,Yes,No,No internet service,No internet service,No internet service,No internet service,No internet service,No internet service,Two year,No,Mailed check,24.2,25.37708333333333
3001,Male,0,No,No,9.0,Yes,No,No,No internet service,No internet service,No internet service,No internet service,No internet service,No internet service,Month-to-month,No,Mailed check,20.4,20.200000000000003
6340,Male,0,No,No,23.0,Yes,Yes,Fiber optic,No,No,Yes,Yes,Yes,No,Month-to-month,Yes,Credit card (automatic),96.9,90.67173913043477
3651,Female,1,Yes,No,70.0,Yes,No,No,No internet service,No internet service,No internet service,No internet service,No internet service,No internet service,Two year,Yes,Credit card (automatic),19.55,20.88642857142857
95,Female,0,No,No,12.0,Yes,Yes,Fiber optic,Yes,No,No,No,No,No,Month-to-month,Yes,Electronic check,78.95,77.27916666666667
3853,Male,0,No,No,46.0,Yes,Yes,Fiber optic,No,No,No,No,No,No,Month-to-month,No,Bank transfer (automatic),72.8,70.63913043478261
2513,Male,0,Yes,Yes,52.0,Yes,No,No,No internet service,No internet service,No internet service,No internet service,No internet service,No internet service,Two year,No,Mailed check,19.2,20.283653846153847
1387,Male,0,Yes,Yes,72.0,Yes,Yes,No,No internet service,No internet service,No internet service,No internet service,No internet service,No internet service,Two year,No,Bank transfer (automatic),24.3,22.822916666666668
4785,Male,0,No,No,18.0,Yes,Yes,Fiber optic,No,Yes,No,No,No,No,Month-to-month,Yes,Electronic check,80.65,80.66111111111111
5157,Female,0,Yes,Yes,16.0,Yes,No,DSL,Yes,Yes,No,Yes,No,Yes,Two year,No,Bank transfer (automatic),68.25,69.678125
6366,Female,0,Yes,No,64.0,Yes,No,DSL,No,Yes,Yes,Yes,No,Yes,Two year,Yes,Mailed check,68.3,68.41875
3493,Male,0,No,No,2.0,Yes,No,DSL,No,No,No,No,No,No,Month-to-month,Yes,Bank transfer (automatic),46.6,43.95
2349,Male,0,Yes,Yes,72.0,Yes,Yes,Fiber optic,No,Yes,Yes,Yes,No,No,Two year,No,Bank transfer (automatic),90.45,91.19236111111111
784,Male,0,No,Yes,63.0,No,No phone service,DSL,Yes,Yes,No,Yes,No,No,One year,Yes,Bank transfer (automatic),40.6,41.09444444444444
5023,Female,0,No,No,1.0,Yes,No,Fiber optic,No,No,No,No,No,No,Month-to-month,Yes,Electronic check,70.3,70.3
1338,Male,0,No,No,1.0,Yes,No,No,No internet service,No internet service,No internet service,No internet service,No internet service,No internet service,Month-to-month,No,Mailed check,20.15,20.15
4040,Male,0,Yes,Yes,59.0,No,No phone service,DSL,Yes,No,Yes,No,No,No,One year,No,Mailed check,34.8,33.56440677966101
2946,Female,0,Yes,Yes,51.0,Yes,Yes,Fiber optic,No,No,No,Yes,No,No,Month-to-month,Yes,Electronic check,80.75,80.7235294117647
2898,Female,0,No,No,6.0,No,No phone service,DSL,Yes,Yes,Yes,Yes,Yes,Yes,Two year,Yes,Mailed check,63.4,58.13333333333333
1978,Female,0,No,No,57.0,Yes,No,DSL,No,Yes,Yes,Yes,Yes,No,Two year,No,Mailed check,69.75,68.32280701754387
4049,Female,1,Yes,No,46.0,Yes,Yes,Fiber optic,No,No,No,Yes,Yes,Yes,One year,No,Electronic check,100.25,103.3445652173913
278,Male,0,No,No,14.0,No,No phone service,DSL,No,No,Yes,Yes,Yes,Yes,Month-to-month,Yes,Electronic check,55.0,55.13928571428572
5275,Male,0,No,No,11.0,Yes,Yes,DSL,No,No,Yes,No,No,No,Month-to-month,No,Electronic check,53.75,55.27272727272727
584,Female,0,No,No,3.0,Yes,No,No,No internet service,No internet service,No internet service,No internet service,No internet service,No internet service,Month-to-month,Yes,Mailed check,20.0,20.566666666666666
3691,Female,0,Yes,No,40.0,Yes,Yes,DSL,No,Yes,No,No,Yes,No,One year,No,Bank transfer (automatic),63.9,65.875
5469,Male,0,No,No,33.0,Yes,No,Fiber optic,No,Yes,Yes,No,No,No,Month-to-month,Yes,Credit card (automatic),79.0,78.0848484848485
5235,Male,0,No,No,9.0,Yes,Yes,Fiber optic,Yes,No,No,No,No,No,Month-to-month,Yes,Electronic check,81.15,87.16111111111111
4241,Female,0,Yes,Yes,22.0,Yes,No,DSL,Yes,Yes,Yes,No,No,No,Month-to-month,No,Mailed check,61.15,64.63863636363637
2028,Female,0,No,No,15.0,Yes,No,No,No internet service,No internet service,No internet service,No internet service,No internet service,No internet service,Two year,No,Mailed check,19.6,22.10666666666667
1082,Male,0,Yes,Yes,0.0,Yes,Yes,No,No internet service,No internet service,No internet service,No internet service,No internet service,No internet service,Two year,No,Mailed check,25.75,25.75
3760,Male,0,No,No,3.0,Yes,No,Fiber optic,No,No,Yes,No,No,No,Month-to-month,Yes,Credit card (automatic),73.6,77.5
3360,Male,0,No,No,13.0,Yes,No,Fiber optic,No,No,Yes,No,Yes,No,Month-to-month,Yes,Electronic check,83.2,81.58461538461538
1004,Male,0,No,No,21.0,Yes,No,No,No internet service,No internet service,No internet service,No internet service,No internet service,No internet service,Month-to-month,No,Mailed check,20.0,19.89047619047619
6120,Male,0,No,No,6.0,Yes,No,DSL,No,Yes,No,No,Yes,No,Month-to-month,No,Electronic check,59.45,59.6
951,Female,0,No,No,8.0,Yes,No,Fiber optic,No,Yes,No,No,No,No,Month-to-month,No,Electronic check,75.6,66.94375
2144,Male,0,No,No,3.0,Yes,No,DSL,No,No,No,Yes,No,No,Month-to-month,Yes,Mailed check,50.5,49.25
3230,Male,0,Yes,Yes,63.0,Yes,No,No,No internet service,No internet service,No internet service,No internet service,No internet service,No internet service,Two year,No,Mailed check,19.55,19.77142857142857
3590,Female,0,Yes,No,50.0,Yes,No,No,No internet service,No internet service,No internet service,No internet service,No internet service,No internet service,One year,Yes,Bank transfer (automatic),19.85,18.862000000000002
93,Female,0,No,No,65.0,Yes,Yes,Fiber optic,Yes,Yes,Yes,No,Yes,Yes,Month-to-month,Yes,Credit card (automatic),111.05,109.33846153846154
1427,Male,1,No,No,44.0,Yes,No,Fiber optic,No,No,Yes,No,No,No,Month-to-month,No,Electronic check,73.85,70.96363636363637
1071,Female,0,No,No,2.0,Yes,No,DSL,No,Yes,No,No,No,No,Month-to-month,Yes,Credit card (automatic),49.05,45.55
1348,Male,0,Yes,No,10.0,Yes,No,Fiber optic,No,No,No,No,Yes,No,Month-to-month,Yes,Electronic check,79.95,85.72
6453,Male,1,Yes,No,47.0,Yes,Yes,Fiber optic,No,No,Yes,No,Yes,Yes,Month-to-month,Yes,Electronic check,100.05,103.63936170212766
1604,Male,0,Yes,Yes,69.0,Yes,Yes,Fiber optic,No,Yes,Yes,No,Yes,No,One year,No,Credit card (automatic),95.75,94.3659420289855
5329,Female,0,Yes,No,25.0,No,No phone service,DSL,No,No,No,No,Yes,No,Month-to-month,Yes,Bank transfer (automatic),34.0,34.12
2944,Male,0,No,No,12.0,No,No phone service,DSL,Yes,Yes,No,Yes,Yes,No,Month-to-month,Yes,Bank transfer (automatic),50.95,50.479166666666664
1776,Male,1,Yes,No,72.0,Yes,Yes,No,No internet service,No internet service,No internet service,No internet service,No internet service,No internet service,Two year,Yes,Bank transfer (automatic),25.0,25.035416666666666
6984,Male,0,No,Yes,31.0,No,No phone service,DSL,No,No,No,No,No,No,Month-to-month,No,Credit card (automatic),25.0,25.458064516129035
4480,Female,0,Yes,No,1.0,Yes,No,Fiber optic,No,No,No,No,No,No,Month-to-month,Yes,Mailed check,69.4,69.4
3316,Female,0,Yes,No,26.0,No,No phone service,DSL,Yes,Yes,Yes,No,Yes,No,One year,No,Bank transfer (automatic),47.85,45.78846153846154
484,Female,0,Yes,Yes,8.0,Yes,No,Fiber optic,No,Yes,No,No,Yes,No,Month-to-month,Yes,Electronic check,83.55,85.00625
578,Male,1,Yes,No,35.0,Yes,Yes,Fiber optic,Yes,Yes,No,No,No,Yes,Month-to-month,Yes,Electronic check,94.55,96.15428571428572
3170,Male,0,No,No,28.0,Yes,Yes,Fiber optic,No,Yes,No,No,Yes,Yes,One year,No,Electronic check,100.2,96.01607142857142
919,Female,0,No,No,21.0,Yes,No,Fiber optic,No,Yes,Yes,Yes,Yes,Yes,One year,Yes,Mailed check,104.55,106.63809523809525
5271,Male,0,No,Yes,13.0,Yes,No,DSL,No,No,No,No,Yes,Yes,Month-to-month,No,Credit card (automatic),66.4,63.98076923076923
2601,Female,0,Yes,Yes,72.0,Yes,Yes,Fiber optic,No,Yes,Yes,Yes,No,Yes,Two year,Yes,Bank transfer (automatic),98.65,99.02013888888888
2740,Female,0,No,No,1.0,Yes,No,DSL,No,No,No,No,No,No,Month-to-month,No,Mailed check,44.4,44.4
3480,Male,0,Yes,No,70.0,Yes,No,No,No internet service,No internet service,No internet service,No internet service,No internet service,No internet service,Two year,No,Credit card (automatic),19.85,20.482857142857142
4967,Female,0,No,No,3.0,Yes,Yes,DSL,No,No,No,Yes,Yes,No,Month-to-month,Yes,Electronic check,63.6,51.88333333333333
4145,Female,0,No,No,13.0,Yes,No,DSL,Yes,Yes,No,Yes,No,Yes,Month-to-month,No,Bank transfer (automatic),67.8,64.78846153846153
2885,Male,1,No,No,67.0,Yes,Yes,Fiber optic,Yes,Yes,Yes,Yes,Yes,Yes,Two year,Yes,Credit card (automatic),116.1,117.01268656716418
3208,Male,0,Yes,No,48.0,Yes,Yes,DSL,No,Yes,Yes,No,No,Yes,One year,Yes,Credit card (automatic),70.55,71.26041666666667
5187,Female,1,No,No,41.0,Yes,Yes,Fiber optic,No,Yes,Yes,No,Yes,Yes,Month-to-month,Yes,Electronic check,104.4,100.8280487804878
6598,Female,0,No,No,57.0,Yes,No,DSL,Yes,Yes,Yes,Yes,Yes,No,Two year,Yes,Credit card (automatic),74.3,73.09385964912282
3452,Male,0,No,No,1.0,Yes,No,DSL,No,No,No,No,No,No,Month-to-month,Yes,Mailed check,44.95,44.95
2943,Male,0,No,No,40.0,Yes,Yes,No,No internet service,No internet service,No internet service,No internet service,No internet service,No internet service,Two year,Yes,Mailed check,24.6,24.348750000000003
7032,Male,1,No,No,1.0,Yes,Yes,Fiber optic,No,No,No,No,No,No,Month-to-month,Yes,Electronic check,75.75,75.75
2132,Male,0,Yes,Yes,23.0,Yes,No,No,No internet service,No internet service,No internet service,No internet service,No internet service,No internet service,One year,No,Mailed check,19.65,18.995652173913044
1791,Female,0,Yes,No,44.0,Yes,No,DSL,Yes,Yes,Yes,No,No,No,One year,Yes,Mailed check,61.5,61.86818181818182
4531,Male,0,Yes,Yes,9.0,Yes,Yes,Fiber optic,No,No,Yes,No,No,No,Month-to-month,Yes,Bank transfer (automatic),79.35,73.47222222222223
5609,Male,0,Yes,No,29.0,Yes,Yes,Fiber optic,No,Yes,No,No,No,No,Month-to-month,Yes,Bank transfer (automatic),80.15,78.11206896551724
3515,Male,0,No,No,17.0,Yes,No,DSL,Yes,Yes,No,No,No,No,Month-to-month,Yes,Credit card (automatic),55.5,54.949999999999996
6592,Male,0,No,No,26.0,Yes,No,DSL,No,No,No,Yes,Yes,No,One year,No,Credit card (automatic),59.45,57.96153846153846
3491,Male,0,Yes,No,44.0,Yes,No,DSL,No,Yes,Yes,Yes,Yes,No,One year,Yes,Electronic check,70.95,73.87386363636364
1455,Female,0,Yes,No,36.0,Yes,Yes,Fiber optic,Yes,Yes,Yes,Yes,No,Yes,Two year,Yes,Credit card (automatic),106.05,106.51111111111112
6194,Female,0,Yes,Yes,68.0,Yes,Yes,Fiber optic,No,Yes,No,Yes,No,No,One year,Yes,Bank transfer (automatic),83.65,84.31470588235294
1959,Female,0,Yes,Yes,5.0,No,No phone service,DSL,No,Yes,No,Yes,No,No,Month-to-month,No,Electronic check,34.25,32.71
3330,Male,1,No,No,51.0,Yes,Yes,Fiber optic,No,No,Yes,No,Yes,Yes,Month-to-month,Yes,Electronic check,97.8,96.33921568627451
6995,Male,0,No,Yes,57.0,Yes,Yes,DSL,Yes,Yes,Yes,Yes,Yes,Yes,Two year,No,Mailed check,89.55,87.93596491228071
5249,Male,0,No,Yes,72.0,No,No phone service,DSL,Yes,Yes,Yes,Yes,Yes,Yes,Two year,No,Credit card (automatic),67.2,64.88472222222222
6058,Male,0,Yes,No,11.0,Yes,No,DSL,No,No,No,No,No,No,Month-to-month,Yes,Bank transfer (automatic),45.9,47.445454545454545
1239,Female,0,Yes,Yes,3.0,Yes,No,DSL,No,Yes,No,No,Yes,No,Month-to-month,Yes,Credit card (automatic),58.7,56.199999999999996
924,Female,1,No,No,22.0,Yes,No,Fiber optic,Yes,Yes,No,No,No,No,Month-to-month,No,Electronic check,81.7,82.76818181818182
6465,Female,0,Yes,Yes,59.0,Yes,No,No,No internet service,No internet service,No internet service,No internet service,No internet service,No internet service,Two year,No,Mailed check,20.6,21.796610169491526
4500,Male,0,Yes,Yes,61.0,Yes,No,Fiber optic,No,Yes,Yes,Yes,Yes,Yes,One year,No,Credit card (automatic),103.9,105.72377049180328
2429,Male,1,Yes,No,59.0,Yes,No,Fiber optic,Yes,Yes,Yes,No,No,No,One year,Yes,Credit card (automatic),82.95,83.1042372881356
338,Female,0,No,No,36.0,Yes,No,Fiber optic,No,Yes,No,No,Yes,Yes,Month-to-month,Yes,Credit card (automatic),94.8,99.04583333333333
2758,Male,0,No,No,5.0,Yes,No,No,No internet service,No internet service,No internet service,No internet service,No internet service,No internet service,Month-to-month,No,Mailed check,20.25,21.96
2856,Male,0,No,No,1.0,Yes,Yes,DSL,No,No,No,No,No,No,Month-to-month,Yes,Electronic check,50.15,50.15
4179,Male,1,No,No,12.0,Yes,Yes,Fiber optic,No,No,No,No,No,No,Month-to-month,Yes,Credit card (automatic),73.3,69.00416666666666
5561,Male,0,No,No,1.0,Yes,No,No,No internet service,No internet service,No internet service,No internet service,No internet service,No internet service,Month-to-month,No,Electronic check,20.65,20.65
2832,Male,0,Yes,No,40.0,Yes,Yes,DSL,No,Yes,No,Yes,Yes,No,One year,No,Credit card (automatic),70.75,73.04375
5075,Female,0,Yes,Yes,42.0,Yes,No,Fiber optic,No,No,Yes,No,Yes,Yes,Month-to-month,Yes,Electronic check,92.15,92.27142857142857
1303,Female,0,Yes,Yes,69.0,Yes,No,No,No internet service,No internet service,No internet service,No internet service,No internet service,No internet service,Two year,No,Bank transfer (automatic),19.7,20.244927536231884
2330,Male,0,Yes,Yes,28.0,Yes,Yes,DSL,No,Yes,No,No,No,Yes,Month-to-month,No,Electronic check,64.4,64.3625
6931,Male,0,No,No,58.0,Yes,No,Fiber optic,Yes,Yes,No,No,Yes,Yes,One year,No,Bank transfer (automatic),99.15,98.63706896551724
2187,Male,0,Yes,No,71.0,Yes,Yes,Fiber optic,Yes,Yes,Yes,Yes,Yes,Yes,Two year,Yes,Electronic check,116.25,120.63028169014085
1295,Female,0,Yes,Yes,70.0,Yes,Yes,DSL,Yes,No,No,Yes,Yes,Yes,Two year,Yes,Bank transfer (automatic),80.6,78.00285714285714
305,Male,0,Yes,Yes,52.0,Yes,Yes,No,No internet service,No internet service,No internet service,No internet service,No internet service,No internet service,Two year,No,Mailed check,24.8,23.63653846153846
1204,Male,0,Yes,Yes,18.0,No,No phone service,DSL,No,No,No,No,No,No,Month-to-month,No,Credit card (automatic),25.55,25.991666666666667
5776,Male,0,Yes,No,72.0,Yes,Yes,DSL,Yes,Yes,Yes,Yes,No,Yes,Two year,Yes,Bank transfer (automatic),82.3,83.06319444444445
3911,Male,0,No,No,18.0,Yes,No,DSL,Yes,No,No,No,No,No,Month-to-month,No,Electronic check,49.4,48.599999999999994
5167,Female,0,Yes,No,57.0,Yes,No,DSL,Yes,Yes,No,Yes,Yes,No,Two year,Yes,Credit card (automatic),70.35,72.36228070175439
750,Female,0,No,No,27.0,Yes,No,DSL,Yes,Yes,No,No,No,No,Month-to-month,Yes,Mailed check,56.7,61.220370370370375
3807,Male,0,Yes,No,24.0,Yes,Yes,Fiber optic,No,Yes,Yes,No,Yes,Yes,Month-to-month,Yes,Electronic check,104.65,105.93541666666665
3710,Male,0,Yes,Yes,10.0,Yes,No,No,No internet service,No internet service,No internet service,No internet service,No internet service,No internet service,One year,No,Mailed check,20.45,24.240000000000002
4057,Female,0,Yes,Yes,72.0,Yes,Yes,No,No internet service,No internet service,No internet service,No internet service,No internet service,No internet service,Two year,No,Mailed check,24.9,25.822222222222223
4218,Male,0,No,No,7.0,Yes,Yes,No,No internet service,No internet service,No internet service,No internet service,No internet service,No internet service,Month-to-month,Yes,Bank transfer (automatic),25.05,21.849999999999998
1695,Male,0,Yes,Yes,54.0,Yes,Yes,DSL,No,Yes,No,Yes,Yes,No,One year,Yes,Electronic check,70.7,69.81481481481481
4895,Female,1,Yes,No,44.0,Yes,No,Fiber optic,Yes,Yes,No,Yes,No,No,Month-to-month,Yes,Electronic check,85.15,83.42045454545455
1038,Male,0,Yes,No,56.0,Yes,No,Fiber optic,No,No,No,No,No,Yes,One year,Yes,Electronic check,80.9,81.38392857142857
6449,Male,0,No,No,1.0,Yes,No,No,No internet service,No internet service,No internet service,No internet service,No internet service,No internet service,Month-to-month,No,Mailed check,19.55,19.55
3247,Female,0,No,No,72.0,Yes,Yes,Fiber optic,No,Yes,Yes,Yes,Yes,Yes,Two year,Yes,Bank transfer (automatic),111.6,111.28819444444444
4499,Female,0,No,Yes,12.0,Yes,Yes,Fiber optic,Yes,No,No,No,No,No,Month-to-month,Yes,Electronic check,78.3,75.77083333333333
1021,Male,0,Yes,No,28.0,Yes,No,DSL,Yes,No,No,Yes,No,No,One year,No,Mailed check,54.35,50.94464285714286
106,Female,0,Yes,Yes,72.0,Yes,Yes,Fiber optic,Yes,Yes,No,No,Yes,Yes,One year,Yes,Electronic check,104.15,101.43125
3526,Male,1,No,No,5.0,Yes,No,DSL,No,No,Yes,No,No,No,Month-to-month,No,Electronic check,50.35,47.45
514,Male,0,No,No,30.0,Yes,Yes,Fiber optic,Yes,Yes,Yes,Yes,No,No,Month-to-month,Yes,Credit card (automatic),95.0,95.08
3876,Male,0,No,No,22.0,Yes,Yes,Fiber optic,No,Yes,No,No,Yes,Yes,Month-to-month,Yes,Electronic check,100.65,109.81590909090909
4835,Male,0,Yes,No,65.0,Yes,Yes,Fiber optic,Yes,No,Yes,No,Yes,Yes,Month-to-month,Yes,Electronic check,104.25,104.81461538461538
45,Female,0,No,No,49.0,Yes,Yes,Fiber optic,No,No,No,No,No,Yes,Month-to-month,Yes,Electronic check,84.5,79.72857142857143
927,Female,0,No,No,13.0,Yes,No,Fiber optic,No,Yes,Yes,No,No,No,Month-to-month,Yes,Electronic check,81.15,73.25384615384615
3788,Male,0,Yes,No,54.0,Yes,No,Fiber optic,Yes,Yes,Yes,Yes,Yes,Yes,Two year,No,Bank transfer (automatic),109.75,113.15185185185184
4863,Male,0,Yes,Yes,57.0,Yes,No,No,No internet service,No internet service,No internet service,No internet service,No internet service,No internet service,Two year,No,Mailed check,20.75,19.704385964912284
4545,Female,0,No,No,1.0,Yes,No,DSL,No,No,No,No,No,No,Month-to-month,No,Bank transfer (automatic),44.15,44.15
2372,Male,0,Yes,Yes,71.0,Yes,Yes,DSL,Yes,Yes,Yes,Yes,Yes,Yes,Two year,No,Credit card (automatic),90.3,88.55352112676057
5514,Female,0,No,No,1.0,Yes,No,DSL,Yes,No,No,No,No,No,Month-to-month,Yes,Bank transfer (automatic),48.45,48.45
6749,Male,0,Yes,No,70.0,Yes,Yes,DSL,Yes,Yes,Yes,Yes,Yes,No,One year,No,Bank transfer (automatic),79.4,78.9842857142857
5343,Female,0,Yes,No,52.0,No,No phone service,DSL,Yes,Yes,Yes,Yes,Yes,Yes,Two year,No,Credit card (automatic),66.25,64.04038461538461
4248,Female,0,Yes,No,56.0,Yes,Yes,Fiber optic,No,Yes,Yes,Yes,No,No,Month-to-month,No,Electronic check,90.55,91.36785714285715
7040,Female,0,Yes,Yes,11.0,No,No phone service,DSL,Yes,No,No,No,No,No,Month-to-month,Yes,Electronic check,29.6,31.495454545454546
3021,Male,0,No,No,5.0,Yes,No,No,No internet service,No internet service,No internet service,No internet service,No internet service,No internet service,Month-to-month,No,Mailed check,19.95,21.41
2992,Male,0,No,No,12.0,No,No phone service,DSL,No,Yes,No,Yes,No,No,Month-to-month,No,Mailed check,34.0,36.87083333333333
2869,Female,0,No,No,6.0,Yes,No,Fiber optic,No,No,No,No,Yes,Yes,Month-to-month,Yes,Electronic check,91.1,75.88333333333334
6552,Female,1,No,No,2.0,Yes,No,Fiber optic,No,No,No,No,No,Yes,Month-to-month,Yes,Bank transfer (automatic),79.75,79.7
2925,Female,0,Yes,Yes,50.0,Yes,No,Fiber optic,No,No,Yes,Yes,Yes,Yes,One year,No,Mailed check,103.05,103.07
3215,Male,0,Yes,No,41.0,Yes,Yes,Fiber optic,No,Yes,No,No,No,No,Month-to-month,Yes,Electronic check,80.25,83.8780487804878
1895,Male,0,No,Yes,68.0,Yes,Yes,DSL,Yes,Yes,No,Yes,Yes,Yes,Two year,Yes,Bank transfer (automatic),86.5,86.51102941176471
4377,Female,0,Yes,No,22.0,Yes,No,Fiber optic,No,No,No,No,Yes,No,Month-to-month,Yes,Credit card (automatic),80.0,77.56590909090909
2157,Male,0,Yes,No,51.0,Yes,Yes,Fiber optic,No,Yes,Yes,No,Yes,Yes,One year,Yes,Bank transfer (automatic),106.8,107.81960784313726
6901,Female,0,No,No,30.0,Yes,Yes,DSL,No,Yes,Yes,No,Yes,No,One year,Yes,Credit card (automatic),68.95,67.95666666666666
6698,Male,0,No,No,40.0,Yes,No,Fiber optic,No,Yes,No,Yes,No,Yes,One year,Yes,Credit card (automatic),89.6,87.20375
5148,Male,0,Yes,No,65.0,Yes,Yes,Fiber optic,Yes,Yes,Yes,No,Yes,No,Two year,Yes,Electronic check,99.35,97.65461538461538
3122,Male,1,Yes,Yes,68.0,Yes,No,No,No internet service,No internet service,No internet service,No internet service,No internet service,No internet service,One year,No,Bank transfer (automatic),19.5,17.55220588235294
5269,Male,0,No,No,10.0,Yes,No,DSL,No,Yes,No,No,Yes,No,Month-to-month,Yes,Mailed check,59.65,63.895
4047,Female,0,Yes,No,64.0,Yes,Yes,Fiber optic,Yes,No,Yes,No,Yes,No,Two year,Yes,Credit card (automatic),94.6,92.9484375
4991,Female,0,No,No,58.0,Yes,No,Fiber optic,Yes,Yes,Yes,No,Yes,Yes,One year,Yes,Electronic check,106.45,105.96293103448276
6008,Male,0,Yes,Yes,15.0,Yes,No,No,No internet service,No internet service,No internet service,No internet service,No internet service,No internet service,One year,Yes,Mailed check,19.5,15.983333333333333
6582,Female,0,No,No,71.0,Yes,Yes,Fiber optic,Yes,Yes,Yes,No,Yes,Yes,Two year,Yes,Credit card (automatic),106.75,102.58098591549296
2784,Female,0,No,Yes,4.0,Yes,No,Fiber optic,No,No,Yes,Yes,Yes,Yes,Month-to-month,Yes,Bank transfer (automatic),98.1,99.075
240,Female,0,No,No,72.0,Yes,Yes,DSL,No,Yes,Yes,Yes,Yes,Yes,Two year,No,Bank transfer (automatic),86.6,88.20138888888889
2873,Male,0,No,No,25.0,Yes,Yes,Fiber optic,No,No,No,No,Yes,Yes,Month-to-month,Yes,Bank transfer (automatic),94.7,94.484
5660,Female,0,No,Yes,44.0,Yes,Yes,DSL,No,Yes,No,No,Yes,Yes,One year,Yes,Mailed check,77.55,78.88863636363637
3114,Male,0,No,No,5.0,Yes,No,DSL,No,No,Yes,Yes,Yes,Yes,Month-to-month,No,Bank transfer (automatic),75.15,78.53
4350,Male,0,Yes,No,33.0,Yes,No,DSL,No,No,No,No,No,No,Month-to-month,Yes,Credit card (automatic),44.55,44.32121212121212
3041,Male,0,No,Yes,1.0,Yes,No,DSL,No,Yes,No,No,No,No,Month-to-month,Yes,Electronic check,49.9,49.9
3990,Male,0,No,No,14.0,Yes,No,Fiber optic,No,No,No,No,Yes,Yes,Month-to-month,Yes,Electronic check,92.9,95.53214285714286
2800,Female,0,Yes,Yes,20.0,Yes,No,No,No internet service,No internet service,No internet service,No internet service,No internet service,No internet service,Month-to-month,No,Mailed check,20.35,22.130000000000003
1318,Male,0,No,No,8.0,Yes,No,DSL,Yes,No,Yes,No,No,Yes,Month-to-month,Yes,Electronic check,66.7,72.375
3223,Male,0,Yes,No,3.0,No,No phone service,DSL,No,Yes,No,No,No,No,Month-to-month,No,Credit card (automatic),29.8,31.46666666666667
2176,Male,0,Yes,Yes,67.0,Yes,No,No,No internet service,No internet service,No internet service,No internet service,No internet service,No internet service,Two year,Yes,Credit card (automatic),19.4,19.16716417910448
4516,Male,0,Yes,Yes,72.0,Yes,Yes,DSL,Yes,Yes,Yes,Yes,Yes,Yes,Two year,Yes,Bank transfer (automatic),87.55,89.76597222222222
3689,Female,1,No,No,1.0,Yes,No,Fiber optic,No,No,No,No,No,No,Month-to-month,Yes,Electronic check,71.15,71.15
5083,Female,0,Yes,Yes,40.0,Yes,No,DSL,Yes,Yes,No,Yes,No,Yes,Month-to-month,Yes,Mailed check,71.35,71.17999999999999
3083,Male,0,Yes,Yes,60.0,Yes,Yes,No,No internet service,No internet service,No internet service,No internet service,No internet service,No internet service,One year,No,Credit card (automatic),23.95,25.10666666666667
6253,Female,0,No,No,56.0,No,No phone service,DSL,No,No,No,No,Yes,Yes,Month-to-month,Yes,Credit card (automatic),44.85,45.802678571428565
1247,Female,0,Yes,Yes,24.0,Yes,Yes,Fiber optic,No,Yes,Yes,No,No,No,One year,No,Bank transfer (automatic),83.15,84.71041666666666
5955,Male,0,Yes,Yes,72.0,Yes,No,DSL,Yes,Yes,No,Yes,Yes,No,Two year,No,Bank transfer (automatic),68.4,67.43541666666667
21,Male,0,Yes,No,12.0,Yes,No,No,No internet service,No internet service,No internet service,No internet service,No internet service,No internet service,One year,No,Bank transfer (automatic),19.8,16.854166666666668
6425,Male,0,Yes,Yes,52.0,No,No phone service,DSL,Yes,No,Yes,No,No,Yes,One year,No,Bank transfer (automatic),44.25,43.771153846153844
5788,Female,0,Yes,No,4.0,No,No phone service,DSL,No,No,No,No,No,No,Month-to-month,Yes,Electronic check,25.15,24.9875
6458,Male,0,Yes,Yes,6.0,Yes,No,DSL,Yes,No,No,No,No,No,Month-to-month,Yes,Electronic check,49.15,49.275
4965,Female,0,No,No,6.0,No,No phone service,DSL,No,No,Yes,No,Yes,Yes,Month-to-month,Yes,Electronic check,47.95,50.85
6605,Male,1,No,No,66.0,Yes,Yes,Fiber optic,No,Yes,Yes,Yes,Yes,Yes,One year,No,Credit card (automatic),110.9,112.60681818181818
1860,Male,0,Yes,Yes,71.0,Yes,No,No,No internet service,No internet service,No internet service,No internet service,No internet service,No internet service,Two year,No,Mailed check,19.45,19.414788732394367
842,Female,0,Yes,Yes,12.0,Yes,No,No,No internet service,No internet service,No internet service,No internet service,No internet service,No internet service,One year,No,Bank transfer (automatic),19.8,19.133333333333333
122,Male,0,No,No,3.0,Yes,Yes,Fiber optic,No,No,No,No,No,No,Month-to-month,Yes,Electronic check,74.4,76.51666666666667
160,Female,0,No,Yes,13.0,Yes,No,DSL,Yes,Yes,No,No,No,No,Month-to-month,Yes,Electronic check,56.0,58.81153846153846
5294,Female,0,Yes,Yes,53.0,Yes,Yes,Fiber optic,Yes,Yes,Yes,Yes,No,Yes,Two year,Yes,Bank transfer (automatic),104.05,105.02641509433961
401,Female,0,No,No,11.0,Yes,No,No,No internet service,No internet service,No internet service,No internet service,No internet service,No internet service,One year,No,Credit card (automatic),20.05,21.60909090909091
130,Female,0,No,No,13.0,Yes,Yes,Fiber optic,No,No,No,No,No,Yes,Month-to-month,Yes,Electronic check,85.95,93.51153846153846
3764,Female,0,No,No,11.0,Yes,Yes,No,No internet service,No internet service,No internet service,No internet service,No internet service,No internet service,One year,No,Electronic check,25.2,22.286363636363635
499,Female,0,No,No,12.0,Yes,Yes,Fiber optic,Yes,Yes,Yes,No,No,Yes,Month-to-month,Yes,Bank transfer (automatic),99.7,103.20416666666667
1392,Male,0,Yes,Yes,33.0,Yes,No,No,No internet service,No internet service,No internet service,No internet service,No internet service,No internet service,One year,No,Credit card (automatic),20.1,18.804545454545455
1590,Female,0,Yes,Yes,63.0,Yes,No,No,No internet service,No internet service,No internet service,No internet service,No internet service,No internet service,Two year,No,Electronic check,19.35,20.06111111111111
4526,Male,0,No,No,13.0,Yes,No,Fiber optic,Yes,No,No,No,No,No,Month-to-month,Yes,Credit card (automatic),73.75,73.58846153846153
806,Male,0,No,No,18.0,Yes,No,DSL,No,No,Yes,Yes,No,No,Month-to-month,No,Credit card (automatic),55.2,58.78333333333333
3953,Female,1,No,No,6.0,Yes,No,Fiber optic,No,No,Yes,No,No,No,Month-to-month,No,Electronic check,74.4,72.35000000000001
3713,Male,1,Yes,No,46.0,Yes,No,Fiber optic,No,No,No,No,No,Yes,Month-to-month,Yes,Electronic check,80.4,78.37391304347825
69,Male,0,No,No,10.0,Yes,No,Fiber optic,Yes,No,Yes,No,No,No,Month-to-month,Yes,Mailed check,79.85,88.735
996,Female,0,No,No,34.0,Yes,No,Fiber optic,No,No,No,No,No,No,Month-to-month,Yes,Credit card (automatic),70.0,71.06176470588235
3018,Male,1,No,No,67.0,Yes,Yes,No,No internet service,No internet service,No internet service,No internet service,No internet service,No internet service,Two year,No,Credit card (automatic),25.1,24.957462686567165
1708,Male,0,No,No,4.0,Yes,No,DSL,No,No,Yes,Yes,Yes,Yes,Month-to-month,Yes,Electronic check,74.4,74.925
5925,Male,0,No,No,20.0,Yes,Yes,DSL,No,Yes,No,Yes,Yes,No,One year,Yes,Electronic check,68.7,70.81
287,Male,0,Yes,No,1.0,Yes,No,Fiber optic,No,No,No,No,No,No,Month-to-month,No,Electronic check,70.0,70.0
3675,Female,0,No,No,1.0,Yes,No,No,No internet service,No internet service,No internet service,No internet service,No internet service,No internet service,Month-to-month,No,Mailed check,20.5,20.5
1533,Female,0,No,No,14.0,Yes,No,Fiber optic,No,No,Yes,No,No,No,Month-to-month,No,Electronic check,75.35,73.28214285714286
2767,Female,0,No,Yes,46.0,Yes,Yes,Fiber optic,No,No,Yes,Yes,No,No,Month-to-month,Yes,Bank transfer (automatic),84.8,86.06195652173913
4425,Male,0,Yes,Yes,14.0,Yes,Yes,DSL,Yes,Yes,No,No,No,Yes,Month-to-month,No,Mailed check,69.2,67.475
1470,Female,0,No,No,8.0,Yes,No,No,No internet service,No internet service,No internet service,No internet service,No internet service,No internet service,Month-to-month,No,Mailed check,19.2,19.60625
3539,Male,0,No,No,8.0,Yes,No,DSL,No,No,No,No,No,No,Month-to-month,Yes,Mailed check,45.15,54.8
5990,Male,0,No,Yes,36.0,Yes,No,Fiber optic,No,Yes,No,No,Yes,Yes,Month-to-month,Yes,Electronic check,94.7,97.56944444444444
4184,Male,1,Yes,No,5.0,Yes,Yes,Fiber optic,No,No,Yes,No,No,No,Month-to-month,Yes,Bank transfer (automatic),79.9,68.78999999999999
6705,Male,0,Yes,Yes,22.0,Yes,No,DSL,No,No,No,Yes,No,No,Month-to-month,Yes,Electronic check,51.1,56.040909090909096
2412,Female,0,Yes,No,42.0,No,No phone service,DSL,No,Yes,No,Yes,No,No,One year,No,Mailed check,33.55,34.41190476190476
4126,Male,0,Yes,Yes,6.0,Yes,No,No,No internet service,No internet service,No internet service,No internet service,No internet service,No internet service,Month-to-month,No,Mailed check,19.55,20.483333333333334
6156,Female,1,No,No,26.0,Yes,No,Fiber optic,Yes,No,No,No,Yes,No,Month-to-month,Yes,Credit card (automatic),85.8,84.37115384615385
4128,Male,0,No,No,57.0,No,No phone service,DSL,No,Yes,No,No,Yes,No,Month-to-month,Yes,Electronic check,39.3,37.04298245614035
1585,Male,0,Yes,No,42.0,Yes,Yes,DSL,Yes,No,No,Yes,Yes,Yes,One year,No,Credit card (automatic),80.45,80.37857142857143
5288,Female,0,No,No,1.0,Yes,No,Fiber optic,No,No,No,No,Yes,No,Month-to-month,Yes,Electronic check,79.65,79.65
5760,Male,1,Yes,No,16.0,Yes,No,Fiber optic,No,No,Yes,Yes,No,Yes,Month-to-month,Yes,Electronic check,91.55,96.253125
7025,Female,0,No,No,18.0,Yes,Yes,Fiber optic,No,No,Yes,Yes,No,Yes,Month-to-month,Yes,Bank transfer (automatic),95.05,93.30000000000001
451,Female,1,No,No,22.0,Yes,No,DSL,Yes,No,Yes,Yes,No,Yes,Month-to-month,Yes,Mailed check,69.75,70.24545454545455
4979,Female,0,Yes,Yes,56.0,Yes,Yes,No,No internet service,No internet service,No internet service,No internet service,No internet service,No internet service,Two year,Yes,Mailed check,24.45,24.74732142857143
3079,Female,0,No,No,4.0,Yes,No,DSL,No,Yes,No,No,Yes,Yes,Month-to-month,Yes,Bank transfer (automatic),68.65,65.3125
881,Male,1,No,No,26.0,Yes,No,No,No internet service,No internet service,No internet service,No internet service,No internet service,No internet service,One year,No,Credit card (automatic),19.3,19.392307692307693
4054,Female,1,No,No,34.0,No,No phone service,DSL,No,Yes,Yes,No,Yes,Yes,Month-to-month,Yes,Electronic check,56.25,51.93970588235294
3105,Male,0,No,No,26.0,Yes,No,DSL,No,No,No,Yes,No,No,Month-to-month,No,Bank transfer (automatic),49.15,47.58846153846154
6348,Female,0,No,No,26.0,Yes,No,Fiber optic,No,No,No,No,No,No,Month-to-month,Yes,Credit card (automatic),69.05,69.83269230769231
6440,Female,0,No,No,32.0,Yes,Yes,Fiber optic,No,No,Yes,No,Yes,Yes,Month-to-month,Yes,Electronic check,101.35,104.215625
353,Male,0,Yes,Yes,4.0,Yes,Yes,Fiber optic,No,Yes,Yes,No,No,No,Month-to-month,Yes,Bank transfer (automatic),84.8,92.975
4094,Male,0,No,No,1.0,Yes,No,Fiber optic,No,No,No,Yes,No,No,Month-to-month,No,Electronic check,74.0,74.0
886,Female,1,No,No,7.0,Yes,No,Fiber optic,No,No,Yes,No,Yes,No,Month-to-month,Yes,Electronic check,84.35,87.09285714285714
4795,Female,0,Yes,No,53.0,Yes,No,No,No internet service,No internet service,No internet service,No internet service,No internet service,No internet service,One year,No,Bank transfer (automatic),20.8,19.279245283018867
187,Male,0,No,No,3.0,No,No phone service,DSL,No,No,No,Yes,No,No,Month-to-month,No,Electronic check,30.4,27.383333333333336
6867,Male,0,No,No,67.0,Yes,No,No,No internet service,No internet service,No internet service,No internet service,No internet service,No internet service,Two year,No,Bank transfer (automatic),19.95,19.578358208955223
3545,Female,0,No,No,50.0,Yes,Yes,Fiber optic,No,No,No,No,Yes,Yes,Month-to-month,Yes,Electronic check,95.7,94.595
5705,Male,0,No,No,1.0,Yes,No,No,No internet service,No internet service,No internet service,No internet service,No internet service,No internet service,Month-to-month,No,Mailed check,19.65,19.65
3793,Female,0,No,No,9.0,Yes,No,No,No internet service,No internet service,No internet service,No internet service,No internet service,No internet service,Month-to-month,No,Mailed check,20.25,20.683333333333334
258,Female,0,Yes,No,2.0,Yes,No,DSL,No,No,No,No,No,No,Month-to-month,Yes,Credit card (automatic),44.6,40.275
3652,Female,1,No,No,1.0,No,No phone service,DSL,No,No,No,No,No,No,Month-to-month,No,Electronic check,25.25,25.25
2313,Male,0,Yes,Yes,43.0,Yes,Yes,Fiber optic,No,No,Yes,Yes,Yes,Yes,One year,Yes,Credit card (automatic),104.3,103.53139534883722
6367,Male,0,No,No,70.0,No,No phone service,DSL,Yes,No,Yes,Yes,No,Yes,Two year,No,Bank transfer (automatic),48.4,49.182857142857145
4768,Male,1,Yes,Yes,71.0,Yes,No,No,No internet service,No internet service,No internet service,No internet service,No internet service,No internet service,Two year,No,Credit card (automatic),19.8,19.555633802816903
6373,Male,0,Yes,Yes,44.0,Yes,No,Fiber optic,No,No,Yes,No,Yes,Yes,Month-to-month,Yes,Bank transfer (automatic),92.95,93.70227272727271
2629,Male,0,No,No,2.0,Yes,No,Fiber optic,No,No,No,No,No,No,Month-to-month,No,Credit card (automatic),70.7,70.35
3303,Female,0,No,No,4.0,Yes,Yes,Fiber optic,No,Yes,No,No,No,No,Month-to-month,No,Bank transfer (automatic),77.95,76.3875
6401,Female,0,No,Yes,3.0,Yes,No,DSL,Yes,No,No,Yes,No,No,Month-to-month,Yes,Mailed check,55.1,51.550000000000004
2042,Female,1,No,No,28.0,Yes,Yes,DSL,No,Yes,Yes,Yes,No,No,Month-to-month,No,Bank transfer (automatic),64.45,66.7
708,Male,0,Yes,No,29.0,Yes,No,Fiber optic,No,No,Yes,No,No,No,Month-to-month,Yes,Credit card (automatic),75.3,78.04827586206896
2422,Male,1,No,No,1.0,Yes,No,Fiber optic,No,No,No,No,No,No,Month-to-month,Yes,Electronic check,70.05,70.05
3587,Male,1,No,No,9.0,Yes,Yes,Fiber optic,No,Yes,No,No,Yes,Yes,Month-to-month,Yes,Credit card (automatic),99.45,102.15555555555555
975,Male,0,No,No,71.0,Yes,Yes,Fiber optic,Yes,No,Yes,Yes,Yes,Yes,Two year,Yes,Electronic check,108.05,106.08661971830985
1395,Male,0,Yes,No,41.0,Yes,Yes,DSL,No,No,Yes,No,Yes,Yes,One year,Yes,Electronic check,73.0,73.19999999999999
573,Male,0,Yes,No,56.0,Yes,Yes,Fiber optic,No,Yes,No,No,Yes,Yes,One year,No,Credit card (automatic),100.3,100.25803571428571
6219,Female,1,No,No,1.0,No,No phone service,DSL,No,No,No,No,No,No,Month-to-month,Yes,Mailed check,25.7,25.7
2547,Female,0,No,No,52.0,No,No phone service,DSL,Yes,Yes,No,Yes,No,No,Two year,No,Mailed check,39.1,38.11730769230769
7034,Female,0,No,No,67.0,Yes,Yes,Fiber optic,Yes,Yes,Yes,No,Yes,No,Month-to-month,Yes,Credit card (automatic),102.95,102.77985074626865
4953,Female,0,No,No,29.0,Yes,No,No,No internet service,No internet service,No internet service,No internet service,No internet service,No internet service,Two year,No,Mailed check,19.4,19.112068965517242
6855,Female,0,No,No,42.0,Yes,No,DSL,Yes,Yes,No,Yes,No,Yes,One year,Yes,Mailed check,67.7,68.625
6641,Female,0,No,No,16.0,Yes,No,DSL,Yes,No,No,No,No,No,Month-to-month,Yes,Electronic check,50.15,47.640625
1889,Male,0,No,No,14.0,No,No phone service,DSL,No,Yes,No,No,No,No,Month-to-month,Yes,Mailed check,31.1,29.978571428571428
6192,Female,1,No,No,18.0,Yes,No,Fiber optic,No,Yes,No,No,No,No,Month-to-month,Yes,Electronic check,74.7,71.92222222222222
5390,Male,1,No,No,12.0,Yes,Yes,Fiber optic,No,No,Yes,No,Yes,Yes,Month-to-month,Yes,Electronic check,99.45,100.0125
3914,Male,0,No,No,39.0,Yes,No,No,No internet service,No internet service,No internet service,No internet service,No internet service,No internet service,One year,No,Mailed check,19.9,20.285897435897436
1043,Male,0,Yes,Yes,32.0,Yes,No,Fiber optic,No,No,No,No,No,No,Month-to-month,Yes,Bank transfer (automatic),69.75,73.371875
2718,Male,0,No,No,62.0,No,No phone service,DSL,Yes,Yes,Yes,Yes,No,No,Two year,Yes,Bank transfer (automatic),43.7,42.230645161290326
4540,Male,0,No,No,1.0,Yes,No,No,No internet service,No internet service,No internet service,No internet service,No internet service,No internet service,Month-to-month,No,Bank transfer (automatic),20.95,20.95
2529,Male,1,No,No,45.0,Yes,No,DSL,Yes,No,Yes,No,No,Yes,One year,No,Credit card (automatic),62.7,62.03333333333333
4869,Male,0,No,No,16.0,Yes,Yes,Fiber optic,No,Yes,No,No,No,No,Month-to-month,Yes,Mailed check,80.55,78.05625
1282,Male,0,No,No,1.0,Yes,No,DSL,No,No,No,No,Yes,Yes,Month-to-month,Yes,Mailed check,62.8,62.8
848,Male,0,Yes,No,72.0,Yes,Yes,DSL,Yes,Yes,Yes,Yes,Yes,Yes,Two year,Yes,Credit card (automatic),92.0,94.19652777777777
6884,Male,0,Yes,No,3.0,No,No phone service,DSL,No,No,No,No,No,Yes,Month-to-month,Yes,Electronic check,35.15,33.25
5220,Female,0,No,No,29.0,Yes,No,DSL,Yes,No,Yes,Yes,No,No,One year,No,Credit card (automatic),58.0,59.810344827586206
6730,Male,0,Yes,Yes,15.0,Yes,No,No,No internet service,No internet service,No internet service,No internet service,No internet service,No internet service,One year,No,Mailed check,19.65,22.176666666666666
533,Male,1,Yes,Yes,68.0,Yes,Yes,Fiber optic,No,No,Yes,Yes,Yes,Yes,One year,Yes,Credit card (automatic),107.15,108.5264705882353
1340,Female,0,Yes,Yes,0.0,No,No phone service,DSL,Yes,Yes,Yes,Yes,Yes,No,Two year,No,Credit card (automatic),56.05,56.05
1924,Female,1,Yes,Yes,22.0,Yes,Yes,Fiber optic,No,No,No,No,Yes,No,Month-to-month,No,Bank transfer (automatic),85.35,89.16363636363636
3034,Male,0,No,No,1.0,Yes,Yes,Fiber optic,No,No,No,No,Yes,No,Month-to-month,No,Electronic check,84.5,84.5
4297,Female,0,No,No,45.0,Yes,Yes,DSL,Yes,No,No,Yes,No,Yes,Two year,No,Mailed check,73.55,74.42444444444445
3458,Female,0,No,No,26.0,Yes,No,Fiber optic,No,No,No,No,Yes,Yes,Month-to-month,Yes,Bank transfer (automatic),88.8,87.475
6189,Male,0,Yes,Yes,72.0,Yes,Yes,DSL,Yes,Yes,Yes,Yes,Yes,Yes,Two year,Yes,Credit card (automatic),91.95,91.8736111111111
3901,Male,0,Yes,No,67.0,Yes,Yes,Fiber optic,No,Yes,Yes,Yes,Yes,Yes,Two year,Yes,Bank transfer (automatic),111.3,112.94328358208955
1980,Male,0,No,No,10.0,Yes,Yes,Fiber optic,No,Yes,Yes,No,No,Yes,Month-to-month,Yes,Electronic check,95.25,102.155
844,Male,0,No,No,1.0,Yes,No,Fiber optic,No,No,No,No,Yes,Yes,Month-to-month,Yes,Electronic check,89.9,89.9
4992,Male,0,Yes,No,51.0,No,No phone service,DSL,No,Yes,No,No,No,No,Month-to-month,Yes,Credit card (automatic),30.05,29.98921568627451
6240,Male,0,No,Yes,1.0,Yes,Yes,Fiber optic,No,No,No,No,Yes,Yes,Month-to-month,Yes,Electronic check,93.3,93.3
4272,Male,0,Yes,No,56.0,Yes,Yes,No,No internet service,No internet service,No internet service,No internet service,No internet service,No internet service,Two year,Yes,Credit card (automatic),25.15,23.699107142857144
4906,Female,0,Yes,Yes,72.0,Yes,Yes,Fiber optic,Yes,Yes,No,No,Yes,No,Two year,Yes,Bank transfer (automatic),95.9,96.58541666666666
6743,Male,0,No,No,10.0,Yes,Yes,No,No internet service,No internet service,No internet service,No internet service,No internet service,No internet service,Month-to-month,Yes,Electronic check,24.0,22.655
5758,Male,0,No,No,22.0,Yes,No,No,No internet service,No internet service,No internet service,No internet service,No internet service,No internet service,One year,No,Mailed check,20.3,21.595454545454547
1518,Female,0,No,No,5.0,Yes,No,No,No internet service,No internet service,No internet service,No internet service,No internet service,No internet service,Month-to-month,No,Credit card (automatic),20.55,19.22
5259,Male,1,Yes,No,30.0,Yes,Yes,Fiber optic,No,No,No,No,No,No,Month-to-month,No,Mailed check,77.9,78.38166666666666
4773,Male,0,No,No,44.0,No,No phone service,DSL,No,Yes,Yes,No,Yes,Yes,One year,Yes,Mailed check,53.95,53.98636363636364
5510,Male,0,No,No,18.0,Yes,No,Fiber optic,No,Yes,Yes,No,Yes,Yes,Month-to-month,No,Credit card (automatic),101.3,99.70277777777778
392,Female,1,No,No,2.0,Yes,No,DSL,No,No,No,No,No,No,Month-to-month,Yes,Electronic check,44.3,44.65
3354,Female,0,No,No,54.0,No,No phone service,DSL,Yes,No,No,Yes,No,Yes,One year,No,Bank transfer (automatic),44.1,43.88333333333333
6473,Female,0,No,No,1.0,Yes,No,Fiber optic,No,No,Yes,No,Yes,Yes,Month-to-month,No,Electronic check,94.4,94.4
6528,Male,0,Yes,Yes,70.0,Yes,No,No,No internet service,No internet service,No internet service,No internet service,No internet service,No internet service,Two year,No,Credit card (automatic),20.35,20.83
5664,Female,1,No,No,10.0,Yes,No,Fiber optic,No,No,Yes,No,No,Yes,Month-to-month,Yes,Credit card (automatic),84.6,86.55499999999999
2818,Male,0,Yes,Yes,29.0,Yes,No,Fiber optic,Yes,No,No,No,Yes,Yes,Month-to-month,No,Credit card (automatic),94.65,91.35000000000001
905,Male,1,No,No,9.0,Yes,Yes,Fiber optic,No,No,Yes,No,Yes,Yes,Month-to-month,Yes,Electronic check,100.5,102.06666666666666
2411,Male,0,No,Yes,60.0,Yes,Yes,DSL,Yes,No,Yes,Yes,Yes,Yes,Two year,Yes,Electronic check,84.95,83.08083333333335
5781,Female,0,No,No,27.0,Yes,No,Fiber optic,No,No,Yes,Yes,No,Yes,Month-to-month,Yes,Electronic check,89.2,88.28148148148148
2855,Male,0,Yes,Yes,42.0,Yes,No,No,No internet service,No internet service,No internet service,No internet service,No internet service,No internet service,Two year,No,Mailed check,19.35,20.65
4352,Male,0,Yes,Yes,64.0,Yes,Yes,Fiber optic,Yes,Yes,Yes,No,No,No,Month-to-month,Yes,Electronic check,91.8,93.1328125
5362,Male,0,Yes,Yes,65.0,Yes,Yes,No,No internet service,No internet service,No internet service,No internet service,No internet service,No internet service,Two year,No,Credit card (automatic),24.75,26.386153846153846
4322,Female,0,No,No,2.0,Yes,No,Fiber optic,No,No,No,No,No,No,Month-to-month,Yes,Electronic check,70.15,61.9
5949,Female,0,No,No,68.0,No,No phone service,DSL,No,Yes,No,Yes,No,Yes,Month-to-month,No,Electronic check,44.95,45.37279411764706
2636,Female,1,Yes,No,70.0,Yes,Yes,Fiber optic,Yes,Yes,Yes,Yes,Yes,Yes,Two year,Yes,Credit card (automatic),113.0,114.10857142857144
2735,Male,1,No,No,52.0,Yes,Yes,Fiber optic,No,No,No,No,No,No,Month-to-month,Yes,Bank transfer (automatic),72.95,73.64903846153847
1659,Male,0,Yes,Yes,68.0,Yes,Yes,DSL,No,Yes,No,Yes,No,Yes,Two year,No,Credit card (automatic),70.8,71.46985294117647
347,Female,0,Yes,No,70.0,Yes,No,No,No internet service,No internet service,No internet service,No internet service,No internet service,No internet service,Two year,No,Bank transfer (automatic),19.45,18.62142857142857
4142,Female,0,No,No,67.0,Yes,No,DSL,Yes,Yes,No,Yes,No,No,One year,No,Credit card (automatic),60.5,57.76119402985075
6712,Male,0,Yes,Yes,28.0,Yes,No,Fiber optic,No,No,Yes,No,Yes,No,Month-to-month,No,Electronic check,85.45,81.78214285714286
1958,Male,0,No,No,24.0,Yes,Yes,Fiber optic,No,Yes,Yes,No,No,No,Month-to-month,Yes,Bank transfer (automatic),84.85,85.36666666666667
1261,Female,0,Yes,No,2.0,Yes,No,Fiber optic,Yes,No,No,Yes,No,No,Month-to-month,Yes,Electronic check,80.15,97.275
2489,Female,0,Yes,Yes,68.0,Yes,Yes,DSL,Yes,Yes,Yes,Yes,No,Yes,One year,Yes,Electronic check,78.45,78.43161764705883
2806,Male,0,Yes,No,58.0,Yes,Yes,DSL,Yes,Yes,Yes,No,Yes,Yes,Two year,Yes,Electronic check,86.1,84.31896551724138
377,Female,0,Yes,No,25.0,Yes,Yes,Fiber optic,No,No,Yes,Yes,Yes,Yes,Month-to-month,Yes,Bank transfer (automatic),104.95,102.66
2417,Male,0,No,No,10.0,No,No phone service,DSL,No,Yes,No,Yes,No,No,Month-to-month,No,Electronic check,35.75,38.980000000000004
373,Female,0,Yes,Yes,56.0,Yes,Yes,Fiber optic,No,Yes,Yes,Yes,No,Yes,One year,Yes,Credit card (automatic),99.75,100.14999999999999
4333,Male,0,Yes,No,31.0,Yes,Yes,Fiber optic,Yes,Yes,No,Yes,No,No,Month-to-month,Yes,Credit card (automatic),90.55,94.50806451612904
1514,Female,0,No,Yes,63.0,Yes,No,No,No internet service,No internet service,No internet service,No internet service,No internet service,No internet service,Two year,No,Credit card (automatic),19.5,19.287301587301585
6608,Male,0,No,No,22.0,Yes,No,DSL,No,Yes,No,Yes,No,No,One year,Yes,Credit card (automatic),55.15,54.22954545454545
1640,Female,0,Yes,Yes,7.0,Yes,No,No,No internet service,No internet service,No internet service,No internet service,No internet service,No internet service,One year,No,Mailed check,20.65,19.150000000000002
5607,Female,1,No,No,40.0,No,No phone service,DSL,Yes,Yes,No,No,Yes,Yes,Month-to-month,Yes,Electronic check,55.8,52.73375
6921,Male,0,No,No,54.0,Yes,Yes,Fiber optic,No,Yes,No,No,No,No,Month-to-month,Yes,Bank transfer (automatic),79.85,79.7824074074074
135,Female,0,No,No,43.0,Yes,Yes,No,No internet service,No internet service,No internet service,No internet service,No internet service,No internet service,Two year,Yes,Credit card (automatic),25.7,27.632558139534886
6024,Female,0,Yes,No,3.0,Yes,Yes,Fiber optic,No,Yes,No,No,No,Yes,Month-to-month,Yes,Credit card (automatic),91.5,80.98333333333333
5543,Female,1,No,No,14.0,Yes,No,Fiber optic,Yes,Yes,No,No,No,No,Month-to-month,No,Electronic check,78.85,74.55714285714285
1168,Male,0,Yes,Yes,1.0,Yes,No,No,No internet service,No internet service,No internet service,No internet service,No internet service,No internet service,One year,No,Mailed check,19.65,19.65
4032,Male,1,Yes,Yes,68.0,Yes,Yes,Fiber optic,No,Yes,Yes,No,No,No,Month-to-month,Yes,Electronic check,84.65,83.58235294117648
6261,Male,0,Yes,Yes,62.0,Yes,No,No,No internet service,No internet service,No internet service,No internet service,No internet service,No internet service,Two year,No,Bank transfer (automatic),20.45,20.924999999999997
3564,Male,0,No,No,63.0,Yes,Yes,Fiber optic,No,Yes,No,No,No,Yes,One year,No,Credit card (automatic),90.45,92.46825396825396
709,Male,0,Yes,Yes,29.0,Yes,Yes,DSL,No,Yes,Yes,No,Yes,Yes,Month-to-month,No,Credit card (automatic),80.1,76.26896551724138
3413,Female,0,Yes,Yes,29.0,Yes,No,Fiber optic,No,No,No,No,Yes,Yes,Month-to-month,Yes,Credit card (automatic),87.8,90.40517241379311
348,Female,0,No,No,23.0,No,No phone service,DSL,No,No,No,No,Yes,Yes,Month-to-month,Yes,Electronic check,44.95,43.34130434782609
2623,Female,0,No,Yes,2.0,Yes,Yes,Fiber optic,Yes,No,No,No,No,No,Month-to-month,No,Credit card (automatic),80.55,94.05
219,Female,0,No,No,8.0,Yes,No,Fiber optic,No,No,No,No,Yes,No,Month-to-month,Yes,Bank transfer (automatic),80.0,78.075
444,Female,0,Yes,No,36.0,Yes,No,Fiber optic,No,No,No,No,No,Yes,Month-to-month,No,Electronic check,80.4,81.60138888888889
6112,Female,1,Yes,Yes,66.0,Yes,Yes,Fiber optic,No,Yes,Yes,No,Yes,Yes,One year,Yes,Electronic check,104.9,104.41590909090908
825,Female,0,Yes,Yes,16.0,Yes,No,Fiber optic,No,Yes,Yes,No,Yes,No,Month-to-month,Yes,Credit card (automatic),89.45,89.390625
6754,Male,0,No,Yes,0.0,Yes,Yes,DSL,Yes,Yes,No,Yes,No,No,Two year,Yes,Bank transfer (automatic),61.9,61.9
3474,Male,1,Yes,Yes,65.0,Yes,Yes,Fiber optic,Yes,Yes,No,No,No,No,Month-to-month,Yes,Electronic check,85.75,87.51461538461538
5567,Female,1,No,No,49.0,Yes,Yes,Fiber optic,Yes,Yes,Yes,Yes,No,Yes,One year,No,Bank transfer (automatic),103.0,105.43265306122449
6843,Female,0,Yes,No,9.0,Yes,Yes,Fiber optic,Yes,Yes,Yes,No,No,No,Month-to-month,No,Bank transfer (automatic),91.75,96.19999999999999
1391,Male,0,Yes,No,29.0,Yes,Yes,Fiber optic,No,Yes,Yes,No,No,No,Month-to-month,Yes,Electronic check,85.8,84.14655172413794
6231,Female,1,Yes,No,1.0,Yes,No,Fiber optic,No,Yes,No,No,No,No,Month-to-month,Yes,Mailed check,76.4,76.4
1618,Female,1,No,No,23.0,Yes,No,Fiber optic,No,Yes,No,No,Yes,Yes,Month-to-month,Yes,Electronic check,94.75,99.72173913043478
6917,Female,0,Yes,No,72.0,Yes,Yes,Fiber optic,Yes,Yes,No,No,No,No,Two year,Yes,Bank transfer (automatic),84.05,84.05902777777777
1605,Male,0,No,No,65.0,Yes,No,No,No internet service,No internet service,No internet service,No internet service,No internet service,No internet service,Two year,Yes,Credit card (automatic),19.55,18.74846153846154
6963,Male,0,Yes,Yes,9.0,Yes,Yes,Fiber optic,No,Yes,Yes,No,Yes,Yes,Month-to-month,Yes,Credit card (automatic),102.6,99.75
5722,Female,1,Yes,No,27.0,Yes,Yes,Fiber optic,Yes,No,No,Yes,Yes,Yes,Month-to-month,Yes,Bank transfer (automatic),104.3,106.21296296296296
129,Male,1,No,No,71.0,No,No phone service,DSL,Yes,Yes,No,No,Yes,Yes,One year,Yes,Electronic check,56.45,56.131690140845066
5719,Female,0,Yes,Yes,24.0,Yes,No,No,No internet service,No internet service,No internet service,No internet service,No internet service,No internet service,Two year,Yes,Mailed check,19.7,20.585416666666667
3840,Male,1,Yes,No,64.0,Yes,Yes,No,No internet service,No internet service,No internet service,No internet service,No internet service,No internet service,Two year,No,Credit card (automatic),25.65,27.2
5690,Male,0,No,No,72.0,No,No phone service,DSL,Yes,No,Yes,Yes,Yes,Yes,Two year,Yes,Credit card (automatic),61.2,60.97569444444444
5775,Male,0,Yes,Yes,58.0,Yes,Yes,Fiber optic,No,No,No,No,Yes,No,Two year,No,Bank transfer (automatic),82.5,83.24224137931034
6493,Male,0,Yes,No,17.0,No,No phone service,DSL,No,No,Yes,Yes,Yes,Yes,One year,No,Electronic check,54.6,54.98823529411764
6610,Male,0,No,No,5.0,Yes,No,Fiber optic,No,No,No,No,Yes,No,Month-to-month,Yes,Mailed check,80.1,79.71000000000001
3549,Male,0,Yes,Yes,61.0,Yes,No,DSL,Yes,Yes,Yes,Yes,No,No,Two year,Yes,Bank transfer (automatic),68.05,68.16803278688525
3616,Female,1,Yes,No,69.0,Yes,No,Fiber optic,Yes,Yes,No,No,No,Yes,One year,No,Credit card (automatic),87.3,87.76159420289855
257,Male,0,No,No,50.0,Yes,Yes,Fiber optic,Yes,Yes,Yes,Yes,Yes,Yes,One year,No,Credit card (automatic),114.35,115.822
6586,Female,0,Yes,Yes,45.0,Yes,Yes,No,No internet service,No internet service,No internet service,No internet service,No internet service,No internet service,Two year,Yes,Credit card (automatic),24.65,26.028888888888886
4799,Female,0,Yes,Yes,10.0,Yes,No,No,No internet service,No internet service,No internet service,No internet service,No internet service,No internet service,Month-to-month,Yes,Bank transfer (automatic),19.8,19.675
4254,Male,0,Yes,No,29.0,Yes,Yes,Fiber optic,Yes,Yes,No,No,No,No,Month-to-month,Yes,Electronic check,84.45,85.07241379310345
4287,Female,1,Yes,No,66.0,Yes,Yes,Fiber optic,No,No,Yes,Yes,Yes,Yes,One year,Yes,Credit card (automatic),105.95,105.68560606060606
5248,Female,0,Yes,No,12.0,Yes,No,No,No internet service,No internet service,No internet service,No internet service,No internet service,No internet service,Two year,Yes,Electronic check,20.05,22.045833333333334
991,Female,0,No,No,58.0,Yes,Yes,No,No internet service,No internet service,No internet service,No internet service,No internet service,No internet service,Two year,No,Credit card (automatic),24.35,24.54913793103448
1403,Male,0,No,No,8.0,Yes,No,DSL,No,No,No,No,Yes,Yes,Month-to-month,Yes,Electronic check,66.25,68.30625
4492,Male,0,Yes,Yes,54.0,Yes,Yes,No,No internet service,No internet service,No internet service,No internet service,No internet service,No internet service,Two year,Yes,Bank transfer (automatic),24.05,22.794444444444448
3297,Female,0,Yes,No,42.0,Yes,Yes,DSL,Yes,No,Yes,Yes,Yes,Yes,Two year,No,Credit card (automatic),84.35,85.03809523809524
2428,Male,0,No,Yes,38.0,Yes,Yes,Fiber optic,No,No,Yes,No,Yes,Yes,Month-to-month,Yes,Bank transfer (automatic),99.25,99.39868421052631
3000,Male,0,No,No,12.0,Yes,Yes,Fiber optic,No,No,No,No,Yes,No,Month-to-month,Yes,Electronic check,84.45,88.29583333333333
201,Female,0,No,No,14.0,Yes,No,Fiber optic,No,Yes,No,Yes,No,No,Month-to-month,Yes,Credit card (automatic),80.05,79.45
3339,Female,0,Yes,Yes,68.0,Yes,Yes,DSL,Yes,Yes,Yes,Yes,Yes,Yes,Two year,No,Credit card (automatic),88.0,90.61617647058823
1665,Female,0,No,No,9.0,Yes,Yes,Fiber optic,No,No,No,No,No,No,Month-to-month,Yes,Electronic check,76.85,73.72777777777777
4405,Male,0,Yes,Yes,6.0,Yes,No,Fiber optic,No,Yes,No,No,No,Yes,Month-to-month,Yes,Credit card (automatic),83.55,79.59166666666667
2029,Male,0,Yes,No,67.0,Yes,No,Fiber optic,Yes,Yes,No,No,No,Yes,One year,Yes,Credit card (automatic),90.6,90.39029850746267
3965,Female,1,Yes,No,52.0,Yes,Yes,Fiber optic,No,Yes,Yes,No,Yes,Yes,One year,Yes,Electronic check,106.5,108.11250000000001
3212,Male,0,Yes,No,40.0,Yes,No,Fiber optic,No,Yes,Yes,No,No,No,Month-to-month,Yes,Electronic check,80.0,79.21875
4232,Female,0,No,No,1.0,Yes,No,Fiber optic,No,No,No,No,No,No,Month-to-month,Yes,Mailed check,69.95,69.95
655,Male,0,No,No,10.0,Yes,No,Fiber optic,No,No,No,Yes,Yes,Yes,Month-to-month,Yes,Credit card (automatic),95.1,86.51
812,Female,0,Yes,No,42.0,Yes,Yes,No,No internet service,No internet service,No internet service,No internet service,No internet service,No internet service,Two year,No,Electronic check,25.25,26.385714285714286
5850,Male,1,No,No,20.0,Yes,No,Fiber optic,No,No,No,No,No,No,Month-to-month,No,Credit card (automatic),71.3,69.46000000000001
2942,Male,0,No,No,46.0,Yes,No,No,No internet service,No internet service,No internet service,No internet service,No internet service,No internet service,Two year,No,Electronic check,19.95,19.718478260869563
5227,Male,0,No,No,7.0,Yes,Yes,Fiber optic,No,No,No,No,Yes,Yes,Month-to-month,No,Electronic check,96.2,91.38571428571429
5279,Male,0,Yes,Yes,70.0,Yes,Yes,No,No internet service,No internet service,No internet service,No internet service,No internet service,No internet service,Two year,No,Credit card (automatic),25.15,25.57357142857143
6180,Female,1,No,No,66.0,Yes,Yes,Fiber optic,Yes,No,No,No,Yes,Yes,Two year,Yes,Bank transfer (automatic),102.4,98.05833333333334
5370,Male,0,Yes,Yes,16.0,Yes,Yes,Fiber optic,No,No,Yes,No,Yes,No,Month-to-month,Yes,Bank transfer (automatic),90.8,90.1375
992,Female,0,Yes,Yes,22.0,Yes,Yes,No,No internet service,No internet service,No internet service,No internet service,No internet service,No internet service,Two year,No,Credit card (automatic),25.25,25.245454545454546
5782,Female,1,No,No,1.0,Yes,No,Fiber optic,No,No,No,No,No,No,Month-to-month,Yes,Electronic check,69.65,69.65
5144,Female,1,Yes,No,3.0,No,No phone service,DSL,No,Yes,No,No,No,No,Month-to-month,Yes,Electronic check,30.75,27.616666666666664
3369,Female,1,No,No,11.0,Yes,Yes,DSL,Yes,No,No,No,No,No,Month-to-month,Yes,Electronic check,55.6,52.8
2647,Female,0,No,No,2.0,Yes,No,No,No internet service,No internet service,No internet service,No internet service,No internet service,No internet service,Month-to-month,Yes,Mailed check,20.0,20.45
902,Male,0,No,No,17.0,Yes,No,Fiber optic,Yes,No,No,No,Yes,Yes,Month-to-month,No,Electronic check,93.85,95.62647058823529
4495,Female,0,No,No,1.0,Yes,No,Fiber optic,No,No,No,No,No,No,Month-to-month,Yes,Electronic check,70.1,70.1
5506,Male,0,No,No,1.0,Yes,No,No,No internet service,No internet service,No internet service,No internet service,No internet service,No internet service,Month-to-month,No,Mailed check,20.2,20.2
389,Male,0,No,Yes,1.0,Yes,No,DSL,No,No,No,No,No,No,Month-to-month,No,Electronic check,44.0,44.0
450,Female,0,No,No,64.0,Yes,Yes,No,No internet service,No internet service,No internet service,No internet service,No internet service,No internet service,One year,No,Mailed check,24.7,25.66796875
3932,Female,1,No,No,2.0,Yes,Yes,Fiber optic,No,No,Yes,No,No,No,Month-to-month,Yes,Electronic check,78.55,74.775
4349,Male,1,Yes,No,1.0,Yes,Yes,Fiber optic,Yes,No,No,No,No,No,Month-to-month,Yes,Electronic check,80.3,80.3
2541,Female,0,Yes,Yes,72.0,No,No phone service,DSL,Yes,No,Yes,No,Yes,Yes,Two year,Yes,Credit card (automatic),53.8,54.89513888888889
5347,Male,0,Yes,No,72.0,Yes,Yes,Fiber optic,Yes,Yes,Yes,Yes,Yes,Yes,Two year,Yes,Credit card (automatic),116.95,119.36666666666666
1996,Male,0,Yes,Yes,67.0,Yes,No,DSL,Yes,No,Yes,Yes,No,Yes,Two year,No,Mailed check,67.85,69.06940298507462
5693,Male,1,Yes,No,72.0,Yes,Yes,DSL,No,No,Yes,No,Yes,Yes,Two year,Yes,Credit card (automatic),73.45,74.01388888888889
1661,Female,1,Yes,No,65.0,Yes,Yes,Fiber optic,No,Yes,Yes,No,Yes,Yes,Month-to-month,Yes,Bank transfer (automatic),108.8,108.96076923076923
6778,Female,0,No,Yes,72.0,Yes,No,No,No internet service,No internet service,No internet service,No internet service,No internet service,No internet service,Two year,Yes,Mailed check,19.75,21.76388888888889
4096,Female,0,No,No,20.0,Yes,No,Fiber optic,Yes,No,Yes,No,Yes,No,Month-to-month,Yes,Bank transfer (automatic),89.4,93.5575
6091,Male,1,Yes,No,2.0,Yes,Yes,Fiber optic,No,No,No,No,Yes,No,Month-to-month,Yes,Mailed check,86.85,78.175
4076,Male,0,Yes,No,70.0,Yes,Yes,Fiber optic,Yes,Yes,Yes,No,Yes,No,Two year,Yes,Credit card (automatic),99.35,99.20714285714286
5531,Male,0,Yes,Yes,68.0,No,No phone service,DSL,Yes,Yes,No,No,Yes,No,One year,No,Mailed check,44.8,43.87720588235294
1273,Male,1,Yes,No,49.0,Yes,Yes,Fiber optic,Yes,Yes,Yes,No,No,No,Month-to-month,Yes,Electronic check,88.2,84.88673469387754
1506,Male,0,Yes,No,68.0,No,No phone service,DSL,Yes,No,Yes,No,Yes,Yes,Two year,Yes,Bank transfer (automatic),54.1,55.8014705882353
2678,Male,0,No,No,30.0,Yes,No,No,No internet service,No internet service,No internet service,No internet service,No internet service,No internet service,One year,No,Mailed check,19.7,20.834999999999997
6540,Female,0,No,No,34.0,Yes,No,DSL,Yes,Yes,No,No,No,Yes,One year,No,Electronic check,64.35,60.38382352941177
3396,Female,0,Yes,Yes,58.0,Yes,No,Fiber optic,Yes,Yes,No,No,Yes,Yes,One year,No,Credit card (automatic),99.25,100.80431034482758
6318,Male,0,No,Yes,12.0,Yes,No,No,No internet service,No internet service,No internet service,No internet service,No internet service,No internet service,Month-to-month,No,Credit card (automatic),21.05,19.650000000000002
5001,Male,0,No,No,19.0,Yes,No,DSL,No,No,Yes,Yes,No,No,Month-to-month,Yes,Credit card (automatic),55.0,55.078947368421055
6732,Female,0,No,No,24.0,Yes,Yes,Fiber optic,No,No,No,Yes,No,Yes,Month-to-month,Yes,Electronic check,89.55,94.13958333333333
4687,Male,0,Yes,No,22.0,Yes,No,Fiber optic,No,No,Yes,No,Yes,Yes,Month-to-month,Yes,Credit card (automatic),94.7,87.0409090909091
2480,Male,1,Yes,No,59.0,Yes,Yes,Fiber optic,No,No,No,No,Yes,Yes,Month-to-month,Yes,Bank transfer (automatic),93.85,94.48728813559322
1551,Male,0,No,No,22.0,Yes,Yes,No,No internet service,No internet service,No internet service,No internet service,No internet service,No internet service,Two year,No,Mailed check,25.25,25.75
4821,Male,0,Yes,No,56.0,No,No phone service,DSL,No,No,Yes,Yes,Yes,Yes,One year,Yes,Bank transfer (automatic),54.05,52.853571428571435
4284,Female,1,No,No,32.0,Yes,No,Fiber optic,No,No,No,No,Yes,Yes,Month-to-month,No,Electronic check,90.95,90.5609375
3313,Male,0,No,No,1.0,Yes,No,No,No internet service,No internet service,No internet service,No internet service,No internet service,No internet service,Month-to-month,No,Electronic check,19.2,19.2
912,Male,0,Yes,Yes,72.0,Yes,Yes,Fiber optic,Yes,No,Yes,No,Yes,Yes,One year,Yes,Bank transfer (automatic),106.1,109.00694444444444
1155,Male,0,Yes,No,70.0,Yes,Yes,DSL,No,Yes,Yes,Yes,Yes,No,Two year,No,Credit card (automatic),76.1,75.20357142857142
6821,Female,0,No,No,18.0,Yes,Yes,Fiber optic,No,No,No,Yes,Yes,Yes,Month-to-month,Yes,Bank transfer (automatic),99.85,98.71944444444445
3951,Male,0,Yes,No,70.0,Yes,Yes,DSL,Yes,Yes,Yes,Yes,Yes,No,Two year,No,Mailed check,79.15,79.09285714285714
4760,Male,0,Yes,Yes,66.0,Yes,No,DSL,Yes,Yes,Yes,Yes,Yes,No,One year,Yes,Electronic check,75.1,75.95454545454545
3873,Female,0,Yes,Yes,51.0,No,No phone service,DSL,Yes,No,No,Yes,No,No,Two year,No,Bank transfer (automatic),34.2,34.94117647058823
6649,Male,0,Yes,Yes,6.0,Yes,No,No,No internet service,No internet service,No internet service,No internet service,No internet service,No internet service,Month-to-month,No,Credit card (automatic),19.85,23.141666666666666
3749,Male,1,No,No,2.0,Yes,Yes,Fiber optic,No,No,No,No,Yes,Yes,Month-to-month,Yes,Electronic check,93.85,98.375
132,Male,0,No,No,67.0,Yes,No,DSL,No,No,No,Yes,No,No,Two year,No,Bank transfer (automatic),50.55,48.65820895522388
3596,Female,0,No,No,3.0,Yes,No,DSL,Yes,Yes,No,No,No,No,Month-to-month,No,Electronic check,55.35,55.06666666666666
316,Male,0,No,No,71.0,Yes,No,No,No internet service,No internet service,No internet service,No internet service,No internet service,No internet service,Two year,Yes,Credit card (automatic),19.9,19.085915492957746
5156,Male,0,No,No,17.0,Yes,No,DSL,Yes,Yes,No,No,No,No,One year,No,Mailed check,56.1,55.70294117647059
5894,Male,0,No,No,45.0,Yes,Yes,Fiber optic,No,Yes,No,No,Yes,Yes,Month-to-month,Yes,Credit card (automatic),100.85,105.33333333333333
1494,Female,0,Yes,Yes,8.0,Yes,No,No,No internet service,No internet service,No internet service,No internet service,No internet service,No internet service,One year,Yes,Mailed check,19.75,18.125
341,Female,0,Yes,No,71.0,Yes,Yes,DSL,Yes,Yes,Yes,Yes,Yes,Yes,Two year,No,Credit card (automatic),85.75,87.65915492957747
5291,Female,0,Yes,No,68.0,Yes,Yes,Fiber optic,No,Yes,Yes,No,No,No,One year,No,Credit card (automatic),86.45,84.74926470588235
47,Female,0,No,No,2.0,Yes,No,Fiber optic,No,No,No,No,Yes,No,Month-to-month,Yes,Electronic check,80.65,72.075
2585,Female,0,No,No,37.0,Yes,No,No,No internet service,No internet service,No internet service,No internet service,No internet service,No internet service,Two year,No,Mailed check,19.8,21.98108108108108
1471,Male,0,Yes,No,31.0,Yes,Yes,Fiber optic,No,No,Yes,No,Yes,No,Month-to-month,No,Credit card (automatic),88.65,86.55483870967741
6587,Male,1,No,No,64.0,Yes,Yes,Fiber optic,Yes,Yes,No,No,Yes,Yes,Month-to-month,Yes,Bank transfer (automatic),103.5,102.32265625
6299,Female,0,No,No,52.0,Yes,Yes,DSL,No,No,Yes,Yes,Yes,Yes,Two year,Yes,Bank transfer (automatic),80.95,81.42211538461538
6397,Male,1,No,No,54.0,Yes,No,DSL,No,No,Yes,Yes,No,Yes,One year,No,Bank transfer (automatic),65.25,65.36944444444444
4488,Female,1,Yes,No,42.0,Yes,No,Fiber optic,Yes,No,No,No,No,No,Month-to-month,Yes,Credit card (automatic),74.15,76.89047619047619
1128,Male,0,No,No,27.0,Yes,No,No,No internet service,No internet service,No internet service,No internet service,No internet service,No internet service,Month-to-month,Yes,Electronic check,19.4,19.62222222222222
6201,Female,1,No,No,5.0,Yes,No,Fiber optic,Yes,Yes,No,No,No,No,Month-to-month,No,Electronic check,80.7,74.96000000000001
2190,Male,0,Yes,No,71.0,Yes,Yes,DSL,No,Yes,Yes,Yes,Yes,Yes,Two year,No,Credit card (automatic),84.2,83.8992957746479
3759,Male,0,No,No,7.0,Yes,Yes,Fiber optic,No,No,Yes,No,Yes,No,Month-to-month,Yes,Credit card (automatic),89.35,90.26428571428572
6570,Female,0,No,No,4.0,No,No phone service,DSL,Yes,No,No,No,No,No,Month-to-month,Yes,Mailed check,29.15,27.5125
3488,Male,0,No,No,9.0,Yes,Yes,DSL,No,No,No,No,No,Yes,Month-to-month,No,Mailed check,59.9,60.266666666666666
3540,Female,0,Yes,Yes,72.0,Yes,No,Fiber optic,Yes,Yes,Yes,Yes,Yes,Yes,Two year,Yes,Bank transfer (automatic),108.65,107.31041666666667
7012,Female,0,Yes,No,62.0,Yes,Yes,DSL,Yes,Yes,No,Yes,Yes,Yes,Two year,Yes,Electronic check,84.95,83.0733870967742
5897,Male,0,Yes,Yes,71.0,Yes,Yes,No,No internet service,No internet service,No internet service,No internet service,No internet service,No internet service,Two year,No,Credit card (automatic),23.9,22.907042253521126
1751,Male,0,No,No,14.0,Yes,Yes,Fiber optic,No,No,No,Yes,Yes,No,Month-to-month,Yes,Electronic check,89.95,84.17142857142858
1596,Female,0,Yes,No,2.0,Yes,No,Fiber optic,No,No,No,No,No,No,Month-to-month,Yes,Electronic check,70.35,60.125
2052,Female,0,No,No,48.0,Yes,Yes,Fiber optic,No,No,Yes,Yes,Yes,Yes,Month-to-month,Yes,Electronic check,103.85,103.04270833333334
5916,Female,0,No,No,72.0,Yes,Yes,Fiber optic,Yes,Yes,Yes,Yes,Yes,Yes,Two year,Yes,Credit card (automatic),112.75,113.78611111111111
5163,Male,0,Yes,Yes,19.0,No,No phone service,DSL,Yes,Yes,No,No,No,No,Month-to-month,Yes,Mailed check,34.95,32.11578947368421
3329,Female,0,Yes,No,18.0,Yes,No,DSL,No,No,No,Yes,No,No,Month-to-month,Yes,Mailed check,50.3,50.486111111111114
4808,Female,0,No,No,54.0,Yes,No,DSL,Yes,No,Yes,Yes,Yes,Yes,Two year,No,Electronic check,80.6,79.6287037037037
4904,Female,0,No,No,33.0,Yes,Yes,Fiber optic,No,Yes,Yes,No,Yes,Yes,Month-to-month,No,Electronic check,107.55,110.46969696969697
5926,Male,0,No,No,6.0,Yes,No,DSL,Yes,No,Yes,Yes,Yes,Yes,Month-to-month,No,Credit card (automatic),78.65,80.55
4411,Female,0,Yes,No,57.0,No,No phone service,DSL,Yes,No,Yes,Yes,No,Yes,Month-to-month,Yes,Bank transfer (automatic),49.9,48.8140350877193
961,Male,0,No,No,17.0,Yes,No,No,No internet service,No internet service,No internet service,No internet service,No internet service,No internet service,One year,Yes,Mailed check,20.5,21.51764705882353
6375,Female,0,No,No,1.0,Yes,No,Fiber optic,No,Yes,No,No,No,No,Month-to-month,Yes,Credit card (automatic),74.3,74.3
5987,Female,0,Yes,Yes,1.0,Yes,No,No,No internet service,No internet service,No internet service,No internet service,No internet service,No internet service,Two year,No,Mailed check,20.35,20.35
138,Male,0,No,Yes,57.0,Yes,No,No,No internet service,No internet service,No internet service,No internet service,No internet service,No internet service,Two year,Yes,Mailed check,19.6,20.5359649122807
6294,Male,0,No,No,1.0,Yes,No,No,No internet service,No internet service,No internet service,No internet service,No internet service,No internet service,Month-to-month,No,Mailed check,19.7,19.7
1314,Female,0,Yes,Yes,39.0,Yes,Yes,Fiber optic,No,Yes,Yes,Yes,No,No,One year,Yes,Electronic check,89.55,89.08846153846153
3273,Male,0,No,No,33.0,Yes,No,Fiber optic,No,No,No,No,No,No,Month-to-month,No,Electronic check,68.25,65.79242424242425
406,Male,0,Yes,Yes,60.0,Yes,Yes,Fiber optic,Yes,No,Yes,No,Yes,No,One year,Yes,Bank transfer (automatic),95.4,96.86666666666666
318,Male,1,Yes,No,24.0,Yes,No,Fiber optic,No,No,Yes,No,Yes,Yes,Month-to-month,Yes,Electronic check,93.15,92.96041666666667
5293,Male,0,No,No,33.0,Yes,Yes,Fiber optic,Yes,No,No,No,No,No,One year,No,Bank transfer (automatic),80.1,78.88787878787879
6805,Female,1,Yes,No,70.0,Yes,Yes,Fiber optic,No,Yes,No,Yes,Yes,Yes,One year,Yes,Bank transfer (automatic),105.55,102.79071428571429
6084,Male,0,Yes,No,36.0,Yes,Yes,Fiber optic,No,No,No,No,Yes,Yes,Month-to-month,Yes,Bank transfer (automatic),95.0,95.5625
483,Female,0,Yes,No,72.0,Yes,Yes,Fiber optic,No,Yes,Yes,Yes,Yes,Yes,One year,Yes,Bank transfer (automatic),108.5,111.16388888888889
1371,Female,1,No,No,1.0,Yes,No,Fiber optic,No,No,No,No,Yes,No,Month-to-month,Yes,Electronic check,79.2,79.2
1010,Male,0,No,No,3.0,Yes,No,DSL,Yes,No,No,No,No,No,Month-to-month,Yes,Mailed check,50.15,53.61666666666667
798,Female,0,Yes,Yes,1.0,Yes,No,No,No internet service,No internet service,No internet service,No internet service,No internet service,No internet service,Month-to-month,No,Electronic check,20.0,20.0
5562,Female,1,Yes,No,56.0,Yes,Yes,Fiber optic,No,No,No,Yes,No,No,Month-to-month,Yes,Bank transfer (automatic),76.85,76.35267857142857
3327,Male,0,Yes,No,66.0,Yes,Yes,Fiber optic,No,Yes,Yes,No,No,Yes,One year,No,Electronic check,95.3,95.05151515151515
3372,Male,1,No,No,57.0,Yes,Yes,Fiber optic,No,Yes,No,Yes,Yes,Yes,Month-to-month,Yes,Bank transfer (automatic),104.9,103.75350877192982
5960,Female,1,No,No,62.0,Yes,Yes,Fiber optic,No,No,No,No,Yes,No,One year,No,Electronic check,84.45,79.98629032258064
2747,Male,0,No,No,7.0,Yes,No,No,No internet service,No internet service,No internet service,No internet service,No internet service,No internet service,Month-to-month,Yes,Mailed check,19.4,24.092857142857145
3690,Female,0,No,No,24.0,No,No phone service,DSL,No,Yes,Yes,No,Yes,Yes,Month-to-month,Yes,Credit card (automatic),54.15,51.677083333333336
5357,Male,0,Yes,No,60.0,Yes,No,No,No internet service,No internet service,No internet service,No internet service,No internet service,No internet service,Two year,No,Mailed check,19.95,20.96916666666667
5407,Female,0,Yes,Yes,63.0,Yes,No,DSL,Yes,Yes,Yes,Yes,No,No,Two year,No,Mailed check,63.55,63.717460317460315
4134,Female,0,Yes,No,55.0,Yes,Yes,Fiber optic,No,Yes,Yes,No,Yes,Yes,Month-to-month,Yes,Credit card (automatic),103.65,103.21181818181817
4246,Male,0,Yes,Yes,68.0,Yes,Yes,Fiber optic,Yes,Yes,Yes,No,Yes,Yes,Two year,Yes,Electronic check,110.2,109.81617647058823
1009,Male,1,Yes,No,23.0,Yes,No,No,No internet service,No internet service,No internet service,No internet service,No internet service,No internet service,One year,Yes,Electronic check,20.75,21.09565217391304
3995,Male,0,No,Yes,28.0,Yes,No,Fiber optic,Yes,No,No,No,No,No,Month-to-month,Yes,Bank transfer (automatic),74.9,73.87678571428572
4943,Female,0,Yes,No,71.0,Yes,No,DSL,Yes,Yes,Yes,Yes,Yes,Yes,Two year,Yes,Credit card (automatic),84.4,84.07464788732395
4744,Male,1,No,No,64.0,Yes,No,No,No internet service,No internet service,No internet service,No internet service,No internet service,No internet service,Two year,Yes,Bank transfer (automatic),20.05,18.71953125
3483,Female,0,No,No,18.0,Yes,No,Fiber optic,No,Yes,Yes,No,No,No,Month-to-month,No,Electronic check,77.8,75.47777777777777
5997,Female,0,No,No,6.0,Yes,Yes,Fiber optic,No,Yes,No,No,Yes,No,Month-to-month,Yes,Electronic check,89.75,92.10833333333333
5815,Male,1,No,No,9.0,Yes,Yes,Fiber optic,No,No,No,No,No,Yes,Month-to-month,Yes,Electronic check,85.05,82.94444444444444
1006,Female,0,No,No,18.0,Yes,Yes,Fiber optic,No,No,No,Yes,No,Yes,Month-to-month,Yes,Electronic check,90.1,89.59722222222223
6291,Female,0,No,No,59.0,Yes,Yes,DSL,Yes,Yes,Yes,Yes,No,Yes,One year,No,Credit card (automatic),79.85,81.12033898305086
4098,Male,0,No,No,1.0,Yes,No,No,No internet service,No internet service,No internet service,No internet service,No internet service,No internet service,Month-to-month,Yes,Mailed check,20.2,20.2
1093,Female,0,Yes,Yes,71.0,Yes,Yes,Fiber optic,Yes,No,Yes,Yes,No,Yes,Two year,No,Electronic check,100.45,100.84084507042253
1790,Female,0,No,No,12.0,Yes,No,Fiber optic,No,No,No,No,No,Yes,Month-to-month,No,Bank transfer (automatic),78.1,78.94166666666666
1812,Male,0,Yes,No,17.0,Yes,No,Fiber optic,No,No,Yes,No,Yes,Yes,One year,Yes,Bank transfer (automatic),96.65,93.42647058823529
5204,Male,1,Yes,No,38.0,No,No phone service,DSL,No,No,No,No,No,No,Month-to-month,Yes,Electronic check,24.85,25.151315789473685
157,Male,0,Yes,Yes,22.0,Yes,No,No,No internet service,No internet service,No internet service,No internet service,No internet service,No internet service,One year,No,Mailed check,20.15,19.086363636363636
4873,Female,0,No,No,7.0,Yes,No,No,No internet service,No internet service,No internet service,No internet service,No internet service,No internet service,Month-to-month,No,Mailed check,19.3,20.707142857142856
6695,Female,0,Yes,Yes,71.0,Yes,Yes,DSL,Yes,Yes,Yes,Yes,No,No,Two year,No,Mailed check,71.1,73.59084507042253
112,Female,0,No,No,43.0,Yes,No,Fiber optic,No,Yes,Yes,No,Yes,No,Month-to-month,Yes,Electronic check,91.65,91.95581395348837
5501,Male,0,No,No,17.0,No,No phone service,DSL,No,No,No,No,No,No,Month-to-month,No,Credit card (automatic),25.1,22.51764705882353
5493,Female,1,Yes,No,6.0,Yes,Yes,Fiber optic,No,No,No,No,No,Yes,Month-to-month,Yes,Electronic check,84.35,79.14999999999999
3663,Female,0,No,No,9.0,Yes,No,Fiber optic,No,No,No,No,Yes,Yes,Month-to-month,Yes,Mailed check,88.4,87.62222222222222
5414,Male,0,No,No,64.0,Yes,Yes,Fiber optic,No,Yes,No,Yes,Yes,Yes,One year,Yes,Credit card (automatic),105.65,107.8609375
2220,Male,0,Yes,No,72.0,Yes,No,DSL,Yes,Yes,No,Yes,Yes,Yes,Two year,Yes,Bank transfer (automatic),79.35,79.90625
3654,Female,0,Yes,No,28.0,Yes,No,Fiber optic,No,Yes,Yes,No,No,Yes,Month-to-month,No,Credit card (automatic),89.9,86.91071428571429
314,Male,0,No,No,5.0,Yes,No,Fiber optic,No,No,No,No,Yes,No,Month-to-month,Yes,Electronic check,80.6,83.11
6579,Male,0,No,No,72.0,Yes,Yes,DSL,Yes,No,Yes,Yes,Yes,Yes,Two year,No,Credit card (automatic),84.3,83.29305555555555
542,Female,0,No,No,1.0,Yes,No,No,No internet service,No internet service,No internet service,No internet service,No internet service,No internet service,Month-to-month,No,Mailed check,19.55,19.55
6459,Male,1,Yes,No,51.0,No,No phone service,DSL,No,Yes,No,No,No,No,Month-to-month,Yes,Credit card (automatic),29.45,28.61470588235294
1414,Male,0,No,No,35.0,Yes,Yes,Fiber optic,No,No,Yes,Yes,Yes,No,Month-to-month,No,Electronic check,95.5,97.66285714285713
2262,Female,0,No,No,2.0,Yes,No,Fiber optic,No,No,No,No,Yes,No,Month-to-month,Yes,Electronic check,80.2,73.025
661,Female,0,No,No,10.0,Yes,No,DSL,No,No,No,No,No,No,Month-to-month,No,Mailed check,45.25,42.87
90,Male,0,Yes,Yes,30.0,Yes,No,Fiber optic,No,Yes,Yes,No,No,No,Month-to-month,No,Bank transfer (automatic),82.05,85.67333333333333
2386,Female,0,Yes,Yes,43.0,Yes,No,DSL,No,Yes,No,No,No,No,Month-to-month,No,Mailed check,50.2,50.45116279069768
568,Female,0,No,No,35.0,Yes,Yes,Fiber optic,No,No,Yes,No,Yes,Yes,Month-to-month,Yes,Electronic check,100.25,100.78857142857143
5586,Female,0,No,No,27.0,Yes,No,No,No internet service,No internet service,No internet service,No internet service,No internet service,No internet service,One year,No,Mailed check,19.15,18.56851851851852
1656,Female,0,No,No,53.0,Yes,Yes,Fiber optic,Yes,Yes,Yes,No,No,No,Month-to-month,No,Electronic check,90.8,92.85283018867923
1685,Male,1,Yes,No,27.0,Yes,No,Fiber optic,No,No,No,No,No,No,Month-to-month,Yes,Electronic check,70.55,71.9962962962963
3890,Female,0,Yes,No,72.0,Yes,Yes,Fiber optic,No,Yes,Yes,Yes,Yes,Yes,One year,Yes,Electronic check,109.25,112.63611111111112
4369,Male,0,No,No,3.0,No,No phone service,DSL,No,No,No,No,No,No,Month-to-month,No,Electronic check,24.75,22.316666666666666
730,Female,0,No,No,45.0,Yes,Yes,Fiber optic,No,No,Yes,Yes,No,No,Month-to-month,Yes,Electronic check,87.25,87.59333333333333
2071,Female,0,Yes,Yes,67.0,Yes,Yes,Fiber optic,No,Yes,No,Yes,Yes,No,Two year,No,Credit card (automatic),94.1,94.07164179104478
4257,Female,0,Yes,No,49.0,Yes,No,Fiber optic,No,Yes,Yes,No,Yes,Yes,Month-to-month,No,Electronic check,99.4,102.55102040816327
6158,Male,0,No,No,2.0,Yes,No,No,No internet service,No internet service,No internet service,No internet service,No internet service,No internet service,Month-to-month,Yes,Electronic check,19.65,15.6
6899,Male,0,No,No,1.0,Yes,No,DSL,No,No,No,No,No,No,Month-to-month,Yes,Bank transfer (automatic),45.1,45.1
304,Male,0,No,Yes,38.0,Yes,Yes,Fiber optic,No,Yes,No,No,No,No,Month-to-month,Yes,Mailed check,81.85,82.67631578947368
863,Female,0,No,No,3.0,Yes,No,Fiber optic,No,Yes,No,No,Yes,Yes,Month-to-month,Yes,Electronic check,95.1,102.46666666666665
544,Male,0,No,No,13.0,No,No phone service,DSL,Yes,No,No,Yes,Yes,No,Month-to-month,Yes,Credit card (automatic),45.55,45.92307692307692
625,Female,0,Yes,No,25.0,Yes,No,Fiber optic,No,No,No,Yes,Yes,Yes,Month-to-month,Yes,Electronic check,95.15,95.82799999999999
2211,Female,0,Yes,No,50.0,Yes,Yes,Fiber optic,Yes,No,Yes,No,Yes,Yes,One year,Yes,Mailed check,104.4,104.65799999999999
3412,Male,0,Yes,Yes,2.0,Yes,No,DSL,Yes,Yes,No,Yes,No,No,Two year,No,Mailed check,59.5,65.25
1308,Male,1,No,No,16.0,Yes,Yes,Fiber optic,No,No,No,No,Yes,No,Month-to-month,Yes,Electronic check,86.6,80.0625
1025,Female,1,Yes,No,60.0,Yes,No,Fiber optic,Yes,Yes,Yes,Yes,Yes,Yes,Two year,Yes,Bank transfer (automatic),110.0,111.13916666666667
5239,Male,0,Yes,Yes,68.0,Yes,No,Fiber optic,No,Yes,Yes,Yes,Yes,Yes,One year,No,Credit card (automatic),105.75,107.68382352941177
4840,Female,1,No,No,43.0,No,No phone service,DSL,Yes,Yes,No,No,No,No,Month-to-month,Yes,Credit card (automatic),33.45,34.88953488372093
2624,Male,0,Yes,Yes,17.0,Yes,Yes,DSL,No,Yes,Yes,Yes,No,No,Month-to-month,Yes,Mailed check,66.7,63.35588235294117
990,Female,0,Yes,No,56.0,Yes,No,Fiber optic,Yes,No,Yes,No,No,No,Two year,No,Bank transfer (automatic),80.3,80.60089285714285
4290,Female,0,Yes,Yes,1.0,No,No phone service,DSL,No,No,No,Yes,Yes,No,Month-to-month,No,Electronic check,40.1,40.1
4586,Female,0,Yes,Yes,72.0,Yes,Yes,Fiber optic,Yes,Yes,Yes,Yes,Yes,Yes,Two year,Yes,Bank transfer (automatic),118.75,120.45069444444445
939,Female,0,No,No,15.0,Yes,No,No,No internet service,No internet service,No internet service,No internet service,No internet service,No internet service,Month-to-month,No,Mailed check,19.9,21.363333333333333
5830,Male,0,No,Yes,30.0,Yes,Yes,No,No internet service,No internet service,No internet service,No internet service,No internet service,No internet service,One year,No,Bank transfer (automatic),25.35,24.11
4915,Female,0,Yes,Yes,22.0,No,No phone service,DSL,No,Yes,No,No,Yes,No,Month-to-month,No,Electronic check,39.2,38.63181818181818
1385,Female,0,No,No,48.0,Yes,No,Fiber optic,Yes,No,Yes,Yes,Yes,Yes,Two year,Yes,Credit card (automatic),102.5,102.171875
313,Female,1,Yes,No,5.0,Yes,No,Fiber optic,No,No,No,No,No,No,Month-to-month,Yes,Electronic check,69.35,68.32000000000001
6541,Female,0,No,Yes,19.0,Yes,No,No,No internet service,No internet service,No internet service,No internet service,No internet service,No internet service,Two year,No,Mailed check,20.5,20.976315789473684
516,Female,0,No,No,28.0,Yes,No,DSL,Yes,No,No,Yes,No,No,One year,No,Mailed check,54.3,55.225
6246,Male,0,No,No,54.0,Yes,No,DSL,Yes,Yes,No,No,Yes,No,Two year,Yes,Bank transfer (automatic),65.3,65.0537037037037
649,Male,1,No,No,24.0,Yes,No,Fiber optic,No,No,No,No,No,No,Month-to-month,No,Credit card (automatic),70.0,72.19166666666666
2072,Male,0,No,Yes,39.0,Yes,No,No,No internet service,No internet service,No internet service,No internet service,No internet service,No internet service,One year,No,Bank transfer (automatic),19.35,19.97948717948718
3573,Female,0,Yes,Yes,28.0,Yes,No,No,No internet service,No internet service,No internet service,No internet service,No internet service,No internet service,Month-to-month,Yes,Bank transfer (automatic),19.55,19.42142857142857
3806,Female,1,No,No,18.0,Yes,No,Fiber optic,No,Yes,No,No,No,No,Month-to-month,Yes,Electronic check,73.55,75.525
2107,Male,0,Yes,No,33.0,Yes,Yes,Fiber optic,No,Yes,Yes,No,No,Yes,Month-to-month,Yes,Electronic check,93.35,93.6969696969697
375,Female,0,No,No,43.0,Yes,Yes,DSL,No,Yes,Yes,Yes,Yes,Yes,One year,No,Credit card (automatic),85.1,85.1686046511628
6647,Female,0,Yes,Yes,71.0,Yes,No,DSL,Yes,No,Yes,No,Yes,Yes,Two year,No,Credit card (automatic),77.55,78.51197183098591
1299,Female,0,Yes,No,11.0,Yes,No,DSL,No,No,No,No,No,No,Month-to-month,Yes,Electronic check,44.05,43.97272727272727
3239,Male,0,No,No,16.0,Yes,No,DSL,No,No,No,Yes,No,No,Month-to-month,Yes,Mailed check,49.45,49.9375
5846,Female,0,No,No,3.0,Yes,Yes,Fiber optic,No,No,No,No,No,No,Month-to-month,No,Electronic check,76.1,85.86666666666667
4605,Male,0,Yes,No,63.0,Yes,Yes,DSL,No,Yes,No,Yes,No,Yes,Two year,No,Mailed check,67.25,67.20873015873015
4036,Female,0,Yes,Yes,18.0,Yes,No,No,No internet service,No internet service,No internet service,No internet service,No internet service,No internet service,Month-to-month,Yes,Mailed check,20.25,22.330555555555556
2602,Female,0,Yes,Yes,64.0,Yes,Yes,Fiber optic,No,Yes,Yes,Yes,Yes,Yes,One year,Yes,Electronic check,111.45,113.54609375
4557,Male,0,No,No,53.0,No,No phone service,DSL,No,No,Yes,Yes,Yes,Yes,One year,No,Credit card (automatic),54.9,57.466981132075475
1258,Female,0,No,No,47.0,Yes,No,No,No internet service,No internet service,No internet service,No internet service,No internet service,No internet service,Two year,No,Mailed check,20.15,22.25957446808511
1885,Male,0,Yes,Yes,24.0,Yes,No,DSL,Yes,Yes,No,Yes,No,Yes,Month-to-month,Yes,Credit card (automatic),70.3,71.10208333333334
6235,Male,1,Yes,Yes,22.0,No,No phone service,DSL,Yes,No,No,No,No,Yes,Month-to-month,No,Mailed check,40.05,40.00909090909091
5388,Male,0,Yes,Yes,1.0,Yes,No,No,No internet service,No internet service,No internet service,No internet service,No internet service,No internet service,Month-to-month,No,Mailed check,19.9,19.9
898,Female,0,No,No,12.0,Yes,No,Fiber optic,Yes,No,No,Yes,Yes,Yes,Month-to-month,Yes,Bank transfer (automatic),98.9,93.41250000000001
3498,Male,0,No,No,43.0,Yes,No,Fiber optic,Yes,No,No,No,No,No,Month-to-month,Yes,Electronic check,75.2,74.38604651162791
5242,Male,0,No,No,20.0,Yes,Yes,Fiber optic,No,No,Yes,No,Yes,No,Month-to-month,Yes,Electronic check,88.7,88.0725
4314,Male,1,No,No,24.0,Yes,Yes,Fiber optic,No,Yes,No,No,Yes,Yes,Month-to-month,Yes,Electronic check,101.25,101.67291666666667
1424,Female,0,No,Yes,48.0,Yes,No,No,No internet service,No internet service,No internet service,No internet service,No internet service,No internet service,One year,No,Mailed check,19.95,19.514583333333334
2545,Female,0,Yes,Yes,62.0,Yes,No,DSL,Yes,No,Yes,Yes,Yes,No,One year,Yes,Bank transfer (automatic),70.75,68.76532258064516
3058,Female,0,No,Yes,17.0,Yes,Yes,DSL,No,No,Yes,No,No,No,One year,Yes,Mailed check,55.85,55.14705882352941
6006,Male,0,Yes,Yes,23.0,No,No phone service,DSL,No,No,No,Yes,No,No,Month-to-month,Yes,Bank transfer (automatic),30.35,29.51086956521739
5530,Female,0,No,No,66.0,Yes,Yes,Fiber optic,No,No,Yes,No,Yes,No,One year,Yes,Bank transfer (automatic),92.15,91.77121212121212
2241,Female,0,Yes,Yes,56.0,Yes,Yes,No,No internet service,No internet service,No internet service,No internet service,No internet service,No internet service,Two year,Yes,Credit card (automatic),24.95,26.230357142857144
161,Female,0,Yes,No,20.0,Yes,Yes,Fiber optic,Yes,No,No,No,No,No,Month-to-month,No,Electronic check,82.4,79.61749999999999
3331,Male,0,Yes,Yes,0.0,Yes,No,No,No internet service,No internet service,No internet service,No internet service,No internet service,No internet service,Two year,No,Mailed check,19.85,19.85
1253,Female,0,No,No,7.0,Yes,No,Fiber optic,No,No,No,No,No,Yes,Month-to-month,Yes,Electronic check,79.3,74.73571428571428
5386,Male,0,No,No,10.0,Yes,No,DSL,No,No,No,No,No,No,Month-to-month,Yes,Credit card (automatic),45.8,43.62
6642,Male,0,No,No,25.0,Yes,No,DSL,Yes,Yes,No,Yes,Yes,Yes,Month-to-month,Yes,Mailed check,79.0,76.08
1492,Male,1,No,No,19.0,Yes,Yes,Fiber optic,No,Yes,No,No,Yes,No,Month-to-month,Yes,Electronic check,88.2,93.46315789473684
5189,Male,0,No,No,1.0,Yes,Yes,DSL,No,Yes,No,No,No,No,Month-to-month,No,Electronic check,54.3,54.3
58,Female,0,Yes,Yes,34.0,Yes,Yes,No,No internet service,No internet service,No internet service,No internet service,No internet service,No internet service,Two year,No,Credit card (automatic),24.95,26.302941176470586
4532,Female,0,No,No,15.0,Yes,Yes,Fiber optic,No,Yes,No,No,No,No,Month-to-month,Yes,Electronic check,79.75,74.12333333333332
608,Male,0,Yes,Yes,72.0,Yes,Yes,Fiber optic,Yes,Yes,Yes,Yes,Yes,Yes,Two year,No,Bank transfer (automatic),114.55,115.36180555555555
4332,Female,0,Yes,Yes,54.0,Yes,Yes,DSL,Yes,No,No,Yes,No,No,Two year,No,Bank transfer (automatic),60.0,60.6287037037037
1275,Female,0,Yes,No,55.0,Yes,No,DSL,Yes,Yes,No,Yes,No,No,Two year,No,Mailed check,56.8,56.582727272727276
4359,Female,0,No,No,23.0,Yes,Yes,Fiber optic,No,Yes,No,No,Yes,Yes,Month-to-month,Yes,Credit card (automatic),98.7,97.78695652173913
4083,Female,1,Yes,No,68.0,Yes,Yes,Fiber optic,No,Yes,No,No,Yes,Yes,Month-to-month,Yes,Electronic check,100.2,100.7595588235294
4093,Female,0,No,No,29.0,Yes,Yes,Fiber optic,No,No,No,No,No,No,Month-to-month,Yes,Credit card (automatic),76.0,76.38793103448276
4635,Female,0,Yes,Yes,40.0,Yes,No,No,No internet service,No internet service,No internet service,No internet service,No internet service,No internet service,Two year,No,Bank transfer (automatic),20.15,19.43375
4546,Female,0,Yes,Yes,12.0,Yes,Yes,Fiber optic,No,Yes,Yes,No,No,No,Month-to-month,Yes,Electronic check,84.5,76.40833333333333
6696,Male,0,No,No,5.0,Yes,Yes,Fiber optic,No,Yes,Yes,No,No,Yes,Month-to-month,No,Electronic check,96.55,100.02000000000001
3946,Female,0,No,No,9.0,No,No phone service,DSL,Yes,No,Yes,Yes,Yes,Yes,Month-to-month,No,Mailed check,58.5,59.983333333333334
4250,Male,0,No,No,63.0,Yes,Yes,Fiber optic,Yes,Yes,Yes,Yes,Yes,No,One year,No,Credit card (automatic),104.5,104.61587301587302
1488,Male,0,No,No,1.0,Yes,No,DSL,Yes,No,No,No,No,No,Month-to-month,No,Mailed check,51.25,51.25
3194,Female,1,Yes,No,43.0,No,No phone service,DSL,No,Yes,Yes,No,Yes,Yes,Month-to-month,No,Credit card (automatic),55.55,54.46976744186046
6303,Female,0,Yes,No,71.0,Yes,Yes,Fiber optic,No,Yes,Yes,Yes,Yes,Yes,Two year,No,Electronic check,109.25,108.55915492957746
6227,Male,0,No,No,2.0,Yes,No,DSL,No,No,No,No,No,No,Month-to-month,No,Bank transfer (automatic),46.05,40.175
4673,Female,1,No,No,25.0,Yes,Yes,Fiber optic,Yes,Yes,No,No,Yes,Yes,Month-to-month,Yes,Mailed check,102.8,106.40799999999999
2710,Female,0,Yes,No,24.0,Yes,No,No,No internet service,No internet service,No internet service,No internet service,No internet service,No internet service,One year,No,Credit card (automatic),20.4,20.116666666666667
5639,Male,0,No,No,6.0,Yes,No,No,No internet service,No internet service,No internet service,No internet service,No internet service,No internet service,Month-to-month,No,Mailed check,20.65,18.216666666666665
